target,residual,snr_db,source,model,quartet_failure_count,mixed,failure_nonfailure_pairs,concordant_pairs,tied_pairs,discordant_pairs,quartet_concordance,score_min,score_max,score_range,f1_min,f1_max
G1_p0_w0_regular,G1_p1,-5.0,G1,Global,4,0,0,0,0,0,,0.9983089751879644,0.9992219350736449,0.0009129598856805199,0.6818181818181818,0.8372093023255814
G1_p0_w0_regular,G1_p1,-5.0,G1,Event,4,0,0,0,0,0,,0.9968414676582396,0.9996436432837232,0.0028021756254836827,0.6818181818181818,0.8372093023255814
G1_p0_w0_regular,G1_p1,-5.0,G1,Combined,4,0,0,0,0,0,,0.9791370925264818,0.9982481375811717,0.019111045054689857,0.6818181818181818,0.8372093023255814
G1_p0_w0_regular,G1_p1,-5.0,G1,Agreement,4,0,0,0,0,0,,0.5238095238095238,0.5714285714285714,0.04761904761904756,0.6818181818181818,0.8372093023255814
G1_p0_w0_regular,G1_p1,0.0,G1,Global,1,1,3,3,0,0,1.0,0.9505672923498462,0.9803456708256281,0.029778378475781908,0.9302325581395349,1.0
G1_p0_w0_regular,G1_p1,0.0,G1,Event,1,1,3,0,0,3,0.0,0.7602358074077605,0.9362756974385376,0.17603989003077702,0.9302325581395349,1.0
G1_p0_w0_regular,G1_p1,0.0,G1,Combined,1,1,3,0,0,3,0.0,0.8532373054773388,0.907726753582076,0.054489448104737215,0.9302325581395349,1.0
G1_p0_w0_regular,G1_p1,0.0,G1,Agreement,1,1,3,0,0,3,0.0,0.22807017543859653,0.2692307692307693,0.04116059379217274,0.9302325581395349,1.0
G1_p0_w0_regular,G1_p1,10.0,G1,Global,0,0,0,0,0,0,,0.0012547626166660238,0.002432626598825033,0.0011778639821590094,1.0,1.0
G1_p0_w0_regular,G1_p1,10.0,G1,Event,0,0,0,0,0,0,,0.002951844666957285,0.00390422641613359,0.0009523817491763052,1.0,1.0
G1_p0_w0_regular,G1_p1,10.0,G1,Combined,0,0,0,0,0,0,,0.0005212038584752291,0.0010629601372437398,0.0005417562787685107,1.0,1.0
G1_p0_w0_regular,G1_p1,10.0,G1,Agreement,0,0,0,0,0,0,,0.040000000000000036,0.12727272727272732,0.08727272727272728,1.0,1.0
G1_p0_w0_regular,G1_p1,20.0,G1,Global,0,0,0,0,0,0,,0.00012723597289587658,0.00016155505039073005,3.4319077494853465e-05,1.0,1.0
G1_p0_w0_regular,G1_p1,20.0,G1,Event,0,0,0,0,0,0,,0.0018783444816751226,0.002410886010257817,0.0005325415285826942,1.0,1.0
G1_p0_w0_regular,G1_p1,20.0,G1,Combined,0,0,0,0,0,0,,0.00016390129815469238,0.00023143309028709225,6.753179213239986e-05,1.0,1.0
G1_p0_w0_regular,G1_p1,20.0,G1,Agreement,0,0,0,0,0,0,,0.0,0.05882352941176472,0.05882352941176472,1.0,1.0
G1_p0_w0_regular,G1_p2,-5.0,G1,Global,3,1,3,0,0,3,0.0,0.01700973514528375,0.06190393377091692,0.044894198625633173,0.8372093023255814,0.9523809523809523
G1_p0_w0_regular,G1_p2,-5.0,G1,Event,3,1,3,1,0,2,0.3333333333333333,0.8872734475036058,0.968572521607579,0.08129907410397319,0.8372093023255814,0.9523809523809523
G1_p0_w0_regular,G1_p2,-5.0,G1,Combined,3,1,3,0,0,3,0.0,0.017067598719024156,0.04394241681627038,0.026874818097246227,0.8372093023255814,0.9523809523809523
G1_p0_w0_regular,G1_p2,-5.0,G1,Agreement,3,1,3,1,0,2,0.3333333333333333,0.8125,0.8857142857142857,0.07321428571428568,0.8372093023255814,0.9523809523809523
G1_p0_w0_regular,G1_p2,0.0,G1,Global,1,1,3,1,0,2,0.3333333333333333,0.0008921150379636639,0.003907788932557134,0.0030156738945934696,0.926829268292683,0.975609756097561
G1_p0_w0_regular,G1_p2,0.0,G1,Event,1,1,3,3,0,0,1.0,0.061548824356474165,0.4092788859052912,0.347730061548817,0.926829268292683,0.975609756097561
G1_p0_w0_regular,G1_p2,0.0,G1,Combined,1,1,3,3,0,0,1.0,0.0006281867517070614,0.005604848360947679,0.0049766616092406174,0.926829268292683,0.975609756097561
G1_p0_w0_regular,G1_p2,0.0,G1,Agreement,1,1,3,3,0,0,1.0,0.75,0.9375,0.1875,0.926829268292683,0.975609756097561
G1_p0_w0_regular,G1_p2,10.0,G1,Global,0,0,0,0,0,0,,0.00015635751968213783,0.0005058371338006054,0.00034947961411846765,1.0,1.0
G1_p0_w0_regular,G1_p2,10.0,G1,Event,0,0,0,0,0,0,,0.004964003482369158,0.00661791389308906,0.0016539104107199014,1.0,1.0
G1_p0_w0_regular,G1_p2,10.0,G1,Combined,0,0,0,0,0,0,,0.0003340607676169316,0.0005852083842599038,0.00025114761664297216,1.0,1.0
G1_p0_w0_regular,G1_p2,10.0,G1,Agreement,0,0,0,0,0,0,,0.07692307692307687,0.13725490196078427,0.0603318250377074,1.0,1.0
G1_p0_w0_regular,G1_p2,20.0,G1,Global,0,0,0,0,0,0,,9.738645744830771e-05,0.00015663028658477907,5.9243829136471356e-05,1.0,1.0
G1_p0_w0_regular,G1_p2,20.0,G1,Event,0,0,0,0,0,0,,0.0020662586255140503,0.002609069684246932,0.0005428110587328817,1.0,1.0
G1_p0_w0_regular,G1_p2,20.0,G1,Combined,0,0,0,0,0,0,,0.00015521153782937255,0.00023508339209427325,7.98718542649007e-05,1.0,1.0
G1_p0_w0_regular,G1_p2,20.0,G1,Agreement,0,0,0,0,0,0,,0.0,0.05882352941176472,0.05882352941176472,1.0,1.0
G1_p0_w0_regular,G1_p3,-5.0,G1,Global,2,1,4,2,0,2,0.5,0.009874808686308629,0.03784108989686243,0.027966281210553806,0.9090909090909091,0.9523809523809523
G1_p0_w0_regular,G1_p3,-5.0,G1,Event,2,1,4,2,0,2,0.5,0.4934477619704554,0.9183421104194267,0.4248943484489713,0.9090909090909091,0.9523809523809523
G1_p0_w0_regular,G1_p3,-5.0,G1,Combined,2,1,4,2,0,2,0.5,0.014182377249130363,0.08700062994289474,0.07281825269376438,0.9090909090909091,0.9523809523809523
G1_p0_w0_regular,G1_p3,-5.0,G1,Agreement,2,1,4,1,0,3,0.25,0.875,1.0,0.125,0.9090909090909091,0.9523809523809523
G1_p0_w0_regular,G1_p3,0.0,G1,Global,0,0,0,0,0,0,,0.0003074572017478944,0.0011780436925905385,0.0008705864908426441,1.0,1.0
G1_p0_w0_regular,G1_p3,0.0,G1,Event,0,0,0,0,0,0,,0.0025120063719022076,0.006606559144663807,0.004094552772761599,1.0,1.0
G1_p0_w0_regular,G1_p3,0.0,G1,Combined,0,0,0,0,0,0,,0.00014110994447124277,0.0005220356643393865,0.00038092571986814367,1.0,1.0
G1_p0_w0_regular,G1_p3,0.0,G1,Agreement,0,0,0,0,0,0,,0.8620689655172413,1.0,0.13793103448275867,1.0,1.0
G1_p0_w0_regular,G1_p3,10.0,G1,Global,0,0,0,0,0,0,,0.00031764510690345004,0.000560948919724404,0.00024330381282095393,1.0,1.0
G1_p0_w0_regular,G1_p3,10.0,G1,Event,0,0,0,0,0,0,,0.003775297277437721,0.005653523817979999,0.0018782265405422782,1.0,1.0
G1_p0_w0_regular,G1_p3,10.0,G1,Combined,0,0,0,0,0,0,,0.0006561141737752664,0.0008962329982909799,0.0002401188245157135,1.0,1.0
G1_p0_w0_regular,G1_p3,10.0,G1,Agreement,0,0,0,0,0,0,,0.040000000000000036,0.0980392156862745,0.05803921568627446,1.0,1.0
G1_p0_w0_regular,G1_p3,20.0,G1,Global,0,0,0,0,0,0,,0.00013731606515084385,0.0001603208253397122,2.300476018886834e-05,1.0,1.0
G1_p0_w0_regular,G1_p3,20.0,G1,Event,0,0,0,0,0,0,,0.0020272005137178255,0.00260391062026734,0.0005767101065495147,1.0,1.0
G1_p0_w0_regular,G1_p3,20.0,G1,Combined,0,0,0,0,0,0,,0.00019473762783429153,0.00023673111333086212,4.199348549657059e-05,1.0,1.0
G1_p0_w0_regular,G1_p3,20.0,G1,Agreement,0,0,0,0,0,0,,0.020408163265306145,0.05882352941176472,0.038415366146458574,1.0,1.0
G1_p0_w0_regular,G1_p4,-5.0,G1,Global,4,0,0,0,0,0,,0.9999103319188041,0.9999766629137852,6.633099498110084e-05,0.1935483870967742,0.3333333333333333
G1_p0_w0_regular,G1_p4,-5.0,G1,Event,4,0,0,0,0,0,,0.9999774878428067,0.999999493265248,2.2005422441240263e-05,0.1935483870967742,0.3333333333333333
G1_p0_w0_regular,G1_p4,-5.0,G1,Combined,4,0,0,0,0,0,,0.9999986544363049,0.9999999249223624,1.270486057580733e-06,0.1935483870967742,0.3333333333333333
G1_p0_w0_regular,G1_p4,-5.0,G1,Agreement,4,0,0,0,0,0,,0.5483870967741935,0.7058823529411764,0.1574952561669829,0.1935483870967742,0.3333333333333333
G1_p0_w0_regular,G1_p4,0.0,G1,Global,4,0,0,0,0,0,,0.9166611417897091,0.9808816720530587,0.0642205302633495,0.7555555555555555,0.8181818181818182
G1_p0_w0_regular,G1_p4,0.0,G1,Event,4,0,0,0,0,0,,0.9424760337138962,0.9739562341919626,0.031480200478066434,0.7555555555555555,0.8181818181818182
G1_p0_w0_regular,G1_p4,0.0,G1,Combined,4,0,0,0,0,0,,0.9706625375581822,0.9918418578751383,0.02117932031695613,0.7555555555555555,0.8181818181818182
G1_p0_w0_regular,G1_p4,0.0,G1,Agreement,4,0,0,0,0,0,,0.34426229508196726,0.6444444444444444,0.3001821493624771,0.7555555555555555,0.8181818181818182
G1_p0_w0_regular,G1_p4,10.0,G1,Global,0,0,0,0,0,0,,0.00046163344003214264,0.001083479189635725,0.0006218457496035823,0.975609756097561,1.0
G1_p0_w0_regular,G1_p4,10.0,G1,Event,0,0,0,0,0,0,,0.004468529335805677,0.013053414316089865,0.008584884980284188,0.975609756097561,1.0
G1_p0_w0_regular,G1_p4,10.0,G1,Combined,0,0,0,0,0,0,,0.0006400850917584,0.001817414212981933,0.001177329121223533,0.975609756097561,1.0
G1_p0_w0_regular,G1_p4,10.0,G1,Agreement,0,0,0,0,0,0,,0.07692307692307687,0.1636363636363637,0.08671328671328682,0.975609756097561,1.0
G1_p0_w0_regular,G1_p4,20.0,G1,Global,0,0,0,0,0,0,,0.00010254550624806109,0.0001289285303777321,2.6383024129671007e-05,1.0,1.0
G1_p0_w0_regular,G1_p4,20.0,G1,Event,0,0,0,0,0,0,,0.0016654878046477282,0.0021712437082960245,0.0005057559036482963,1.0,1.0
G1_p0_w0_regular,G1_p4,20.0,G1,Combined,0,0,0,0,0,0,,0.0001306877745885586,0.0001824284687687096,5.1740694180151014e-05,1.0,1.0
G1_p0_w0_regular,G1_p4,20.0,G1,Agreement,0,0,0,0,0,0,,0.040000000000000036,0.09433962264150941,0.05433962264150938,1.0,1.0
G1_p0_w0_variable,G1_p1,-5.0,G1,Global,4,0,0,0,0,0,,0.9983488135767358,0.9990740107490363,0.0007251971723005735,0.7111111111111111,0.8085106382978723
G1_p0_w0_variable,G1_p1,-5.0,G1,Event,4,0,0,0,0,0,,0.9990288193098997,0.9998604092202547,0.000831589910354924,0.7111111111111111,0.8085106382978723
G1_p0_w0_variable,G1_p1,-5.0,G1,Combined,4,0,0,0,0,0,,0.992603208959138,0.9986353775474589,0.006032168588320896,0.7111111111111111,0.8085106382978723
G1_p0_w0_variable,G1_p1,-5.0,G1,Agreement,4,0,0,0,0,0,,0.5,0.7209302325581395,0.22093023255813948,0.7111111111111111,0.8085106382978723
G1_p0_w0_variable,G1_p1,0.0,G1,Global,2,1,4,2,0,2,0.5,0.9133323753498085,0.9605831695999159,0.047250794250107364,0.8888888888888888,0.975609756097561
G1_p0_w0_variable,G1_p1,0.0,G1,Event,2,1,4,4,0,0,1.0,0.2814982866707706,0.9747550429058218,0.6932567562350512,0.8888888888888888,0.975609756097561
G1_p0_w0_variable,G1_p1,0.0,G1,Combined,2,1,4,4,0,0,1.0,0.3523106917437803,0.9443190861786607,0.5920083944348804,0.8888888888888888,0.975609756097561
G1_p0_w0_variable,G1_p1,0.0,G1,Agreement,2,1,4,0,1,3,0.125,0.19354838709677424,0.2549019607843137,0.061353573687539464,0.8888888888888888,0.975609756097561
G1_p0_w0_variable,G1_p1,10.0,G1,Global,0,0,0,0,0,0,,0.0010822162818658009,0.0013404612454437901,0.00025824496357798924,1.0,1.0
G1_p0_w0_variable,G1_p1,10.0,G1,Event,0,0,0,0,0,0,,0.003085033342259682,0.004724189349327465,0.0016391560070677827,1.0,1.0
G1_p0_w0_variable,G1_p1,10.0,G1,Combined,0,0,0,0,0,0,,0.0005269004701903847,0.0011675924205061705,0.0006406919503157858,1.0,1.0
G1_p0_w0_variable,G1_p1,10.0,G1,Agreement,0,0,0,0,0,0,,0.020408163265306145,0.07692307692307687,0.05651491365777073,1.0,1.0
G1_p0_w0_variable,G1_p1,20.0,G1,Global,0,0,0,0,0,0,,9.1617821441978e-05,0.0001122406729248339,2.0622851482855897e-05,1.0,1.0
G1_p0_w0_variable,G1_p1,20.0,G1,Event,0,0,0,0,0,0,,0.0020023787274195755,0.0024549469227638076,0.0004525681953442321,1.0,1.0
G1_p0_w0_variable,G1_p1,20.0,G1,Combined,0,0,0,0,0,0,,0.0001681809653164234,0.00022141750119220843,5.3236535875785033e-05,1.0,1.0
G1_p0_w0_variable,G1_p1,20.0,G1,Agreement,0,0,0,0,0,0,,0.0,0.040000000000000036,0.040000000000000036,1.0,1.0
G1_p0_w0_variable,G1_p2,-5.0,G1,Global,3,1,3,1,0,2,0.3333333333333333,0.011803744160855605,0.03907247407501197,0.027268729914156367,0.8837209302325582,0.975609756097561
G1_p0_w0_variable,G1_p2,-5.0,G1,Event,3,1,3,1,0,2,0.3333333333333333,0.8100486818164534,0.9899395340514521,0.17989085223499868,0.8837209302325582,0.975609756097561
G1_p0_w0_variable,G1_p2,-5.0,G1,Combined,3,1,3,1,0,2,0.3333333333333333,0.006502793906300928,0.018108264254836987,0.011605470348536059,0.8837209302325582,0.975609756097561
G1_p0_w0_variable,G1_p2,-5.0,G1,Agreement,3,1,3,1,0,2,0.3333333333333333,0.8125,1.0,0.1875,0.8837209302325582,0.975609756097561
G1_p0_w0_variable,G1_p2,0.0,G1,Global,0,0,0,0,0,0,,0.0005049078521831002,0.0018014277422331052,0.001296519890050005,0.975609756097561,1.0
G1_p0_w0_variable,G1_p2,0.0,G1,Event,0,0,0,0,0,0,,0.013982574778829538,0.03908435127353013,0.025101776494700592,0.975609756097561,1.0
G1_p0_w0_variable,G1_p2,0.0,G1,Combined,0,0,0,0,0,0,,0.00013378372085591766,0.0006779283598754054,0.0005441446390194877,0.975609756097561,1.0
G1_p0_w0_variable,G1_p2,0.0,G1,Agreement,0,0,0,0,0,0,,0.8181818181818181,1.0,0.18181818181818188,0.975609756097561,1.0
G1_p0_w0_variable,G1_p2,10.0,G1,Global,0,0,0,0,0,0,,9.719329938996532e-05,0.00010563928534075571,8.44598595079039e-06,1.0,1.0
G1_p0_w0_variable,G1_p2,10.0,G1,Event,0,0,0,0,0,0,,0.00378729783791836,0.006116540919862753,0.002329243081944393,1.0,1.0
G1_p0_w0_variable,G1_p2,10.0,G1,Combined,0,0,0,0,0,0,,0.0001981706102628924,0.00027996153797042034,8.179092770752795e-05,1.0,1.0
G1_p0_w0_variable,G1_p2,10.0,G1,Agreement,0,0,0,0,0,0,,0.11111111111111116,0.14814814814814814,0.03703703703703698,1.0,1.0
G1_p0_w0_variable,G1_p2,20.0,G1,Global,0,0,0,0,0,0,,6.776767980045326e-05,8.122575353677654e-05,1.3458073736323273e-05,1.0,1.0
G1_p0_w0_variable,G1_p2,20.0,G1,Event,0,0,0,0,0,0,,0.0019552624292655404,0.0021826990752982726,0.00022743664603273222,1.0,1.0
G1_p0_w0_variable,G1_p2,20.0,G1,Combined,0,0,0,0,0,0,,0.00014088998086388135,0.000159352189848561,1.8462208984679646e-05,1.0,1.0
G1_p0_w0_variable,G1_p2,20.0,G1,Agreement,0,0,0,0,0,0,,0.040000000000000036,0.07692307692307687,0.036923076923076836,1.0,1.0
G1_p0_w0_variable,G1_p3,-5.0,G1,Global,3,1,3,1,0,2,0.3333333333333333,0.011142322140909364,0.031187027871396378,0.020044705730487014,0.8837209302325582,0.9523809523809523
G1_p0_w0_variable,G1_p3,-5.0,G1,Event,3,1,3,1,0,2,0.3333333333333333,0.5427404492732472,0.9497476958113273,0.4070072465380802,0.8837209302325582,0.9523809523809523
G1_p0_w0_variable,G1_p3,-5.0,G1,Combined,3,1,3,1,0,2,0.3333333333333333,0.028559092099444856,0.09963084285162388,0.07107175075217903,0.8837209302325582,0.9523809523809523
G1_p0_w0_variable,G1_p3,-5.0,G1,Agreement,3,1,3,0,0,3,0.0,0.935483870967742,1.0,0.06451612903225801,0.8837209302325582,0.9523809523809523
G1_p0_w0_variable,G1_p3,0.0,G1,Global,0,0,0,0,0,0,,0.00024257552516276812,0.0008619559419858224,0.0006193804168230543,1.0,1.0
G1_p0_w0_variable,G1_p3,0.0,G1,Event,0,0,0,0,0,0,,0.004077484282158716,0.007180042500406021,0.003102558218247305,1.0,1.0
G1_p0_w0_variable,G1_p3,0.0,G1,Combined,0,0,0,0,0,0,,0.0002979385722146558,0.0004323935666076468,0.00013445499439299102,1.0,1.0
G1_p0_w0_variable,G1_p3,0.0,G1,Agreement,0,0,0,0,0,0,,0.8518518518518519,0.9310344827586207,0.0791826309067688,1.0,1.0
G1_p0_w0_variable,G1_p3,10.0,G1,Global,0,0,0,0,0,0,,0.0001780233553014401,0.0006004408646872808,0.0004224175093858407,1.0,1.0
G1_p0_w0_variable,G1_p3,10.0,G1,Event,0,0,0,0,0,0,,0.0028329673178946733,0.006610908239461627,0.003777940921566954,1.0,1.0
G1_p0_w0_variable,G1_p3,10.0,G1,Combined,0,0,0,0,0,0,,0.0004981929935352331,0.000784208435625332,0.00028601544209009894,1.0,1.0
G1_p0_w0_variable,G1_p3,10.0,G1,Agreement,0,0,0,0,0,0,,0.020408163265306145,0.12,0.09959183673469385,1.0,1.0
G1_p0_w0_variable,G1_p3,20.0,G1,Global,0,0,0,0,0,0,,8.054343959037505e-05,0.00011433064139014476,3.3787201799769705e-05,1.0,1.0
G1_p0_w0_variable,G1_p3,20.0,G1,Event,0,0,0,0,0,0,,0.0015884374734350436,0.0025714321703165107,0.000982994696881467,1.0,1.0
G1_p0_w0_variable,G1_p3,20.0,G1,Combined,0,0,0,0,0,0,,0.0001504237077279377,0.00020139876881061056,5.097506108267286e-05,1.0,1.0
G1_p0_w0_variable,G1_p3,20.0,G1,Agreement,0,0,0,0,0,0,,0.020408163265306145,0.0980392156862745,0.07763105242096835,1.0,1.0
G1_p0_w0_variable,G1_p4,-5.0,G1,Global,4,0,0,0,0,0,,0.9999619480983722,0.9999838548902105,2.1906791838222084e-05,0.06666666666666667,0.6060606060606061
G1_p0_w0_variable,G1_p4,-5.0,G1,Event,4,0,0,0,0,0,,0.9999918586653955,0.9999995099833882,7.651317992629636e-06,0.06666666666666667,0.6060606060606061
G1_p0_w0_variable,G1_p4,-5.0,G1,Combined,4,0,0,0,0,0,,0.9999996364719643,0.9999999444425973,3.0797063299559113e-07,0.06666666666666667,0.6060606060606061
G1_p0_w0_variable,G1_p4,-5.0,G1,Agreement,4,0,0,0,0,0,,0.4545454545454546,0.7692307692307692,0.3146853146853146,0.06666666666666667,0.6060606060606061
G1_p0_w0_variable,G1_p4,0.0,G1,Global,4,0,0,0,0,0,,0.9221097046455321,0.9892080448194176,0.0670983401738855,0.7906976744186046,0.9047619047619048
G1_p0_w0_variable,G1_p4,0.0,G1,Event,4,0,0,0,0,0,,0.8845780063541463,0.9922210796034666,0.10764307324932032,0.7906976744186046,0.9047619047619048
G1_p0_w0_variable,G1_p4,0.0,G1,Combined,4,0,0,0,0,0,,0.9712638880729053,0.9974749042007203,0.026211016127814957,0.7906976744186046,0.9047619047619048
G1_p0_w0_variable,G1_p4,0.0,G1,Agreement,4,0,0,0,0,0,,0.26315789473684215,0.6595744680851063,0.3964165733482642,0.7906976744186046,0.9047619047619048
G1_p0_w0_variable,G1_p4,10.0,G1,Global,0,0,0,0,0,0,,0.00028535529807354934,0.000865194269069489,0.0005798389709959397,0.9523809523809523,1.0
G1_p0_w0_variable,G1_p4,10.0,G1,Event,0,0,0,0,0,0,,0.0041727270791941905,0.013159743737232773,0.008987016658038582,0.9523809523809523,1.0
G1_p0_w0_variable,G1_p4,10.0,G1,Combined,0,0,0,0,0,0,,0.000660886849317061,0.0013767170278108924,0.0007158301784938315,0.9523809523809523,1.0
G1_p0_w0_variable,G1_p4,10.0,G1,Agreement,0,0,0,0,0,0,,0.07692307692307687,0.1578947368421053,0.08097165991902844,0.9523809523809523,1.0
G1_p0_w0_variable,G1_p4,20.0,G1,Global,0,0,0,0,0,0,,6.602992730534812e-05,0.00010335109388181649,3.732116657646836e-05,1.0,1.0
G1_p0_w0_variable,G1_p4,20.0,G1,Event,0,0,0,0,0,0,,0.0015791283547742219,0.0022184954192602025,0.0006393670644859806,1.0,1.0
G1_p0_w0_variable,G1_p4,20.0,G1,Combined,0,0,0,0,0,0,,0.00013041891610397215,0.00016374297445894193,3.332405835496978e-05,1.0,1.0
G1_p0_w0_variable,G1_p4,20.0,G1,Agreement,0,0,0,0,0,0,,0.040000000000000036,0.11111111111111116,0.07111111111111112,1.0,1.0
G1_p0_w1_regular,G1_p1,-5.0,G1,Global,4,0,0,0,0,0,,0.9930066084358397,0.9994581299691304,0.0064515215332907605,0.7317073170731707,0.7906976744186046
G1_p0_w1_regular,G1_p1,-5.0,G1,Event,4,0,0,0,0,0,,0.9990255370923915,0.9994046912400195,0.0003791541476280136,0.7317073170731707,0.7906976744186046
G1_p0_w1_regular,G1_p1,-5.0,G1,Combined,4,0,0,0,0,0,,0.9868474556960163,0.99650743907078,0.009659983374763703,0.7317073170731707,0.7906976744186046
G1_p0_w1_regular,G1_p1,-5.0,G1,Agreement,4,0,0,0,0,0,,0.4545454545454546,0.631578947368421,0.17703349282296643,0.7317073170731707,0.7906976744186046
G1_p0_w1_regular,G1_p1,0.0,G1,Global,1,1,3,3,0,0,1.0,0.836329753280361,0.98558899006432,0.14925923678395903,0.926829268292683,0.9743589743589743
G1_p0_w1_regular,G1_p1,0.0,G1,Event,1,1,3,2,0,1,0.6666666666666666,0.42637299586785726,0.9792806244861344,0.5529076286182771,0.926829268292683,0.9743589743589743
G1_p0_w1_regular,G1_p1,0.0,G1,Combined,1,1,3,2,0,1,0.6666666666666666,0.30991008372613876,0.9657156272254143,0.6558055434992756,0.926829268292683,0.9743589743589743
G1_p0_w1_regular,G1_p1,0.0,G1,Agreement,1,1,3,2,0,1,0.6666666666666666,0.1923076923076923,0.28301886792452835,0.09071117561683606,0.926829268292683,0.9743589743589743
G1_p0_w1_regular,G1_p1,10.0,G1,Global,0,0,0,0,0,0,,0.002196031470939648,0.011020225944339518,0.00882419447339987,1.0,1.0
G1_p0_w1_regular,G1_p1,10.0,G1,Event,0,0,0,0,0,0,,0.003294615983576542,0.003702621885384216,0.000408005901807674,1.0,1.0
G1_p0_w1_regular,G1_p1,10.0,G1,Combined,0,0,0,0,0,0,,0.0008472642555853985,0.0021506920391304316,0.0013034277835450331,1.0,1.0
G1_p0_w1_regular,G1_p1,10.0,G1,Agreement,0,0,0,0,0,0,,0.04166666666666663,0.07999999999999996,0.03833333333333333,1.0,1.0
G1_p0_w1_regular,G1_p1,20.0,G1,Global,0,0,0,0,0,0,,0.0008132036924177767,0.0018259595137585076,0.0010127558213407308,1.0,1.0
G1_p0_w1_regular,G1_p1,20.0,G1,Event,0,0,0,0,0,0,,0.002156371815043837,0.002422713910217881,0.00026634209517404413,1.0,1.0
G1_p0_w1_regular,G1_p1,20.0,G1,Combined,0,0,0,0,0,0,,0.0005500513469817796,0.0008484702545103654,0.00029841890752858576,1.0,1.0
G1_p0_w1_regular,G1_p1,20.0,G1,Agreement,0,0,0,0,0,0,,0.0,0.021276595744680882,0.021276595744680882,1.0,1.0
G1_p0_w1_regular,G1_p2,-5.0,G1,Global,3,1,3,2,0,1,0.6666666666666666,0.024165721253391063,0.08262083065015503,0.058455109396763974,0.85,0.95
G1_p0_w1_regular,G1_p2,-5.0,G1,Event,3,1,3,3,0,0,1.0,0.7346835191356665,0.962739324369986,0.22805580523431945,0.85,0.95
G1_p0_w1_regular,G1_p2,-5.0,G1,Combined,3,1,3,3,0,0,1.0,0.012086390274350382,0.05397322140373901,0.041886831129388624,0.85,0.95
G1_p0_w1_regular,G1_p2,-5.0,G1,Agreement,3,1,3,3,0,0,1.0,0.7142857142857143,0.9333333333333333,0.21904761904761905,0.85,0.95
G1_p0_w1_regular,G1_p2,0.0,G1,Global,0,0,0,0,0,0,,0.0014779322803125659,0.005258731658997472,0.003780799378684906,0.9743589743589743,1.0
G1_p0_w1_regular,G1_p2,0.0,G1,Event,0,0,0,0,0,0,,0.015509257410194469,0.09981921496350618,0.0843099575533117,0.9743589743589743,1.0
G1_p0_w1_regular,G1_p2,0.0,G1,Combined,0,0,0,0,0,0,,0.0004456197731860163,0.003182473355535341,0.0027368535823493246,0.9743589743589743,1.0
G1_p0_w1_regular,G1_p2,0.0,G1,Agreement,0,0,0,0,0,0,,0.6571428571428571,0.8709677419354839,0.21382488479262673,0.9743589743589743,1.0
G1_p0_w1_regular,G1_p2,10.0,G1,Global,0,0,0,0,0,0,,0.0006886026005735692,0.0022164992505326235,0.0015278966499590544,1.0,1.0
G1_p0_w1_regular,G1_p2,10.0,G1,Event,0,0,0,0,0,0,,0.004782708200819234,0.00888328790565897,0.004100579704839736,1.0,1.0
G1_p0_w1_regular,G1_p2,10.0,G1,Combined,0,0,0,0,0,0,,0.000898208682866614,0.001808116918469163,0.0009099082356025489,1.0,1.0
G1_p0_w1_regular,G1_p2,10.0,G1,Agreement,0,0,0,0,0,0,,0.061224489795918324,0.061224489795918324,0.0,1.0,1.0
G1_p0_w1_regular,G1_p2,20.0,G1,Global,0,0,0,0,0,0,,0.0011155467067273139,0.0016043374864072194,0.0004887907796799055,1.0,1.0
G1_p0_w1_regular,G1_p2,20.0,G1,Event,0,0,0,0,0,0,,0.0019347663278542718,0.002776385155763129,0.0008416188279088573,1.0,1.0
G1_p0_w1_regular,G1_p2,20.0,G1,Combined,0,0,0,0,0,0,,0.0007316592688165592,0.0009571310495117288,0.00022547178069516952,1.0,1.0
G1_p0_w1_regular,G1_p2,20.0,G1,Agreement,0,0,0,0,0,0,,0.0,0.061224489795918324,0.061224489795918324,1.0,1.0
G1_p0_w1_regular,G1_p3,-5.0,G1,Global,3,1,3,2,0,1,0.6666666666666666,0.008640489489267234,0.014549243438279513,0.0059087539490122794,0.8780487804878049,1.0
G1_p0_w1_regular,G1_p3,-5.0,G1,Event,3,1,3,3,0,0,1.0,0.22399931708301846,0.867497833897555,0.6434985168145365,0.8780487804878049,1.0
G1_p0_w1_regular,G1_p3,-5.0,G1,Combined,3,1,3,3,0,0,1.0,0.006334206204098482,0.05836710676756967,0.052032900563471186,0.8780487804878049,1.0
G1_p0_w1_regular,G1_p3,-5.0,G1,Agreement,3,1,3,0,2,1,0.3333333333333333,0.9333333333333333,1.0,0.06666666666666665,0.8780487804878049,1.0
G1_p0_w1_regular,G1_p3,0.0,G1,Global,0,0,0,0,0,0,,0.0007095086165676514,0.0009638893430467352,0.0002543807264790838,0.9743589743589743,1.0
G1_p0_w1_regular,G1_p3,0.0,G1,Event,0,0,0,0,0,0,,0.0029744578176185217,0.007936722584997129,0.004962264767378608,0.9743589743589743,1.0
G1_p0_w1_regular,G1_p3,0.0,G1,Combined,0,0,0,0,0,0,,0.0002513294350020777,0.0004817417832251983,0.00023041234822312057,0.9743589743589743,1.0
G1_p0_w1_regular,G1_p3,0.0,G1,Agreement,0,0,0,0,0,0,,0.9230769230769231,1.0,0.07692307692307687,0.9743589743589743,1.0
G1_p0_w1_regular,G1_p3,10.0,G1,Global,0,0,0,0,0,0,,0.0013885663013750327,0.002371325436695336,0.000982759135320303,1.0,1.0
G1_p0_w1_regular,G1_p3,10.0,G1,Event,0,0,0,0,0,0,,0.002512369652880392,0.0059535797743528775,0.0034412101214724854,1.0,1.0
G1_p0_w1_regular,G1_p3,10.0,G1,Combined,0,0,0,0,0,0,,0.0010346699170233355,0.0018490991212523574,0.0008144292042290219,1.0,1.0
G1_p0_w1_regular,G1_p3,10.0,G1,Agreement,0,0,0,0,0,0,,0.06382978723404253,0.125,0.061170212765957466,1.0,1.0
G1_p0_w1_regular,G1_p3,20.0,G1,Global,0,0,0,0,0,0,,0.0014824053246685434,0.0018451700968166894,0.000362764772148146,1.0,1.0
G1_p0_w1_regular,G1_p3,20.0,G1,Event,0,0,0,0,0,0,,0.0019326153545617575,0.002524691539932532,0.0005920761853707747,1.0,1.0
G1_p0_w1_regular,G1_p3,20.0,G1,Combined,0,0,0,0,0,0,,0.0008433281960064882,0.001005315201155181,0.00016198700514869272,1.0,1.0
G1_p0_w1_regular,G1_p3,20.0,G1,Agreement,0,0,0,0,0,0,,0.021276595744680882,0.061224489795918324,0.03994789405123744,1.0,1.0
G1_p0_w1_regular,G1_p4,-5.0,G1,Global,4,0,0,0,0,0,,0.9998618616712568,0.9999813822948975,0.00011952062364073424,0.1875,0.45161290322580644
G1_p0_w1_regular,G1_p4,-5.0,G1,Event,4,0,0,0,0,0,,0.9998991542551809,0.9999998022081791,0.00010064795299813412,0.1875,0.45161290322580644
G1_p0_w1_regular,G1_p4,-5.0,G1,Combined,4,0,0,0,0,0,,0.9999954105681383,0.9999998811797969,4.470611658535795e-06,0.1875,0.45161290322580644
G1_p0_w1_regular,G1_p4,-5.0,G1,Agreement,4,0,0,0,0,0,,0.5625,0.7419354838709677,0.17943548387096775,0.1875,0.45161290322580644
G1_p0_w1_regular,G1_p4,0.0,G1,Global,4,0,0,0,0,0,,0.9221218974648566,0.9721769550086853,0.05005505754382866,0.7441860465116279,0.8571428571428571
G1_p0_w1_regular,G1_p4,0.0,G1,Event,4,0,0,0,0,0,,0.9041537507159907,0.9840578323089957,0.079904081593005,0.7441860465116279,0.8571428571428571
G1_p0_w1_regular,G1_p4,0.0,G1,Combined,4,0,0,0,0,0,,0.9734340085379166,0.9920344139441523,0.018600405406235643,0.7441860465116279,0.8571428571428571
G1_p0_w1_regular,G1_p4,0.0,G1,Agreement,4,0,0,0,0,0,,0.33333333333333337,0.48,0.1466666666666666,0.7441860465116279,0.8571428571428571
G1_p0_w1_regular,G1_p4,10.0,G1,Global,0,0,0,0,0,0,,0.003534047170165434,0.005940227317280422,0.0024061801471149877,0.95,1.0
G1_p0_w1_regular,G1_p4,10.0,G1,Event,0,0,0,0,0,0,,0.004338187431574907,0.10137950674381184,0.09704131931223693,0.95,1.0
G1_p0_w1_regular,G1_p4,10.0,G1,Combined,0,0,0,0,0,0,,0.0021907116692304242,0.0227593198934623,0.020568608224231878,0.95,1.0
G1_p0_w1_regular,G1_p4,10.0,G1,Agreement,0,0,0,0,0,0,,0.0980392156862745,0.14814814814814814,0.050108932461873645,0.95,1.0
G1_p0_w1_regular,G1_p4,20.0,G1,Global,0,0,0,0,0,0,,0.0011658354470893578,0.0014292008391379532,0.0002633653920485954,1.0,1.0
G1_p0_w1_regular,G1_p4,20.0,G1,Event,0,0,0,0,0,0,,0.001999897285123798,0.002335228678098542,0.00033533139297474424,1.0,1.0
G1_p0_w1_regular,G1_p4,20.0,G1,Combined,0,0,0,0,0,0,,0.0006734821957021903,0.0008599143439136807,0.00018643214821149033,1.0,1.0
G1_p0_w1_regular,G1_p4,20.0,G1,Agreement,0,0,0,0,0,0,,0.021276595744680882,0.061224489795918324,0.03994789405123744,1.0,1.0
G1_p0_w1_variable,G1_p1,-5.0,G1,Global,4,0,0,0,0,0,,0.9977744384993273,0.9987358756789262,0.0009614371795988452,0.6829268292682927,0.8571428571428571
G1_p0_w1_variable,G1_p1,-5.0,G1,Event,4,0,0,0,0,0,,0.9987659619624916,0.9999076340166818,0.0011416720541902459,0.6829268292682927,0.8571428571428571
G1_p0_w1_variable,G1_p1,-5.0,G1,Combined,4,0,0,0,0,0,,0.9936583574163298,0.9985317839709473,0.004873426554617533,0.6829268292682927,0.8571428571428571
G1_p0_w1_variable,G1_p1,-5.0,G1,Agreement,4,0,0,0,0,0,,0.5,0.7142857142857143,0.2142857142857143,0.6829268292682927,0.8571428571428571
G1_p0_w1_variable,G1_p1,0.0,G1,Global,1,1,3,1,0,2,0.3333333333333333,0.9128952655002472,0.9646032763430709,0.051708010842823615,0.9047619047619048,0.9743589743589743
G1_p0_w1_variable,G1_p1,0.0,G1,Event,1,1,3,2,0,1,0.6666666666666666,0.2952604358434149,0.8965608802318071,0.6013004443883923,0.9047619047619048,0.9743589743589743
G1_p0_w1_variable,G1_p1,0.0,G1,Combined,1,1,3,2,0,1,0.6666666666666666,0.3656253732653541,0.9198425177369621,0.554217144471608,0.9047619047619048,0.9743589743589743
G1_p0_w1_variable,G1_p1,0.0,G1,Agreement,1,1,3,1,0,2,0.3333333333333333,0.10204081632653061,0.34782608695652173,0.24578527062999111,0.9047619047619048,0.9743589743589743
G1_p0_w1_variable,G1_p1,10.0,G1,Global,0,0,0,0,0,0,,0.0020068317091764022,0.004265901585448077,0.002259069876271675,1.0,1.0
G1_p0_w1_variable,G1_p1,10.0,G1,Event,0,0,0,0,0,0,,0.003009954975545981,0.003638620410040486,0.0006286654344945051,1.0,1.0
G1_p0_w1_variable,G1_p1,10.0,G1,Combined,0,0,0,0,0,0,,0.0010017085068145277,0.0017121026704496906,0.000710394163635163,1.0,1.0
G1_p0_w1_variable,G1_p1,10.0,G1,Agreement,0,0,0,0,0,0,,0.061224489795918324,0.07999999999999996,0.018775510204081636,1.0,1.0
G1_p0_w1_variable,G1_p1,20.0,G1,Global,0,0,0,0,0,0,,0.0008899039552325349,0.0011409535840188301,0.0002510496287862952,1.0,1.0
G1_p0_w1_variable,G1_p1,20.0,G1,Event,0,0,0,0,0,0,,0.002197994954237161,0.002419207829415618,0.00022121287517845676,1.0,1.0
G1_p0_w1_variable,G1_p1,20.0,G1,Combined,0,0,0,0,0,0,,0.0006472227508320006,0.0008315864533097267,0.00018436370247772616,1.0,1.0
G1_p0_w1_variable,G1_p1,20.0,G1,Agreement,0,0,0,0,0,0,,0.0,0.021276595744680882,0.021276595744680882,1.0,1.0
G1_p0_w1_variable,G1_p2,-5.0,G1,Global,4,0,0,0,0,0,,0.02000909987640829,0.0396270194477607,0.019617919571352414,0.8,0.926829268292683
G1_p0_w1_variable,G1_p2,-5.0,G1,Event,4,0,0,0,0,0,,0.5190004969617038,0.9325097743523166,0.41350927739061283,0.8,0.926829268292683
G1_p0_w1_variable,G1_p2,-5.0,G1,Combined,4,0,0,0,0,0,,0.0027511812196682676,0.022344347176542222,0.019593165956873954,0.8,0.926829268292683
G1_p0_w1_variable,G1_p2,-5.0,G1,Agreement,4,0,0,0,0,0,,0.8064516129032258,0.9375,0.13104838709677424,0.8,0.926829268292683
G1_p0_w1_variable,G1_p2,0.0,G1,Global,0,0,0,0,0,0,,0.0012179434295750558,0.00437467749773219,0.003156734068157134,0.9743589743589743,1.0
G1_p0_w1_variable,G1_p2,0.0,G1,Event,0,0,0,0,0,0,,0.021636748927423927,0.044271996929614595,0.022635248002190668,0.9743589743589743,1.0
G1_p0_w1_variable,G1_p2,0.0,G1,Combined,0,0,0,0,0,0,,0.0002445833148440825,0.0010461354390944946,0.0008015521242504121,0.9743589743589743,1.0
G1_p0_w1_variable,G1_p2,0.0,G1,Agreement,0,0,0,0,0,0,,0.7419354838709677,0.8709677419354839,0.12903225806451613,0.9743589743589743,1.0
G1_p0_w1_variable,G1_p2,10.0,G1,Global,0,0,0,0,0,0,,0.00040075131091445415,0.0009195820752031863,0.0005188307642887322,1.0,1.0
G1_p0_w1_variable,G1_p2,10.0,G1,Event,0,0,0,0,0,0,,0.0036126332743482248,0.006398545305544095,0.00278591203119587,1.0,1.0
G1_p0_w1_variable,G1_p2,10.0,G1,Combined,0,0,0,0,0,0,,0.0005334375377702305,0.0010935049916389983,0.0005600674538687678,1.0,1.0
G1_p0_w1_variable,G1_p2,10.0,G1,Agreement,0,0,0,0,0,0,,0.04166666666666663,0.1428571428571429,0.10119047619047628,1.0,1.0
G1_p0_w1_variable,G1_p2,20.0,G1,Global,0,0,0,0,0,0,,0.0007396564105701853,0.0012497980854733,0.0005101416749031147,1.0,1.0
G1_p0_w1_variable,G1_p2,20.0,G1,Event,0,0,0,0,0,0,,0.001894147483614521,0.0026969110324685922,0.0008027635488540713,1.0,1.0
G1_p0_w1_variable,G1_p2,20.0,G1,Combined,0,0,0,0,0,0,,0.000634154062876602,0.000814327823076187,0.00018017376019958497,1.0,1.0
G1_p0_w1_variable,G1_p2,20.0,G1,Agreement,0,0,0,0,0,0,,0.0,0.061224489795918324,0.061224489795918324,1.0,1.0
G1_p0_w1_variable,G1_p3,-5.0,G1,Global,3,1,3,3,0,0,1.0,0.006004023686944147,0.013981105310325138,0.00797708162338099,0.8636363636363636,0.9743589743589743
G1_p0_w1_variable,G1_p3,-5.0,G1,Event,3,1,3,3,0,0,1.0,0.18159851124610643,0.9698738264816748,0.7882753152355684,0.8636363636363636,0.9743589743589743
G1_p0_w1_variable,G1_p3,-5.0,G1,Combined,3,1,3,3,0,0,1.0,0.00516005182979291,0.14603565132280344,0.14087559949301054,0.8636363636363636,0.9743589743589743
G1_p0_w1_variable,G1_p3,-5.0,G1,Agreement,3,1,3,2,0,1,0.6666666666666666,0.8666666666666667,0.9411764705882353,0.07450980392156858,0.8636363636363636,0.9743589743589743
G1_p0_w1_variable,G1_p3,0.0,G1,Global,0,0,0,0,0,0,,0.00040395294836895353,0.0012004278615432014,0.0007964749131742478,1.0,1.0
G1_p0_w1_variable,G1_p3,0.0,G1,Event,0,0,0,0,0,0,,0.0021636468851282268,0.11144847336836024,0.10928482648323201,1.0,1.0
G1_p0_w1_variable,G1_p3,0.0,G1,Combined,0,0,0,0,0,0,,0.0001424268624872371,0.0048657478251274405,0.004723320962640203,1.0,1.0
G1_p0_w1_variable,G1_p3,0.0,G1,Agreement,0,0,0,0,0,0,,0.8518518518518519,0.9285714285714286,0.07671957671957674,1.0,1.0
G1_p0_w1_variable,G1_p3,10.0,G1,Global,0,0,0,0,0,0,,0.0012851555422429002,0.002675216613184684,0.0013900610709417836,1.0,1.0
G1_p0_w1_variable,G1_p3,10.0,G1,Event,0,0,0,0,0,0,,0.0025976809155409523,0.004087775696030444,0.001490094780489492,1.0,1.0
G1_p0_w1_variable,G1_p3,10.0,G1,Combined,0,0,0,0,0,0,,0.0010863686989381286,0.0022874351251036137,0.001201066426165485,1.0,1.0
G1_p0_w1_variable,G1_p3,10.0,G1,Agreement,0,0,0,0,0,0,,0.10204081632653061,0.10204081632653061,0.0,1.0,1.0
G1_p0_w1_variable,G1_p3,20.0,G1,Global,0,0,0,0,0,0,,0.001193459981771574,0.001432027842206806,0.00023856786043523204,1.0,1.0
G1_p0_w1_variable,G1_p3,20.0,G1,Event,0,0,0,0,0,0,,0.0017320092511947847,0.002176926992678208,0.00044491774148342324,1.0,1.0
G1_p0_w1_variable,G1_p3,20.0,G1,Combined,0,0,0,0,0,0,,0.000729594331129631,0.000920111701054806,0.0001905173699251751,1.0,1.0
G1_p0_w1_variable,G1_p3,20.0,G1,Agreement,0,0,0,0,0,0,,0.04166666666666663,0.07999999999999996,0.03833333333333333,1.0,1.0
G1_p0_w1_variable,G1_p4,-5.0,G1,Global,4,0,0,0,0,0,,0.9999416414480942,0.9999779616170328,3.6320168938619446e-05,0.13333333333333333,0.4444444444444444
G1_p0_w1_variable,G1_p4,-5.0,G1,Event,4,0,0,0,0,0,,0.9999625447201418,0.9999994179991921,3.687327905033122e-05,0.13333333333333333,0.4444444444444444
G1_p0_w1_variable,G1_p4,-5.0,G1,Combined,4,0,0,0,0,0,,0.9999984651472925,0.9999998891002272,1.4239529346760094e-06,0.13333333333333333,0.4444444444444444
G1_p0_w1_variable,G1_p4,-5.0,G1,Agreement,4,0,0,0,0,0,,0.6571428571428571,0.84,0.18285714285714283,0.13333333333333333,0.4444444444444444
G1_p0_w1_variable,G1_p4,0.0,G1,Global,4,0,0,0,0,0,,0.8764741052195103,0.9504740209859283,0.07399991576641796,0.7441860465116279,0.85
G1_p0_w1_variable,G1_p4,0.0,G1,Event,4,0,0,0,0,0,,0.8730846293684197,0.9767844510319749,0.10369982166355518,0.7441860465116279,0.85
G1_p0_w1_variable,G1_p4,0.0,G1,Combined,4,0,0,0,0,0,,0.9499522551850135,0.9887681035566517,0.038815848371638206,0.7441860465116279,0.85
G1_p0_w1_variable,G1_p4,0.0,G1,Agreement,4,0,0,0,0,0,,0.30000000000000004,0.4509803921568627,0.15098039215686265,0.7441860465116279,0.85
G1_p0_w1_variable,G1_p4,10.0,G1,Global,0,0,0,0,0,0,,0.0022064814394054705,0.002526070417396619,0.00031958897799114856,0.95,1.0
G1_p0_w1_variable,G1_p4,10.0,G1,Event,0,0,0,0,0,0,,0.0033107565893449285,0.0074909974782249675,0.004180240888880039,0.95,1.0
G1_p0_w1_variable,G1_p4,10.0,G1,Combined,0,0,0,0,0,0,,0.0013047283909905772,0.0028377033632836627,0.0015329749722930856,0.95,1.0
G1_p0_w1_variable,G1_p4,10.0,G1,Agreement,0,0,0,0,0,0,,0.07999999999999996,0.13725490196078427,0.05725490196078431,0.95,1.0
G1_p0_w1_variable,G1_p4,20.0,G1,Global,0,0,0,0,0,0,,0.0008632542035089723,0.0009704024144004917,0.00010714821089151936,1.0,1.0
G1_p0_w1_variable,G1_p4,20.0,G1,Event,0,0,0,0,0,0,,0.0018882578910258503,0.0027357913785366977,0.0008475334875108474,1.0,1.0
G1_p0_w1_variable,G1_p4,20.0,G1,Combined,0,0,0,0,0,0,,0.0005956846022820059,0.0008001642520612581,0.00020447964977925214,1.0,1.0
G1_p0_w1_variable,G1_p4,20.0,G1,Agreement,0,0,0,0,0,0,,0.0,0.061224489795918324,0.061224489795918324,1.0,1.0
G1_p0_w2_regular,G1_p1,-5.0,G1,Global,4,0,0,0,0,0,,0.9955588582644361,0.999045580525743,0.0034867222613068627,0.7391304347826086,0.8444444444444444
G1_p0_w2_regular,G1_p1,-5.0,G1,Event,4,0,0,0,0,0,,0.9986439712137571,0.9998743702491798,0.001230399035422658,0.7391304347826086,0.8444444444444444
G1_p0_w2_regular,G1_p1,-5.0,G1,Combined,4,0,0,0,0,0,,0.9902529312321195,0.9986265941565675,0.008373662924447967,0.7391304347826086,0.8444444444444444
G1_p0_w2_regular,G1_p1,-5.0,G1,Agreement,4,0,0,0,0,0,,0.3913043478260869,0.75,0.3586956521739131,0.7391304347826086,0.8444444444444444
G1_p0_w2_regular,G1_p1,0.0,G1,Global,2,1,4,2,0,2,0.5,0.858186067809648,0.9735474024446992,0.11536133463505116,0.9302325581395349,1.0
G1_p0_w2_regular,G1_p1,0.0,G1,Event,2,1,4,3,0,1,0.75,0.33806386167609104,0.937197257171378,0.599133395495287,0.9302325581395349,1.0
G1_p0_w2_regular,G1_p1,0.0,G1,Combined,2,1,4,3,0,1,0.75,0.43917650273361813,0.9147343179637538,0.4755578152301357,0.9302325581395349,1.0
G1_p0_w2_regular,G1_p1,0.0,G1,Agreement,2,1,4,0,0,4,0.0,0.1428571428571429,0.23636363636363633,0.09350649350649343,0.9302325581395349,1.0
G1_p0_w2_regular,G1_p1,10.0,G1,Global,0,0,0,0,0,0,,0.001237954846626774,0.004435969934894703,0.003198015088267929,1.0,1.0
G1_p0_w2_regular,G1_p1,10.0,G1,Event,0,0,0,0,0,0,,0.0037138913642497298,0.005191205517944118,0.0014773141536943884,1.0,1.0
G1_p0_w2_regular,G1_p1,10.0,G1,Combined,0,0,0,0,0,0,,0.0008395631261769918,0.0016835314641420168,0.000843968337965025,1.0,1.0
G1_p0_w2_regular,G1_p1,10.0,G1,Agreement,0,0,0,0,0,0,,0.0,0.020408163265306145,0.020408163265306145,1.0,1.0
G1_p0_w2_regular,G1_p1,20.0,G1,Global,0,0,0,0,0,0,,0.0003901424304332621,0.0006728873474698987,0.0002827449170366366,1.0,1.0
G1_p0_w2_regular,G1_p1,20.0,G1,Event,0,0,0,0,0,0,,0.002354700576990697,0.0024352555964049913,8.055501941429434e-05,1.0,1.0
G1_p0_w2_regular,G1_p1,20.0,G1,Combined,0,0,0,0,0,0,,0.0003350584747452885,0.000439480867910164,0.0001044223931648755,1.0,1.0
G1_p0_w2_regular,G1_p1,20.0,G1,Agreement,0,0,0,0,0,0,,0.0,0.0,0.0,1.0,1.0
G1_p0_w2_regular,G1_p2,-5.0,G1,Global,3,1,3,1,0,2,0.3333333333333333,0.02014916452605792,0.0806292041300087,0.06048003960395078,0.8571428571428571,0.975609756097561
G1_p0_w2_regular,G1_p2,-5.0,G1,Event,3,1,3,0,0,3,0.0,0.7422455833402849,0.9403350530262675,0.19808946968598262,0.8571428571428571,0.975609756097561
G1_p0_w2_regular,G1_p2,-5.0,G1,Combined,3,1,3,0,0,3,0.0,0.006898589413756688,0.032897386492028335,0.025998797078271647,0.8571428571428571,0.975609756097561
G1_p0_w2_regular,G1_p2,-5.0,G1,Agreement,3,1,3,2,0,1,0.6666666666666666,0.8125,0.9375,0.125,0.8571428571428571,0.975609756097561
G1_p0_w2_regular,G1_p2,0.0,G1,Global,0,0,0,0,0,0,,0.0017178246385622005,0.006555891735591556,0.004838067097029356,0.975609756097561,0.975609756097561
G1_p0_w2_regular,G1_p2,0.0,G1,Event,0,0,0,0,0,0,,0.046717766351066184,0.2316395416532338,0.18492177530216763,0.975609756097561,0.975609756097561
G1_p0_w2_regular,G1_p2,0.0,G1,Combined,0,0,0,0,0,0,,0.0007654474636272109,0.0034816718460078337,0.0027162243823806225,0.975609756097561,0.975609756097561
G1_p0_w2_regular,G1_p2,0.0,G1,Agreement,0,0,0,0,0,0,,0.7419354838709677,0.8235294117647058,0.0815939278937381,0.975609756097561,0.975609756097561
G1_p0_w2_regular,G1_p2,10.0,G1,Global,0,0,0,0,0,0,,0.0005531535979791193,0.0013154530637571956,0.0007622994657780763,1.0,1.0
G1_p0_w2_regular,G1_p2,10.0,G1,Event,0,0,0,0,0,0,,0.004329572511758936,0.007822540323671731,0.0034929678119127953,1.0,1.0
G1_p0_w2_regular,G1_p2,10.0,G1,Combined,0,0,0,0,0,0,,0.0005288551401556553,0.00104946489988563,0.0005206097597299747,1.0,1.0
G1_p0_w2_regular,G1_p2,10.0,G1,Agreement,0,0,0,0,0,0,,0.040000000000000036,0.14814814814814814,0.1081481481481481,1.0,1.0
G1_p0_w2_regular,G1_p2,20.0,G1,Global,0,0,0,0,0,0,,0.0005688105123657463,0.0007661862721472849,0.00019737575978153864,1.0,1.0
G1_p0_w2_regular,G1_p2,20.0,G1,Event,0,0,0,0,0,0,,0.0022479752935915492,0.0027050443658539636,0.0004570690722624144,1.0,1.0
G1_p0_w2_regular,G1_p2,20.0,G1,Combined,0,0,0,0,0,0,,0.0003954217846208206,0.00046851656667548907,7.309478205466848e-05,1.0,1.0
G1_p0_w2_regular,G1_p2,20.0,G1,Agreement,0,0,0,0,0,0,,0.0,0.040000000000000036,0.040000000000000036,1.0,1.0
G1_p0_w2_regular,G1_p3,-5.0,G1,Global,2,1,4,2,0,2,0.5,0.013638654629365391,0.02857164390157176,0.014932989272206368,0.9302325581395349,0.9523809523809523
G1_p0_w2_regular,G1_p3,-5.0,G1,Event,2,1,4,1,0,3,0.25,0.27042289129209746,0.8153950285750475,0.5449721372829501,0.9302325581395349,0.9523809523809523
G1_p0_w2_regular,G1_p3,-5.0,G1,Combined,2,1,4,1,0,3,0.25,0.012763964478629973,0.04062584137886859,0.02786187690023862,0.9302325581395349,0.9523809523809523
G1_p0_w2_regular,G1_p3,-5.0,G1,Agreement,2,1,4,2,2,0,0.75,0.9333333333333333,0.935483870967742,0.0021505376344086446,0.9302325581395349,0.9523809523809523
G1_p0_w2_regular,G1_p3,0.0,G1,Global,0,0,0,0,0,0,,0.0005711107890936927,0.0014459951007422147,0.000874884311648522,1.0,1.0
G1_p0_w2_regular,G1_p3,0.0,G1,Event,0,0,0,0,0,0,,0.0020973262060306236,0.03978075621365546,0.037683430007624835,1.0,1.0
G1_p0_w2_regular,G1_p3,0.0,G1,Combined,0,0,0,0,0,0,,0.00019722851910795525,0.0012285244377339764,0.0010312959186260212,1.0,1.0
G1_p0_w2_regular,G1_p3,0.0,G1,Agreement,0,0,0,0,0,0,,0.9259259259259259,1.0,0.07407407407407407,1.0,1.0
G1_p0_w2_regular,G1_p3,10.0,G1,Global,0,0,0,0,0,0,,0.001372544186910205,0.002089907728185502,0.0007173635412752971,1.0,1.0
G1_p0_w2_regular,G1_p3,10.0,G1,Event,0,0,0,0,0,0,,0.0029803038345703253,0.005024581743545117,0.002044277908974792,1.0,1.0
G1_p0_w2_regular,G1_p3,10.0,G1,Combined,0,0,0,0,0,0,,0.0011564045811705915,0.0015813033629685919,0.0004248987817980004,1.0,1.0
G1_p0_w2_regular,G1_p3,10.0,G1,Agreement,0,0,0,0,0,0,,0.040000000000000036,0.11538461538461542,0.07538461538461538,1.0,1.0
G1_p0_w2_regular,G1_p3,20.0,G1,Global,0,0,0,0,0,0,,0.0007026585498288045,0.0007785055597090904,7.58470098802858e-05,1.0,1.0
G1_p0_w2_regular,G1_p3,20.0,G1,Event,0,0,0,0,0,0,,0.001857566163435833,0.002173567211956359,0.00031600104852052614,1.0,1.0
G1_p0_w2_regular,G1_p3,20.0,G1,Combined,0,0,0,0,0,0,,0.00039850857540054134,0.0004584393597630554,5.9930784362514043e-05,1.0,1.0
G1_p0_w2_regular,G1_p3,20.0,G1,Agreement,0,0,0,0,0,0,,0.040000000000000036,0.07999999999999996,0.039999999999999925,1.0,1.0
G1_p0_w2_regular,G1_p4,-5.0,G1,Global,4,0,0,0,0,0,,0.9999574121119713,0.9999853387330452,2.792662107387045e-05,0.06451612903225806,0.29411764705882354
G1_p0_w2_regular,G1_p4,-5.0,G1,Event,4,0,0,0,0,0,,0.9999984315909102,0.9999999263135692,1.4947226589789864e-06,0.06451612903225806,0.29411764705882354
G1_p0_w2_regular,G1_p4,-5.0,G1,Combined,4,0,0,0,0,0,,0.9999996237649141,0.9999999770531048,3.532881907020169e-07,0.06451612903225806,0.29411764705882354
G1_p0_w2_regular,G1_p4,-5.0,G1,Agreement,4,0,0,0,0,0,,0.5333333333333333,0.7777777777777778,0.24444444444444446,0.06451612903225806,0.29411764705882354
G1_p0_w2_regular,G1_p4,0.0,G1,Global,4,0,0,0,0,0,,0.93000942117217,0.9554888270454719,0.025479405873301886,0.7727272727272727,0.8571428571428571
G1_p0_w2_regular,G1_p4,0.0,G1,Event,4,0,0,0,0,0,,0.902201196968443,0.9780009224290948,0.07579972546065172,0.7727272727272727,0.8571428571428571
G1_p0_w2_regular,G1_p4,0.0,G1,Combined,4,0,0,0,0,0,,0.9794050561027658,0.9906636130701822,0.0112585569674164,0.7727272727272727,0.8571428571428571
G1_p0_w2_regular,G1_p4,0.0,G1,Agreement,4,0,0,0,0,0,,0.29824561403508776,0.52,0.22175438596491226,0.7727272727272727,0.8571428571428571
G1_p0_w2_regular,G1_p4,10.0,G1,Global,0,0,0,0,0,0,,0.0014498361980360443,0.0025472517837153586,0.0010974155856793143,0.9523809523809523,1.0
G1_p0_w2_regular,G1_p4,10.0,G1,Event,0,0,0,0,0,0,,0.003290928704748947,0.03219830093039207,0.028907372225643123,0.9523809523809523,1.0
G1_p0_w2_regular,G1_p4,10.0,G1,Combined,0,0,0,0,0,0,,0.0012857075306322257,0.004853169237325506,0.00356746170669328,0.9523809523809523,1.0
G1_p0_w2_regular,G1_p4,10.0,G1,Agreement,0,0,0,0,0,0,,0.05882352941176472,0.15384615384615385,0.09502262443438914,0.9523809523809523,1.0
G1_p0_w2_regular,G1_p4,20.0,G1,Global,0,0,0,0,0,0,,0.0005494149518378364,0.000676706888428189,0.00012729193659035255,1.0,1.0
G1_p0_w2_regular,G1_p4,20.0,G1,Event,0,0,0,0,0,0,,0.002101049310222368,0.0024587037859265383,0.0003576544757041703,1.0,1.0
G1_p0_w2_regular,G1_p4,20.0,G1,Combined,0,0,0,0,0,0,,0.0003618047427696763,0.00042095807527271035,5.915333250303405e-05,1.0,1.0
G1_p0_w2_regular,G1_p4,20.0,G1,Agreement,0,0,0,0,0,0,,0.0,0.040000000000000036,0.040000000000000036,1.0,1.0
G1_p0_w2_variable,G1_p1,-5.0,G1,Global,4,0,0,0,0,0,,0.9968488717584885,0.9990199833961582,0.002171111637669698,0.7755102040816326,0.8095238095238095
G1_p0_w2_variable,G1_p1,-5.0,G1,Event,4,0,0,0,0,0,,0.9990509583091719,0.9999418656574135,0.0008909073482415986,0.7755102040816326,0.8095238095238095
G1_p0_w2_variable,G1_p1,-5.0,G1,Combined,4,0,0,0,0,0,,0.9904701525008064,0.9986263050927493,0.008156152591942911,0.7755102040816326,0.8095238095238095
G1_p0_w2_variable,G1_p1,-5.0,G1,Agreement,4,0,0,0,0,0,,0.5918367346938775,0.6585365853658536,0.06669985067197604,0.7755102040816326,0.8095238095238095
G1_p0_w2_variable,G1_p1,0.0,G1,Global,1,1,3,0,0,3,0.0,0.9085435022468821,0.964462169733645,0.055918667486762885,0.9090909090909091,1.0
G1_p0_w2_variable,G1_p1,0.0,G1,Event,1,1,3,3,0,0,1.0,0.13657441067247333,0.9861972190478059,0.8496228083753325,0.9090909090909091,1.0
G1_p0_w2_variable,G1_p1,0.0,G1,Combined,1,1,3,2,0,1,0.6666666666666666,0.36331220655273205,0.9310178551841709,0.5677056486314389,0.9090909090909091,1.0
G1_p0_w2_variable,G1_p1,0.0,G1,Agreement,1,1,3,0,0,3,0.0,0.16666666666666663,0.25,0.08333333333333337,0.9090909090909091,1.0
G1_p0_w2_variable,G1_p1,10.0,G1,Global,0,0,0,0,0,0,,0.001018291332823488,0.003093180051141789,0.002074888718318301,1.0,1.0
G1_p0_w2_variable,G1_p1,10.0,G1,Event,0,0,0,0,0,0,,0.0038110257803922313,0.004770234627734777,0.000959208847342546,1.0,1.0
G1_p0_w2_variable,G1_p1,10.0,G1,Combined,0,0,0,0,0,0,,0.0006105579441820753,0.001535477568334716,0.0009249196241526408,1.0,1.0
G1_p0_w2_variable,G1_p1,10.0,G1,Agreement,0,0,0,0,0,0,,0.0,0.038461538461538436,0.038461538461538436,1.0,1.0
G1_p0_w2_variable,G1_p1,20.0,G1,Global,0,0,0,0,0,0,,0.00035245180545458805,0.0006596581867889846,0.00030720638133439654,1.0,1.0
G1_p0_w2_variable,G1_p1,20.0,G1,Event,0,0,0,0,0,0,,0.0024070606897657904,0.0024502331522223263,4.3172462456535915e-05,1.0,1.0
G1_p0_w2_variable,G1_p1,20.0,G1,Combined,0,0,0,0,0,0,,0.00032461080292423526,0.00046576306427755946,0.0001411522613533242,1.0,1.0
G1_p0_w2_variable,G1_p1,20.0,G1,Agreement,0,0,0,0,0,0,,0.0,0.0,0.0,1.0,1.0
G1_p0_w2_variable,G1_p2,-5.0,G1,Global,3,1,3,1,0,2,0.3333333333333333,0.023055344041386705,0.08616752031728445,0.06311217627589774,0.8095238095238095,0.95
G1_p0_w2_variable,G1_p2,-5.0,G1,Event,3,1,3,3,0,0,1.0,0.6271503618264329,0.9825503963529123,0.3554000345264794,0.8095238095238095,0.95
G1_p0_w2_variable,G1_p2,-5.0,G1,Combined,3,1,3,3,0,0,1.0,0.007060224610883547,0.07165292510402381,0.06459270049314027,0.8095238095238095,0.95
G1_p0_w2_variable,G1_p2,-5.0,G1,Agreement,3,1,3,1,1,1,0.5,0.7647058823529411,0.8857142857142857,0.12100840336134455,0.8095238095238095,0.95
G1_p0_w2_variable,G1_p2,0.0,G1,Global,0,0,0,0,0,0,,0.0010113841848799043,0.005419195858291907,0.004407811673412003,0.95,1.0
G1_p0_w2_variable,G1_p2,0.0,G1,Event,0,0,0,0,0,0,,0.005418509741282045,0.2655351694139317,0.26011665967264963,0.95,1.0
G1_p0_w2_variable,G1_p2,0.0,G1,Combined,0,0,0,0,0,0,,0.00020300537955867025,0.0018887247971225618,0.0016857194175638915,0.95,1.0
G1_p0_w2_variable,G1_p2,0.0,G1,Agreement,0,0,0,0,0,0,,0.7575757575757576,0.875,0.11742424242424243,0.95,1.0
G1_p0_w2_variable,G1_p2,10.0,G1,Global,0,0,0,0,0,0,,0.00035245925681926367,0.0009457186153276208,0.0005932593585083572,1.0,1.0
G1_p0_w2_variable,G1_p2,10.0,G1,Event,0,0,0,0,0,0,,0.004280566399810384,0.0130775276165376,0.008796961216727217,1.0,1.0
G1_p0_w2_variable,G1_p2,10.0,G1,Combined,0,0,0,0,0,0,,0.0003864753139988374,0.001211035018359584,0.0008245597043607467,1.0,1.0
G1_p0_w2_variable,G1_p2,10.0,G1,Agreement,0,0,0,0,0,0,,0.038461538461538436,0.14814814814814814,0.1096866096866097,1.0,1.0
G1_p0_w2_variable,G1_p2,20.0,G1,Global,0,0,0,0,0,0,,0.0004181971808314164,0.000623254907912194,0.00020505772708077766,1.0,1.0
G1_p0_w2_variable,G1_p2,20.0,G1,Event,0,0,0,0,0,0,,0.0020534601411360907,0.002698429738403803,0.0006449695972677123,1.0,1.0
G1_p0_w2_variable,G1_p2,20.0,G1,Combined,0,0,0,0,0,0,,0.000363841088189873,0.0004551894214670981,9.134833327722509e-05,1.0,1.0
G1_p0_w2_variable,G1_p2,20.0,G1,Agreement,0,0,0,0,0,0,,0.019607843137254943,0.05660377358490565,0.036995930447650704,1.0,1.0
G1_p0_w2_variable,G1_p3,-5.0,G1,Global,2,1,4,0,0,4,0.0,0.011304381432827018,0.03042461406814082,0.019120232635313802,0.8695652173913043,0.975609756097561
G1_p0_w2_variable,G1_p3,-5.0,G1,Event,2,1,4,4,0,0,1.0,0.19663164164401212,0.9011709525627543,0.7045393109187421,0.8695652173913043,0.975609756097561
G1_p0_w2_variable,G1_p3,-5.0,G1,Combined,2,1,4,4,0,0,1.0,0.013938303641816132,0.04901072089374464,0.03507241725192851,0.8695652173913043,0.975609756097561
G1_p0_w2_variable,G1_p3,-5.0,G1,Agreement,2,1,4,4,0,0,1.0,0.9333333333333333,1.0,0.06666666666666665,0.8695652173913043,0.975609756097561
G1_p0_w2_variable,G1_p3,0.0,G1,Global,0,0,0,0,0,0,,0.00039218599141407836,0.0020126953518251646,0.0016205093604110862,1.0,1.0
G1_p0_w2_variable,G1_p3,0.0,G1,Event,0,0,0,0,0,0,,0.0026674243540232927,0.006663562253304482,0.00399613789928119,1.0,1.0
G1_p0_w2_variable,G1_p3,0.0,G1,Combined,0,0,0,0,0,0,,0.00014217591761179511,0.0006212298906161563,0.0004790539730043612,1.0,1.0
G1_p0_w2_variable,G1_p3,0.0,G1,Agreement,0,0,0,0,0,0,,0.9310344827586207,1.0,0.06896551724137934,1.0,1.0
G1_p0_w2_variable,G1_p3,10.0,G1,Global,0,0,0,0,0,0,,0.0012174814561043072,0.0023587129566746594,0.0011412315005703522,1.0,1.0
G1_p0_w2_variable,G1_p3,10.0,G1,Event,0,0,0,0,0,0,,0.002889311836188124,0.0060778302181008215,0.0031885183819126976,1.0,1.0
G1_p0_w2_variable,G1_p3,10.0,G1,Combined,0,0,0,0,0,0,,0.0009816815038346603,0.0021281355086189744,0.001146454004784314,1.0,1.0
G1_p0_w2_variable,G1_p3,10.0,G1,Agreement,0,0,0,0,0,0,,0.038461538461538436,0.12,0.08153846153846156,1.0,1.0
G1_p0_w2_variable,G1_p3,20.0,G1,Global,0,0,0,0,0,0,,0.0005739923091902376,0.0008649295268284935,0.00029093721763825595,1.0,1.0
G1_p0_w2_variable,G1_p3,20.0,G1,Event,0,0,0,0,0,0,,0.002173650205650307,0.002530919271051587,0.0003572690654012798,1.0,1.0
G1_p0_w2_variable,G1_p3,20.0,G1,Combined,0,0,0,0,0,0,,0.00045210824898504135,0.0006014191307194989,0.00014931088173445752,1.0,1.0
G1_p0_w2_variable,G1_p3,20.0,G1,Agreement,0,0,0,0,0,0,,0.019607843137254943,0.038461538461538436,0.018853695324283493,1.0,1.0
G1_p0_w2_variable,G1_p4,-5.0,G1,Global,4,0,0,0,0,0,,0.9999783650848629,0.9999946033883522,1.6238303489291006e-05,0.06666666666666667,0.3870967741935484
G1_p0_w2_variable,G1_p4,-5.0,G1,Event,4,0,0,0,0,0,,0.9999946542753453,0.9999997817007477,5.127425402373653e-06,0.06666666666666667,0.3870967741935484
G1_p0_w2_variable,G1_p4,-5.0,G1,Combined,4,0,0,0,0,0,,0.9999997059496214,0.9999999704823872,2.645327658035157e-07,0.06666666666666667,0.3870967741935484
G1_p0_w2_variable,G1_p4,-5.0,G1,Agreement,4,0,0,0,0,0,,0.4814814814814815,0.6666666666666667,0.18518518518518523,0.06666666666666667,0.3870967741935484
G1_p0_w2_variable,G1_p4,0.0,G1,Global,4,0,0,0,0,0,,0.94481988797304,0.9952645590643446,0.05044467109130468,0.7441860465116279,0.8571428571428571
G1_p0_w2_variable,G1_p4,0.0,G1,Event,4,0,0,0,0,0,,0.7800165655678358,0.9470299638616942,0.16701339829385842,0.7441860465116279,0.8571428571428571
G1_p0_w2_variable,G1_p4,0.0,G1,Combined,4,0,0,0,0,0,,0.9622833169074526,0.9920726833164414,0.02978936640898877,0.7441860465116279,0.8571428571428571
G1_p0_w2_variable,G1_p4,0.0,G1,Agreement,4,0,0,0,0,0,,0.34693877551020413,0.6,0.25306122448979584,0.7441860465116279,0.8571428571428571
G1_p0_w2_variable,G1_p4,10.0,G1,Global,0,0,0,0,0,0,,0.001439790151689099,0.005341396998144999,0.0039016068464559,0.975609756097561,1.0
G1_p0_w2_variable,G1_p4,10.0,G1,Event,0,0,0,0,0,0,,0.003459057362719235,0.043166813839501474,0.039707756476782236,0.975609756097561,1.0
G1_p0_w2_variable,G1_p4,10.0,G1,Combined,0,0,0,0,0,0,,0.0010159635079076239,0.014107406071808453,0.013091442563900829,0.975609756097561,1.0
G1_p0_w2_variable,G1_p4,10.0,G1,Agreement,0,0,0,0,0,0,,0.05660377358490565,0.07407407407407407,0.017470300489168422,0.975609756097561,1.0
G1_p0_w2_variable,G1_p4,20.0,G1,Global,0,0,0,0,0,0,,0.000520156019973161,0.0007798240520468249,0.00025966803207366394,1.0,1.0
G1_p0_w2_variable,G1_p4,20.0,G1,Event,0,0,0,0,0,0,,0.0022173632449867084,0.0025233543064167563,0.00030599106143004793,1.0,1.0
G1_p0_w2_variable,G1_p4,20.0,G1,Combined,0,0,0,0,0,0,,0.000387585592802268,0.0005318658142532254,0.00014428022145095734,1.0,1.0
G1_p0_w2_variable,G1_p4,20.0,G1,Agreement,0,0,0,0,0,0,,0.019607843137254943,0.038461538461538436,0.018853695324283493,1.0,1.0
G1_p0_w3_regular,G1_p1,-5.0,G1,Global,4,0,0,0,0,0,,0.9952462204794554,0.9993262887375531,0.004080068258097702,0.6521739130434783,0.8372093023255814
G1_p0_w3_regular,G1_p1,-5.0,G1,Event,4,0,0,0,0,0,,0.998449921879824,0.9995289416343682,0.0010790197545442748,0.6521739130434783,0.8372093023255814
G1_p0_w3_regular,G1_p1,-5.0,G1,Combined,4,0,0,0,0,0,,0.9882280229966529,0.9959348411702094,0.007706818173556451,0.6521739130434783,0.8372093023255814
G1_p0_w3_regular,G1_p1,-5.0,G1,Agreement,4,0,0,0,0,0,,0.26086956521739135,0.6097560975609756,0.34888653234358424,0.6521739130434783,0.8372093023255814
G1_p0_w3_regular,G1_p1,0.0,G1,Global,0,0,0,0,0,0,,0.9048455318979193,0.9743565314299061,0.0695109995319868,0.95,0.9743589743589743
G1_p0_w3_regular,G1_p1,0.0,G1,Event,0,0,0,0,0,0,,0.26838869704637996,0.8853309410394551,0.6169422439930752,0.95,0.9743589743589743
G1_p0_w3_regular,G1_p1,0.0,G1,Combined,0,0,0,0,0,0,,0.2942353141819993,0.911585128622654,0.6173498144406546,0.95,0.9743589743589743
G1_p0_w3_regular,G1_p1,0.0,G1,Agreement,0,0,0,0,0,0,,0.14814814814814814,0.2549019607843137,0.10675381263616557,0.95,0.9743589743589743
G1_p0_w3_regular,G1_p1,10.0,G1,Global,0,0,0,0,0,0,,0.0014999183690573366,0.004203054871573306,0.0027031365025159695,1.0,1.0
G1_p0_w3_regular,G1_p1,10.0,G1,Event,0,0,0,0,0,0,,0.003357976537540401,0.004430379021579609,0.0010724024840392077,1.0,1.0
G1_p0_w3_regular,G1_p1,10.0,G1,Combined,0,0,0,0,0,0,,0.0006839768399458769,0.0016251954802583143,0.0009412186403124374,1.0,1.0
G1_p0_w3_regular,G1_p1,10.0,G1,Agreement,0,0,0,0,0,0,,0.021276595744680882,0.061224489795918324,0.03994789405123744,1.0,1.0
G1_p0_w3_regular,G1_p1,20.0,G1,Global,0,0,0,0,0,0,,0.00022289124986645323,0.0004190105814787367,0.00019611933161228345,1.0,1.0
G1_p0_w3_regular,G1_p1,20.0,G1,Event,0,0,0,0,0,0,,0.0023551798352272344,0.002392128604071563,3.694876884432867e-05,1.0,1.0
G1_p0_w3_regular,G1_p1,20.0,G1,Combined,0,0,0,0,0,0,,0.00025493238622084126,0.0003839452715610785,0.00012901288534023723,1.0,1.0
G1_p0_w3_regular,G1_p1,20.0,G1,Agreement,0,0,0,0,0,0,,0.0,0.0,0.0,1.0,1.0
G1_p0_w3_regular,G1_p2,-5.0,G1,Global,4,0,0,0,0,0,,0.020876736912374537,0.03541796163997961,0.014541224727605072,0.8292682926829268,0.9
G1_p0_w3_regular,G1_p2,-5.0,G1,Event,4,0,0,0,0,0,,0.4717535813593839,0.905127439901669,0.4333738585422851,0.8292682926829268,0.9
G1_p0_w3_regular,G1_p2,-5.0,G1,Combined,4,0,0,0,0,0,,0.004028817299776521,0.018140942281426233,0.014112124981649713,0.8292682926829268,0.9
G1_p0_w3_regular,G1_p2,-5.0,G1,Agreement,4,0,0,0,0,0,,0.8235294117647058,0.8787878787878788,0.05525846702317294,0.8292682926829268,0.9
G1_p0_w3_regular,G1_p2,0.0,G1,Global,0,0,0,0,0,0,,0.0012253668091855411,0.0015966781916760945,0.00037131138249055337,0.95,1.0
G1_p0_w3_regular,G1_p2,0.0,G1,Event,0,0,0,0,0,0,,0.006275350242395909,0.06235065407304881,0.0560753038306529,0.95,1.0
G1_p0_w3_regular,G1_p2,0.0,G1,Combined,0,0,0,0,0,0,,8.995844052849143e-05,0.0008539701992742737,0.0007640117587457823,0.95,1.0
G1_p0_w3_regular,G1_p2,0.0,G1,Agreement,0,0,0,0,0,0,,0.6875,0.9333333333333333,0.24583333333333335,0.95,1.0
G1_p0_w3_regular,G1_p2,10.0,G1,Global,0,0,0,0,0,0,,0.0002659319844361567,0.00046868151548225034,0.00020274953104609366,1.0,1.0
G1_p0_w3_regular,G1_p2,10.0,G1,Event,0,0,0,0,0,0,,0.0032538940621696134,0.0068348374674528315,0.003580943405283218,1.0,1.0
G1_p0_w3_regular,G1_p2,10.0,G1,Combined,0,0,0,0,0,0,,0.0003284012155883064,0.0006363655097506727,0.0003079642941623663,1.0,1.0
G1_p0_w3_regular,G1_p2,10.0,G1,Agreement,0,0,0,0,0,0,,0.061224489795918324,0.12,0.05877551020408167,1.0,1.0
G1_p0_w3_regular,G1_p2,20.0,G1,Global,0,0,0,0,0,0,,0.0002844644825324561,0.000360670123111525,7.620564057906888e-05,1.0,1.0
G1_p0_w3_regular,G1_p2,20.0,G1,Event,0,0,0,0,0,0,,0.0020934810488955173,0.002653601067631207,0.0005601200187356895,1.0,1.0
G1_p0_w3_regular,G1_p2,20.0,G1,Combined,0,0,0,0,0,0,,0.0002833087123481185,0.0003830582566042377,9.974954425611923e-05,1.0,1.0
G1_p0_w3_regular,G1_p2,20.0,G1,Agreement,0,0,0,0,0,0,,0.0,0.04166666666666663,0.04166666666666663,1.0,1.0
G1_p0_w3_regular,G1_p3,-5.0,G1,Global,2,1,4,0,0,4,0.0,0.008267530067650674,0.020360853360282594,0.01209332329263192,0.9230769230769231,0.9743589743589743
G1_p0_w3_regular,G1_p3,-5.0,G1,Event,2,1,4,1,0,3,0.25,0.16255851654169481,0.8778009331032516,0.7152424165615567,0.9230769230769231,0.9743589743589743
G1_p0_w3_regular,G1_p3,-5.0,G1,Combined,2,1,4,0,0,4,0.0,0.005438463840751821,0.09253298811236242,0.0870945242716106,0.9230769230769231,0.9743589743589743
G1_p0_w3_regular,G1_p3,-5.0,G1,Agreement,2,1,4,1,0,3,0.25,0.9310344827586207,1.0,0.06896551724137934,0.9230769230769231,0.9743589743589743
G1_p0_w3_regular,G1_p3,0.0,G1,Global,0,0,0,0,0,0,,0.0003198608940554071,0.0007645580813532541,0.000444697187297847,1.0,1.0
G1_p0_w3_regular,G1_p3,0.0,G1,Event,0,0,0,0,0,0,,0.0013190017417472263,0.0023254263827668584,0.001006424641019632,1.0,1.0
G1_p0_w3_regular,G1_p3,0.0,G1,Combined,0,0,0,0,0,0,,0.00011323882290339757,0.0002238929591130219,0.00011065413620962432,1.0,1.0
G1_p0_w3_regular,G1_p3,0.0,G1,Agreement,0,0,0,0,0,0,,0.9230769230769231,1.0,0.07692307692307687,1.0,1.0
G1_p0_w3_regular,G1_p3,10.0,G1,Global,0,0,0,0,0,0,,0.0004357224065201808,0.0009060609765939065,0.00047033857007372574,1.0,1.0
G1_p0_w3_regular,G1_p3,10.0,G1,Event,0,0,0,0,0,0,,0.003318960881289687,0.005204289904682335,0.0018853290233926479,1.0,1.0
G1_p0_w3_regular,G1_p3,10.0,G1,Combined,0,0,0,0,0,0,,0.0006797791789942087,0.0012539655042940947,0.000574186325299886,1.0,1.0
G1_p0_w3_regular,G1_p3,10.0,G1,Agreement,0,0,0,0,0,0,,0.06382978723404253,0.10204081632653061,0.03821102909248808,1.0,1.0
G1_p0_w3_regular,G1_p3,20.0,G1,Global,0,0,0,0,0,0,,0.0002892089411482083,0.00046509892907308696,0.00017588998792487866,1.0,1.0
G1_p0_w3_regular,G1_p3,20.0,G1,Event,0,0,0,0,0,0,,0.0021215023384723803,0.002267204918899399,0.00014570258042701867,1.0,1.0
G1_p0_w3_regular,G1_p3,20.0,G1,Combined,0,0,0,0,0,0,,0.00033609232696695527,0.00042239223783569136,8.629991086873609e-05,1.0,1.0
G1_p0_w3_regular,G1_p3,20.0,G1,Agreement,0,0,0,0,0,0,,0.021276595744680882,0.061224489795918324,0.03994789405123744,1.0,1.0
G1_p0_w3_regular,G1_p4,-5.0,G1,Global,4,0,0,0,0,0,,0.9999418829450789,0.9999874261523104,4.554320723149097e-05,0.21428571428571427,0.4375
G1_p0_w3_regular,G1_p4,-5.0,G1,Event,4,0,0,0,0,0,,0.9999934555776093,0.9999998123573116,6.356779702287874e-06,0.21428571428571427,0.4375
G1_p0_w3_regular,G1_p4,-5.0,G1,Combined,4,0,0,0,0,0,,0.9999993715401261,0.9999999796044607,6.08064334661762e-07,0.21428571428571427,0.4375
G1_p0_w3_regular,G1_p4,-5.0,G1,Agreement,4,0,0,0,0,0,,0.5862068965517242,0.6923076923076923,0.10610079575596809,0.21428571428571427,0.4375
G1_p0_w3_regular,G1_p4,0.0,G1,Global,4,0,0,0,0,0,,0.9403110898865525,0.9861568770661221,0.04584578717956955,0.75,0.926829268292683
G1_p0_w3_regular,G1_p4,0.0,G1,Event,4,0,0,0,0,0,,0.9101527484031441,0.9550056695139918,0.04485292111084771,0.75,0.926829268292683
G1_p0_w3_regular,G1_p4,0.0,G1,Combined,4,0,0,0,0,0,,0.9780583298690139,0.9900382500127567,0.011979920143742828,0.75,0.926829268292683
G1_p0_w3_regular,G1_p4,0.0,G1,Agreement,4,0,0,0,0,0,,0.3214285714285714,0.5813953488372092,0.25996677740863783,0.75,0.926829268292683
G1_p0_w3_regular,G1_p4,10.0,G1,Global,0,0,0,0,0,0,,0.0007578355253087673,0.0016975186280662085,0.0009396831027574412,0.9743589743589743,1.0
G1_p0_w3_regular,G1_p4,10.0,G1,Event,0,0,0,0,0,0,,0.003580710190977691,0.18288466389152175,0.17930395370054406,0.9743589743589743,1.0
G1_p0_w3_regular,G1_p4,10.0,G1,Combined,0,0,0,0,0,0,,0.0009658734668519677,0.01488884091464718,0.013922967447795212,0.9743589743589743,1.0
G1_p0_w3_regular,G1_p4,10.0,G1,Agreement,0,0,0,0,0,0,,0.061224489795918324,0.0980392156862745,0.03681472589035617,0.9743589743589743,1.0
G1_p0_w3_regular,G1_p4,20.0,G1,Global,0,0,0,0,0,0,,0.00030825964745134684,0.0003829077604117891,7.464811296044224e-05,1.0,1.0
G1_p0_w3_regular,G1_p4,20.0,G1,Event,0,0,0,0,0,0,,0.0020452006109264935,0.0024426468312613624,0.0003974462203348689,1.0,1.0
G1_p0_w3_regular,G1_p4,20.0,G1,Combined,0,0,0,0,0,0,,0.000322485594414899,0.0003838893840486049,6.140378963370594e-05,1.0,1.0
G1_p0_w3_regular,G1_p4,20.0,G1,Agreement,0,0,0,0,0,0,,0.0,0.04166666666666663,0.04166666666666663,1.0,1.0
G1_p0_w3_variable,G1_p1,-5.0,G1,Global,4,0,0,0,0,0,,0.9926604911986933,0.9989069470649904,0.006246455866297129,0.7272727272727273,0.8444444444444444
G1_p0_w3_variable,G1_p1,-5.0,G1,Event,4,0,0,0,0,0,,0.9992594233468511,0.999729629203588,0.00047020585673684945,0.7272727272727273,0.8444444444444444
G1_p0_w3_variable,G1_p1,-5.0,G1,Combined,4,0,0,0,0,0,,0.9931987033892935,0.9985518231476209,0.005353119758327418,0.7272727272727273,0.8444444444444444
G1_p0_w3_variable,G1_p1,-5.0,G1,Agreement,4,0,0,0,0,0,,0.5348837209302326,0.8095238095238095,0.2746400885935769,0.7272727272727273,0.8444444444444444
G1_p0_w3_variable,G1_p1,0.0,G1,Global,3,1,3,2,0,1,0.6666666666666666,0.8643972246806205,0.9651198258311777,0.1007226011505572,0.926829268292683,0.975609756097561
G1_p0_w3_variable,G1_p1,0.0,G1,Event,3,1,3,2,0,1,0.6666666666666666,0.48883542434737565,0.9428839873803873,0.4540485630330116,0.926829268292683,0.975609756097561
G1_p0_w3_variable,G1_p1,0.0,G1,Combined,3,1,3,3,0,0,1.0,0.5728611128316613,0.8392727924840447,0.26641167965238344,0.926829268292683,0.975609756097561
G1_p0_w3_variable,G1_p1,0.0,G1,Agreement,3,1,3,1,1,1,0.5,0.18518518518518523,0.2592592592592593,0.07407407407407407,0.926829268292683,0.975609756097561
G1_p0_w3_variable,G1_p1,10.0,G1,Global,0,0,0,0,0,0,,0.0008828645556609053,0.0028599567102238566,0.001977092154562951,1.0,1.0
G1_p0_w3_variable,G1_p1,10.0,G1,Event,0,0,0,0,0,0,,0.003581996869659306,0.004318813992281367,0.0007368171226220608,1.0,1.0
G1_p0_w3_variable,G1_p1,10.0,G1,Combined,0,0,0,0,0,0,,0.000781339726649748,0.0014430055228307466,0.0006616657961809986,1.0,1.0
G1_p0_w3_variable,G1_p1,10.0,G1,Agreement,0,0,0,0,0,0,,0.020408163265306145,0.040000000000000036,0.01959183673469389,1.0,1.0
G1_p0_w3_variable,G1_p1,20.0,G1,Global,0,0,0,0,0,0,,0.0001906240780670206,0.0003043084813522698,0.00011368440328524923,1.0,1.0
G1_p0_w3_variable,G1_p1,20.0,G1,Event,0,0,0,0,0,0,,0.0023708930210106227,0.0023952044874897714,2.4311466479148662e-05,1.0,1.0
G1_p0_w3_variable,G1_p1,20.0,G1,Combined,0,0,0,0,0,0,,0.0002928362853188071,0.000380145427112195,8.730914179338789e-05,1.0,1.0
G1_p0_w3_variable,G1_p1,20.0,G1,Agreement,0,0,0,0,0,0,,0.0,0.0,0.0,1.0,1.0
G1_p0_w3_variable,G1_p2,-5.0,G1,Global,4,0,0,0,0,0,,0.014237465707559334,0.03454212427281919,0.020304658565259856,0.8571428571428571,0.926829268292683
G1_p0_w3_variable,G1_p2,-5.0,G1,Event,4,0,0,0,0,0,,0.5570350981228935,0.8691464242758615,0.312111326152968,0.8571428571428571,0.926829268292683
G1_p0_w3_variable,G1_p2,-5.0,G1,Combined,4,0,0,0,0,0,,0.0031128872264750513,0.018329558573840103,0.015216671347365051,0.8571428571428571,0.926829268292683
G1_p0_w3_variable,G1_p2,-5.0,G1,Agreement,4,0,0,0,0,0,,0.7575757575757576,1.0,0.24242424242424243,0.8571428571428571,0.926829268292683
G1_p0_w3_variable,G1_p2,0.0,G1,Global,0,0,0,0,0,0,,0.0007301424176908637,0.0017374949582739194,0.0010073525405830557,0.95,1.0
G1_p0_w3_variable,G1_p2,0.0,G1,Event,0,0,0,0,0,0,,0.007963403112490705,0.04219674973099049,0.034233346618499784,0.95,1.0
G1_p0_w3_variable,G1_p2,0.0,G1,Combined,0,0,0,0,0,0,,0.0001408786250633888,0.0004233282901788681,0.00028244966511547934,0.95,1.0
G1_p0_w3_variable,G1_p2,0.0,G1,Agreement,0,0,0,0,0,0,,0.7647058823529411,1.0,0.23529411764705888,0.95,1.0
G1_p0_w3_variable,G1_p2,10.0,G1,Global,0,0,0,0,0,0,,0.00017874710485706,0.00038251598000188936,0.00020376887514482936,1.0,1.0
G1_p0_w3_variable,G1_p2,10.0,G1,Event,0,0,0,0,0,0,,0.003905401490987213,0.005390420362635943,0.00148501887164873,1.0,1.0
G1_p0_w3_variable,G1_p2,10.0,G1,Combined,0,0,0,0,0,0,,0.00035685450643563614,0.0006060121661631435,0.0002491576597275074,1.0,1.0
G1_p0_w3_variable,G1_p2,10.0,G1,Agreement,0,0,0,0,0,0,,0.09433962264150941,0.13207547169811318,0.037735849056603765,1.0,1.0
G1_p0_w3_variable,G1_p2,20.0,G1,Global,0,0,0,0,0,0,,0.00021317522677355663,0.0002851297259333189,7.195449915976227e-05,1.0,1.0
G1_p0_w3_variable,G1_p2,20.0,G1,Event,0,0,0,0,0,0,,0.0021989731841279628,0.0024296094531615514,0.00023063626903358858,1.0,1.0
G1_p0_w3_variable,G1_p2,20.0,G1,Combined,0,0,0,0,0,0,,0.0003190226139030655,0.00037250331138135695,5.348069747829144e-05,1.0,1.0
G1_p0_w3_variable,G1_p2,20.0,G1,Agreement,0,0,0,0,0,0,,0.020408163265306145,0.040000000000000036,0.01959183673469389,1.0,1.0
G1_p0_w3_variable,G1_p3,-5.0,G1,Global,1,1,3,3,0,0,1.0,0.006580051280277122,0.0322535909166507,0.025673539636373578,0.8888888888888888,0.9523809523809523
G1_p0_w3_variable,G1_p3,-5.0,G1,Event,1,1,3,3,0,0,1.0,0.2764675816228343,0.8969448680934274,0.6204772864705932,0.8888888888888888,0.9523809523809523
G1_p0_w3_variable,G1_p3,-5.0,G1,Combined,1,1,3,3,0,0,1.0,0.013486438200234277,0.09222329725869584,0.07873685905846156,0.8888888888888888,0.9523809523809523
G1_p0_w3_variable,G1_p3,-5.0,G1,Agreement,1,1,3,0,0,3,0.0,0.8823529411764706,1.0,0.11764705882352944,0.8888888888888888,0.9523809523809523
G1_p0_w3_variable,G1_p3,0.0,G1,Global,0,0,0,0,0,0,,0.0003841254792902255,0.0014007513302448532,0.0010166258509546277,0.975609756097561,1.0
G1_p0_w3_variable,G1_p3,0.0,G1,Event,0,0,0,0,0,0,,0.0016630282936148449,0.005760355598706314,0.004097327305091469,0.975609756097561,1.0
G1_p0_w3_variable,G1_p3,0.0,G1,Combined,0,0,0,0,0,0,,0.00019565730650510148,0.0005730562217505665,0.00037739891524546506,0.975609756097561,1.0
G1_p0_w3_variable,G1_p3,0.0,G1,Agreement,0,0,0,0,0,0,,0.9285714285714286,1.0,0.0714285714285714,0.975609756097561,1.0
G1_p0_w3_variable,G1_p3,10.0,G1,Global,0,0,0,0,0,0,,0.0004436507122499459,0.0012548858701945016,0.0008112351579445556,1.0,1.0
G1_p0_w3_variable,G1_p3,10.0,G1,Event,0,0,0,0,0,0,,0.0026535707373180825,0.003932838952407835,0.0012792682150897525,1.0,1.0
G1_p0_w3_variable,G1_p3,10.0,G1,Combined,0,0,0,0,0,0,,0.0008835630304518704,0.0012713037239906618,0.0003877406935387914,1.0,1.0
G1_p0_w3_variable,G1_p3,10.0,G1,Agreement,0,0,0,0,0,0,,0.061224489795918324,0.125,0.06377551020408168,1.0,1.0
G1_p0_w3_variable,G1_p3,20.0,G1,Global,0,0,0,0,0,0,,0.0002872074533533978,0.0004640879158563985,0.00017688046250300071,1.0,1.0
G1_p0_w3_variable,G1_p3,20.0,G1,Event,0,0,0,0,0,0,,0.0020563487042115805,0.0022530608944332587,0.00019671219022167818,1.0,1.0
G1_p0_w3_variable,G1_p3,20.0,G1,Combined,0,0,0,0,0,0,,0.0003603144672887797,0.000502141363329567,0.00014182689604078726,1.0,1.0
G1_p0_w3_variable,G1_p3,20.0,G1,Agreement,0,0,0,0,0,0,,0.020408163265306145,0.05882352941176472,0.038415366146458574,1.0,1.0
G1_p0_w3_variable,G1_p4,-5.0,G1,Global,4,0,0,0,0,0,,0.9999438117214644,0.9999843831088047,4.057138734026022e-05,0.1935483870967742,0.3888888888888889
G1_p0_w3_variable,G1_p4,-5.0,G1,Event,4,0,0,0,0,0,,0.9999815255922466,0.9999976678862912,1.6142294044563243e-05,0.1935483870967742,0.3888888888888889
G1_p0_w3_variable,G1_p4,-5.0,G1,Combined,4,0,0,0,0,0,,0.9999973479398816,0.9999996293809897,2.2814411081428787e-06,0.1935483870967742,0.3888888888888889
G1_p0_w3_variable,G1_p4,-5.0,G1,Agreement,4,0,0,0,0,0,,0.5151515151515151,0.8260869565217391,0.310935441370224,0.1935483870967742,0.3888888888888889
G1_p0_w3_variable,G1_p4,0.0,G1,Global,4,0,0,0,0,0,,0.9358471896722494,0.983653843538368,0.0478066538661186,0.7555555555555555,0.9047619047619048
G1_p0_w3_variable,G1_p4,0.0,G1,Event,4,0,0,0,0,0,,0.8036827027197062,0.98055921239404,0.17687650967433377,0.7555555555555555,0.9047619047619048
G1_p0_w3_variable,G1_p4,0.0,G1,Combined,4,0,0,0,0,0,,0.9575323175105923,0.9935110060606285,0.035978688550036164,0.7555555555555555,0.9047619047619048
G1_p0_w3_variable,G1_p4,0.0,G1,Agreement,4,0,0,0,0,0,,0.31034482758620685,0.6956521739130435,0.3853073463268366,0.7555555555555555,0.9047619047619048
G1_p0_w3_variable,G1_p4,10.0,G1,Global,0,0,0,0,0,0,,0.0006164201968070967,0.001969656397139659,0.0013532362003325625,0.9523809523809523,1.0
G1_p0_w3_variable,G1_p4,10.0,G1,Event,0,0,0,0,0,0,,0.005636053017584936,0.01703676481363593,0.011400711796050993,0.9523809523809523,1.0
G1_p0_w3_variable,G1_p4,10.0,G1,Combined,0,0,0,0,0,0,,0.001671107562403801,0.0026756745761849225,0.0010045670137811215,0.9523809523809523,1.0
G1_p0_w3_variable,G1_p4,10.0,G1,Agreement,0,0,0,0,0,0,,0.05882352941176472,0.1578947368421053,0.09907120743034059,0.9523809523809523,1.0
G1_p0_w3_variable,G1_p4,20.0,G1,Global,0,0,0,0,0,0,,0.00023758071278398937,0.0003853336376058855,0.0001477529248218961,1.0,1.0
G1_p0_w3_variable,G1_p4,20.0,G1,Event,0,0,0,0,0,0,,0.0018032725130835553,0.0025675179252689123,0.000764245412185357,1.0,1.0
G1_p0_w3_variable,G1_p4,20.0,G1,Combined,0,0,0,0,0,0,,0.0003485118901168282,0.00043985046342866175,9.133857331183355e-05,1.0,1.0
G1_p0_w3_variable,G1_p4,20.0,G1,Agreement,0,0,0,0,0,0,,0.0,0.07692307692307687,0.07692307692307687,1.0,1.0
G1_p5_w0_regular,G1_p1,-5.0,G1,Global,4,0,0,0,0,0,,0.9892765794091496,0.9948950405319247,0.005618461122775087,0.8,0.8837209302325582
G1_p5_w0_regular,G1_p1,-5.0,G1,Event,4,0,0,0,0,0,,0.9904713178393347,0.9998896121030507,0.009418294263715987,0.8,0.8837209302325582
G1_p5_w0_regular,G1_p1,-5.0,G1,Combined,4,0,0,0,0,0,,0.9159624654356658,0.9966825528924729,0.08072008745680703,0.8,0.8837209302325582
G1_p5_w0_regular,G1_p1,-5.0,G1,Agreement,4,0,0,0,0,0,,0.6595744680851063,0.9,0.2404255319148937,0.8,0.8837209302325582
G1_p5_w0_regular,G1_p1,0.0,G1,Global,0,0,0,0,0,0,,0.46798333993937286,0.7385330485718243,0.2705497086324515,0.9545454545454546,1.0
G1_p5_w0_regular,G1_p1,0.0,G1,Event,0,0,0,0,0,0,,0.1742123567575424,0.5503525997181531,0.37614024296061066,0.9545454545454546,1.0
G1_p5_w0_regular,G1_p1,0.0,G1,Combined,0,0,0,0,0,0,,0.07255919885667503,0.3811191697602726,0.30855997090359755,0.9545454545454546,1.0
G1_p5_w0_regular,G1_p1,0.0,G1,Agreement,0,0,0,0,0,0,,0.14754098360655743,0.28,0.1324590163934426,0.9545454545454546,1.0
G1_p5_w0_regular,G1_p1,10.0,G1,Global,0,0,0,0,0,0,,0.0001010006074539215,0.00021334125860606856,0.00011234065115214705,1.0,1.0
G1_p5_w0_regular,G1_p1,10.0,G1,Event,0,0,0,0,0,0,,0.0033936438567845903,0.004322853691372607,0.000929209834588017,1.0,1.0
G1_p5_w0_regular,G1_p1,10.0,G1,Combined,0,0,0,0,0,0,,7.213352934968226e-05,0.0001255987044157813,5.3465175066099045e-05,1.0,1.0
G1_p5_w0_regular,G1_p1,10.0,G1,Agreement,0,0,0,0,0,0,,0.0,0.019607843137254943,0.019607843137254943,1.0,1.0
G1_p5_w0_regular,G1_p1,20.0,G1,Global,0,0,0,0,0,0,,3.0317013486768212e-05,4.183742951287611e-05,1.15204160261079e-05,1.0,1.0
G1_p5_w0_regular,G1_p1,20.0,G1,Event,0,0,0,0,0,0,,0.0023235607477456776,0.0024133231571910087,8.976240944533111e-05,1.0,1.0
G1_p5_w0_regular,G1_p1,20.0,G1,Combined,0,0,0,0,0,0,,3.131949078246625e-05,3.8461385702836846e-05,7.141894920370595e-06,1.0,1.0
G1_p5_w0_regular,G1_p1,20.0,G1,Agreement,0,0,0,0,0,0,,0.0,0.0,0.0,1.0,1.0
G1_p5_w0_regular,G1_p2,-5.0,G1,Global,3,1,3,2,0,1,0.6666666666666666,0.004500225970707262,0.0076130364764399475,0.0031128105057326855,0.8837209302325582,0.9545454545454546
G1_p5_w0_regular,G1_p2,-5.0,G1,Event,3,1,3,2,0,1,0.6666666666666666,0.20901758340922066,0.8244932901379435,0.6154757067287229,0.8837209302325582,0.9545454545454546
G1_p5_w0_regular,G1_p2,-5.0,G1,Combined,3,1,3,2,0,1,0.6666666666666666,0.0004184556944994754,0.003406514573429238,0.0029880588789297623,0.8837209302325582,0.9545454545454546
G1_p5_w0_regular,G1_p2,-5.0,G1,Agreement,3,1,3,1,0,2,0.3333333333333333,0.8378378378378378,1.0,0.16216216216216217,0.8837209302325582,0.9545454545454546
G1_p5_w0_regular,G1_p2,0.0,G1,Global,0,0,0,0,0,0,,0.000138017954608684,0.00036049221778284435,0.00022247426317416035,0.9545454545454546,1.0
G1_p5_w0_regular,G1_p2,0.0,G1,Event,0,0,0,0,0,0,,0.009429706293941444,0.03214398954146146,0.022714283247520013,0.9545454545454546,1.0
G1_p5_w0_regular,G1_p2,0.0,G1,Combined,0,0,0,0,0,0,,3.238829055299036e-05,0.00015248258069863196,0.0001200942901456416,0.9545454545454546,1.0
G1_p5_w0_regular,G1_p2,0.0,G1,Agreement,0,0,0,0,0,0,,0.7714285714285715,0.8857142857142857,0.11428571428571421,0.9545454545454546,1.0
G1_p5_w0_regular,G1_p2,10.0,G1,Global,0,0,0,0,0,0,,2.9782436185810494e-05,0.00011231614681210685,8.253371062629636e-05,1.0,1.0
G1_p5_w0_regular,G1_p2,10.0,G1,Event,0,0,0,0,0,0,,0.004542281677910143,0.007768060678944282,0.0032257790010341387,1.0,1.0
G1_p5_w0_regular,G1_p2,10.0,G1,Combined,0,0,0,0,0,0,,6.261846304939805e-05,0.00010444633297234044,4.182786992294239e-05,1.0,1.0
G1_p5_w0_regular,G1_p2,10.0,G1,Agreement,0,0,0,0,0,0,,0.019607843137254943,0.07692307692307687,0.05731523378582193,1.0,1.0
G1_p5_w0_regular,G1_p2,20.0,G1,Global,0,0,0,0,0,0,,3.2108804476723056e-05,4.836521909195811e-05,1.6256414615235057e-05,1.0,1.0
G1_p5_w0_regular,G1_p2,20.0,G1,Event,0,0,0,0,0,0,,0.002506080628314129,0.002781141762422819,0.0002750611341086899,1.0,1.0
G1_p5_w0_regular,G1_p2,20.0,G1,Combined,0,0,0,0,0,0,,3.594792202015864e-05,4.640405579873479e-05,1.0456133778576151e-05,1.0,1.0
G1_p5_w0_regular,G1_p2,20.0,G1,Agreement,0,0,0,0,0,0,,0.0,0.0,0.0,1.0,1.0
G1_p5_w0_regular,G1_p3,-5.0,G1,Global,0,0,0,0,0,0,,0.0019947714354680767,0.003998528399078712,0.0020037569636106355,0.9767441860465116,0.9767441860465116
G1_p5_w0_regular,G1_p3,-5.0,G1,Event,0,0,0,0,0,0,,0.0939701186195666,0.2508357660587878,0.1568656474392212,0.9767441860465116,0.9767441860465116
G1_p5_w0_regular,G1_p3,-5.0,G1,Combined,0,0,0,0,0,0,,0.0021173647128501435,0.005044245553991378,0.0029268808411412345,0.9767441860465116,0.9767441860465116
G1_p5_w0_regular,G1_p3,-5.0,G1,Agreement,0,0,0,0,0,0,,0.935483870967742,1.0,0.06451612903225801,0.9767441860465116,0.9767441860465116
G1_p5_w0_regular,G1_p3,0.0,G1,Global,0,0,0,0,0,0,,8.117030362405771e-05,0.00011310638676414615,3.193608314008844e-05,1.0,1.0
G1_p5_w0_regular,G1_p3,0.0,G1,Event,0,0,0,0,0,0,,0.0014136997480212045,0.003439845054608839,0.0020261453065876346,1.0,1.0
G1_p5_w0_regular,G1_p3,0.0,G1,Combined,0,0,0,0,0,0,,3.6728134627942676e-05,7.41304920830965e-05,3.740235745515383e-05,1.0,1.0
G1_p5_w0_regular,G1_p3,0.0,G1,Agreement,0,0,0,0,0,0,,0.8620689655172413,1.0,0.13793103448275867,1.0,1.0
G1_p5_w0_regular,G1_p3,10.0,G1,Global,0,0,0,0,0,0,,5.359258263126152e-05,7.105931289318097e-05,1.746673026191945e-05,1.0,1.0
G1_p5_w0_regular,G1_p3,10.0,G1,Event,0,0,0,0,0,0,,0.003090486385642266,0.005357750598028882,0.0022672642123866163,1.0,1.0
G1_p5_w0_regular,G1_p3,10.0,G1,Combined,0,0,0,0,0,0,,8.312092520023446e-05,0.0001368750663612939,5.3754141161059445e-05,1.0,1.0
G1_p5_w0_regular,G1_p3,10.0,G1,Agreement,0,0,0,0,0,0,,0.07692307692307687,0.13725490196078427,0.0603318250377074,1.0,1.0
G1_p5_w0_regular,G1_p3,20.0,G1,Global,0,0,0,0,0,0,,3.23707626268672e-05,4.602318286845273e-05,1.3652420241585533e-05,1.0,1.0
G1_p5_w0_regular,G1_p3,20.0,G1,Event,0,0,0,0,0,0,,0.002240506940412585,0.002702409095691711,0.0004619021552791261,1.0,1.0
G1_p5_w0_regular,G1_p3,20.0,G1,Combined,0,0,0,0,0,0,,3.8298635504325946e-05,5.2144628026626215e-05,1.3845992522300269e-05,1.0,1.0
G1_p5_w0_regular,G1_p3,20.0,G1,Agreement,0,0,0,0,0,0,,0.0,0.019607843137254943,0.019607843137254943,1.0,1.0
G1_p5_w0_regular,G1_p4,-5.0,G1,Global,4,0,0,0,0,0,,0.9998396934777644,0.9999521297841971,0.00011243630643276159,0.17142857142857143,0.6341463414634146
G1_p5_w0_regular,G1_p4,-5.0,G1,Event,4,0,0,0,0,0,,0.9994746487467492,0.9999997577007621,0.0005251089540129206,0.17142857142857143,0.6341463414634146
G1_p5_w0_regular,G1_p4,-5.0,G1,Combined,4,0,0,0,0,0,,0.9999774792613035,0.9999999455718122,2.2466310508617582e-05,0.17142857142857143,0.6341463414634146
G1_p5_w0_regular,G1_p4,-5.0,G1,Agreement,4,0,0,0,0,0,,0.5151515151515151,0.8064516129032258,0.2913000977517106,0.17142857142857143,0.6341463414634146
G1_p5_w0_regular,G1_p4,0.0,G1,Global,4,0,0,0,0,0,,0.7269510732349226,0.9276355772874829,0.20068450405256033,0.75,0.8372093023255814
G1_p5_w0_regular,G1_p4,0.0,G1,Event,4,0,0,0,0,0,,0.918119033876613,0.9780881775755664,0.05996914369895345,0.75,0.8372093023255814
G1_p5_w0_regular,G1_p4,0.0,G1,Combined,4,0,0,0,0,0,,0.9390657387205097,0.987426578033295,0.04836083931278534,0.75,0.8372093023255814
G1_p5_w0_regular,G1_p4,0.0,G1,Agreement,4,0,0,0,0,0,,0.3207547169811321,0.3584905660377359,0.037735849056603765,0.75,0.8372093023255814
G1_p5_w0_regular,G1_p4,10.0,G1,Global,0,0,0,0,0,0,,0.00012653043558477436,0.00044213576482931785,0.00031560532924454346,0.9767441860465116,1.0
G1_p5_w0_regular,G1_p4,10.0,G1,Event,0,0,0,0,0,0,,0.003810418743302122,0.012591498240628083,0.00878107949732596,0.9767441860465116,1.0
G1_p5_w0_regular,G1_p4,10.0,G1,Combined,0,0,0,0,0,0,,0.00014662119935806138,0.0005855136258425662,0.0004388924264845048,0.9767441860465116,1.0
G1_p5_w0_regular,G1_p4,10.0,G1,Agreement,0,0,0,0,0,0,,0.0,0.05660377358490565,0.05660377358490565,0.9767441860465116,1.0
G1_p5_w0_regular,G1_p4,20.0,G1,Global,0,0,0,0,0,0,,3.141322365514006e-05,5.474394206614577e-05,2.3330718411005708e-05,1.0,1.0
G1_p5_w0_regular,G1_p4,20.0,G1,Event,0,0,0,0,0,0,,0.0024022597770674697,0.0026371489323459263,0.0002348891552784566,1.0,1.0
G1_p5_w0_regular,G1_p4,20.0,G1,Combined,0,0,0,0,0,0,,3.811877277784527e-05,5.03315167736205e-05,1.221274399577523e-05,1.0,1.0
G1_p5_w0_regular,G1_p4,20.0,G1,Agreement,0,0,0,0,0,0,,0.0,0.0,0.0,1.0,1.0
G1_p5_w0_variable,G1_p1,-5.0,G1,Global,4,0,0,0,0,0,,0.9872797325799425,0.9977850341361171,0.010505301556174573,0.8085106382978723,0.8936170212765957
G1_p5_w0_variable,G1_p1,-5.0,G1,Event,4,0,0,0,0,0,,0.9923149530030839,0.999400189303292,0.007085236300208075,0.8085106382978723,0.8936170212765957
G1_p5_w0_variable,G1_p1,-5.0,G1,Combined,4,0,0,0,0,0,,0.9488658827755658,0.9927722089306532,0.04390632615508738,0.8085106382978723,0.8936170212765957
G1_p5_w0_variable,G1_p1,-5.0,G1,Agreement,4,0,0,0,0,0,,0.4666666666666667,0.5813953488372092,0.11472868217054255,0.8085106382978723,0.8936170212765957
G1_p5_w0_variable,G1_p1,0.0,G1,Global,0,0,0,0,0,0,,0.3043788451742276,0.8649591022301776,0.5605802570559499,0.9777777777777777,1.0
G1_p5_w0_variable,G1_p1,0.0,G1,Event,0,0,0,0,0,0,,0.2399024865156302,0.6936677804238334,0.4537652939082032,0.9777777777777777,1.0
G1_p5_w0_variable,G1_p1,0.0,G1,Combined,0,0,0,0,0,0,,0.08825317804752829,0.6005764147912163,0.512323236743688,0.9777777777777777,1.0
G1_p5_w0_variable,G1_p1,0.0,G1,Agreement,0,0,0,0,0,0,,0.13725490196078427,0.24,0.10274509803921572,0.9777777777777777,1.0
G1_p5_w0_variable,G1_p1,10.0,G1,Global,0,0,0,0,0,0,,8.131547708987325e-05,0.0003993558710783027,0.00031804039398842946,1.0,1.0
G1_p5_w0_variable,G1_p1,10.0,G1,Event,0,0,0,0,0,0,,0.0034760289285397424,0.004262729114925602,0.0007867001863858594,1.0,1.0
G1_p5_w0_variable,G1_p1,10.0,G1,Combined,0,0,0,0,0,0,,9.209877318756993e-05,0.0002252179625477486,0.00013311918936017864,1.0,1.0
G1_p5_w0_variable,G1_p1,10.0,G1,Agreement,0,0,0,0,0,0,,0.0,0.020408163265306145,0.020408163265306145,1.0,1.0
G1_p5_w0_variable,G1_p1,20.0,G1,Global,0,0,0,0,0,0,,2.3124791591683862e-05,4.83216013352749e-05,2.519680974359104e-05,1.0,1.0
G1_p5_w0_variable,G1_p1,20.0,G1,Event,0,0,0,0,0,0,,0.0023489608380831196,0.0023865334262128646,3.757258812974503e-05,1.0,1.0
G1_p5_w0_variable,G1_p1,20.0,G1,Combined,0,0,0,0,0,0,,3.179570358123516e-05,5.2496524245246335e-05,2.0700820664011175e-05,1.0,1.0
G1_p5_w0_variable,G1_p1,20.0,G1,Agreement,0,0,0,0,0,0,,0.0,0.0,0.0,1.0,1.0
G1_p5_w0_variable,G1_p2,-5.0,G1,Global,4,0,0,0,0,0,,0.0037201507524876032,0.007521195990353431,0.0038010452378658276,0.8444444444444444,0.9361702127659575
G1_p5_w0_variable,G1_p2,-5.0,G1,Event,4,0,0,0,0,0,,0.4151782673787376,0.7549898740963868,0.33981160671764926,0.8444444444444444,0.9361702127659575
G1_p5_w0_variable,G1_p2,-5.0,G1,Combined,4,0,0,0,0,0,,0.0012514461684372481,0.0032025049556437283,0.0019510587872064802,0.8444444444444444,0.9361702127659575
G1_p5_w0_variable,G1_p2,-5.0,G1,Agreement,4,0,0,0,0,0,,0.875,0.8823529411764706,0.007352941176470562,0.8444444444444444,0.9361702127659575
G1_p5_w0_variable,G1_p2,0.0,G1,Global,1,1,3,3,0,0,1.0,0.00013612882544391768,0.00025501649365077466,0.00011888766820685698,0.9333333333333333,1.0
G1_p5_w0_variable,G1_p2,0.0,G1,Event,1,1,3,3,0,0,1.0,0.008188826406944504,0.14790993833153798,0.13972111192459347,0.9333333333333333,1.0
G1_p5_w0_variable,G1_p2,0.0,G1,Combined,1,1,3,3,0,0,1.0,4.344858879452452e-05,0.0005444988239406202,0.0005010502351460957,0.9333333333333333,1.0
G1_p5_w0_variable,G1_p2,0.0,G1,Agreement,1,1,3,0,0,3,0.0,0.5675675675675675,0.8235294117647058,0.2559618441971383,0.9333333333333333,1.0
G1_p5_w0_variable,G1_p2,10.0,G1,Global,0,0,0,0,0,0,,2.856888000848921e-05,5.322930464828912e-05,2.466042463979991e-05,1.0,1.0
G1_p5_w0_variable,G1_p2,10.0,G1,Event,0,0,0,0,0,0,,0.005021604856638626,0.006857567078199747,0.001835962221561121,1.0,1.0
G1_p5_w0_variable,G1_p2,10.0,G1,Combined,0,0,0,0,0,0,,7.640849749266125e-05,8.647050769319657e-05,1.0062010200535322e-05,1.0,1.0
G1_p5_w0_variable,G1_p2,10.0,G1,Agreement,0,0,0,0,0,0,,0.020408163265306145,0.040000000000000036,0.01959183673469389,1.0,1.0
G1_p5_w0_variable,G1_p2,20.0,G1,Global,0,0,0,0,0,0,,2.4704480677960345e-05,3.8960260197274025e-05,1.425577951931368e-05,1.0,1.0
G1_p5_w0_variable,G1_p2,20.0,G1,Event,0,0,0,0,0,0,,0.0023761442219642193,0.0026107567491872406,0.00023461252722302125,1.0,1.0
G1_p5_w0_variable,G1_p2,20.0,G1,Combined,0,0,0,0,0,0,,3.780517939355469e-05,4.2533480106295615e-05,4.728300712740922e-06,1.0,1.0
G1_p5_w0_variable,G1_p2,20.0,G1,Agreement,0,0,0,0,0,0,,0.0,0.020408163265306145,0.020408163265306145,1.0,1.0
G1_p5_w0_variable,G1_p3,-5.0,G1,Global,2,1,4,2,0,2,0.5,0.00205429552529964,0.005614006697535881,0.003559711172236241,0.9130434782608695,1.0
G1_p5_w0_variable,G1_p3,-5.0,G1,Event,2,1,4,2,0,2,0.5,0.038170294971098535,0.6257081395820993,0.5875378446110007,0.9130434782608695,1.0
G1_p5_w0_variable,G1_p3,-5.0,G1,Combined,2,1,4,3,0,1,0.75,0.0016989207442557218,0.014645081200646405,0.012946160456390684,0.9130434782608695,1.0
G1_p5_w0_variable,G1_p3,-5.0,G1,Agreement,2,1,4,0,2,2,0.25,0.9333333333333333,1.0,0.06666666666666665,0.9130434782608695,1.0
G1_p5_w0_variable,G1_p3,0.0,G1,Global,0,0,0,0,0,0,,6.49708513739661e-05,0.0001962059883356107,0.0001312351369616446,1.0,1.0
G1_p5_w0_variable,G1_p3,0.0,G1,Event,0,0,0,0,0,0,,0.0013010813850924776,0.0033587287266077354,0.002057647341515258,1.0,1.0
G1_p5_w0_variable,G1_p3,0.0,G1,Combined,0,0,0,0,0,0,,2.717206472009601e-05,6.72672744354542e-05,4.0095209715358186e-05,1.0,1.0
G1_p5_w0_variable,G1_p3,0.0,G1,Agreement,0,0,0,0,0,0,,0.9310344827586207,1.0,0.06896551724137934,1.0,1.0
G1_p5_w0_variable,G1_p3,10.0,G1,Global,0,0,0,0,0,0,,4.854557326639676e-05,0.00013982979382875648,9.128422056235972e-05,1.0,1.0
G1_p5_w0_variable,G1_p3,10.0,G1,Event,0,0,0,0,0,0,,0.002850348840347242,0.004407214055124037,0.001556865214776795,1.0,1.0
G1_p5_w0_variable,G1_p3,10.0,G1,Combined,0,0,0,0,0,0,,7.732918365295452e-05,0.00019504776586883342,0.0001177185822158789,1.0,1.0
G1_p5_w0_variable,G1_p3,10.0,G1,Agreement,0,0,0,0,0,0,,0.061224489795918324,0.12,0.05877551020408167,1.0,1.0
G1_p5_w0_variable,G1_p3,20.0,G1,Global,0,0,0,0,0,0,,3.859552751099557e-05,4.828318548084586e-05,9.687657969850286e-06,1.0,1.0
G1_p5_w0_variable,G1_p3,20.0,G1,Event,0,0,0,0,0,0,,0.002202109301497009,0.0026017906760715218,0.0003996813745745127,1.0,1.0
G1_p5_w0_variable,G1_p3,20.0,G1,Combined,0,0,0,0,0,0,,4.3603690313993735e-05,5.536862552953306e-05,1.1764935215539326e-05,1.0,1.0
G1_p5_w0_variable,G1_p3,20.0,G1,Agreement,0,0,0,0,0,0,,0.0,0.020408163265306145,0.020408163265306145,1.0,1.0
G1_p5_w0_variable,G1_p4,-5.0,G1,Global,4,0,0,0,0,0,,0.9999051240641461,0.9999258445484064,2.072048426027262e-05,0.29411764705882354,0.55
G1_p5_w0_variable,G1_p4,-5.0,G1,Event,4,0,0,0,0,0,,0.9968323989489045,0.9999967805113262,0.003164381562421714,0.29411764705882354,0.55
G1_p5_w0_variable,G1_p4,-5.0,G1,Combined,4,0,0,0,0,0,,0.9999855743717532,0.9999996994208302,1.4125049077051699e-05,0.29411764705882354,0.55
G1_p5_w0_variable,G1_p4,-5.0,G1,Agreement,4,0,0,0,0,0,,0.6216216216216216,0.6756756756756757,0.05405405405405406,0.29411764705882354,0.55
G1_p5_w0_variable,G1_p4,0.0,G1,Global,4,0,0,0,0,0,,0.7787011102808502,0.9065526545725656,0.1278515442917154,0.782608695652174,0.875
G1_p5_w0_variable,G1_p4,0.0,G1,Event,4,0,0,0,0,0,,0.729549405877437,0.9744438087940208,0.24489440291658382,0.782608695652174,0.875
G1_p5_w0_variable,G1_p4,0.0,G1,Combined,4,0,0,0,0,0,,0.8604557535563758,0.9770231051600723,0.11656735160369647,0.782608695652174,0.875
G1_p5_w0_variable,G1_p4,0.0,G1,Agreement,4,0,0,0,0,0,,0.23076923076923073,0.3571428571428571,0.12637362637362637,0.782608695652174,0.875
G1_p5_w0_variable,G1_p4,10.0,G1,Global,0,0,0,0,0,0,,0.00015948144717197434,0.0003630979197528959,0.00020361647258092158,1.0,1.0
G1_p5_w0_variable,G1_p4,10.0,G1,Event,0,0,0,0,0,0,,0.005541552518368399,0.010253264021160502,0.004711711502792103,1.0,1.0
G1_p5_w0_variable,G1_p4,10.0,G1,Combined,0,0,0,0,0,0,,0.0003095990677555671,0.0005045855752873009,0.00019498650753173378,1.0,1.0
G1_p5_w0_variable,G1_p4,10.0,G1,Agreement,0,0,0,0,0,0,,0.0,0.040000000000000036,0.040000000000000036,1.0,1.0
G1_p5_w0_variable,G1_p4,20.0,G1,Global,0,0,0,0,0,0,,3.314555546681477e-05,4.289010718210324e-05,9.744551715288466e-06,1.0,1.0
G1_p5_w0_variable,G1_p4,20.0,G1,Event,0,0,0,0,0,0,,0.002343654066379926,0.002565411619283589,0.0002217575529036629,1.0,1.0
G1_p5_w0_variable,G1_p4,20.0,G1,Combined,0,0,0,0,0,0,,4.38745408677225e-05,4.9532759604375994e-05,5.6582187366534974e-06,1.0,1.0
G1_p5_w0_variable,G1_p4,20.0,G1,Agreement,0,0,0,0,0,0,,0.0,0.0,0.0,1.0,1.0
G1_p5_w1_regular,G1_p1,-5.0,G1,Global,4,0,0,0,0,0,,0.9957420269312304,0.9981981610116706,0.0024561340804402088,0.8181818181818182,0.8444444444444444
G1_p5_w1_regular,G1_p1,-5.0,G1,Event,4,0,0,0,0,0,,0.9899398334227713,0.9993568398527453,0.009417006429974006,0.8181818181818182,0.8444444444444444
G1_p5_w1_regular,G1_p1,-5.0,G1,Combined,4,0,0,0,0,0,,0.9499595044909674,0.996255356883538,0.0462958523925705,0.8181818181818182,0.8444444444444444
G1_p5_w1_regular,G1_p1,-5.0,G1,Agreement,4,0,0,0,0,0,,0.34693877551020413,0.6923076923076923,0.34536891679748816,0.8181818181818182,0.8444444444444444
G1_p5_w1_regular,G1_p1,0.0,G1,Global,0,0,0,0,0,0,,0.7570864052243009,0.8737070873185356,0.1166206820942347,0.9523809523809523,0.975609756097561
G1_p5_w1_regular,G1_p1,0.0,G1,Event,0,0,0,0,0,0,,0.13169920607514005,0.9390163016891072,0.8073170956139671,0.9523809523809523,0.975609756097561
G1_p5_w1_regular,G1_p1,0.0,G1,Combined,0,0,0,0,0,0,,0.11961030610873531,0.8387651905087282,0.7191548843999929,0.9523809523809523,0.975609756097561
G1_p5_w1_regular,G1_p1,0.0,G1,Agreement,0,0,0,0,0,0,,0.16981132075471694,0.2075471698113207,0.037735849056603765,0.9523809523809523,0.975609756097561
G1_p5_w1_regular,G1_p1,10.0,G1,Global,0,0,0,0,0,0,,0.0007141067893097898,0.0015089600780224272,0.0007948532887126374,1.0,1.0
G1_p5_w1_regular,G1_p1,10.0,G1,Event,0,0,0,0,0,0,,0.003596062791907846,0.004876327132436427,0.0012802643405285812,1.0,1.0
G1_p5_w1_regular,G1_p1,10.0,G1,Combined,0,0,0,0,0,0,,0.0003390807379376327,0.0004402310135142099,0.00010115027557657717,1.0,1.0
G1_p5_w1_regular,G1_p1,10.0,G1,Agreement,0,0,0,0,0,0,,0.0,0.04166666666666663,0.04166666666666663,1.0,1.0
G1_p5_w1_regular,G1_p1,20.0,G1,Global,0,0,0,0,0,0,,0.0002159741064230493,0.0003103989817532804,9.442487533023108e-05,1.0,1.0
G1_p5_w1_regular,G1_p1,20.0,G1,Event,0,0,0,0,0,0,,0.0023307684603087447,0.0024208725924609806,9.010413215223591e-05,1.0,1.0
G1_p5_w1_regular,G1_p1,20.0,G1,Combined,0,0,0,0,0,0,,0.00012423657902660765,0.00015322566636480489,2.8989087338197238e-05,1.0,1.0
G1_p5_w1_regular,G1_p1,20.0,G1,Agreement,0,0,0,0,0,0,,0.0,0.0,0.0,1.0,1.0
G1_p5_w1_regular,G1_p2,-5.0,G1,Global,1,1,3,0,0,3,0.0,0.013007569554829264,0.02678152283903533,0.013773953284206065,0.8837209302325582,0.975609756097561
G1_p5_w1_regular,G1_p2,-5.0,G1,Event,1,1,3,0,0,3,0.0,0.38621974507543316,0.6898742745778942,0.303654529502461,0.8837209302325582,0.975609756097561
G1_p5_w1_regular,G1_p2,-5.0,G1,Combined,1,1,3,0,0,3,0.0,0.0017891878864060488,0.006782127664425583,0.004992939778019534,0.8837209302325582,0.975609756097561
G1_p5_w1_regular,G1_p2,-5.0,G1,Agreement,1,1,3,3,0,0,1.0,0.7419354838709677,1.0,0.25806451612903225,0.8837209302325582,0.975609756097561
G1_p5_w1_regular,G1_p2,0.0,G1,Global,0,0,0,0,0,0,,0.0006482678583639224,0.0017187777801062573,0.0010705099217423349,0.975609756097561,0.975609756097561
G1_p5_w1_regular,G1_p2,0.0,G1,Event,0,0,0,0,0,0,,0.011811826488927483,0.03328069229826141,0.021468865809333926,0.975609756097561,0.975609756097561
G1_p5_w1_regular,G1_p2,0.0,G1,Combined,0,0,0,0,0,0,,0.00016353235425638806,0.00034578335906332964,0.00018225100480694157,0.975609756097561,0.975609756097561
G1_p5_w1_regular,G1_p2,0.0,G1,Agreement,0,0,0,0,0,0,,0.75,0.875,0.125,0.975609756097561,0.975609756097561
G1_p5_w1_regular,G1_p2,10.0,G1,Global,0,0,0,0,0,0,,0.00020902452292598174,0.0006118646450101876,0.0004028401220842058,1.0,1.0
G1_p5_w1_regular,G1_p2,10.0,G1,Event,0,0,0,0,0,0,,0.0043952878088402226,0.004899603721705025,0.0005043159128648028,1.0,1.0
G1_p5_w1_regular,G1_p2,10.0,G1,Combined,0,0,0,0,0,0,,0.00022937112410289823,0.0004250401314056687,0.00019566900730277046,1.0,1.0
G1_p5_w1_regular,G1_p2,10.0,G1,Agreement,0,0,0,0,0,0,,0.04166666666666663,0.1063829787234043,0.06471631205673767,1.0,1.0
G1_p5_w1_regular,G1_p2,20.0,G1,Global,0,0,0,0,0,0,,0.00020243647587439735,0.00029796067155044394,9.552419567604659e-05,1.0,1.0
G1_p5_w1_regular,G1_p2,20.0,G1,Event,0,0,0,0,0,0,,0.0024698862585731513,0.002672940800565751,0.0002030545419925995,1.0,1.0
G1_p5_w1_regular,G1_p2,20.0,G1,Combined,0,0,0,0,0,0,,0.00014012556507094533,0.00017306125927474936,3.293569420380403e-05,1.0,1.0
G1_p5_w1_regular,G1_p2,20.0,G1,Agreement,0,0,0,0,0,0,,0.0,0.0,0.0,1.0,1.0
G1_p5_w1_regular,G1_p3,-5.0,G1,Global,1,1,3,0,0,3,0.0,0.004153271101275894,0.015178126638541145,0.011024855537265251,0.926829268292683,1.0
G1_p5_w1_regular,G1_p3,-5.0,G1,Event,1,1,3,2,0,1,0.6666666666666666,0.30700189778643355,0.7530413170887911,0.4460394193023575,0.926829268292683,1.0
G1_p5_w1_regular,G1_p3,-5.0,G1,Combined,1,1,3,2,0,1,0.6666666666666666,0.009410390743077271,0.019431029907756484,0.010020639164679213,0.926829268292683,1.0
G1_p5_w1_regular,G1_p3,-5.0,G1,Agreement,1,1,3,2,0,1,0.6666666666666666,0.9230769230769231,1.0,0.07692307692307687,0.926829268292683,1.0
G1_p5_w1_regular,G1_p3,0.0,G1,Global,0,0,0,0,0,0,,0.0001884932377027655,0.001354192148873789,0.0011656989111710236,1.0,1.0
G1_p5_w1_regular,G1_p3,0.0,G1,Event,0,0,0,0,0,0,,0.0007664840547705642,0.0033876665805126892,0.002621182525742125,1.0,1.0
G1_p5_w1_regular,G1_p3,0.0,G1,Combined,0,0,0,0,0,0,,5.449351450586785e-05,0.00025302236999533525,0.00019852885548946741,1.0,1.0
G1_p5_w1_regular,G1_p3,0.0,G1,Agreement,0,0,0,0,0,0,,0.9259259259259259,1.0,0.07407407407407407,1.0,1.0
G1_p5_w1_regular,G1_p3,10.0,G1,Global,0,0,0,0,0,0,,0.0005762843867979228,0.0012615804941674897,0.0006852961073695669,1.0,1.0
G1_p5_w1_regular,G1_p3,10.0,G1,Event,0,0,0,0,0,0,,0.0030803966405767544,0.005317479052131374,0.0022370824115546194,1.0,1.0
G1_p5_w1_regular,G1_p3,10.0,G1,Combined,0,0,0,0,0,0,,0.00037120110148442973,0.0007772811087101609,0.00040608000722573115,1.0,1.0
G1_p5_w1_regular,G1_p3,10.0,G1,Agreement,0,0,0,0,0,0,,0.04166666666666663,0.1063829787234043,0.06471631205673767,1.0,1.0
G1_p5_w1_regular,G1_p3,20.0,G1,Global,0,0,0,0,0,0,,0.0003039730470855476,0.0004326570047260369,0.0001286839576404893,1.0,1.0
G1_p5_w1_regular,G1_p3,20.0,G1,Event,0,0,0,0,0,0,,0.0018635540450147197,0.0025923331598500902,0.0007287791148353705,1.0,1.0
G1_p5_w1_regular,G1_p3,20.0,G1,Combined,0,0,0,0,0,0,,0.00015316756827036884,0.00021334303283857684,6.0175464568208e-05,1.0,1.0
G1_p5_w1_regular,G1_p3,20.0,G1,Agreement,0,0,0,0,0,0,,0.021276595744680882,0.06382978723404253,0.04255319148936165,1.0,1.0
G1_p5_w1_regular,G1_p4,-5.0,G1,Global,4,0,0,0,0,0,,0.9998854321861432,0.9999298058948617,4.437370871845925e-05,0.24242424242424243,0.36363636363636365
G1_p5_w1_regular,G1_p4,-5.0,G1,Event,4,0,0,0,0,0,,0.9999730493567796,0.9999999254993854,2.687614260588056e-05,0.24242424242424243,0.36363636363636365
G1_p5_w1_regular,G1_p4,-5.0,G1,Combined,4,0,0,0,0,0,,0.9999953685915942,0.9999999165678498,4.547976255597774e-06,0.24242424242424243,0.36363636363636365
G1_p5_w1_regular,G1_p4,-5.0,G1,Agreement,4,0,0,0,0,0,,0.6428571428571428,0.8064516129032258,0.16359447004608296,0.24242424242424243,0.36363636363636365
G1_p5_w1_regular,G1_p4,0.0,G1,Global,4,0,0,0,0,0,,0.9118973581300946,0.933001055329163,0.02110369719906835,0.7727272727272727,0.9302325581395349
G1_p5_w1_regular,G1_p4,0.0,G1,Event,4,0,0,0,0,0,,0.8205683693925359,0.9431515321346702,0.12258316274213432,0.7727272727272727,0.9302325581395349
G1_p5_w1_regular,G1_p4,0.0,G1,Combined,4,0,0,0,0,0,,0.9232452614287591,0.9748520475983387,0.05160678616957959,0.7727272727272727,0.9302325581395349
G1_p5_w1_regular,G1_p4,0.0,G1,Agreement,4,0,0,0,0,0,,0.33333333333333337,0.4444444444444444,0.11111111111111105,0.7727272727272727,0.9302325581395349
G1_p5_w1_regular,G1_p4,10.0,G1,Global,0,0,0,0,0,0,,0.0007220601198889951,0.001360783347581145,0.00063872322769215,0.975609756097561,1.0
G1_p5_w1_regular,G1_p4,10.0,G1,Event,0,0,0,0,0,0,,0.00439754101344006,0.006543866080737095,0.0021463250672970344,0.975609756097561,1.0
G1_p5_w1_regular,G1_p4,10.0,G1,Combined,0,0,0,0,0,0,,0.0006131444803862563,0.0008976647995447156,0.00028452031915845934,0.975609756097561,1.0
G1_p5_w1_regular,G1_p4,10.0,G1,Agreement,0,0,0,0,0,0,,0.04166666666666663,0.11538461538461542,0.07371794871794879,0.975609756097561,1.0
G1_p5_w1_regular,G1_p4,20.0,G1,Global,0,0,0,0,0,0,,0.00026340066580103394,0.00032953553114739706,6.613486534636312e-05,1.0,1.0
G1_p5_w1_regular,G1_p4,20.0,G1,Event,0,0,0,0,0,0,,0.0024732263514734222,0.002554390596102673,8.116424462925077e-05,1.0,1.0
G1_p5_w1_regular,G1_p4,20.0,G1,Combined,0,0,0,0,0,0,,0.0001524347585856354,0.00017674595702849661,2.4311198442861215e-05,1.0,1.0
G1_p5_w1_regular,G1_p4,20.0,G1,Agreement,0,0,0,0,0,0,,0.0,0.0,0.0,1.0,1.0
G1_p5_w1_variable,G1_p1,-5.0,G1,Global,4,0,0,0,0,0,,0.9866484815790141,0.9970659060752362,0.010417424496222072,0.7727272727272727,0.8095238095238095
G1_p5_w1_variable,G1_p1,-5.0,G1,Event,4,0,0,0,0,0,,0.9974243861771204,0.9995559120723024,0.0021315258951820626,0.7727272727272727,0.8095238095238095
G1_p5_w1_variable,G1_p1,-5.0,G1,Combined,4,0,0,0,0,0,,0.9834897983259907,0.9955914142043408,0.012101615878350125,0.7727272727272727,0.8095238095238095
G1_p5_w1_variable,G1_p1,-5.0,G1,Agreement,4,0,0,0,0,0,,0.375,0.641025641025641,0.26602564102564097,0.7727272727272727,0.8095238095238095
G1_p5_w1_variable,G1_p1,0.0,G1,Global,1,1,3,1,0,2,0.3333333333333333,0.5278191036307056,0.8753654784299361,0.34754637479923045,0.926829268292683,1.0
G1_p5_w1_variable,G1_p1,0.0,G1,Event,1,1,3,3,0,0,1.0,0.16649067036961346,0.8416585035945974,0.675167833224984,0.926829268292683,1.0
G1_p5_w1_variable,G1_p1,0.0,G1,Combined,1,1,3,3,0,0,1.0,0.09748195618509008,0.5123243729683445,0.41484241678325445,0.926829268292683,1.0
G1_p5_w1_variable,G1_p1,0.0,G1,Agreement,1,1,3,3,0,0,1.0,0.16981132075471694,0.23076923076923073,0.06095791001451378,0.926829268292683,1.0
G1_p5_w1_variable,G1_p1,10.0,G1,Global,0,0,0,0,0,0,,0.0004657437332344943,0.0008816091828154738,0.0004158654495809795,1.0,1.0
G1_p5_w1_variable,G1_p1,10.0,G1,Event,0,0,0,0,0,0,,0.0032132058291527922,0.004163322711469805,0.0009501168823170124,1.0,1.0
G1_p5_w1_variable,G1_p1,10.0,G1,Combined,0,0,0,0,0,0,,0.0002967135008265171,0.00037233172127582644,7.561822044930937e-05,1.0,1.0
G1_p5_w1_variable,G1_p1,10.0,G1,Agreement,0,0,0,0,0,0,,0.0,0.021276595744680882,0.021276595744680882,1.0,1.0
G1_p5_w1_variable,G1_p1,20.0,G1,Global,0,0,0,0,0,0,,0.0001359640712385889,0.00019494692558005361,5.898285434146472e-05,1.0,1.0
G1_p5_w1_variable,G1_p1,20.0,G1,Event,0,0,0,0,0,0,,0.0023319357764156044,0.0023891932519330417,5.7257475517437286e-05,1.0,1.0
G1_p5_w1_variable,G1_p1,20.0,G1,Combined,0,0,0,0,0,0,,0.00011479705143266976,0.00013431327170676695,1.9516220274097188e-05,1.0,1.0
G1_p5_w1_variable,G1_p1,20.0,G1,Agreement,0,0,0,0,0,0,,0.0,0.0,0.0,1.0,1.0
G1_p5_w1_variable,G1_p2,-5.0,G1,Global,3,1,3,1,0,2,0.3333333333333333,0.004912406042526661,0.01404346408345421,0.00913105804092755,0.8780487804878049,0.95
G1_p5_w1_variable,G1_p2,-5.0,G1,Event,3,1,3,2,0,1,0.6666666666666666,0.209995232183861,0.8014102182257808,0.5914149860419198,0.8780487804878049,0.95
G1_p5_w1_variable,G1_p2,-5.0,G1,Combined,3,1,3,2,0,1,0.6666666666666666,0.0005383948764303219,0.005559334195777828,0.005020939319347506,0.8780487804878049,0.95
G1_p5_w1_variable,G1_p2,-5.0,G1,Agreement,3,1,3,1,0,2,0.3333333333333333,0.7142857142857143,0.9333333333333333,0.21904761904761905,0.8780487804878049,0.95
G1_p5_w1_variable,G1_p2,0.0,G1,Global,0,0,0,0,0,0,,0.00027235052505912924,0.001152135331529249,0.0008797848064701198,0.95,1.0
G1_p5_w1_variable,G1_p2,0.0,G1,Event,0,0,0,0,0,0,,0.006538272076585636,0.08286279134327591,0.07632451926669027,0.95,1.0
G1_p5_w1_variable,G1_p2,0.0,G1,Combined,0,0,0,0,0,0,,6.857754509085482e-05,0.0009975562742897354,0.0009289787291988805,0.95,1.0
G1_p5_w1_variable,G1_p2,0.0,G1,Agreement,0,0,0,0,0,0,,0.7647058823529411,0.8787878787878788,0.11408199643493766,0.95,1.0
G1_p5_w1_variable,G1_p2,10.0,G1,Global,0,0,0,0,0,0,,7.85688798878833e-05,0.0003435904652195931,0.0002650215853317098,1.0,1.0
G1_p5_w1_variable,G1_p2,10.0,G1,Event,0,0,0,0,0,0,,0.003886145901388042,0.005381144692683269,0.0014949987912952272,1.0,1.0
G1_p5_w1_variable,G1_p2,10.0,G1,Combined,0,0,0,0,0,0,,0.00014221902559986084,0.00028772930523797,0.00014551027963810917,1.0,1.0
G1_p5_w1_variable,G1_p2,10.0,G1,Agreement,0,0,0,0,0,0,,0.04166666666666663,0.10204081632653061,0.060374149659863985,1.0,1.0
G1_p5_w1_variable,G1_p2,20.0,G1,Global,0,0,0,0,0,0,,8.832559330488701e-05,0.00019073004945781828,0.00010240445615293127,1.0,1.0
G1_p5_w1_variable,G1_p2,20.0,G1,Event,0,0,0,0,0,0,,0.0023277221720532835,0.0026253888608826085,0.000297666688829325,1.0,1.0
G1_p5_w1_variable,G1_p2,20.0,G1,Combined,0,0,0,0,0,0,,9.06928818517705e-05,0.0001494941873320794,5.880130548030889e-05,1.0,1.0
G1_p5_w1_variable,G1_p2,20.0,G1,Agreement,0,0,0,0,0,0,,0.0,0.021276595744680882,0.021276595744680882,1.0,1.0
G1_p5_w1_variable,G1_p3,-5.0,G1,Global,2,1,4,2,0,2,0.5,0.004457386055956837,0.008006532543611198,0.003549146487654361,0.926829268292683,0.9743589743589743
G1_p5_w1_variable,G1_p3,-5.0,G1,Event,2,1,4,4,0,0,1.0,0.03681780276652493,0.5776693391563069,0.540851536389782,0.926829268292683,0.9743589743589743
G1_p5_w1_variable,G1_p3,-5.0,G1,Combined,2,1,4,2,0,2,0.5,0.0020159847721341034,0.021594113986414254,0.01957812921428015,0.926829268292683,0.9743589743589743
G1_p5_w1_variable,G1_p3,-5.0,G1,Agreement,2,1,4,2,2,0,0.75,0.8620689655172413,1.0,0.13793103448275867,0.926829268292683,0.9743589743589743
G1_p5_w1_variable,G1_p3,0.0,G1,Global,0,0,0,0,0,0,,0.00029153665834515753,0.0006831877989330404,0.0003916511405878829,1.0,1.0
G1_p5_w1_variable,G1_p3,0.0,G1,Event,0,0,0,0,0,0,,0.001303470964431964,0.0018179272022053922,0.0005144562377734283,1.0,1.0
G1_p5_w1_variable,G1_p3,0.0,G1,Combined,0,0,0,0,0,0,,8.140312458984905e-05,0.00022804233796016086,0.00014663921337031182,1.0,1.0
G1_p5_w1_variable,G1_p3,0.0,G1,Agreement,0,0,0,0,0,0,,0.8571428571428572,1.0,0.1428571428571428,1.0,1.0
G1_p5_w1_variable,G1_p3,10.0,G1,Global,0,0,0,0,0,0,,0.0004509711683505326,0.0008339542152555282,0.00038298304690499556,1.0,1.0
G1_p5_w1_variable,G1_p3,10.0,G1,Event,0,0,0,0,0,0,,0.0023906374457846324,0.0035758111643016417,0.0011851737185170092,1.0,1.0
G1_p5_w1_variable,G1_p3,10.0,G1,Combined,0,0,0,0,0,0,,0.0003302619849076991,0.0006827968855288854,0.0003525349006211863,1.0,1.0
G1_p5_w1_variable,G1_p3,10.0,G1,Agreement,0,0,0,0,0,0,,0.06382978723404253,0.1428571428571429,0.07902735562310037,1.0,1.0
G1_p5_w1_variable,G1_p3,20.0,G1,Global,0,0,0,0,0,0,,0.0001620653356746745,0.00025726991519603416,9.520457952135966e-05,1.0,1.0
G1_p5_w1_variable,G1_p3,20.0,G1,Event,0,0,0,0,0,0,,0.0018910311466550241,0.002415088204276814,0.0005240570576217898,1.0,1.0
G1_p5_w1_variable,G1_p3,20.0,G1,Combined,0,0,0,0,0,0,,0.0001392294507129629,0.00018003918628961525,4.0809735576652345e-05,1.0,1.0
G1_p5_w1_variable,G1_p3,20.0,G1,Agreement,0,0,0,0,0,0,,0.0,0.06382978723404253,0.06382978723404253,1.0,1.0
G1_p5_w1_variable,G1_p4,-5.0,G1,Global,4,0,0,0,0,0,,0.9997493577070005,0.9999720675833734,0.0002227098763729618,0.21428571428571427,0.47058823529411764
G1_p5_w1_variable,G1_p4,-5.0,G1,Event,4,0,0,0,0,0,,0.9999425582064987,0.9999991864805303,5.662827403163373e-05,0.21428571428571427,0.47058823529411764
G1_p5_w1_variable,G1_p4,-5.0,G1,Combined,4,0,0,0,0,0,,0.999995905460113,0.9999997710265112,3.865566398197906e-06,0.21428571428571427,0.47058823529411764
G1_p5_w1_variable,G1_p4,-5.0,G1,Agreement,4,0,0,0,0,0,,0.5,0.7142857142857143,0.2142857142857143,0.21428571428571427,0.47058823529411764
G1_p5_w1_variable,G1_p4,0.0,G1,Global,4,0,0,0,0,0,,0.7399188125599544,0.9772851600552602,0.23736634749530583,0.7619047619047619,0.8095238095238095
G1_p5_w1_variable,G1_p4,0.0,G1,Event,4,0,0,0,0,0,,0.8496892293258895,0.9583706794967172,0.10868145017082764,0.7619047619047619,0.8095238095238095
G1_p5_w1_variable,G1_p4,0.0,G1,Combined,4,0,0,0,0,0,,0.9245000491801679,0.9903024285386798,0.06580237935851185,0.7619047619047619,0.8095238095238095
G1_p5_w1_variable,G1_p4,0.0,G1,Agreement,4,0,0,0,0,0,,0.31034482758620685,0.368421052631579,0.05807622504537213,0.7619047619047619,0.8095238095238095
G1_p5_w1_variable,G1_p4,10.0,G1,Global,0,0,0,0,0,0,,0.0004241478864364518,0.0014598378345483734,0.0010356899481119217,0.9743589743589743,1.0
G1_p5_w1_variable,G1_p4,10.0,G1,Event,0,0,0,0,0,0,,0.004072071714251473,0.008233150823462805,0.004161079109211332,0.9743589743589743,1.0
G1_p5_w1_variable,G1_p4,10.0,G1,Combined,0,0,0,0,0,0,,0.0004568829906900075,0.0011999707390221183,0.0007430877483321108,0.9743589743589743,1.0
G1_p5_w1_variable,G1_p4,10.0,G1,Agreement,0,0,0,0,0,0,,0.061224489795918324,0.07999999999999996,0.018775510204081636,0.9743589743589743,1.0
G1_p5_w1_variable,G1_p4,20.0,G1,Global,0,0,0,0,0,0,,0.00015893495287203947,0.00025038835967306096,9.145340680102149e-05,1.0,1.0
G1_p5_w1_variable,G1_p4,20.0,G1,Event,0,0,0,0,0,0,,0.0024093137628755337,0.002525120123023087,0.00011580636014755325,1.0,1.0
G1_p5_w1_variable,G1_p4,20.0,G1,Combined,0,0,0,0,0,0,,0.000136804533473299,0.00016249921537070093,2.5694681897401922e-05,1.0,1.0
G1_p5_w1_variable,G1_p4,20.0,G1,Agreement,0,0,0,0,0,0,,0.0,0.0,0.0,1.0,1.0
G1_p5_w2_regular,G1_p1,-5.0,G1,Global,4,0,0,0,0,0,,0.9717155536796309,0.9934106319148935,0.02169507823526262,0.7619047619047619,0.9230769230769231
G1_p5_w2_regular,G1_p1,-5.0,G1,Event,4,0,0,0,0,0,,0.9960263223477436,0.9998002803452667,0.003773957997523114,0.7619047619047619,0.9230769230769231
G1_p5_w2_regular,G1_p1,-5.0,G1,Combined,4,0,0,0,0,0,,0.9453078592679482,0.9974813660647079,0.052173506796759694,0.7619047619047619,0.9230769230769231
G1_p5_w2_regular,G1_p1,-5.0,G1,Agreement,4,0,0,0,0,0,,0.4883720930232558,0.6923076923076923,0.2039355992844365,0.7619047619047619,0.9230769230769231
G1_p5_w2_regular,G1_p1,0.0,G1,Global,2,1,4,1,0,3,0.25,0.5908383475691137,0.8038152021126095,0.2129768545434958,0.9230769230769231,1.0
G1_p5_w2_regular,G1_p1,0.0,G1,Event,2,1,4,2,0,2,0.5,0.2527282865547129,0.957939271219994,0.7052109846652811,0.9230769230769231,1.0
G1_p5_w2_regular,G1_p1,0.0,G1,Combined,2,1,4,2,0,2,0.5,0.15851764180888223,0.7994760108265185,0.6409583690176364,0.9230769230769231,1.0
G1_p5_w2_regular,G1_p1,0.0,G1,Agreement,2,1,4,0,0,4,0.0,0.1923076923076923,0.22448979591836737,0.032182103610675084,0.9230769230769231,1.0
G1_p5_w2_regular,G1_p1,10.0,G1,Global,0,0,0,0,0,0,,0.00020684059511329143,0.000391897820485582,0.00018505722537229055,1.0,1.0
G1_p5_w2_regular,G1_p1,10.0,G1,Event,0,0,0,0,0,0,,0.003934760549317325,0.0044290195782868535,0.0004942590289695285,1.0,1.0
G1_p5_w2_regular,G1_p1,10.0,G1,Combined,0,0,0,0,0,0,,0.00029911539273927304,0.0003757570004975035,7.664160775823047e-05,1.0,1.0
G1_p5_w2_regular,G1_p1,10.0,G1,Agreement,0,0,0,0,0,0,,0.0,0.022222222222222254,0.022222222222222254,1.0,1.0
G1_p5_w2_regular,G1_p1,20.0,G1,Global,0,0,0,0,0,0,,5.635860381517161e-05,8.610851395840238e-05,2.974991014323077e-05,1.0,1.0
G1_p5_w2_regular,G1_p1,20.0,G1,Event,0,0,0,0,0,0,,0.002339686068222367,0.0023750551066401226,3.536903841775546e-05,1.0,1.0
G1_p5_w2_regular,G1_p1,20.0,G1,Combined,0,0,0,0,0,0,,0.00010893779958905246,0.00013467255260768543,2.573475301863297e-05,1.0,1.0
G1_p5_w2_regular,G1_p1,20.0,G1,Agreement,0,0,0,0,0,0,,0.0,0.0,0.0,1.0,1.0
G1_p5_w2_regular,G1_p2,-5.0,G1,Global,3,1,3,0,0,3,0.0,0.00473086419385078,0.020401439850295296,0.015670575656444516,0.8947368421052632,0.972972972972973
G1_p5_w2_regular,G1_p2,-5.0,G1,Event,3,1,3,3,0,0,1.0,0.5426946171488871,0.9657819934571399,0.42308737630825277,0.8947368421052632,0.972972972972973
G1_p5_w2_regular,G1_p2,-5.0,G1,Combined,3,1,3,2,0,1,0.6666666666666666,0.0021324008501211445,0.011956815719738573,0.009824414869617428,0.8947368421052632,0.972972972972973
G1_p5_w2_regular,G1_p2,-5.0,G1,Agreement,3,1,3,1,0,2,0.3333333333333333,0.8064516129032258,1.0,0.19354838709677424,0.8947368421052632,0.972972972972973
G1_p5_w2_regular,G1_p2,0.0,G1,Global,2,1,4,2,0,2,0.5,0.0003887793491233693,0.0006531192515983138,0.0002643399024749445,0.9473684210526315,1.0
G1_p5_w2_regular,G1_p2,0.0,G1,Event,2,1,4,4,0,0,1.0,0.007251505784527743,0.08049390959785714,0.0732424038133294,0.9473684210526315,1.0
G1_p5_w2_regular,G1_p2,0.0,G1,Combined,2,1,4,4,0,0,1.0,6.581504490349457e-05,0.0006625750688781102,0.0005967600239746157,0.9473684210526315,1.0
G1_p5_w2_regular,G1_p2,0.0,G1,Agreement,2,1,4,4,0,0,1.0,0.7419354838709677,1.0,0.25806451612903225,0.9473684210526315,1.0
G1_p5_w2_regular,G1_p2,10.0,G1,Global,0,0,0,0,0,0,,0.0001317396996915238,0.00021104303734681437,7.930333765529058e-05,1.0,1.0
G1_p5_w2_regular,G1_p2,10.0,G1,Event,0,0,0,0,0,0,,0.0031038973581046336,0.004982984317382344,0.00187908695927771,1.0,1.0
G1_p5_w2_regular,G1_p2,10.0,G1,Combined,0,0,0,0,0,0,,0.00014700302912364473,0.0003809957074344094,0.00023399267831076469,1.0,1.0
G1_p5_w2_regular,G1_p2,10.0,G1,Agreement,0,0,0,0,0,0,,0.04347826086956519,0.08333333333333337,0.03985507246376818,1.0,1.0
G1_p5_w2_regular,G1_p2,20.0,G1,Global,0,0,0,0,0,0,,7.671732732830902e-05,0.00010033340115327533,2.3616073824966308e-05,1.0,1.0
G1_p5_w2_regular,G1_p2,20.0,G1,Event,0,0,0,0,0,0,,0.0022496977721257684,0.0025366167750060366,0.00028691900288026814,1.0,1.0
G1_p5_w2_regular,G1_p2,20.0,G1,Combined,0,0,0,0,0,0,,0.00014870487048323982,0.00016218449243891677,1.3479621955676954e-05,1.0,1.0
G1_p5_w2_regular,G1_p2,20.0,G1,Agreement,0,0,0,0,0,0,,0.0,0.022222222222222254,0.022222222222222254,1.0,1.0
G1_p5_w2_regular,G1_p3,-5.0,G1,Global,1,1,3,2,0,1,0.6666666666666666,0.0030161581833454015,0.008224674766644815,0.005208516583299414,0.9473684210526315,0.972972972972973
G1_p5_w2_regular,G1_p3,-5.0,G1,Event,1,1,3,1,0,2,0.3333333333333333,0.03855355678269523,0.3333188553294598,0.2947652985467646,0.9473684210526315,0.972972972972973
G1_p5_w2_regular,G1_p3,-5.0,G1,Combined,1,1,3,1,0,2,0.3333333333333333,0.0012817646221138619,0.00855325677591787,0.007271492153804009,0.9473684210526315,0.972972972972973
G1_p5_w2_regular,G1_p3,-5.0,G1,Agreement,1,1,3,2,0,1,0.6666666666666666,0.9285714285714286,1.0,0.0714285714285714,0.9473684210526315,0.972972972972973
G1_p5_w2_regular,G1_p3,0.0,G1,Global,0,0,0,0,0,0,,9.168119199437497e-05,0.0002780716097081248,0.00018639041771374986,1.0,1.0
G1_p5_w2_regular,G1_p3,0.0,G1,Event,0,0,0,0,0,0,,0.0013621451566662864,0.004184829703287678,0.002822684546621392,1.0,1.0
G1_p5_w2_regular,G1_p3,0.0,G1,Combined,0,0,0,0,0,0,,5.71443885070922e-05,0.00013075387061014601,7.360948210305381e-05,1.0,1.0
G1_p5_w2_regular,G1_p3,0.0,G1,Agreement,0,0,0,0,0,0,,0.8518518518518519,1.0,0.14814814814814814,1.0,1.0
G1_p5_w2_regular,G1_p3,10.0,G1,Global,0,0,0,0,0,0,,0.00013855681604225953,0.0003434366331089085,0.00020487981706664895,1.0,1.0
G1_p5_w2_regular,G1_p3,10.0,G1,Event,0,0,0,0,0,0,,0.0028663474451178107,0.004292878461860513,0.0014265310167427027,1.0,1.0
G1_p5_w2_regular,G1_p3,10.0,G1,Combined,0,0,0,0,0,0,,0.00029853925829628097,0.0005882019645644893,0.0002896627062682083,1.0,1.0
G1_p5_w2_regular,G1_p3,10.0,G1,Agreement,0,0,0,0,0,0,,0.04347826086956519,0.1063829787234043,0.06290471785383911,1.0,1.0
G1_p5_w2_regular,G1_p3,20.0,G1,Global,0,0,0,0,0,0,,0.0001034286195793455,0.00012286827300568586,1.9439653426340367e-05,1.0,1.0
G1_p5_w2_regular,G1_p3,20.0,G1,Event,0,0,0,0,0,0,,0.0020548921640978365,0.002566992619869181,0.0005121004557713444,1.0,1.0
G1_p5_w2_regular,G1_p3,20.0,G1,Combined,0,0,0,0,0,0,,0.00015430752575696963,0.00020224012600442235,4.793260024745272e-05,1.0,1.0
G1_p5_w2_regular,G1_p3,20.0,G1,Agreement,0,0,0,0,0,0,,0.0,0.04347826086956519,0.04347826086956519,1.0,1.0
G1_p5_w2_regular,G1_p4,-5.0,G1,Global,4,0,0,0,0,0,,0.9998224494341094,0.9999781247102777,0.0001556752761683322,0.2,0.48484848484848486
G1_p5_w2_regular,G1_p4,-5.0,G1,Event,4,0,0,0,0,0,,0.999990520859621,0.9999998171729075,9.296313286499824e-06,0.2,0.48484848484848486
G1_p5_w2_regular,G1_p4,-5.0,G1,Combined,4,0,0,0,0,0,,0.9999982545550729,0.9999998896328046,1.6350777317652998e-06,0.2,0.48484848484848486
G1_p5_w2_regular,G1_p4,-5.0,G1,Agreement,4,0,0,0,0,0,,0.5862068965517242,0.6923076923076923,0.10610079575596809,0.2,0.48484848484848486
G1_p5_w2_regular,G1_p4,0.0,G1,Global,4,0,0,0,0,0,,0.8417164962028515,0.9740973302526958,0.13238083404984435,0.7368421052631579,0.8780487804878049
G1_p5_w2_regular,G1_p4,0.0,G1,Event,4,0,0,0,0,0,,0.7156955315912995,0.9688048139033055,0.253109282312006,0.7368421052631579,0.8780487804878049
G1_p5_w2_regular,G1_p4,0.0,G1,Combined,4,0,0,0,0,0,,0.9362328743506004,0.9814950762124387,0.04526220186183827,0.7368421052631579,0.8780487804878049
G1_p5_w2_regular,G1_p4,0.0,G1,Agreement,4,0,0,0,0,0,,0.23636363636363633,0.44680851063829785,0.21044487427466152,0.7368421052631579,0.8780487804878049
G1_p5_w2_regular,G1_p4,10.0,G1,Global,1,1,3,0,0,3,0.0,0.0003072175827597615,0.0013542973688427762,0.0010470797860830147,0.9473684210526315,1.0
G1_p5_w2_regular,G1_p4,10.0,G1,Event,1,1,3,3,0,0,1.0,0.00400712442442485,0.010878355462160327,0.006871231037735476,0.9473684210526315,1.0
G1_p5_w2_regular,G1_p4,10.0,G1,Combined,1,1,3,2,0,1,0.6666666666666666,0.0007193966447174257,0.0016229961432914686,0.0009035994985740429,0.9473684210526315,1.0
G1_p5_w2_regular,G1_p4,10.0,G1,Agreement,1,1,3,0,1,2,0.16666666666666666,0.06382978723404253,0.1428571428571429,0.07902735562310037,0.9473684210526315,1.0
G1_p5_w2_regular,G1_p4,20.0,G1,Global,0,0,0,0,0,0,,8.998477699512153e-05,0.00012656415698249825,3.657937998737672e-05,1.0,1.0
G1_p5_w2_regular,G1_p4,20.0,G1,Event,0,0,0,0,0,0,,0.0024481840701616143,0.0024946259219278378,4.6441851766223455e-05,1.0,1.0
G1_p5_w2_regular,G1_p4,20.0,G1,Combined,0,0,0,0,0,0,,0.00015290559592997735,0.00017177443549985688,1.886883956987953e-05,1.0,1.0
G1_p5_w2_regular,G1_p4,20.0,G1,Agreement,0,0,0,0,0,0,,0.0,0.0,0.0,1.0,1.0
G1_p5_w2_variable,G1_p1,-5.0,G1,Global,4,0,0,0,0,0,,0.9938172555154665,0.9978099309633673,0.003992675447900829,0.8,0.9047619047619048
G1_p5_w2_variable,G1_p1,-5.0,G1,Event,4,0,0,0,0,0,,0.9742513933844626,0.9997923186728308,0.025540925288368155,0.8,0.9047619047619048
G1_p5_w2_variable,G1_p1,-5.0,G1,Combined,4,0,0,0,0,0,,0.8630636423117141,0.996770020477693,0.13370637816597897,0.8,0.9047619047619048
G1_p5_w2_variable,G1_p1,-5.0,G1,Agreement,4,0,0,0,0,0,,0.5454545454545454,0.65,0.10454545454545461,0.8,0.9047619047619048
G1_p5_w2_variable,G1_p1,0.0,G1,Global,2,1,4,4,0,0,1.0,0.7496778020003353,0.9105650998302173,0.16088729782988198,0.926829268292683,0.9743589743589743
G1_p5_w2_variable,G1_p1,0.0,G1,Event,2,1,4,2,0,2,0.5,0.2633727876838824,0.9385362995045328,0.6751635118206504,0.926829268292683,0.9743589743589743
G1_p5_w2_variable,G1_p1,0.0,G1,Combined,2,1,4,3,0,1,0.75,0.23598837471940914,0.821749458573546,0.5857610838541368,0.926829268292683,0.9743589743589743
G1_p5_w2_variable,G1_p1,0.0,G1,Agreement,2,1,4,3,1,0,0.875,0.18367346938775508,0.24528301886792447,0.06160954948016939,0.926829268292683,0.9743589743589743
G1_p5_w2_variable,G1_p1,10.0,G1,Global,0,0,0,0,0,0,,0.0005331301443282639,0.0012742478065001994,0.0007411176621719355,1.0,1.0
G1_p5_w2_variable,G1_p1,10.0,G1,Event,0,0,0,0,0,0,,0.003985814119604221,0.0043049190343280525,0.00031910491472383114,1.0,1.0
G1_p5_w2_variable,G1_p1,10.0,G1,Combined,0,0,0,0,0,0,,0.0003623447893209708,0.0006401908463456062,0.00027784605702463544,1.0,1.0
G1_p5_w2_variable,G1_p1,10.0,G1,Agreement,0,0,0,0,0,0,,0.0,0.021276595744680882,0.021276595744680882,1.0,1.0
G1_p5_w2_variable,G1_p1,20.0,G1,Global,0,0,0,0,0,0,,0.00012577849639695067,0.00019181693950193478,6.603844310498411e-05,1.0,1.0
G1_p5_w2_variable,G1_p1,20.0,G1,Event,0,0,0,0,0,0,,0.0023473732659743006,0.0023964211263453636,4.9047860371063e-05,1.0,1.0
G1_p5_w2_variable,G1_p1,20.0,G1,Combined,0,0,0,0,0,0,,0.0001470602163859141,0.00019693361945868876,4.9873403072774676e-05,1.0,1.0
G1_p5_w2_variable,G1_p1,20.0,G1,Agreement,0,0,0,0,0,0,,0.0,0.0,0.0,1.0,1.0
G1_p5_w2_variable,G1_p2,-5.0,G1,Global,4,0,0,0,0,0,,0.007537152173281387,0.010275661408715617,0.0027385092354342304,0.8421052631578947,0.9
G1_p5_w2_variable,G1_p2,-5.0,G1,Event,4,0,0,0,0,0,,0.5350429432451308,0.9409005185005227,0.4058575752553919,0.8421052631578947,0.9
G1_p5_w2_variable,G1_p2,-5.0,G1,Combined,4,0,0,0,0,0,,0.0017017744559854888,0.012105659887278235,0.010403885431292746,0.8421052631578947,0.9
G1_p5_w2_variable,G1_p2,-5.0,G1,Agreement,4,0,0,0,0,0,,0.7333333333333334,0.9411764705882353,0.2078431372549019,0.8421052631578947,0.9
G1_p5_w2_variable,G1_p2,0.0,G1,Global,1,1,3,0,0,3,0.0,0.0003825188919058224,0.0005587111921795903,0.0001761923002737679,0.9473684210526315,1.0
G1_p5_w2_variable,G1_p2,0.0,G1,Event,1,1,3,3,0,0,1.0,0.005207371951922125,0.16283557693203665,0.15762820498011454,0.9473684210526315,1.0
G1_p5_w2_variable,G1_p2,0.0,G1,Combined,1,1,3,3,0,0,1.0,7.357137133247013e-05,0.0008683698686400474,0.0007947984973075773,0.9473684210526315,1.0
G1_p5_w2_variable,G1_p2,0.0,G1,Agreement,1,1,3,0,0,3,0.0,0.7333333333333334,0.875,0.1416666666666666,0.9473684210526315,1.0
G1_p5_w2_variable,G1_p2,10.0,G1,Global,0,0,0,0,0,0,,0.00015770056441043645,0.00022721318805919979,6.951262364876334e-05,1.0,1.0
G1_p5_w2_variable,G1_p2,10.0,G1,Event,0,0,0,0,0,0,,0.004601388507175282,0.00926719687581839,0.004665808368643108,1.0,1.0
G1_p5_w2_variable,G1_p2,10.0,G1,Combined,0,0,0,0,0,0,,0.000170082204633486,0.0004122936031318087,0.0002422113984983227,1.0,1.0
G1_p5_w2_variable,G1_p2,10.0,G1,Agreement,0,0,0,0,0,0,,0.021276595744680882,0.13725490196078427,0.11597830621610339,1.0,1.0
G1_p5_w2_variable,G1_p2,20.0,G1,Global,0,0,0,0,0,0,,0.00013469483020807284,0.0001604254366938048,2.5730606485731955e-05,1.0,1.0
G1_p5_w2_variable,G1_p2,20.0,G1,Event,0,0,0,0,0,0,,0.0023251671176767875,0.002743207072090244,0.0004180399544134565,1.0,1.0
G1_p5_w2_variable,G1_p2,20.0,G1,Combined,0,0,0,0,0,0,,0.000156210571505183,0.00018881914630012716,3.260857479494417e-05,1.0,1.0
G1_p5_w2_variable,G1_p2,20.0,G1,Agreement,0,0,0,0,0,0,,0.0,0.021276595744680882,0.021276595744680882,1.0,1.0
G1_p5_w2_variable,G1_p3,-5.0,G1,Global,2,1,4,4,0,0,1.0,0.002571706561968226,0.007933131401483242,0.005361424839515017,0.926829268292683,0.9743589743589743
G1_p5_w2_variable,G1_p3,-5.0,G1,Event,2,1,4,0,0,4,0.0,0.3329204545830758,0.6735194760927807,0.34059902150970495,0.926829268292683,0.9743589743589743
G1_p5_w2_variable,G1_p3,-5.0,G1,Combined,2,1,4,2,0,2,0.5,0.0063986182269506016,0.01514310390056831,0.00874448567361771,0.926829268292683,0.9743589743589743
G1_p5_w2_variable,G1_p3,-5.0,G1,Agreement,2,1,4,2,0,2,0.5,0.8666666666666667,1.0,0.1333333333333333,0.926829268292683,0.9743589743589743
G1_p5_w2_variable,G1_p3,0.0,G1,Global,0,0,0,0,0,0,,0.00010108865423678266,0.0003785552437225076,0.00027746658948572497,1.0,1.0
G1_p5_w2_variable,G1_p3,0.0,G1,Event,0,0,0,0,0,0,,0.0015794300373509573,0.004296058204252756,0.0027166281669017993,1.0,1.0
G1_p5_w2_variable,G1_p3,0.0,G1,Combined,0,0,0,0,0,0,,4.1203079999311895e-05,0.00018110729498085475,0.00013990421498154287,1.0,1.0
G1_p5_w2_variable,G1_p3,0.0,G1,Agreement,0,0,0,0,0,0,,0.8571428571428572,1.0,0.1428571428571428,1.0,1.0
G1_p5_w2_variable,G1_p3,10.0,G1,Global,0,0,0,0,0,0,,0.0002287472847506239,0.0005156532364707907,0.0002869059517201668,1.0,1.0
G1_p5_w2_variable,G1_p3,10.0,G1,Event,0,0,0,0,0,0,,0.002530336816464839,0.004795829943353557,0.002265493126888718,1.0,1.0
G1_p5_w2_variable,G1_p3,10.0,G1,Combined,0,0,0,0,0,0,,0.00025778543202464177,0.0006258548352468452,0.00036806940322220346,1.0,1.0
G1_p5_w2_variable,G1_p3,10.0,G1,Agreement,0,0,0,0,0,0,,0.04166666666666663,0.125,0.08333333333333337,1.0,1.0
G1_p5_w2_variable,G1_p3,20.0,G1,Global,0,0,0,0,0,0,,0.00016518153861061832,0.0002193359601999917,5.415442158937338e-05,1.0,1.0
G1_p5_w2_variable,G1_p3,20.0,G1,Event,0,0,0,0,0,0,,0.002023954529910446,0.00225140131204509,0.00022744678213464401,1.0,1.0
G1_p5_w2_variable,G1_p3,20.0,G1,Combined,0,0,0,0,0,0,,0.00017067110178838933,0.00021731743325824064,4.664633146985131e-05,1.0,1.0
G1_p5_w2_variable,G1_p3,20.0,G1,Agreement,0,0,0,0,0,0,,0.021276595744680882,0.04166666666666663,0.020390070921985748,1.0,1.0
G1_p5_w2_variable,G1_p4,-5.0,G1,Global,4,0,0,0,0,0,,0.9997406193441365,0.9999884761929289,0.0002478568487923605,0.25,0.6486486486486487
G1_p5_w2_variable,G1_p4,-5.0,G1,Event,4,0,0,0,0,0,,0.9679875878693665,0.9999984958943436,0.03201090802497719,0.25,0.6486486486486487
G1_p5_w2_variable,G1_p4,-5.0,G1,Combined,4,0,0,0,0,0,,0.9999563705288045,0.9999996593087951,4.328877999060232e-05,0.25,0.6486486486486487
G1_p5_w2_variable,G1_p4,-5.0,G1,Agreement,4,0,0,0,0,0,,0.6923076923076923,0.8064516129032258,0.11414392059553347,0.25,0.6486486486486487
G1_p5_w2_variable,G1_p4,0.0,G1,Global,4,0,0,0,0,0,,0.7584051913532536,0.9805968698256888,0.22219167847243526,0.7441860465116279,0.8780487804878049
G1_p5_w2_variable,G1_p4,0.0,G1,Event,4,0,0,0,0,0,,0.8792960632261463,0.9872190636437144,0.10792300041756808,0.7441860465116279,0.8780487804878049
G1_p5_w2_variable,G1_p4,0.0,G1,Combined,4,0,0,0,0,0,,0.9634873434086929,0.9901004101816823,0.026613066772989358,0.7441860465116279,0.8780487804878049
G1_p5_w2_variable,G1_p4,0.0,G1,Agreement,4,0,0,0,0,0,,0.4042553191489362,0.46153846153846156,0.057283142389525366,0.7441860465116279,0.8780487804878049
G1_p5_w2_variable,G1_p4,10.0,G1,Global,0,0,0,0,0,0,,0.0005819060946672353,0.0011415803767250174,0.0005596742820577821,0.9743589743589743,1.0
G1_p5_w2_variable,G1_p4,10.0,G1,Event,0,0,0,0,0,0,,0.004308816385158811,0.014353680509760222,0.010044864124601411,0.9743589743589743,1.0
G1_p5_w2_variable,G1_p4,10.0,G1,Combined,0,0,0,0,0,0,,0.0006945697516549173,0.002016284156196943,0.0013217144045420258,0.9743589743589743,1.0
G1_p5_w2_variable,G1_p4,10.0,G1,Agreement,0,0,0,0,0,0,,0.04166666666666663,0.0980392156862745,0.056372549019607865,0.9743589743589743,1.0
G1_p5_w2_variable,G1_p4,20.0,G1,Global,0,0,0,0,0,0,,0.0001343016040730435,0.00019112126974361244,5.681966567056893e-05,1.0,1.0
G1_p5_w2_variable,G1_p4,20.0,G1,Event,0,0,0,0,0,0,,0.0024928397594214486,0.0025628456284204917,7.000586899904302e-05,1.0,1.0
G1_p5_w2_variable,G1_p4,20.0,G1,Combined,0,0,0,0,0,0,,0.0001763537713651268,0.0002121742040978668,3.5820432732740014e-05,1.0,1.0
G1_p5_w2_variable,G1_p4,20.0,G1,Agreement,0,0,0,0,0,0,,0.0,0.0,0.0,1.0,1.0
G1_p5_w3_regular,G1_p1,-5.0,G1,Global,4,0,0,0,0,0,,0.9889267426292185,0.9965945778281341,0.007667835198915562,0.7317073170731707,0.8947368421052632
G1_p5_w3_regular,G1_p1,-5.0,G1,Event,4,0,0,0,0,0,,0.9902578442248033,0.9995858488706539,0.009328004645850596,0.7317073170731707,0.8947368421052632
G1_p5_w3_regular,G1_p1,-5.0,G1,Combined,4,0,0,0,0,0,,0.9391818047638875,0.9948536692910551,0.05567186452716766,0.7317073170731707,0.8947368421052632
G1_p5_w3_regular,G1_p1,-5.0,G1,Agreement,4,0,0,0,0,0,,0.3207547169811321,0.4,0.0792452830188679,0.7317073170731707,0.8947368421052632
G1_p5_w3_regular,G1_p1,0.0,G1,Global,2,1,4,4,0,0,1.0,0.7451540648621993,0.7554547854989063,0.010300720636707061,0.9230769230769231,1.0
G1_p5_w3_regular,G1_p1,0.0,G1,Event,2,1,4,2,0,2,0.5,0.1655516590658944,0.8683747347354346,0.7028230756695402,0.9230769230769231,1.0
G1_p5_w3_regular,G1_p1,0.0,G1,Combined,2,1,4,2,0,2,0.5,0.15272833164153082,0.6940086111161777,0.541280279474647,0.9230769230769231,1.0
G1_p5_w3_regular,G1_p1,0.0,G1,Agreement,2,1,4,3,0,1,0.75,0.125,0.2549019607843137,0.1299019607843137,0.9230769230769231,1.0
G1_p5_w3_regular,G1_p1,10.0,G1,Global,0,0,0,0,0,0,,0.0008993501014128768,0.0013195895883558798,0.00042023948694300294,1.0,1.0
G1_p5_w3_regular,G1_p1,10.0,G1,Event,0,0,0,0,0,0,,0.003343444742805648,0.0038765058746113882,0.0005330611318057404,1.0,1.0
G1_p5_w3_regular,G1_p1,10.0,G1,Combined,0,0,0,0,0,0,,0.0004958599284522696,0.0006541600476007344,0.00015830011914846486,1.0,1.0
G1_p5_w3_regular,G1_p1,10.0,G1,Agreement,0,0,0,0,0,0,,0.0,0.04347826086956519,0.04347826086956519,1.0,1.0
G1_p5_w3_regular,G1_p1,20.0,G1,Global,0,0,0,0,0,0,,0.0003437551762829104,0.00038922667529829184,4.5471499015381424e-05,1.0,1.0
G1_p5_w3_regular,G1_p1,20.0,G1,Event,0,0,0,0,0,0,,0.002351461393230034,0.002366573444712837,1.5112051482803115e-05,1.0,1.0
G1_p5_w3_regular,G1_p1,20.0,G1,Combined,0,0,0,0,0,0,,0.0002495453334930219,0.00027199856038862116,2.2453226895599284e-05,1.0,1.0
G1_p5_w3_regular,G1_p1,20.0,G1,Agreement,0,0,0,0,0,0,,0.0,0.0,0.0,1.0,1.0
G1_p5_w3_regular,G1_p2,-5.0,G1,Global,4,0,0,0,0,0,,0.007122655051848132,0.016417509535602084,0.009294854483753952,0.8717948717948718,0.9473684210526315
G1_p5_w3_regular,G1_p2,-5.0,G1,Event,4,0,0,0,0,0,,0.3411138945563281,0.8713642586130751,0.530250364056747,0.8717948717948718,0.9473684210526315
G1_p5_w3_regular,G1_p2,-5.0,G1,Combined,4,0,0,0,0,0,,0.000808596478851887,0.013050683573487577,0.01224208709463569,0.8717948717948718,0.9473684210526315
G1_p5_w3_regular,G1_p2,-5.0,G1,Agreement,4,0,0,0,0,0,,0.8064516129032258,1.0,0.19354838709677424,0.8717948717948718,0.9473684210526315
G1_p5_w3_regular,G1_p2,0.0,G1,Global,1,1,3,3,0,0,1.0,0.0004161886600453355,0.0007794066044694803,0.0003632179444241448,0.9473684210526315,1.0
G1_p5_w3_regular,G1_p2,0.0,G1,Event,1,1,3,1,0,2,0.3333333333333333,0.012191449065648034,0.020062617329591845,0.00787116826394381,0.9473684210526315,1.0
G1_p5_w3_regular,G1_p2,0.0,G1,Combined,1,1,3,1,0,2,0.3333333333333333,0.00010878946413079077,0.00018266100720001785,7.387154306922708e-05,0.9473684210526315,1.0
G1_p5_w3_regular,G1_p2,0.0,G1,Agreement,1,1,3,3,0,0,1.0,0.6129032258064516,1.0,0.3870967741935484,0.9473684210526315,1.0
G1_p5_w3_regular,G1_p2,10.0,G1,Global,0,0,0,0,0,0,,0.00023752029795081595,0.0004329588642096489,0.00019543856625883294,1.0,1.0
G1_p5_w3_regular,G1_p2,10.0,G1,Event,0,0,0,0,0,0,,0.0036317172630213417,0.006629524474634083,0.0029978072116127416,1.0,1.0
G1_p5_w3_regular,G1_p2,10.0,G1,Combined,0,0,0,0,0,0,,0.0003102182778430763,0.0003558390500410664,4.562077219799008e-05,1.0,1.0
G1_p5_w3_regular,G1_p2,10.0,G1,Agreement,0,0,0,0,0,0,,0.04347826086956519,0.10204081632653061,0.058562555456965426,1.0,1.0
G1_p5_w3_regular,G1_p2,20.0,G1,Global,0,0,0,0,0,0,,0.00035684881031951266,0.0003866181449077282,2.976933458821555e-05,1.0,1.0
G1_p5_w3_regular,G1_p2,20.0,G1,Event,0,0,0,0,0,0,,0.002141791029679404,0.002707082531236794,0.0005652915015573901,1.0,1.0
G1_p5_w3_regular,G1_p2,20.0,G1,Combined,0,0,0,0,0,0,,0.00024308759920214557,0.00027914790992717255,3.6060310725026984e-05,1.0,1.0
G1_p5_w3_regular,G1_p2,20.0,G1,Agreement,0,0,0,0,0,0,,0.0,0.04347826086956519,0.04347826086956519,1.0,1.0
G1_p5_w3_regular,G1_p3,-5.0,G1,Global,1,1,3,2,0,1,0.6666666666666666,0.0030997778765776487,0.007011948238812382,0.003912170362234733,0.9230769230769231,0.972972972972973
G1_p5_w3_regular,G1_p3,-5.0,G1,Event,1,1,3,3,0,0,1.0,0.19300965865976535,0.4971517173452109,0.3041420586854455,0.9230769230769231,0.972972972972973
G1_p5_w3_regular,G1_p3,-5.0,G1,Combined,1,1,3,1,0,2,0.3333333333333333,0.004292561300883896,0.010183232673268447,0.00589067137238455,0.9230769230769231,0.972972972972973
G1_p5_w3_regular,G1_p3,-5.0,G1,Agreement,1,1,3,1,0,2,0.3333333333333333,0.8571428571428572,1.0,0.1428571428571428,0.9230769230769231,0.972972972972973
G1_p5_w3_regular,G1_p3,0.0,G1,Global,0,0,0,0,0,0,,0.00014492332979331845,0.00037543353820146077,0.00023051020840814232,1.0,1.0
G1_p5_w3_regular,G1_p3,0.0,G1,Event,0,0,0,0,0,0,,0.0017726348150536462,0.005090980617909246,0.003318345802855599,1.0,1.0
G1_p5_w3_regular,G1_p3,0.0,G1,Combined,0,0,0,0,0,0,,7.898726619844524e-05,0.00017749367887981565,9.850641268137041e-05,1.0,1.0
G1_p5_w3_regular,G1_p3,0.0,G1,Agreement,0,0,0,0,0,0,,0.8461538461538461,1.0,0.15384615384615385,1.0,1.0
G1_p5_w3_regular,G1_p3,10.0,G1,Global,0,0,0,0,0,0,,0.0003814731371191343,0.0006783684159864305,0.00029689527886729615,1.0,1.0
G1_p5_w3_regular,G1_p3,10.0,G1,Event,0,0,0,0,0,0,,0.0028157066985083673,0.005045729422640362,0.0022300227241319943,1.0,1.0
G1_p5_w3_regular,G1_p3,10.0,G1,Combined,0,0,0,0,0,0,,0.0004129287380202131,0.0008784290756064382,0.0004655003375862251,1.0,1.0
G1_p5_w3_regular,G1_p3,10.0,G1,Agreement,0,0,0,0,0,0,,0.04347826086956519,0.1063829787234043,0.06290471785383911,1.0,1.0
G1_p5_w3_regular,G1_p3,20.0,G1,Global,0,0,0,0,0,0,,0.0004369892685517396,0.0004992436179625919,6.225434941085233e-05,1.0,1.0
G1_p5_w3_regular,G1_p3,20.0,G1,Event,0,0,0,0,0,0,,0.0020485220681044757,0.0021742525195476993,0.00012573045144322363,1.0,1.0
G1_p5_w3_regular,G1_p3,20.0,G1,Combined,0,0,0,0,0,0,,0.000291805296325903,0.0003131051794822847,2.12998831563817e-05,1.0,1.0
G1_p5_w3_regular,G1_p3,20.0,G1,Agreement,0,0,0,0,0,0,,0.022222222222222254,0.04347826086956519,0.021256038647342934,1.0,1.0
G1_p5_w3_regular,G1_p4,-5.0,G1,Global,4,0,0,0,0,0,,0.9998646943269033,0.9999704117936685,0.00010571746676524274,0.35294117647058826,0.4
G1_p5_w3_regular,G1_p4,-5.0,G1,Event,4,0,0,0,0,0,,0.9998070155546955,0.9999986002108073,0.00019158465611179842,0.35294117647058826,0.4
G1_p5_w3_regular,G1_p4,-5.0,G1,Combined,4,0,0,0,0,0,,0.9999935277513636,0.9999994651801756,5.937428811941814e-06,0.35294117647058826,0.4
G1_p5_w3_regular,G1_p4,-5.0,G1,Agreement,4,0,0,0,0,0,,0.4838709677419355,0.75,0.2661290322580645,0.35294117647058826,0.4
G1_p5_w3_regular,G1_p4,0.0,G1,Global,4,0,0,0,0,0,,0.8049407342233312,0.971561654873975,0.1666209206506437,0.717948717948718,0.8292682926829268
G1_p5_w3_regular,G1_p4,0.0,G1,Event,4,0,0,0,0,0,,0.7932284352407222,0.9486698098924449,0.1554413746517227,0.717948717948718,0.8292682926829268
G1_p5_w3_regular,G1_p4,0.0,G1,Combined,4,0,0,0,0,0,,0.9448168564003399,0.9816005688648073,0.03678371246446743,0.717948717948718,0.8292682926829268
G1_p5_w3_regular,G1_p4,0.0,G1,Agreement,4,0,0,0,0,0,,0.3214285714285714,0.4893617021276596,0.16793313069908822,0.717948717948718,0.8292682926829268
G1_p5_w3_regular,G1_p4,10.0,G1,Global,0,0,0,0,0,0,,0.0010456405661564223,0.0036159470122617723,0.00257030644610535,1.0,1.0
G1_p5_w3_regular,G1_p4,10.0,G1,Event,0,0,0,0,0,0,,0.003690450632622355,0.005842069282168483,0.002151618649546128,1.0,1.0
G1_p5_w3_regular,G1_p4,10.0,G1,Combined,0,0,0,0,0,0,,0.0009287488533664405,0.0013980243438456656,0.00046927549047922506,1.0,1.0
G1_p5_w3_regular,G1_p4,10.0,G1,Agreement,0,0,0,0,0,0,,0.04347826086956519,0.10204081632653061,0.058562555456965426,1.0,1.0
G1_p5_w3_regular,G1_p4,20.0,G1,Global,0,0,0,0,0,0,,0.0003905829721002126,0.0006022979147144878,0.00021171494261427515,1.0,1.0
G1_p5_w3_regular,G1_p4,20.0,G1,Event,0,0,0,0,0,0,,0.0022317003246518077,0.0025370273991692257,0.00030532707451741805,1.0,1.0
G1_p5_w3_regular,G1_p4,20.0,G1,Combined,0,0,0,0,0,0,,0.0002644739006127278,0.000340040267155146,7.556636654241822e-05,1.0,1.0
G1_p5_w3_regular,G1_p4,20.0,G1,Agreement,0,0,0,0,0,0,,0.0,0.022222222222222254,0.022222222222222254,1.0,1.0
G1_p5_w3_variable,G1_p1,-5.0,G1,Global,4,0,0,0,0,0,,0.9923962244443476,0.9975000415247944,0.005103817080446826,0.7391304347826086,0.9047619047619048
G1_p5_w3_variable,G1_p1,-5.0,G1,Event,4,0,0,0,0,0,,0.9931866672316302,0.9992991159991849,0.006112448767554679,0.7391304347826086,0.9047619047619048
G1_p5_w3_variable,G1_p1,-5.0,G1,Combined,4,0,0,0,0,0,,0.9608813925089837,0.9928489836403319,0.03196759113134817,0.7391304347826086,0.9047619047619048
G1_p5_w3_variable,G1_p1,-5.0,G1,Agreement,4,0,0,0,0,0,,0.4893617021276596,0.5555555555555556,0.06619385342789597,0.7391304347826086,0.9047619047619048
G1_p5_w3_variable,G1_p1,0.0,G1,Global,1,1,3,0,0,3,0.0,0.8153785530833668,0.9069906632865751,0.09161211020320825,0.9047619047619048,1.0
G1_p5_w3_variable,G1_p1,0.0,G1,Event,1,1,3,3,0,0,1.0,0.07774948290799673,0.9604720767508522,0.8827225938428555,0.9047619047619048,1.0
G1_p5_w3_variable,G1_p1,0.0,G1,Combined,1,1,3,3,0,0,1.0,0.14998600677481597,0.9167133482707759,0.7667273414959599,0.9047619047619048,1.0
G1_p5_w3_variable,G1_p1,0.0,G1,Agreement,1,1,3,0,0,3,0.0,0.09090909090909094,0.18518518518518523,0.09427609427609429,0.9047619047619048,1.0
G1_p5_w3_variable,G1_p1,10.0,G1,Global,0,0,0,0,0,0,,0.0014544528492148043,0.0023962124309275007,0.0009417595817126964,1.0,1.0
G1_p5_w3_variable,G1_p1,10.0,G1,Event,0,0,0,0,0,0,,0.0032700496771143586,0.004076458275090107,0.0008064085979757481,1.0,1.0
G1_p5_w3_variable,G1_p1,10.0,G1,Combined,0,0,0,0,0,0,,0.0006482802725104644,0.000787382305483358,0.00013910203297289362,1.0,1.0
G1_p5_w3_variable,G1_p1,10.0,G1,Agreement,0,0,0,0,0,0,,0.0,0.04166666666666663,0.04166666666666663,1.0,1.0
G1_p5_w3_variable,G1_p1,20.0,G1,Global,0,0,0,0,0,0,,0.0004888448676876147,0.0005780292864404045,8.918441875278979e-05,1.0,1.0
G1_p5_w3_variable,G1_p1,20.0,G1,Event,0,0,0,0,0,0,,0.0023502586419355334,0.002386510645753365,3.625200381783154e-05,1.0,1.0
G1_p5_w3_variable,G1_p1,20.0,G1,Combined,0,0,0,0,0,0,,0.0003195474156154948,0.0003262033881111387,6.655972495643906e-06,1.0,1.0
G1_p5_w3_variable,G1_p1,20.0,G1,Agreement,0,0,0,0,0,0,,0.0,0.0,0.0,1.0,1.0
G1_p5_w3_variable,G1_p2,-5.0,G1,Global,4,0,0,0,0,0,,0.008103305790401557,0.03121299614835372,0.023109690357952163,0.85,0.926829268292683
G1_p5_w3_variable,G1_p2,-5.0,G1,Event,4,0,0,0,0,0,,0.2611047142855436,0.8017731700852087,0.540668455799665,0.85,0.926829268292683
G1_p5_w3_variable,G1_p2,-5.0,G1,Combined,4,0,0,0,0,0,,0.0010599456091778775,0.012997907879790717,0.01193796227061284,0.85,0.926829268292683
G1_p5_w3_variable,G1_p2,-5.0,G1,Agreement,4,0,0,0,0,0,,0.8181818181818181,1.0,0.18181818181818188,0.85,0.926829268292683
G1_p5_w3_variable,G1_p2,0.0,G1,Global,1,1,3,1,0,2,0.3333333333333333,0.0004071249819202636,0.001819533525935224,0.0014124085440149604,0.9473684210526315,1.0
G1_p5_w3_variable,G1_p2,0.0,G1,Event,1,1,3,0,0,3,0.0,0.006640275746211819,0.03686838093336736,0.030228105187155543,0.9473684210526315,1.0
G1_p5_w3_variable,G1_p2,0.0,G1,Combined,1,1,3,1,0,2,0.3333333333333333,6.291489945511561e-05,0.0007380318499607302,0.0006751169505056146,0.9473684210526315,1.0
G1_p5_w3_variable,G1_p2,0.0,G1,Agreement,1,1,3,2,1,0,0.8333333333333334,0.8709677419354839,1.0,0.12903225806451613,0.9473684210526315,1.0
G1_p5_w3_variable,G1_p2,10.0,G1,Global,0,0,0,0,0,0,,0.00040645144569818165,0.0005997702745987405,0.0001933188289005588,1.0,1.0
G1_p5_w3_variable,G1_p2,10.0,G1,Event,0,0,0,0,0,0,,0.0034558648617839826,0.004741003251867449,0.0012851383900834667,1.0,1.0
G1_p5_w3_variable,G1_p2,10.0,G1,Combined,0,0,0,0,0,0,,0.000343053876278776,0.0005306068336572146,0.00018755295737843863,1.0,1.0
G1_p5_w3_variable,G1_p2,10.0,G1,Agreement,0,0,0,0,0,0,,0.10204081632653061,0.13725490196078427,0.035214085634253656,1.0,1.0
G1_p5_w3_variable,G1_p2,20.0,G1,Global,0,0,0,0,0,0,,0.0004920787814297183,0.0005565473361147405,6.446855468502223e-05,1.0,1.0
G1_p5_w3_variable,G1_p2,20.0,G1,Event,0,0,0,0,0,0,,0.002215573626935179,0.00260456111372376,0.00038898748678858116,1.0,1.0
G1_p5_w3_variable,G1_p2,20.0,G1,Combined,0,0,0,0,0,0,,0.0003136213094460344,0.0003755696214805396,6.19483120345052e-05,1.0,1.0
G1_p5_w3_variable,G1_p2,20.0,G1,Agreement,0,0,0,0,0,0,,0.0,0.04166666666666663,0.04166666666666663,1.0,1.0
G1_p5_w3_variable,G1_p3,-5.0,G1,Global,0,0,0,0,0,0,,0.0014285898302205753,0.007208078880736002,0.0057794890505154265,0.95,1.0
G1_p5_w3_variable,G1_p3,-5.0,G1,Event,0,0,0,0,0,0,,0.041544813802880276,0.27102386056137495,0.22947904675849468,0.95,1.0
G1_p5_w3_variable,G1_p3,-5.0,G1,Combined,0,0,0,0,0,0,,0.002089540980984544,0.004833715357108819,0.002744174376124275,0.95,1.0
G1_p5_w3_variable,G1_p3,-5.0,G1,Agreement,0,0,0,0,0,0,,0.8571428571428572,1.0,0.1428571428571428,0.95,1.0
G1_p5_w3_variable,G1_p3,0.0,G1,Global,0,0,0,0,0,0,,0.00014614329455535995,0.0004641949240968213,0.00031805162954146135,1.0,1.0
G1_p5_w3_variable,G1_p3,0.0,G1,Event,0,0,0,0,0,0,,0.001191466541062853,0.003536048927568387,0.002344582386505534,1.0,1.0
G1_p5_w3_variable,G1_p3,0.0,G1,Combined,0,0,0,0,0,0,,6.031913302083809e-05,0.00010554032882794177,4.5221195807103685e-05,1.0,1.0
G1_p5_w3_variable,G1_p3,0.0,G1,Agreement,0,0,0,0,0,0,,0.8571428571428572,1.0,0.1428571428571428,1.0,1.0
G1_p5_w3_variable,G1_p3,10.0,G1,Global,0,0,0,0,0,0,,0.0005264566746965213,0.0006843047875094951,0.00015784811281297374,1.0,1.0
G1_p5_w3_variable,G1_p3,10.0,G1,Event,0,0,0,0,0,0,,0.0022738630724678096,0.004523862483803264,0.0022499994113354543,1.0,1.0
G1_p5_w3_variable,G1_p3,10.0,G1,Combined,0,0,0,0,0,0,,0.000503907285590164,0.0007366997332179519,0.00023279244762778792,1.0,1.0
G1_p5_w3_variable,G1_p3,10.0,G1,Agreement,0,0,0,0,0,0,,0.061224489795918324,0.125,0.06377551020408168,1.0,1.0
G1_p5_w3_variable,G1_p3,20.0,G1,Global,0,0,0,0,0,0,,0.000526437116839512,0.0006032629305648353,7.682581372532333e-05,1.0,1.0
G1_p5_w3_variable,G1_p3,20.0,G1,Event,0,0,0,0,0,0,,0.002047092555015687,0.00239560470726453,0.0003485121522488429,1.0,1.0
G1_p5_w3_variable,G1_p3,20.0,G1,Combined,0,0,0,0,0,0,,0.0003311886919004782,0.0003974113277341166,6.62226358336384e-05,1.0,1.0
G1_p5_w3_variable,G1_p3,20.0,G1,Agreement,0,0,0,0,0,0,,0.0,0.04166666666666663,0.04166666666666663,1.0,1.0
G1_p5_w3_variable,G1_p4,-5.0,G1,Global,4,0,0,0,0,0,,0.9998270050918848,0.9999743967039753,0.0001473916120904306,0.25806451612903225,0.5641025641025641
G1_p5_w3_variable,G1_p4,-5.0,G1,Event,4,0,0,0,0,0,,0.9998972654236076,0.9999994114943747,0.00010214607076708404,0.25806451612903225,0.5641025641025641
G1_p5_w3_variable,G1_p4,-5.0,G1,Combined,4,0,0,0,0,0,,0.9999947942142622,0.9999998339436242,5.039729362055212e-06,0.25806451612903225,0.5641025641025641
G1_p5_w3_variable,G1_p4,-5.0,G1,Agreement,4,0,0,0,0,0,,0.5714285714285714,0.7222222222222222,0.1507936507936508,0.25806451612903225,0.5641025641025641
G1_p5_w3_variable,G1_p4,0.0,G1,Global,4,0,0,0,0,0,,0.7226441245331156,0.9519806509401789,0.22933652640706337,0.7441860465116279,0.8571428571428571
G1_p5_w3_variable,G1_p4,0.0,G1,Event,4,0,0,0,0,0,,0.8434166692917069,0.9065112350561015,0.06309456576439465,0.7441860465116279,0.8571428571428571
G1_p5_w3_variable,G1_p4,0.0,G1,Combined,4,0,0,0,0,0,,0.9166219290759231,0.9743488562969835,0.05772692722106043,0.7441860465116279,0.8571428571428571
G1_p5_w3_variable,G1_p4,0.0,G1,Agreement,4,0,0,0,0,0,,0.35593220338983056,0.625,0.26906779661016944,0.7441860465116279,0.8571428571428571
G1_p5_w3_variable,G1_p4,10.0,G1,Global,0,0,0,0,0,0,,0.0013857054672826539,0.0029541986952142892,0.0015684932279316354,1.0,1.0
G1_p5_w3_variable,G1_p4,10.0,G1,Event,0,0,0,0,0,0,,0.003762070912458755,0.007520829703374125,0.00375875879091537,1.0,1.0
G1_p5_w3_variable,G1_p4,10.0,G1,Combined,0,0,0,0,0,0,,0.0010491704399021474,0.002060877969061333,0.0010117075291591856,1.0,1.0
G1_p5_w3_variable,G1_p4,10.0,G1,Agreement,0,0,0,0,0,0,,0.061224489795918324,0.11538461538461542,0.054160125588697094,1.0,1.0
G1_p5_w3_variable,G1_p4,20.0,G1,Global,0,0,0,0,0,0,,0.0005502565327781568,0.0007246028894654803,0.00017434635668732348,1.0,1.0
G1_p5_w3_variable,G1_p4,20.0,G1,Event,0,0,0,0,0,0,,0.0022426154175057074,0.002600012022691734,0.00035739660518602657,1.0,1.0
G1_p5_w3_variable,G1_p4,20.0,G1,Combined,0,0,0,0,0,0,,0.0003474041921715008,0.00043170996595802826,8.430577378652743e-05,1.0,1.0
G1_p5_w3_variable,G1_p4,20.0,G1,Agreement,0,0,0,0,0,0,,0.0,0.021276595744680882,0.021276595744680882,1.0,1.0
G2_p0_w0_regular,G2_p1,-5.0,G2,Global,3,1,3,1,0,2,0.3333333333333333,0.9727064701817846,0.9913222683823913,0.01861579820060677,0.8076923076923077,0.9523809523809523
G2_p0_w0_regular,G2_p1,-5.0,G2,Event,3,1,3,0,0,3,0.0,0.9941343291196414,0.99989943485241,0.005765105732768561,0.8076923076923077,0.9523809523809523
G2_p0_w0_regular,G2_p1,-5.0,G2,Combined,3,1,3,0,0,3,0.0,0.959134592466874,0.9997232607881223,0.0405886683212483,0.8076923076923077,0.9523809523809523
G2_p0_w0_regular,G2_p1,-5.0,G2,Agreement,3,1,3,0,0,3,0.0,0.4,0.5428571428571429,0.1428571428571429,0.8076923076923077,0.9523809523809523
G2_p0_w0_regular,G2_p1,0.0,G2,Global,3,1,3,1,0,2,0.3333333333333333,0.12640931855676887,0.3128479998050751,0.18643868124830623,0.9130434782608695,1.0
G2_p0_w0_regular,G2_p1,0.0,G2,Event,3,1,3,0,0,3,0.0,0.02732243709375791,0.6837967156331729,0.656474278539415,0.9130434782608695,1.0
G2_p0_w0_regular,G2_p1,0.0,G2,Combined,3,1,3,0,0,3,0.0,0.010588944393373642,0.4638265057474411,0.45323756135406745,0.9130434782608695,1.0
G2_p0_w0_regular,G2_p1,0.0,G2,Agreement,3,1,3,3,0,0,1.0,0.10204081632653061,0.31034482758620685,0.20830401125967624,0.9130434782608695,1.0
G2_p0_w0_regular,G2_p1,10.0,G2,Global,0,0,0,0,0,0,,0.0007333829747529592,0.0010964063538927249,0.00036302337913976567,1.0,1.0
G2_p0_w0_regular,G2_p1,10.0,G2,Event,0,0,0,0,0,0,,0.0007655693467433184,0.0009900775377775066,0.00022450819103418814,1.0,1.0
G2_p0_w0_regular,G2_p1,10.0,G2,Combined,0,0,0,0,0,0,,0.0004923405482786684,0.0008328652752928853,0.0003405247270142169,1.0,1.0
G2_p0_w0_regular,G2_p1,10.0,G2,Agreement,0,0,0,0,0,0,,0.07692307692307687,0.12727272727272732,0.05034965034965044,1.0,1.0
G2_p0_w0_regular,G2_p1,20.0,G2,Global,0,0,0,0,0,0,,0.00038070587008988237,0.0004257640085608777,4.505813847099536e-05,1.0,1.0
G2_p0_w0_regular,G2_p1,20.0,G2,Event,0,0,0,0,0,0,,0.0004936781349497525,0.0005745256346109085,8.084749966115598e-05,1.0,1.0
G2_p0_w0_regular,G2_p1,20.0,G2,Combined,0,0,0,0,0,0,,0.00048368663727111917,0.0005208877797458309,3.7201142474711714e-05,1.0,1.0
G2_p0_w0_regular,G2_p1,20.0,G2,Agreement,0,0,0,0,0,0,,0.0,0.05882352941176472,0.05882352941176472,1.0,1.0
G2_p0_w0_regular,G2_p2,-5.0,G2,Global,3,1,3,2,0,1,0.6666666666666666,0.37533535736522705,0.5782560561864027,0.2029206988211757,0.8837209302325582,0.9767441860465116
G2_p0_w0_regular,G2_p2,-5.0,G2,Event,3,1,3,3,0,0,1.0,0.06183822142151682,0.3638736867199287,0.30203546529841185,0.8837209302325582,0.9767441860465116
G2_p0_w0_regular,G2_p2,-5.0,G2,Combined,3,1,3,3,0,0,1.0,0.08561113169934932,0.302980037351618,0.21736890565226868,0.8837209302325582,0.9767441860465116
G2_p0_w0_regular,G2_p2,-5.0,G2,Agreement,3,1,3,0,0,3,0.0,0.7297297297297297,0.8378378378378378,0.10810810810810811,0.8837209302325582,0.9767441860465116
G2_p0_w0_regular,G2_p2,0.0,G2,Global,0,0,0,0,0,0,,0.006614659052496078,0.010448826393875845,0.0038341673413797668,0.9767441860465116,1.0
G2_p0_w0_regular,G2_p2,0.0,G2,Event,0,0,0,0,0,0,,0.0033305407350533688,0.007754720972140384,0.004424180237087016,0.9767441860465116,1.0
G2_p0_w0_regular,G2_p2,0.0,G2,Combined,0,0,0,0,0,0,,0.0022624106604965995,0.005153372990532797,0.0028909623300361975,0.9767441860465116,1.0
G2_p0_w0_regular,G2_p2,0.0,G2,Agreement,0,0,0,0,0,0,,0.6842105263157895,0.8918918918918919,0.2076813655761024,0.9767441860465116,1.0
G2_p0_w0_regular,G2_p2,10.0,G2,Global,0,0,0,0,0,0,,0.001200925282814098,0.0020164136769298692,0.0008154883941157713,1.0,1.0
G2_p0_w0_regular,G2_p2,10.0,G2,Event,0,0,0,0,0,0,,0.0010385268914075189,0.0012596432408594766,0.00022111634945195776,1.0,1.0
G2_p0_w0_regular,G2_p2,10.0,G2,Combined,0,0,0,0,0,0,,0.0008850858875208915,0.0010259372645048505,0.00014085137698395902,1.0,1.0
G2_p0_w0_regular,G2_p2,10.0,G2,Agreement,0,0,0,0,0,0,,0.13725490196078427,0.24137931034482762,0.10412440838404335,1.0,1.0
G2_p0_w0_regular,G2_p2,20.0,G2,Global,0,0,0,0,0,0,,0.00042466270937745795,0.0006162803980161766,0.00019161768863871869,1.0,1.0
G2_p0_w0_regular,G2_p2,20.0,G2,Event,0,0,0,0,0,0,,0.0005213460881166058,0.0006236765343896723,0.00010233044627306644,1.0,1.0
G2_p0_w0_regular,G2_p2,20.0,G2,Combined,0,0,0,0,0,0,,0.0005147612878774105,0.0005754821662523931,6.072087837498267e-05,1.0,1.0
G2_p0_w0_regular,G2_p2,20.0,G2,Agreement,0,0,0,0,0,0,,0.040000000000000036,0.09433962264150941,0.05433962264150938,1.0,1.0
G2_p0_w0_regular,G2_p3,-5.0,G2,Global,4,0,0,0,0,0,,0.8751943039648425,0.9199476612113348,0.04475335724649221,0.8636363636363636,0.9130434782608695
G2_p0_w0_regular,G2_p3,-5.0,G2,Event,4,0,0,0,0,0,,0.9851769661965722,0.9934459944995275,0.008269028302955284,0.8636363636363636,0.9130434782608695
G2_p0_w0_regular,G2_p3,-5.0,G2,Combined,4,0,0,0,0,0,,0.8895727486913766,0.97555635921297,0.08598361052159342,0.8636363636363636,0.9130434782608695
G2_p0_w0_regular,G2_p3,-5.0,G2,Agreement,4,0,0,0,0,0,,0.7142857142857143,0.8536585365853658,0.13937282229965153,0.8636363636363636,0.9130434782608695
G2_p0_w0_regular,G2_p3,0.0,G2,Global,0,0,0,0,0,0,,0.04733543231144004,0.056869570742510436,0.0095341384310704,0.9767441860465116,1.0
G2_p0_w0_regular,G2_p3,0.0,G2,Event,0,0,0,0,0,0,,0.012325594538065667,0.07140837099180093,0.05908277645373526,0.9767441860465116,1.0
G2_p0_w0_regular,G2_p3,0.0,G2,Combined,0,0,0,0,0,0,,0.003978531465009747,0.020905195612752718,0.01692666414774297,0.9767441860465116,1.0
G2_p0_w0_regular,G2_p3,0.0,G2,Agreement,0,0,0,0,0,0,,0.7272727272727273,0.8888888888888888,0.16161616161616155,0.9767441860465116,1.0
G2_p0_w0_regular,G2_p3,10.0,G2,Global,0,0,0,0,0,0,,0.0011327215693143506,0.0014188161752140187,0.0002860946058996681,1.0,1.0
G2_p0_w0_regular,G2_p3,10.0,G2,Event,0,0,0,0,0,0,,0.0008930232661216259,0.0011683868120394808,0.0002753635459178549,1.0,1.0
G2_p0_w0_regular,G2_p3,10.0,G2,Combined,0,0,0,0,0,0,,0.000780825539775825,0.0010072342707752003,0.00022640873099937528,1.0,1.0
G2_p0_w0_regular,G2_p3,10.0,G2,Agreement,0,0,0,0,0,0,,0.07999999999999996,0.19298245614035092,0.11298245614035096,1.0,1.0
G2_p0_w0_regular,G2_p3,20.0,G2,Global,0,0,0,0,0,0,,0.0003946903135150808,0.0004537239599133926,5.903364639831178e-05,1.0,1.0
G2_p0_w0_regular,G2_p3,20.0,G2,Event,0,0,0,0,0,0,,0.0004980948889358506,0.0005973817591226535,9.92868701868029e-05,1.0,1.0
G2_p0_w0_regular,G2_p3,20.0,G2,Combined,0,0,0,0,0,0,,0.0004662558921412901,0.0005300187662943914,6.376287415310128e-05,1.0,1.0
G2_p0_w0_regular,G2_p3,20.0,G2,Agreement,0,0,0,0,0,0,,0.0,0.09433962264150941,0.09433962264150941,1.0,1.0
G2_p0_w0_regular,G2_p4,-5.0,G2,Global,4,0,0,0,0,0,,0.9999997025444033,0.9999999278255537,2.2528115040110208e-07,0.25806451612903225,0.6
G2_p0_w0_regular,G2_p4,-5.0,G2,Event,4,0,0,0,0,0,,0.9329146908918473,0.9999156528328601,0.0670009619410128,0.25806451612903225,0.6
G2_p0_w0_regular,G2_p4,-5.0,G2,Combined,4,0,0,0,0,0,,0.9999061418559381,0.9999997412130451,9.35993571070659e-05,0.25806451612903225,0.6
G2_p0_w0_regular,G2_p4,-5.0,G2,Agreement,4,0,0,0,0,0,,0.4736842105263158,0.6296296296296297,0.15594541910331383,0.25806451612903225,0.6
G2_p0_w0_regular,G2_p4,0.0,G2,Global,4,0,0,0,0,0,,0.9972064358327738,0.9996697661481941,0.0024633303154203423,0.7906976744186046,0.8260869565217391
G2_p0_w0_regular,G2_p4,0.0,G2,Event,4,0,0,0,0,0,,0.6882977731727369,0.8731235811634381,0.18482580799070125,0.7906976744186046,0.8260869565217391
G2_p0_w0_regular,G2_p4,0.0,G2,Combined,4,0,0,0,0,0,,0.98202507126107,0.9943007094620027,0.012275638200932693,0.7906976744186046,0.8260869565217391
G2_p0_w0_regular,G2_p4,0.0,G2,Agreement,4,0,0,0,0,0,,0.5,0.782608695652174,0.28260869565217395,0.7906976744186046,0.8260869565217391
G2_p0_w0_regular,G2_p4,10.0,G2,Global,0,0,0,0,0,0,,0.009671140994352583,0.06112074274756912,0.05144960175321654,1.0,1.0
G2_p0_w0_regular,G2_p4,10.0,G2,Event,0,0,0,0,0,0,,0.0016999296421883459,0.0031809984866564803,0.0014810688444681344,1.0,1.0
G2_p0_w0_regular,G2_p4,10.0,G2,Combined,0,0,0,0,0,0,,0.0030132541334357927,0.005782394464268277,0.0027691403308324845,1.0,1.0
G2_p0_w0_regular,G2_p4,10.0,G2,Agreement,0,0,0,0,0,0,,0.12727272727272732,0.19999999999999996,0.07272727272727264,1.0,1.0
G2_p0_w0_regular,G2_p4,20.0,G2,Global,0,0,0,0,0,0,,0.0004933798186049926,0.0011426665343080569,0.0006492867157030643,1.0,1.0
G2_p0_w0_regular,G2_p4,20.0,G2,Event,0,0,0,0,0,0,,0.0005530313310736003,0.0005897056552433057,3.66743241697054e-05,1.0,1.0
G2_p0_w0_regular,G2_p4,20.0,G2,Combined,0,0,0,0,0,0,,0.000572017156337162,0.0007661855311909494,0.00019416837485378732,1.0,1.0
G2_p0_w0_regular,G2_p4,20.0,G2,Agreement,0,0,0,0,0,0,,0.05882352941176472,0.07692307692307687,0.018099547511312153,1.0,1.0
G2_p0_w0_variable,G2_p1,-5.0,G2,Global,4,0,0,0,0,0,,0.9565837796677756,0.9875412605691472,0.030957480901371515,0.72,0.8780487804878049
G2_p0_w0_variable,G2_p1,-5.0,G2,Event,4,0,0,0,0,0,,0.991102632513091,0.9997537743338032,0.008651141820712138,0.72,0.8780487804878049
G2_p0_w0_variable,G2_p1,-5.0,G2,Combined,4,0,0,0,0,0,,0.9565018300048922,0.9976378690397391,0.04113603903484686,0.72,0.8780487804878049
G2_p0_w0_variable,G2_p1,-5.0,G2,Agreement,4,0,0,0,0,0,,0.5,0.6666666666666667,0.16666666666666674,0.72,0.8780487804878049
G2_p0_w0_variable,G2_p1,0.0,G2,Global,3,1,3,1,0,2,0.3333333333333333,0.07901277595889769,0.1874548186247059,0.1084420426658082,0.9090909090909091,0.95
G2_p0_w0_variable,G2_p1,0.0,G2,Event,3,1,3,0,0,3,0.0,0.12451201330188984,0.3979641426273077,0.2734521293254179,0.9090909090909091,0.95
G2_p0_w0_variable,G2_p1,0.0,G2,Combined,3,1,3,0,0,3,0.0,0.048713579552552976,0.10404357429930462,0.05532999474675165,0.9090909090909091,0.95
G2_p0_w0_variable,G2_p1,0.0,G2,Agreement,3,1,3,2,0,1,0.6666666666666666,0.1071428571428571,0.2142857142857143,0.1071428571428572,0.9090909090909091,0.95
G2_p0_w0_variable,G2_p1,10.0,G2,Global,0,0,0,0,0,0,,0.0004121773308620123,0.0005898435155683774,0.00017766618470636516,1.0,1.0
G2_p0_w0_variable,G2_p1,10.0,G2,Event,0,0,0,0,0,0,,0.0007812560476944399,0.0009767303932702164,0.0001954743455757765,1.0,1.0
G2_p0_w0_variable,G2_p1,10.0,G2,Combined,0,0,0,0,0,0,,0.00047048782501133026,0.0006023805298107413,0.00013189270479941104,1.0,1.0
G2_p0_w0_variable,G2_p1,10.0,G2,Agreement,0,0,0,0,0,0,,0.07692307692307687,0.1428571428571429,0.06593406593406603,1.0,1.0
G2_p0_w0_variable,G2_p1,20.0,G2,Global,0,0,0,0,0,0,,0.00023882406961716734,0.00026769364522708286,2.8869575609915524e-05,1.0,1.0
G2_p0_w0_variable,G2_p1,20.0,G2,Event,0,0,0,0,0,0,,0.0005197805854032287,0.0005601971925681828,4.04166071649541e-05,1.0,1.0
G2_p0_w0_variable,G2_p1,20.0,G2,Combined,0,0,0,0,0,0,,0.0004179898739297162,0.0004408387532341765,2.2848879304460308e-05,1.0,1.0
G2_p0_w0_variable,G2_p1,20.0,G2,Agreement,0,0,0,0,0,0,,0.0,0.040000000000000036,0.040000000000000036,1.0,1.0
G2_p0_w0_variable,G2_p2,-5.0,G2,Global,3,1,3,0,0,3,0.0,0.2582759510315122,0.5235285273562609,0.2652525763247487,0.9047619047619048,0.9523809523809523
G2_p0_w0_variable,G2_p2,-5.0,G2,Event,3,1,3,1,0,2,0.3333333333333333,0.12490370291564382,0.5230222987324424,0.39811859581679865,0.9047619047619048,0.9523809523809523
G2_p0_w0_variable,G2_p2,-5.0,G2,Combined,3,1,3,1,0,2,0.3333333333333333,0.14755603907105347,0.31838234698444584,0.17082630791339237,0.9047619047619048,0.9523809523809523
G2_p0_w0_variable,G2_p2,-5.0,G2,Agreement,3,1,3,1,1,1,0.5,0.6666666666666667,0.7894736842105263,0.12280701754385959,0.9047619047619048,0.9523809523809523
G2_p0_w0_variable,G2_p2,0.0,G2,Global,0,0,0,0,0,0,,0.003479461216136823,0.007230603871775323,0.0037511426556385004,0.975609756097561,1.0
G2_p0_w0_variable,G2_p2,0.0,G2,Event,0,0,0,0,0,0,,0.00738750422187742,0.016498256274602347,0.009110752052724928,0.975609756097561,1.0
G2_p0_w0_variable,G2_p2,0.0,G2,Combined,0,0,0,0,0,0,,0.002783414524977515,0.006438915824045985,0.00365550129906847,0.975609756097561,1.0
G2_p0_w0_variable,G2_p2,0.0,G2,Agreement,0,0,0,0,0,0,,0.631578947368421,0.7222222222222222,0.09064327485380119,0.975609756097561,1.0
G2_p0_w0_variable,G2_p2,10.0,G2,Global,0,0,0,0,0,0,,0.0005123856056997228,0.0010393543342350254,0.0005269687285353027,1.0,1.0
G2_p0_w0_variable,G2_p2,10.0,G2,Event,0,0,0,0,0,0,,0.0012787384075164995,0.001527916448366421,0.0002491780408499216,1.0,1.0
G2_p0_w0_variable,G2_p2,10.0,G2,Combined,0,0,0,0,0,0,,0.0007734731973232899,0.0009878095852084955,0.0002143363878852056,1.0,1.0
G2_p0_w0_variable,G2_p2,10.0,G2,Agreement,0,0,0,0,0,0,,0.09433962264150941,0.16981132075471694,0.07547169811320753,1.0,1.0
G2_p0_w0_variable,G2_p2,20.0,G2,Global,0,0,0,0,0,0,,0.0002373767393148354,0.000355609307010087,0.00011823256769525161,1.0,1.0
G2_p0_w0_variable,G2_p2,20.0,G2,Event,0,0,0,0,0,0,,0.0005512166552797587,0.0006433666013426392,9.214994606288052e-05,1.0,1.0
G2_p0_w0_variable,G2_p2,20.0,G2,Combined,0,0,0,0,0,0,,0.00041656521150449825,0.000484792688745284,6.822747724078576e-05,1.0,1.0
G2_p0_w0_variable,G2_p2,20.0,G2,Agreement,0,0,0,0,0,0,,0.020408163265306145,0.07692307692307687,0.05651491365777073,1.0,1.0
G2_p0_w0_variable,G2_p3,-5.0,G2,Global,3,1,3,3,0,0,1.0,0.8863268924941274,0.9245288139337461,0.03820192143961865,0.8444444444444444,0.975609756097561
G2_p0_w0_variable,G2_p3,-5.0,G2,Event,3,1,3,3,0,0,1.0,0.7989175494343254,0.9921896203754884,0.19327207094116305,0.8444444444444444,0.975609756097561
G2_p0_w0_variable,G2_p3,-5.0,G2,Combined,3,1,3,3,0,0,1.0,0.3959815999175501,0.9812715180855901,0.58528991816804,0.8444444444444444,0.975609756097561
G2_p0_w0_variable,G2_p3,-5.0,G2,Agreement,3,1,3,3,0,0,1.0,0.641025641025641,0.9487179487179487,0.3076923076923077,0.8444444444444444,0.975609756097561
G2_p0_w0_variable,G2_p3,0.0,G2,Global,0,0,0,0,0,0,,0.042484924456325804,0.06415899548517447,0.021674071028848663,0.9523809523809523,1.0
G2_p0_w0_variable,G2_p3,0.0,G2,Event,0,0,0,0,0,0,,0.01634265564803252,0.16050888365232074,0.14416622800428822,0.9523809523809523,1.0
G2_p0_w0_variable,G2_p3,0.0,G2,Combined,0,0,0,0,0,0,,0.0037517211812907424,0.03718220143471722,0.03343048025342647,0.9523809523809523,1.0
G2_p0_w0_variable,G2_p3,0.0,G2,Agreement,0,0,0,0,0,0,,0.5384615384615384,0.85,0.31153846153846154,0.9523809523809523,1.0
G2_p0_w0_variable,G2_p3,10.0,G2,Global,0,0,0,0,0,0,,0.0008368179277957043,0.0011938029721673476,0.0003569850443716433,1.0,1.0
G2_p0_w0_variable,G2_p3,10.0,G2,Event,0,0,0,0,0,0,,0.0008279860990023965,0.001271752414724586,0.00044376631572218945,1.0,1.0
G2_p0_w0_variable,G2_p3,10.0,G2,Combined,0,0,0,0,0,0,,0.0007133337960803898,0.0008731215935506566,0.0001597877974702668,1.0,1.0
G2_p0_w0_variable,G2_p3,10.0,G2,Agreement,0,0,0,0,0,0,,0.07692307692307687,0.23636363636363633,0.15944055944055946,1.0,1.0
G2_p0_w0_variable,G2_p3,20.0,G2,Global,0,0,0,0,0,0,,0.00028152988337894056,0.0003702201405601544,8.869025718121382e-05,1.0,1.0
G2_p0_w0_variable,G2_p3,20.0,G2,Event,0,0,0,0,0,0,,0.0005432468406076172,0.000561332552518035,1.808571191041781e-05,1.0,1.0
G2_p0_w0_variable,G2_p3,20.0,G2,Combined,0,0,0,0,0,0,,0.0004003953741372296,0.0005058126493736402,0.00010541727523641055,1.0,1.0
G2_p0_w0_variable,G2_p3,20.0,G2,Agreement,0,0,0,0,0,0,,0.040000000000000036,0.040000000000000036,0.0,1.0,1.0
G2_p0_w0_variable,G2_p4,-5.0,G2,Global,4,0,0,0,0,0,,0.9999995454898251,0.9999998141185434,2.6862871838062574e-07,0.1935483870967742,0.42105263157894735
G2_p0_w0_variable,G2_p4,-5.0,G2,Event,4,0,0,0,0,0,,0.9354684179852695,0.9999508218376894,0.06448240385241988,0.1935483870967742,0.42105263157894735
G2_p0_w0_variable,G2_p4,-5.0,G2,Combined,4,0,0,0,0,0,,0.9998859300945043,0.9999989178112473,0.0001129877167429516,0.1935483870967742,0.42105263157894735
G2_p0_w0_variable,G2_p4,-5.0,G2,Agreement,4,0,0,0,0,0,,0.47058823529411764,0.6,0.12941176470588234,0.1935483870967742,0.42105263157894735
G2_p0_w0_variable,G2_p4,0.0,G2,Global,4,0,0,0,0,0,,0.9969731081693269,0.9983633013272879,0.0013901931579609617,0.6829268292682927,0.8181818181818182
G2_p0_w0_variable,G2_p4,0.0,G2,Event,4,0,0,0,0,0,,0.7956488806108204,0.9860436798923081,0.19039479928148773,0.6829268292682927,0.8181818181818182
G2_p0_w0_variable,G2_p4,0.0,G2,Combined,4,0,0,0,0,0,,0.973650310666603,0.9948873582051404,0.02123704753853739,0.6829268292682927,0.8181818181818182
G2_p0_w0_variable,G2_p4,0.0,G2,Agreement,4,0,0,0,0,0,,0.7142857142857143,0.7619047619047619,0.04761904761904756,0.6829268292682927,0.8181818181818182
G2_p0_w0_variable,G2_p4,10.0,G2,Global,0,0,0,0,0,0,,0.007760763560402485,0.01370039752521978,0.005939633964817295,1.0,1.0
G2_p0_w0_variable,G2_p4,10.0,G2,Event,0,0,0,0,0,0,,0.0014001250670662713,0.002543313967225714,0.001143188900159443,1.0,1.0
G2_p0_w0_variable,G2_p4,10.0,G2,Combined,0,0,0,0,0,0,,0.002024030306921034,0.003830636362199421,0.001806606055278387,1.0,1.0
G2_p0_w0_variable,G2_p4,10.0,G2,Agreement,0,0,0,0,0,0,,0.1923076923076923,0.2075471698113207,0.015239477503628418,1.0,1.0
G2_p0_w0_variable,G2_p4,20.0,G2,Global,0,0,0,0,0,0,,0.00037926659613506027,0.0004759009319053621,9.663433577030182e-05,1.0,1.0
G2_p0_w0_variable,G2_p4,20.0,G2,Event,0,0,0,0,0,0,,0.0005364711394521512,0.0005808188626939647,4.434772324181358e-05,1.0,1.0
G2_p0_w0_variable,G2_p4,20.0,G2,Combined,0,0,0,0,0,0,,0.0005207726391524945,0.0005360360242064879,1.5263385053993416e-05,1.0,1.0
G2_p0_w0_variable,G2_p4,20.0,G2,Agreement,0,0,0,0,0,0,,0.05882352941176472,0.11111111111111116,0.05228758169934644,1.0,1.0
G2_p0_w1_regular,G2_p1,-5.0,G2,Global,4,0,0,0,0,0,,0.9831964349162662,0.9924394517543289,0.009243016838062723,0.7,0.7916666666666666
G2_p0_w1_regular,G2_p1,-5.0,G2,Event,4,0,0,0,0,0,,0.997297244355841,0.9995625492943823,0.0022653049385412682,0.7,0.7916666666666666
G2_p0_w1_regular,G2_p1,-5.0,G2,Combined,4,0,0,0,0,0,,0.9949537039716231,0.9955997021588097,0.0006459981871865805,0.7,0.7916666666666666
G2_p0_w1_regular,G2_p1,-5.0,G2,Agreement,4,0,0,0,0,0,,0.39622641509433965,0.6097560975609756,0.21352968246663595,0.7,0.7916666666666666
G2_p0_w1_regular,G2_p1,0.0,G2,Global,3,1,3,2,0,1,0.6666666666666666,0.2851209473193727,0.5347008866781708,0.24957993935879813,0.8095238095238095,0.9523809523809523
G2_p0_w1_regular,G2_p1,0.0,G2,Event,3,1,3,3,0,0,1.0,0.16418858530072397,0.9575136771406781,0.7933250918399541,0.8095238095238095,0.9523809523809523
G2_p0_w1_regular,G2_p1,0.0,G2,Combined,3,1,3,2,0,1,0.6666666666666666,0.08046643586044272,0.8443156884250587,0.7638492525646159,0.8095238095238095,0.9523809523809523
G2_p0_w1_regular,G2_p1,0.0,G2,Agreement,3,1,3,2,0,1,0.6666666666666666,0.19999999999999996,0.21875,0.018750000000000044,0.8095238095238095,0.9523809523809523
G2_p0_w1_regular,G2_p1,10.0,G2,Global,0,0,0,0,0,0,,0.004126246522332929,0.00836382427580448,0.004237577753471552,1.0,1.0
G2_p0_w1_regular,G2_p1,10.0,G2,Event,0,0,0,0,0,0,,0.0006858842016544029,0.0008068005669963296,0.00012091636534192673,1.0,1.0
G2_p0_w1_regular,G2_p1,10.0,G2,Combined,0,0,0,0,0,0,,0.0006362430570598708,0.0008503956639019362,0.00021415260684206543,1.0,1.0
G2_p0_w1_regular,G2_p1,10.0,G2,Agreement,0,0,0,0,0,0,,0.11111111111111116,0.1724137931034483,0.06130268199233713,1.0,1.0
G2_p0_w1_regular,G2_p1,20.0,G2,Global,0,0,0,0,0,0,,0.0025730907697014195,0.003128597734569888,0.0005555069648684684,1.0,1.0
G2_p0_w1_regular,G2_p1,20.0,G2,Event,0,0,0,0,0,0,,0.00040984116466280643,0.00043274515988630255,2.2903995223496124e-05,1.0,1.0
G2_p0_w1_regular,G2_p1,20.0,G2,Combined,0,0,0,0,0,0,,0.0005172870669979488,0.0005855269282230557,6.823986122510685e-05,1.0,1.0
G2_p0_w1_regular,G2_p1,20.0,G2,Agreement,0,0,0,0,0,0,,0.1428571428571429,0.1724137931034483,0.029556650246305383,1.0,1.0
G2_p0_w1_regular,G2_p2,-5.0,G2,Global,1,1,3,3,0,0,1.0,0.24673431222930886,0.5454115966269901,0.29867728439768126,0.9302325581395349,1.0
G2_p0_w1_regular,G2_p2,-5.0,G2,Event,1,1,3,3,0,0,1.0,0.02228339814069157,0.7571405964890978,0.7348571983484062,0.9302325581395349,1.0
G2_p0_w1_regular,G2_p2,-5.0,G2,Combined,1,1,3,3,0,0,1.0,0.025100411495650496,0.6364534566590848,0.6113530451634344,0.9302325581395349,1.0
G2_p0_w1_regular,G2_p2,-5.0,G2,Agreement,1,1,3,0,0,3,0.0,0.7297297297297297,0.8333333333333334,0.10360360360360366,0.9302325581395349,1.0
G2_p0_w1_regular,G2_p2,0.0,G2,Global,0,0,0,0,0,0,,0.004534080692157574,0.014898911317109199,0.010364830624951625,0.975609756097561,1.0
G2_p0_w1_regular,G2_p2,0.0,G2,Event,0,0,0,0,0,0,,0.0031065495941006048,0.007951232188618491,0.004844682594517887,0.975609756097561,1.0
G2_p0_w1_regular,G2_p2,0.0,G2,Combined,0,0,0,0,0,0,,0.0012967311326291756,0.006459046080928299,0.005162314948299124,0.975609756097561,1.0
G2_p0_w1_regular,G2_p2,0.0,G2,Agreement,0,0,0,0,0,0,,0.7058823529411764,0.7837837837837838,0.07790143084260737,0.975609756097561,1.0
G2_p0_w1_regular,G2_p2,10.0,G2,Global,0,0,0,0,0,0,,0.002629623385396537,0.005203016353062009,0.002573392967665472,1.0,1.0
G2_p0_w1_regular,G2_p2,10.0,G2,Event,0,0,0,0,0,0,,0.0012022183611160575,0.001514223271241228,0.0003120049101251704,1.0,1.0
G2_p0_w1_regular,G2_p2,10.0,G2,Combined,0,0,0,0,0,0,,0.0007478065282288975,0.0014792387257387505,0.0007314321975098529,1.0,1.0
G2_p0_w1_regular,G2_p2,10.0,G2,Agreement,0,0,0,0,0,0,,0.07692307692307687,0.14814814814814814,0.07122507122507127,1.0,1.0
G2_p0_w1_regular,G2_p2,20.0,G2,Global,0,0,0,0,0,0,,0.0026120757840598237,0.0037437928541504966,0.0011317170700906728,1.0,1.0
G2_p0_w1_regular,G2_p2,20.0,G2,Event,0,0,0,0,0,0,,0.0004319986081724719,0.0005583920784532517,0.0001263934702807798,1.0,1.0
G2_p0_w1_regular,G2_p2,20.0,G2,Combined,0,0,0,0,0,0,,0.0005674380088902654,0.0007017319631690963,0.00013429395427883082,1.0,1.0
G2_p0_w1_regular,G2_p2,20.0,G2,Agreement,0,0,0,0,0,0,,0.07692307692307687,0.21311475409836067,0.1361916771752838,1.0,1.0
G2_p0_w1_regular,G2_p3,-5.0,G2,Global,4,0,0,0,0,0,,0.8455633230451884,0.9485763115687541,0.10301298852356566,0.7317073170731707,0.9090909090909091
G2_p0_w1_regular,G2_p3,-5.0,G2,Event,4,0,0,0,0,0,,0.9226805897243068,0.9968587101426701,0.07417812041836336,0.7317073170731707,0.9090909090909091
G2_p0_w1_regular,G2_p3,-5.0,G2,Combined,4,0,0,0,0,0,,0.7193390825821803,0.979852757427884,0.26051367484570376,0.7317073170731707,0.9090909090909091
G2_p0_w1_regular,G2_p3,-5.0,G2,Agreement,4,0,0,0,0,0,,0.7435897435897436,0.9,0.1564102564102564,0.7317073170731707,0.9090909090909091
G2_p0_w1_regular,G2_p3,0.0,G2,Global,0,0,0,0,0,0,,0.03894184842479196,0.1313025552906318,0.09236070686583986,0.975609756097561,1.0
G2_p0_w1_regular,G2_p3,0.0,G2,Event,0,0,0,0,0,0,,0.015523977337811232,0.06353189172423764,0.048007914386426404,0.975609756097561,1.0
G2_p0_w1_regular,G2_p3,0.0,G2,Combined,0,0,0,0,0,0,,0.005619845971360579,0.021683660644924847,0.01606381467356427,0.975609756097561,1.0
G2_p0_w1_regular,G2_p3,0.0,G2,Agreement,0,0,0,0,0,0,,0.627906976744186,0.8378378378378378,0.20993086109365178,0.975609756097561,1.0
G2_p0_w1_regular,G2_p3,10.0,G2,Global,0,0,0,0,0,0,,0.002672963994006567,0.007049647759654259,0.004376683765647692,1.0,1.0
G2_p0_w1_regular,G2_p3,10.0,G2,Event,0,0,0,0,0,0,,0.0009302976397220448,0.0013004982065223905,0.0003702005668003457,1.0,1.0
G2_p0_w1_regular,G2_p3,10.0,G2,Combined,0,0,0,0,0,0,,0.0007692851056910075,0.001223573932348918,0.0004542888266579106,1.0,1.0
G2_p0_w1_regular,G2_p3,10.0,G2,Agreement,0,0,0,0,0,0,,0.020408163265306145,0.22033898305084743,0.19993081978554128,1.0,1.0
G2_p0_w1_regular,G2_p3,20.0,G2,Global,0,0,0,0,0,0,,0.0018225397747792663,0.002922900256137214,0.0011003604813579475,1.0,1.0
G2_p0_w1_regular,G2_p3,20.0,G2,Event,0,0,0,0,0,0,,0.0004754828424360107,0.0005370915827779898,6.160874034197907e-05,1.0,1.0
G2_p0_w1_regular,G2_p3,20.0,G2,Combined,0,0,0,0,0,0,,0.000551981446201771,0.0006028295374352067,5.0848091233435776e-05,1.0,1.0
G2_p0_w1_regular,G2_p3,20.0,G2,Agreement,0,0,0,0,0,0,,0.05882352941176472,0.1578947368421053,0.09907120743034059,1.0,1.0
G2_p0_w1_regular,G2_p4,-5.0,G2,Global,4,0,0,0,0,0,,0.9999992668369089,0.9999997872957977,5.204588888751971e-07,0.06666666666666667,0.6341463414634146
G2_p0_w1_regular,G2_p4,-5.0,G2,Event,4,0,0,0,0,0,,0.9827308713386678,0.9993584038473359,0.016627532508668108,0.06666666666666667,0.6341463414634146
G2_p0_w1_regular,G2_p4,-5.0,G2,Combined,4,0,0,0,0,0,,0.9999456885783755,0.9999998732158629,5.418463748740887e-05,0.06666666666666667,0.6341463414634146
G2_p0_w1_regular,G2_p4,-5.0,G2,Agreement,4,0,0,0,0,0,,0.4347826086956522,0.5813953488372092,0.146612740141557,0.06666666666666667,0.6341463414634146
G2_p0_w1_regular,G2_p4,0.0,G2,Global,4,0,0,0,0,0,,0.9944564573915227,0.998841477566405,0.0043850201748822926,0.7142857142857143,0.8444444444444444
G2_p0_w1_regular,G2_p4,0.0,G2,Event,4,0,0,0,0,0,,0.7056256927169865,0.9178742384641546,0.21224854574716812,0.7142857142857143,0.8444444444444444
G2_p0_w1_regular,G2_p4,0.0,G2,Combined,4,0,0,0,0,0,,0.9526156766491943,0.9903307143433422,0.03771503769414786,0.7142857142857143,0.8444444444444444
G2_p0_w1_regular,G2_p4,0.0,G2,Agreement,4,0,0,0,0,0,,0.6521739130434783,0.6956521739130435,0.04347826086956519,0.7142857142857143,0.8444444444444444
G2_p0_w1_regular,G2_p4,10.0,G2,Global,0,0,0,0,0,0,,0.032430568990691,0.07200942640498523,0.039578857414294226,0.975609756097561,1.0
G2_p0_w1_regular,G2_p4,10.0,G2,Event,0,0,0,0,0,0,,0.0016068106489532225,0.0049864519251081735,0.003379641276154951,0.975609756097561,1.0
G2_p0_w1_regular,G2_p4,10.0,G2,Combined,0,0,0,0,0,0,,0.003265086265623076,0.006836596429524011,0.0035715101639009353,0.975609756097561,1.0
G2_p0_w1_regular,G2_p4,10.0,G2,Agreement,0,0,0,0,0,0,,0.13207547169811318,0.25,0.11792452830188682,0.975609756097561,1.0
G2_p0_w1_regular,G2_p4,20.0,G2,Global,0,0,0,0,0,0,,0.0032721886551737357,0.004882327391108461,0.0016101387359347256,1.0,1.0
G2_p0_w1_regular,G2_p4,20.0,G2,Event,0,0,0,0,0,0,,0.0004834673633062889,0.0005703670509599443,8.689968765365541e-05,1.0,1.0
G2_p0_w1_regular,G2_p4,20.0,G2,Combined,0,0,0,0,0,0,,0.0006623057524755902,0.0007687040634252679,0.00010639831094967774,1.0,1.0
G2_p0_w1_regular,G2_p4,20.0,G2,Agreement,0,0,0,0,0,0,,0.07692307692307687,0.1578947368421053,0.08097165991902844,1.0,1.0
G2_p0_w1_variable,G2_p1,-5.0,G2,Global,4,0,0,0,0,0,,0.975669193477001,0.98964598794509,0.013976794468088971,0.7692307692307693,0.8571428571428571
G2_p0_w1_variable,G2_p1,-5.0,G2,Event,4,0,0,0,0,0,,0.9923483297052502,0.9994185038476479,0.007070174142397634,0.7692307692307693,0.8571428571428571
G2_p0_w1_variable,G2_p1,-5.0,G2,Combined,4,0,0,0,0,0,,0.9197745614503335,0.9972195262750083,0.07744496482467478,0.7692307692307693,0.8571428571428571
G2_p0_w1_variable,G2_p1,-5.0,G2,Agreement,4,0,0,0,0,0,,0.543859649122807,0.6744186046511628,0.13055895552835572,0.7692307692307693,0.8571428571428571
G2_p0_w1_variable,G2_p1,0.0,G2,Global,3,1,3,2,0,1,0.6666666666666666,0.1364406883409192,0.2860624925600158,0.14962180421909663,0.8888888888888888,1.0
G2_p0_w1_variable,G2_p1,0.0,G2,Event,3,1,3,3,0,0,1.0,0.08099755977930742,0.6463860960349841,0.5653885362556766,0.8888888888888888,1.0
G2_p0_w1_variable,G2_p1,0.0,G2,Combined,3,1,3,3,0,0,1.0,0.023731560531952682,0.24722281142490798,0.2234912508929553,0.8888888888888888,1.0
G2_p0_w1_variable,G2_p1,0.0,G2,Agreement,3,1,3,3,0,0,1.0,0.18518518518518523,0.30000000000000004,0.11481481481481481,0.8888888888888888,1.0
G2_p0_w1_variable,G2_p1,10.0,G2,Global,0,0,0,0,0,0,,0.002042521655558657,0.0029250338045115347,0.0008825121489528776,1.0,1.0
G2_p0_w1_variable,G2_p1,10.0,G2,Event,0,0,0,0,0,0,,0.000739189569832774,0.0010694217467517731,0.00033023217691899916,1.0,1.0
G2_p0_w1_variable,G2_p1,10.0,G2,Combined,0,0,0,0,0,0,,0.0005793823588110357,0.000813246452953012,0.0002338640941419763,1.0,1.0
G2_p0_w1_variable,G2_p1,10.0,G2,Agreement,0,0,0,0,0,0,,0.1071428571428571,0.13793103448275867,0.03078817733990158,1.0,1.0
G2_p0_w1_variable,G2_p1,20.0,G2,Global,0,0,0,0,0,0,,0.001190990519593285,0.0017069217148027816,0.0005159311952094966,1.0,1.0
G2_p0_w1_variable,G2_p1,20.0,G2,Event,0,0,0,0,0,0,,0.00044468686071241504,0.0005130761389605311,6.838927824811609e-05,1.0,1.0
G2_p0_w1_variable,G2_p1,20.0,G2,Combined,0,0,0,0,0,0,,0.00046927836929923567,0.0005370393594861747,6.7760990186939e-05,1.0,1.0
G2_p0_w1_variable,G2_p1,20.0,G2,Agreement,0,0,0,0,0,0,,0.07407407407407407,0.1228070175438597,0.04873294346978563,1.0,1.0
G2_p0_w1_variable,G2_p2,-5.0,G2,Global,2,1,4,1,0,3,0.25,0.5744309397499321,0.7009656857251538,0.12653474597522174,0.8372093023255814,0.9767441860465116
G2_p0_w1_variable,G2_p2,-5.0,G2,Event,2,1,4,4,0,0,1.0,0.06662258919086611,0.7533669519724644,0.6867443627815983,0.8372093023255814,0.9767441860465116
G2_p0_w1_variable,G2_p2,-5.0,G2,Combined,2,1,4,4,0,0,1.0,0.08813024482297781,0.5795857096669212,0.4914554648439434,0.8372093023255814,0.9767441860465116
G2_p0_w1_variable,G2_p2,-5.0,G2,Agreement,2,1,4,0,0,4,0.0,0.641025641025641,0.8947368421052632,0.2537112010796222,0.8372093023255814,0.9767441860465116
G2_p0_w1_variable,G2_p2,0.0,G2,Global,0,0,0,0,0,0,,0.01244285264500776,0.01882420769664904,0.00638135505164128,0.9767441860465116,1.0
G2_p0_w1_variable,G2_p2,0.0,G2,Event,0,0,0,0,0,0,,0.0026313457423433684,0.01572946893008626,0.013098123187742894,0.9767441860465116,1.0
G2_p0_w1_variable,G2_p2,0.0,G2,Combined,0,0,0,0,0,0,,0.0016560252932620659,0.007573939247297572,0.005917913954035506,0.9767441860465116,1.0
G2_p0_w1_variable,G2_p2,0.0,G2,Agreement,0,0,0,0,0,0,,0.7,0.9444444444444444,0.24444444444444446,0.9767441860465116,1.0
G2_p0_w1_variable,G2_p2,10.0,G2,Global,0,0,0,0,0,0,,0.0034662074470264165,0.004488925824974039,0.0010227183779476226,1.0,1.0
G2_p0_w1_variable,G2_p2,10.0,G2,Event,0,0,0,0,0,0,,0.0011219675684765432,0.0016240473986480462,0.000502079830171503,1.0,1.0
G2_p0_w1_variable,G2_p2,10.0,G2,Combined,0,0,0,0,0,0,,0.0009792528873819961,0.0013371365171586322,0.00035788362977663603,1.0,1.0
G2_p0_w1_variable,G2_p2,10.0,G2,Agreement,0,0,0,0,0,0,,0.12727272727272732,0.2142857142857143,0.08701298701298699,1.0,1.0
G2_p0_w1_variable,G2_p2,20.0,G2,Global,0,0,0,0,0,0,,0.0019444999931879049,0.00213005476343359,0.00018555477024568504,1.0,1.0
G2_p0_w1_variable,G2_p2,20.0,G2,Event,0,0,0,0,0,0,,0.0005471254163391226,0.0005891166977180243,4.1991281378901744e-05,1.0,1.0
G2_p0_w1_variable,G2_p2,20.0,G2,Combined,0,0,0,0,0,0,,0.0005990229060699842,0.0006796558768408454,8.063297077086124e-05,1.0,1.0
G2_p0_w1_variable,G2_p2,20.0,G2,Agreement,0,0,0,0,0,0,,0.05660377358490565,0.09090909090909094,0.03430531732418529,1.0,1.0
G2_p0_w1_variable,G2_p3,-5.0,G2,Global,4,0,0,0,0,0,,0.8233512106572466,0.9308286214710434,0.1074774108137968,0.8333333333333334,0.9333333333333333
G2_p0_w1_variable,G2_p3,-5.0,G2,Event,4,0,0,0,0,0,,0.8298798678818601,0.9858374353173048,0.15595756743544475,0.8333333333333334,0.9333333333333333
G2_p0_w1_variable,G2_p3,-5.0,G2,Combined,4,0,0,0,0,0,,0.6507350106468037,0.9330136280214361,0.28227861737463233,0.8333333333333334,0.9333333333333333
G2_p0_w1_variable,G2_p3,-5.0,G2,Agreement,4,0,0,0,0,0,,0.7209302325581395,0.9069767441860466,0.18604651162790709,0.8333333333333334,0.9333333333333333
G2_p0_w1_variable,G2_p3,0.0,G2,Global,1,1,3,3,0,0,1.0,0.02985212855319928,0.11869619221430854,0.08884406366110925,0.9302325581395349,1.0
G2_p0_w1_variable,G2_p3,0.0,G2,Event,1,1,3,3,0,0,1.0,0.01937749471210865,0.0918330917318911,0.07245559701978245,0.9302325581395349,1.0
G2_p0_w1_variable,G2_p3,0.0,G2,Combined,1,1,3,3,0,0,1.0,0.00646834042974413,0.02954775353064923,0.023079413100905097,0.9302325581395349,1.0
G2_p0_w1_variable,G2_p3,0.0,G2,Agreement,1,1,3,0,0,3,0.0,0.5555555555555556,0.7391304347826086,0.18357487922705307,0.9302325581395349,1.0
G2_p0_w1_variable,G2_p3,10.0,G2,Global,0,0,0,0,0,0,,0.001962372771547207,0.004605740933974237,0.00264336816242703,1.0,1.0
G2_p0_w1_variable,G2_p3,10.0,G2,Event,0,0,0,0,0,0,,0.001057856108641881,0.0013491365635533946,0.0002912804549115137,1.0,1.0
G2_p0_w1_variable,G2_p3,10.0,G2,Combined,0,0,0,0,0,0,,0.0007453659656412888,0.0010237805992286816,0.0002784146335873928,1.0,1.0
G2_p0_w1_variable,G2_p3,10.0,G2,Agreement,0,0,0,0,0,0,,0.09433962264150941,0.13793103448275867,0.04359141184124926,1.0,1.0
G2_p0_w1_variable,G2_p3,20.0,G2,Global,0,0,0,0,0,0,,0.001308902282092582,0.0017885625917980709,0.00047966030970548893,1.0,1.0
G2_p0_w1_variable,G2_p3,20.0,G2,Event,0,0,0,0,0,0,,0.0004908721119777009,0.0005496190709939721,5.8746959016271164e-05,1.0,1.0
G2_p0_w1_variable,G2_p3,20.0,G2,Combined,0,0,0,0,0,0,,0.0005214245163703398,0.0005554184884898704,3.3993972119530664e-05,1.0,1.0
G2_p0_w1_variable,G2_p3,20.0,G2,Agreement,0,0,0,0,0,0,,0.038461538461538436,0.1228070175438597,0.08434547908232126,1.0,1.0
G2_p0_w1_variable,G2_p4,-5.0,G2,Global,4,0,0,0,0,0,,0.9999994973675028,0.9999998173443453,3.199768424666516e-07,0.25,0.46153846153846156
G2_p0_w1_variable,G2_p4,-5.0,G2,Event,4,0,0,0,0,0,,0.9971161284027907,0.9999713940257988,0.0028552656230080853,0.25,0.46153846153846156
G2_p0_w1_variable,G2_p4,-5.0,G2,Combined,4,0,0,0,0,0,,0.9999917102782861,0.9999994887532588,7.778474972686134e-06,0.25,0.46153846153846156
G2_p0_w1_variable,G2_p4,-5.0,G2,Agreement,4,0,0,0,0,0,,0.47058823529411764,0.5483870967741935,0.07779886148007586,0.25,0.46153846153846156
G2_p0_w1_variable,G2_p4,0.0,G2,Global,4,0,0,0,0,0,,0.9967343410414082,0.9990398141419048,0.002305473100496558,0.7727272727272727,0.8
G2_p0_w1_variable,G2_p4,0.0,G2,Event,4,0,0,0,0,0,,0.4371165757356509,0.7523634704265764,0.3152468946909255,0.7727272727272727,0.8
G2_p0_w1_variable,G2_p4,0.0,G2,Combined,4,0,0,0,0,0,,0.87121267398212,0.9758255725854257,0.10461289860330569,0.7727272727272727,0.8
G2_p0_w1_variable,G2_p4,0.0,G2,Agreement,4,0,0,0,0,0,,0.6,0.7674418604651163,0.16744186046511633,0.7727272727272727,0.8
G2_p0_w1_variable,G2_p4,10.0,G2,Global,0,0,0,0,0,0,,0.026601204568738088,0.044324271758841786,0.0177230671901037,0.9523809523809523,1.0
G2_p0_w1_variable,G2_p4,10.0,G2,Event,0,0,0,0,0,0,,0.0014441500809949442,0.0026945624892590185,0.0012504124082640742,0.9523809523809523,1.0
G2_p0_w1_variable,G2_p4,10.0,G2,Combined,0,0,0,0,0,0,,0.0032573355189908643,0.0037054197454042827,0.00044808422641341846,0.9523809523809523,1.0
G2_p0_w1_variable,G2_p4,10.0,G2,Agreement,0,0,0,0,0,0,,0.1636363636363637,0.2222222222222222,0.05858585858585852,0.9523809523809523,1.0
G2_p0_w1_variable,G2_p4,20.0,G2,Global,0,0,0,0,0,0,,0.0018447681197163834,0.002292664019219606,0.0004478958995032228,1.0,1.0
G2_p0_w1_variable,G2_p4,20.0,G2,Event,0,0,0,0,0,0,,0.0005024436118569579,0.0006444609712349091,0.00014201735937795126,1.0,1.0
G2_p0_w1_variable,G2_p4,20.0,G2,Combined,0,0,0,0,0,0,,0.000602517673110116,0.0006487293423119165,4.6211669201800414e-05,1.0,1.0
G2_p0_w1_variable,G2_p4,20.0,G2,Agreement,0,0,0,0,0,0,,0.05660377358490565,0.13793103448275867,0.08132726089785303,1.0,1.0
G2_p0_w2_regular,G2_p1,-5.0,G2,Global,4,0,0,0,0,0,,0.9819004429320601,0.9917466255338065,0.009846182601746412,0.7804878048780488,0.8181818181818182
G2_p0_w2_regular,G2_p1,-5.0,G2,Event,4,0,0,0,0,0,,0.9954008969518562,0.9990734582530667,0.0036725613012105196,0.7804878048780488,0.8181818181818182
G2_p0_w2_regular,G2_p1,-5.0,G2,Combined,4,0,0,0,0,0,,0.9758406338454092,0.9975170813813515,0.021676447535942334,0.7804878048780488,0.8181818181818182
G2_p0_w2_regular,G2_p1,-5.0,G2,Agreement,4,0,0,0,0,0,,0.39622641509433965,0.6888888888888889,0.29266247379454924,0.7804878048780488,0.8181818181818182
G2_p0_w2_regular,G2_p1,0.0,G2,Global,3,1,3,3,0,0,1.0,0.2409339499442601,0.461462110016225,0.2205281600719649,0.8780487804878049,0.95
G2_p0_w2_regular,G2_p1,0.0,G2,Event,3,1,3,3,0,0,1.0,0.01409177696443041,0.8284019377254538,0.8143101607610234,0.8780487804878049,0.95
G2_p0_w2_regular,G2_p1,0.0,G2,Combined,3,1,3,3,0,0,1.0,0.006133170432515818,0.5613785703788886,0.5552453999463728,0.8780487804878049,0.95
G2_p0_w2_regular,G2_p1,0.0,G2,Agreement,3,1,3,1,0,2,0.3333333333333333,0.125,0.2962962962962963,0.17129629629629628,0.8780487804878049,0.95
G2_p0_w2_regular,G2_p1,10.0,G2,Global,0,0,0,0,0,0,,0.0019420512571698839,0.003927186812420768,0.001985135555250884,1.0,1.0
G2_p0_w2_regular,G2_p1,10.0,G2,Event,0,0,0,0,0,0,,0.0005911809390841066,0.0008056046860611674,0.00021442374697706087,1.0,1.0
G2_p0_w2_regular,G2_p1,10.0,G2,Combined,0,0,0,0,0,0,,0.00037195647019025343,0.00048462847405996855,0.00011267200386971512,1.0,1.0
G2_p0_w2_regular,G2_p1,10.0,G2,Agreement,0,0,0,0,0,0,,0.07692307692307687,0.1578947368421053,0.08097165991902844,1.0,1.0
G2_p0_w2_regular,G2_p1,20.0,G2,Global,0,0,0,0,0,0,,0.0009931938173366995,0.0014215096255382055,0.000428315808201506,1.0,1.0
G2_p0_w2_regular,G2_p1,20.0,G2,Event,0,0,0,0,0,0,,0.0004680212743166207,0.0005031468521135257,3.5125577796904994e-05,1.0,1.0
G2_p0_w2_regular,G2_p1,20.0,G2,Combined,0,0,0,0,0,0,,0.0002691530056142665,0.0002912238277343906,2.2070822120124104e-05,1.0,1.0
G2_p0_w2_regular,G2_p1,20.0,G2,Agreement,0,0,0,0,0,0,,0.05882352941176472,0.09433962264150941,0.035516093229744694,1.0,1.0
G2_p0_w2_regular,G2_p2,-5.0,G2,Global,2,1,4,4,0,0,1.0,0.2602196107423652,0.7076148571430784,0.44739524640071315,0.8571428571428571,0.975609756097561
G2_p0_w2_regular,G2_p2,-5.0,G2,Event,2,1,4,3,0,1,0.75,0.07209329528552887,0.8612406529411613,0.7891473576556324,0.8571428571428571,0.975609756097561
G2_p0_w2_regular,G2_p2,-5.0,G2,Combined,2,1,4,3,0,1,0.75,0.04380763606179431,0.8074987384943911,0.7636911024325969,0.8571428571428571,0.975609756097561
G2_p0_w2_regular,G2_p2,-5.0,G2,Agreement,2,1,4,1,0,3,0.25,0.6666666666666667,0.7647058823529411,0.09803921568627438,0.8571428571428571,0.975609756097561
G2_p0_w2_regular,G2_p2,0.0,G2,Global,0,0,0,0,0,0,,0.0047533026346786855,0.021992400029221048,0.017239097394542362,0.975609756097561,1.0
G2_p0_w2_regular,G2_p2,0.0,G2,Event,0,0,0,0,0,0,,0.002948507606661102,0.0129596481442958,0.010011140537634699,0.975609756097561,1.0
G2_p0_w2_regular,G2_p2,0.0,G2,Combined,0,0,0,0,0,0,,0.0010884978160703562,0.004837728689701443,0.003749230873631087,0.975609756097561,1.0
G2_p0_w2_regular,G2_p2,0.0,G2,Agreement,0,0,0,0,0,0,,0.5,0.7894736842105263,0.2894736842105263,0.975609756097561,1.0
G2_p0_w2_regular,G2_p2,10.0,G2,Global,0,0,0,0,0,0,,0.0017610772637303897,0.004099878199775254,0.0023388009360448643,1.0,1.0
G2_p0_w2_regular,G2_p2,10.0,G2,Event,0,0,0,0,0,0,,0.0009552587026637939,0.0014740628296055626,0.0005188041269417687,1.0,1.0
G2_p0_w2_regular,G2_p2,10.0,G2,Combined,0,0,0,0,0,0,,0.0004995611229381715,0.0008813757682675374,0.00038181464532936586,1.0,1.0
G2_p0_w2_regular,G2_p2,10.0,G2,Agreement,0,0,0,0,0,0,,0.07692307692307687,0.21568627450980393,0.13876319758672706,1.0,1.0
G2_p0_w2_regular,G2_p2,20.0,G2,Global,0,0,0,0,0,0,,0.00098422948390487,0.0015805330100401207,0.0005963035261352507,1.0,1.0
G2_p0_w2_regular,G2_p2,20.0,G2,Event,0,0,0,0,0,0,,0.0005209696481156116,0.0005735596250639917,5.258997694838018e-05,1.0,1.0
G2_p0_w2_regular,G2_p2,20.0,G2,Combined,0,0,0,0,0,0,,0.0002870738342877825,0.00034987723776444015,6.280340347665763e-05,1.0,1.0
G2_p0_w2_regular,G2_p2,20.0,G2,Agreement,0,0,0,0,0,0,,0.05882352941176472,0.09433962264150941,0.035516093229744694,1.0,1.0
G2_p0_w2_regular,G2_p3,-5.0,G2,Global,4,0,0,0,0,0,,0.8558919523358223,0.9463717483572462,0.09047979602142397,0.8260869565217391,0.9302325581395349
G2_p0_w2_regular,G2_p3,-5.0,G2,Event,4,0,0,0,0,0,,0.7301386738405253,0.9951286747607141,0.26499000092018876,0.8260869565217391,0.9302325581395349
G2_p0_w2_regular,G2_p3,-5.0,G2,Combined,4,0,0,0,0,0,,0.3460236857538959,0.9920258443991166,0.6460021586452207,0.8260869565217391,0.9302325581395349
G2_p0_w2_regular,G2_p3,-5.0,G2,Agreement,4,0,0,0,0,0,,0.6923076923076923,0.8,0.10769230769230775,0.8260869565217391,0.9302325581395349
G2_p0_w2_regular,G2_p3,0.0,G2,Global,0,0,0,0,0,0,,0.03367995446196299,0.1298140270668186,0.09613407260485562,0.975609756097561,1.0
G2_p0_w2_regular,G2_p3,0.0,G2,Event,0,0,0,0,0,0,,0.03553006649595676,0.04704405749074696,0.011513990994790196,0.975609756097561,1.0
G2_p0_w2_regular,G2_p3,0.0,G2,Combined,0,0,0,0,0,0,,0.008419358254467206,0.01159427478685984,0.0031749165323926333,0.975609756097561,1.0
G2_p0_w2_regular,G2_p3,0.0,G2,Agreement,0,0,0,0,0,0,,0.4883720930232558,0.7,0.21162790697674416,0.975609756097561,1.0
G2_p0_w2_regular,G2_p3,10.0,G2,Global,0,0,0,0,0,0,,0.0015126256022252608,0.004084680767895891,0.00257205516567063,1.0,1.0
G2_p0_w2_regular,G2_p3,10.0,G2,Event,0,0,0,0,0,0,,0.0009958341090648963,0.0012441290275051298,0.0002482949184402334,1.0,1.0
G2_p0_w2_regular,G2_p3,10.0,G2,Combined,0,0,0,0,0,0,,0.0005251593033029113,0.000760341190386436,0.0002351818870835247,1.0,1.0
G2_p0_w2_regular,G2_p3,10.0,G2,Agreement,0,0,0,0,0,0,,0.09433962264150941,0.1724137931034483,0.07807417046193887,1.0,1.0
G2_p0_w2_regular,G2_p3,20.0,G2,Global,0,0,0,0,0,0,,0.0010587121854811945,0.0014798129668374205,0.000421100781356226,1.0,1.0
G2_p0_w2_regular,G2_p3,20.0,G2,Event,0,0,0,0,0,0,,0.0004954544715087837,0.000533783306212439,3.832883470365528e-05,1.0,1.0
G2_p0_w2_regular,G2_p3,20.0,G2,Combined,0,0,0,0,0,0,,0.00029613480565028594,0.0003292965269943189,3.3161721344032984e-05,1.0,1.0
G2_p0_w2_regular,G2_p3,20.0,G2,Agreement,0,0,0,0,0,0,,0.07692307692307687,0.12727272727272732,0.05034965034965044,1.0,1.0
G2_p0_w2_regular,G2_p4,-5.0,G2,Global,4,0,0,0,0,0,,0.9999995791120888,0.9999998938513849,3.147392960700657e-07,0.25,0.4117647058823529
G2_p0_w2_regular,G2_p4,-5.0,G2,Event,4,0,0,0,0,0,,0.8954599201552698,0.9999872312151002,0.10452731105983049,0.25,0.4117647058823529
G2_p0_w2_regular,G2_p4,-5.0,G2,Combined,4,0,0,0,0,0,,0.9997368446532866,0.9999998228812789,0.000262978227992261,0.25,0.4117647058823529
G2_p0_w2_regular,G2_p4,-5.0,G2,Agreement,4,0,0,0,0,0,,0.4838709677419355,0.6551724137931034,0.17130144605116793,0.25,0.4117647058823529
G2_p0_w2_regular,G2_p4,0.0,G2,Global,4,0,0,0,0,0,,0.9982123819036025,0.9995713300551884,0.0013589481515858814,0.7317073170731707,0.8444444444444444
G2_p0_w2_regular,G2_p4,0.0,G2,Event,4,0,0,0,0,0,,0.7536341261799397,0.8326319158591108,0.07899778967917104,0.7317073170731707,0.8444444444444444
G2_p0_w2_regular,G2_p4,0.0,G2,Combined,4,0,0,0,0,0,,0.9657234573987923,0.9835836511172029,0.017860193718410633,0.7317073170731707,0.8444444444444444
G2_p0_w2_regular,G2_p4,0.0,G2,Agreement,4,0,0,0,0,0,,0.6086956521739131,0.8536585365853658,0.24496288441145275,0.7317073170731707,0.8444444444444444
G2_p0_w2_regular,G2_p4,10.0,G2,Global,0,0,0,0,0,0,,0.016630473229744976,0.05743338823004762,0.04080291500030264,0.975609756097561,1.0
G2_p0_w2_regular,G2_p4,10.0,G2,Event,0,0,0,0,0,0,,0.0019031582124102101,0.0031090052870662048,0.0012058470746559946,0.975609756097561,1.0
G2_p0_w2_regular,G2_p4,10.0,G2,Combined,0,0,0,0,0,0,,0.0019360792368977452,0.0027873388636334546,0.0008512596267357094,0.975609756097561,1.0
G2_p0_w2_regular,G2_p4,10.0,G2,Agreement,0,0,0,0,0,0,,0.11111111111111116,0.27586206896551724,0.16475095785440608,0.975609756097561,1.0
G2_p0_w2_regular,G2_p4,20.0,G2,Global,0,0,0,0,0,0,,0.001329568992981005,0.0023059351225740445,0.0009763661295930394,1.0,1.0
G2_p0_w2_regular,G2_p4,20.0,G2,Event,0,0,0,0,0,0,,0.0005223503556942358,0.0005650529995294991,4.2702643835263354e-05,1.0,1.0
G2_p0_w2_regular,G2_p4,20.0,G2,Combined,0,0,0,0,0,0,,0.0003169389975351574,0.0003832541935087303,6.631519597357288e-05,1.0,1.0
G2_p0_w2_regular,G2_p4,20.0,G2,Agreement,0,0,0,0,0,0,,0.07692307692307687,0.1636363636363637,0.08671328671328682,1.0,1.0
G2_p0_w2_variable,G2_p1,-5.0,G2,Global,4,0,0,0,0,0,,0.9373854963141232,0.9920891315132366,0.054703635199113476,0.85,0.9
G2_p0_w2_variable,G2_p1,-5.0,G2,Event,4,0,0,0,0,0,,0.9380084771705722,0.9978708069674618,0.059862329796889546,0.85,0.9
G2_p0_w2_variable,G2_p1,-5.0,G2,Combined,4,0,0,0,0,0,,0.728319126940159,0.987755877703444,0.259436750763285,0.85,0.9
G2_p0_w2_variable,G2_p1,-5.0,G2,Agreement,4,0,0,0,0,0,,0.3571428571428571,0.5918367346938775,0.23469387755102045,0.85,0.9
G2_p0_w2_variable,G2_p1,0.0,G2,Global,1,1,3,2,0,1,0.6666666666666666,0.12783587817213737,0.49665987749071167,0.3688239993185743,0.9047619047619048,1.0
G2_p0_w2_variable,G2_p1,0.0,G2,Event,1,1,3,3,0,0,1.0,0.22663774182420332,0.6724820490143638,0.4458443071901605,0.9047619047619048,1.0
G2_p0_w2_variable,G2_p1,0.0,G2,Combined,1,1,3,3,0,0,1.0,0.07221243503441953,0.31074126548905545,0.2385288304546359,0.9047619047619048,1.0
G2_p0_w2_variable,G2_p1,0.0,G2,Agreement,1,1,3,2,0,1,0.6666666666666666,0.1923076923076923,0.23636363636363633,0.04405594405594404,0.9047619047619048,1.0
G2_p0_w2_variable,G2_p1,10.0,G2,Global,0,0,0,0,0,0,,0.0010680994175353597,0.001706024468467229,0.0006379250509318693,1.0,1.0
G2_p0_w2_variable,G2_p1,10.0,G2,Event,0,0,0,0,0,0,,0.0007121275172694584,0.0010095382176786001,0.0002974107004091417,1.0,1.0
G2_p0_w2_variable,G2_p1,10.0,G2,Combined,0,0,0,0,0,0,,0.00041534747781498256,0.0006277432094628435,0.00021239573164786094,1.0,1.0
G2_p0_w2_variable,G2_p1,10.0,G2,Agreement,0,0,0,0,0,0,,0.07999999999999996,0.11538461538461542,0.03538461538461546,1.0,1.0
G2_p0_w2_variable,G2_p1,20.0,G2,Global,0,0,0,0,0,0,,0.00041327217625197223,0.0005304493523025007,0.00011717717605052842,1.0,1.0
G2_p0_w2_variable,G2_p1,20.0,G2,Event,0,0,0,0,0,0,,0.0004787815091660481,0.0005267854139930413,4.8003904826993246e-05,1.0,1.0
G2_p0_w2_variable,G2_p1,20.0,G2,Combined,0,0,0,0,0,0,,0.00025950167848139637,0.00027928941605171527,1.97877375703189e-05,1.0,1.0
G2_p0_w2_variable,G2_p1,20.0,G2,Agreement,0,0,0,0,0,0,,0.04166666666666663,0.07999999999999996,0.03833333333333333,1.0,1.0
G2_p0_w2_variable,G2_p2,-5.0,G2,Global,3,1,3,0,0,3,0.0,0.3544261499639514,0.4839171407444119,0.1294909907804605,0.8780487804878049,0.9743589743589743
G2_p0_w2_variable,G2_p2,-5.0,G2,Event,3,1,3,3,0,0,1.0,0.020322750754051547,0.9405528521691014,0.9202301014150499,0.8780487804878049,0.9743589743589743
G2_p0_w2_variable,G2_p2,-5.0,G2,Combined,3,1,3,3,0,0,1.0,0.04548882749345446,0.8621088573860716,0.8166200298926171,0.8780487804878049,0.9743589743589743
G2_p0_w2_variable,G2_p2,-5.0,G2,Agreement,3,1,3,0,1,2,0.16666666666666666,0.6842105263157895,0.8285714285714285,0.14436090225563902,0.8780487804878049,0.9743589743589743
G2_p0_w2_variable,G2_p2,0.0,G2,Global,1,1,3,1,0,2,0.3333333333333333,0.004825997742199127,0.005558873051006104,0.0007328753088069765,0.9473684210526315,1.0
G2_p0_w2_variable,G2_p2,0.0,G2,Event,1,1,3,2,0,1,0.6666666666666666,0.0023331553869425955,0.007045859028194551,0.004712703641251955,0.9473684210526315,1.0
G2_p0_w2_variable,G2_p2,0.0,G2,Combined,1,1,3,0,0,3,0.0,0.0012286545799543413,0.003239086611777704,0.002010432031823363,0.9473684210526315,1.0
G2_p0_w2_variable,G2_p2,0.0,G2,Agreement,1,1,3,1,1,1,0.5,0.6842105263157895,0.7837837837837838,0.09957325746799428,0.9473684210526315,1.0
G2_p0_w2_variable,G2_p2,10.0,G2,Global,0,0,0,0,0,0,,0.0010638086257311614,0.0013778991400008374,0.00031409051426967605,1.0,1.0
G2_p0_w2_variable,G2_p2,10.0,G2,Event,0,0,0,0,0,0,,0.0010013008959967621,0.0011484058485690517,0.0001471049525722896,1.0,1.0
G2_p0_w2_variable,G2_p2,10.0,G2,Combined,0,0,0,0,0,0,,0.0004707644970365237,0.0007534977039415119,0.00028273320690498817,1.0,1.0
G2_p0_w2_variable,G2_p2,10.0,G2,Agreement,0,0,0,0,0,0,,0.11538461538461542,0.21568627450980393,0.10030165912518851,1.0,1.0
G2_p0_w2_variable,G2_p2,20.0,G2,Global,0,0,0,0,0,0,,0.0004873574657685907,0.000593928418072694,0.00010657095230410325,1.0,1.0
G2_p0_w2_variable,G2_p2,20.0,G2,Event,0,0,0,0,0,0,,0.0005261152861093813,0.0005571546751233515,3.103938901397019e-05,1.0,1.0
G2_p0_w2_variable,G2_p2,20.0,G2,Combined,0,0,0,0,0,0,,0.00026845215541598463,0.0003018897383379257,3.343758292194106e-05,1.0,1.0
G2_p0_w2_variable,G2_p2,20.0,G2,Agreement,0,0,0,0,0,0,,0.07999999999999996,0.0980392156862745,0.018039215686274535,1.0,1.0
G2_p0_w2_variable,G2_p3,-5.0,G2,Global,4,0,0,0,0,0,,0.8018424803034939,0.8866678216022538,0.08482534129875985,0.8181818181818182,0.926829268292683
G2_p0_w2_variable,G2_p3,-5.0,G2,Event,4,0,0,0,0,0,,0.8841632792510327,0.989265374154194,0.10510209490316136,0.8181818181818182,0.926829268292683
G2_p0_w2_variable,G2_p3,-5.0,G2,Combined,4,0,0,0,0,0,,0.5551749132224308,0.9659176647415162,0.41074275151908535,0.8181818181818182,0.926829268292683
G2_p0_w2_variable,G2_p3,-5.0,G2,Agreement,4,0,0,0,0,0,,0.7560975609756098,0.8,0.04390243902439028,0.8181818181818182,0.926829268292683
G2_p0_w2_variable,G2_p3,0.0,G2,Global,0,0,0,0,0,0,,0.037378366488345714,0.05152696901812557,0.014148602529779855,0.9743589743589743,1.0
G2_p0_w2_variable,G2_p3,0.0,G2,Event,0,0,0,0,0,0,,0.00803505999019509,0.3089886926042983,0.3009536326141032,0.9743589743589743,1.0
G2_p0_w2_variable,G2_p3,0.0,G2,Combined,0,0,0,0,0,0,,0.0027433451989580366,0.037138459219924605,0.034395114020966566,0.9743589743589743,1.0
G2_p0_w2_variable,G2_p3,0.0,G2,Agreement,0,0,0,0,0,0,,0.6585365853658536,0.8974358974358975,0.2388993120700439,0.9743589743589743,1.0
G2_p0_w2_variable,G2_p3,10.0,G2,Global,0,0,0,0,0,0,,0.0011518895481428953,0.0018072732065235848,0.0006553836583806894,1.0,1.0
G2_p0_w2_variable,G2_p3,10.0,G2,Event,0,0,0,0,0,0,,0.0008775701563332968,0.0014836181336693182,0.0006060479773360213,1.0,1.0
G2_p0_w2_variable,G2_p3,10.0,G2,Combined,0,0,0,0,0,0,,0.0005048733242363102,0.0009264876776194786,0.0004216143533831684,1.0,1.0
G2_p0_w2_variable,G2_p3,10.0,G2,Agreement,0,0,0,0,0,0,,0.13207547169811318,0.19999999999999996,0.06792452830188678,1.0,1.0
G2_p0_w2_variable,G2_p3,20.0,G2,Global,0,0,0,0,0,0,,0.00048466223140193913,0.0006337983329157626,0.00014913610151382351,1.0,1.0
G2_p0_w2_variable,G2_p3,20.0,G2,Event,0,0,0,0,0,0,,0.00045976417966160795,0.0004903067854087465,3.0542605747138586e-05,1.0,1.0
G2_p0_w2_variable,G2_p3,20.0,G2,Combined,0,0,0,0,0,0,,0.00025914226810848335,0.000325217060393039,6.607479228455567e-05,1.0,1.0
G2_p0_w2_variable,G2_p3,20.0,G2,Agreement,0,0,0,0,0,0,,0.11538461538461542,0.1636363636363637,0.04825174825174827,1.0,1.0
G2_p0_w2_variable,G2_p4,-5.0,G2,Global,4,0,0,0,0,0,,0.9999997041338535,0.9999999601512748,2.560174212629107e-07,0.3125,0.45714285714285713
G2_p0_w2_variable,G2_p4,-5.0,G2,Event,4,0,0,0,0,0,,0.994452317579266,0.9999339834413542,0.005481665862088203,0.3125,0.45714285714285713
G2_p0_w2_variable,G2_p4,-5.0,G2,Combined,4,0,0,0,0,0,,0.9999782507263011,0.9999994185256306,2.1167799329480097e-05,0.3125,0.45714285714285713
G2_p0_w2_variable,G2_p4,-5.0,G2,Agreement,4,0,0,0,0,0,,0.48571428571428577,0.5714285714285714,0.08571428571428563,0.3125,0.45714285714285713
G2_p0_w2_variable,G2_p4,0.0,G2,Global,4,0,0,0,0,0,,0.9980528256100469,0.9998133112768425,0.0017604856667955415,0.7804878048780488,0.8372093023255814
G2_p0_w2_variable,G2_p4,0.0,G2,Event,4,0,0,0,0,0,,0.4962205702917258,0.7859221332352744,0.2897015629435486,0.7804878048780488,0.8372093023255814
G2_p0_w2_variable,G2_p4,0.0,G2,Combined,4,0,0,0,0,0,,0.9268649258347057,0.9840280640028789,0.0571631381681732,0.7804878048780488,0.8372093023255814
G2_p0_w2_variable,G2_p4,0.0,G2,Agreement,4,0,0,0,0,0,,0.5909090909090908,0.6888888888888889,0.09797979797979806,0.7804878048780488,0.8372093023255814
G2_p0_w2_variable,G2_p4,10.0,G2,Global,0,0,0,0,0,0,,0.007262771331873283,0.06787250471996646,0.06060973338809318,0.95,1.0
G2_p0_w2_variable,G2_p4,10.0,G2,Event,0,0,0,0,0,0,,0.0016383729723106009,0.003969943982642612,0.0023315710103320115,0.95,1.0
G2_p0_w2_variable,G2_p4,10.0,G2,Combined,0,0,0,0,0,0,,0.0025381854785405883,0.0036585028259160687,0.0011203173473754804,0.95,1.0
G2_p0_w2_variable,G2_p4,10.0,G2,Agreement,0,0,0,0,0,0,,0.11111111111111116,0.2075471698113207,0.09643605870020955,0.95,1.0
G2_p0_w2_variable,G2_p4,20.0,G2,Global,0,0,0,0,0,0,,0.000494793236451391,0.0011432582148451702,0.0006484649783937792,1.0,1.0
G2_p0_w2_variable,G2_p4,20.0,G2,Event,0,0,0,0,0,0,,0.0005000203709403499,0.0005585723249837431,5.855195404339312e-05,1.0,1.0
G2_p0_w2_variable,G2_p4,20.0,G2,Combined,0,0,0,0,0,0,,0.00028173826964207567,0.0003232869260558323,4.154865641375666e-05,1.0,1.0
G2_p0_w2_variable,G2_p4,20.0,G2,Agreement,0,0,0,0,0,0,,0.0980392156862745,0.14814814814814814,0.050108932461873645,1.0,1.0
G2_p0_w3_regular,G2_p1,-5.0,G2,Global,4,0,0,0,0,0,,0.9681054857031264,0.9903023638651853,0.022196878162058953,0.6956521739130435,0.8571428571428571
G2_p0_w3_regular,G2_p1,-5.0,G2,Event,4,0,0,0,0,0,,0.9965630417305511,0.9997021506521536,0.003139108921602518,0.6956521739130435,0.8571428571428571
G2_p0_w3_regular,G2_p1,-5.0,G2,Combined,4,0,0,0,0,0,,0.984666177193277,0.9953031000723335,0.010636922879056487,0.6956521739130435,0.8571428571428571
G2_p0_w3_regular,G2_p1,-5.0,G2,Agreement,4,0,0,0,0,0,,0.5510204081632653,0.627906976744186,0.0768865685809208,0.6956521739130435,0.8571428571428571
G2_p0_w3_regular,G2_p1,0.0,G2,Global,2,1,4,3,0,1,0.75,0.15304224164606936,0.3085566012828088,0.15551435963673946,0.9130434782608695,1.0
G2_p0_w3_regular,G2_p1,0.0,G2,Event,2,1,4,4,0,0,1.0,0.02384034542660722,0.60158828565294,0.5777479402263328,0.9130434782608695,1.0
G2_p0_w3_regular,G2_p1,0.0,G2,Combined,2,1,4,3,0,1,0.75,0.00871190123062691,0.2710601572963696,0.2623482560657427,0.9130434782608695,1.0
G2_p0_w3_regular,G2_p1,0.0,G2,Agreement,2,1,4,3,0,1,0.75,0.16981132075471694,0.28358208955223885,0.1137707687975219,0.9130434782608695,1.0
G2_p0_w3_regular,G2_p1,10.0,G2,Global,0,0,0,0,0,0,,0.0004496633629838386,0.0005478466099875165,9.818324700367788e-05,1.0,1.0
G2_p0_w3_regular,G2_p1,10.0,G2,Event,0,0,0,0,0,0,,0.0007014183642191807,0.0010835648658571887,0.0003821465016380079,1.0,1.0
G2_p0_w3_regular,G2_p1,10.0,G2,Combined,0,0,0,0,0,0,,0.00026435751621360355,0.0005419587478532936,0.00027760123163969,1.0,1.0
G2_p0_w3_regular,G2_p1,10.0,G2,Agreement,0,0,0,0,0,0,,0.07407407407407407,0.180327868852459,0.10625379477838492,1.0,1.0
G2_p0_w3_regular,G2_p1,20.0,G2,Global,0,0,0,0,0,0,,0.00018287153494405436,0.0002260680463694506,4.319651142539624e-05,1.0,1.0
G2_p0_w3_regular,G2_p1,20.0,G2,Event,0,0,0,0,0,0,,0.00048099046561871284,0.0005409589352258424,5.996846960712958e-05,1.0,1.0
G2_p0_w3_regular,G2_p1,20.0,G2,Combined,0,0,0,0,0,0,,0.00019877775591737516,0.00025817476316925437,5.9397007251879206e-05,1.0,1.0
G2_p0_w3_regular,G2_p1,20.0,G2,Agreement,0,0,0,0,0,0,,0.038461538461538436,0.07407407407407407,0.035612535612535634,1.0,1.0
G2_p0_w3_regular,G2_p2,-5.0,G2,Global,3,1,3,1,0,2,0.3333333333333333,0.25833072000957835,0.49652450427394246,0.2381937842643641,0.8837209302325582,0.9545454545454546
G2_p0_w3_regular,G2_p2,-5.0,G2,Event,3,1,3,3,0,0,1.0,0.16906044262893571,0.3294213018524832,0.16036085922354748,0.8837209302325582,0.9545454545454546
G2_p0_w3_regular,G2_p2,-5.0,G2,Combined,3,1,3,2,0,1,0.6666666666666666,0.15960872726476916,0.2869099628607307,0.12730123559596157,0.8837209302325582,0.9545454545454546
G2_p0_w3_regular,G2_p2,-5.0,G2,Agreement,3,1,3,0,0,3,0.0,0.6923076923076923,0.8421052631578947,0.1497975708502024,0.8837209302325582,0.9545454545454546
G2_p0_w3_regular,G2_p2,0.0,G2,Global,1,1,3,0,0,3,0.0,0.001993858588031711,0.004347127633059695,0.0023532690450279842,0.926829268292683,1.0
G2_p0_w3_regular,G2_p2,0.0,G2,Event,1,1,3,3,0,0,1.0,0.0055483184491862785,0.013522585119571726,0.007974266670385447,0.926829268292683,1.0
G2_p0_w3_regular,G2_p2,0.0,G2,Combined,1,1,3,0,0,3,0.0,0.002308372539799507,0.0040763978419713475,0.0017680253021718404,0.926829268292683,1.0
G2_p0_w3_regular,G2_p2,0.0,G2,Agreement,1,1,3,0,0,3,0.0,0.6842105263157895,0.8974358974358975,0.21322537112010798,0.926829268292683,1.0
G2_p0_w3_regular,G2_p2,10.0,G2,Global,0,0,0,0,0,0,,0.0003898288119233696,0.0004978556592994575,0.00010802684737608792,1.0,1.0
G2_p0_w3_regular,G2_p2,10.0,G2,Event,0,0,0,0,0,0,,0.0009018925393692163,0.001594621727913041,0.0006927291885438248,1.0,1.0
G2_p0_w3_regular,G2_p2,10.0,G2,Combined,0,0,0,0,0,0,,0.0003623729109308537,0.0005600886727491323,0.00019771576181827855,1.0,1.0
G2_p0_w3_regular,G2_p2,10.0,G2,Agreement,0,0,0,0,0,0,,0.09433962264150941,0.19298245614035092,0.09864283349884151,1.0,1.0
G2_p0_w3_regular,G2_p2,20.0,G2,Global,0,0,0,0,0,0,,0.00024066808433493707,0.000280732892379484,4.006480804454694e-05,1.0,1.0
G2_p0_w3_regular,G2_p2,20.0,G2,Event,0,0,0,0,0,0,,0.00046459144116044307,0.0006005198179378751,0.000135928376777432,1.0,1.0
G2_p0_w3_regular,G2_p2,20.0,G2,Combined,0,0,0,0,0,0,,0.00022496285116460328,0.0002629799081891412,3.8017057024537895e-05,1.0,1.0
G2_p0_w3_regular,G2_p2,20.0,G2,Agreement,0,0,0,0,0,0,,0.05660377358490565,0.13793103448275867,0.08132726089785303,1.0,1.0
G2_p0_w3_regular,G2_p3,-5.0,G2,Global,4,0,0,0,0,0,,0.7945748085117811,0.893054444406774,0.09847963589499287,0.8085106382978723,0.9333333333333333
G2_p0_w3_regular,G2_p3,-5.0,G2,Event,4,0,0,0,0,0,,0.899678803368196,0.99456426746208,0.0948854640938841,0.8085106382978723,0.9333333333333333
G2_p0_w3_regular,G2_p3,-5.0,G2,Combined,4,0,0,0,0,0,,0.6263889362640164,0.9763504911315696,0.3499615548675532,0.8085106382978723,0.9333333333333333
G2_p0_w3_regular,G2_p3,-5.0,G2,Agreement,4,0,0,0,0,0,,0.6585365853658536,0.8604651162790697,0.20192853091321616,0.8085106382978723,0.9333333333333333
G2_p0_w3_regular,G2_p3,0.0,G2,Global,0,0,0,0,0,0,,0.018297667368011014,0.044898573421904106,0.026600906053893092,0.9767441860465116,1.0
G2_p0_w3_regular,G2_p3,0.0,G2,Event,0,0,0,0,0,0,,0.019546128362814136,0.08811043511240065,0.06856430674958651,0.9767441860465116,1.0
G2_p0_w3_regular,G2_p3,0.0,G2,Combined,0,0,0,0,0,0,,0.00308015214285495,0.01433713831823479,0.01125698617537984,0.9767441860465116,1.0
G2_p0_w3_regular,G2_p3,0.0,G2,Agreement,0,0,0,0,0,0,,0.6097560975609756,0.6744186046511628,0.06466250709018717,0.9767441860465116,1.0
G2_p0_w3_regular,G2_p3,10.0,G2,Global,0,0,0,0,0,0,,0.00025386953675598503,0.0005622660968315732,0.0003083965600755882,1.0,1.0
G2_p0_w3_regular,G2_p3,10.0,G2,Event,0,0,0,0,0,0,,0.0009952899114570007,0.0010826140499894338,8.732413853243309e-05,1.0,1.0
G2_p0_w3_regular,G2_p3,10.0,G2,Combined,0,0,0,0,0,0,,0.00031210369449755375,0.0004301191743591215,0.00011801547986156776,1.0,1.0
G2_p0_w3_regular,G2_p3,10.0,G2,Agreement,0,0,0,0,0,0,,0.07407407407407407,0.18644067796610164,0.11236660389202757,1.0,1.0
G2_p0_w3_regular,G2_p3,20.0,G2,Global,0,0,0,0,0,0,,0.000142017741948971,0.0001838068019576054,4.17890600086344e-05,1.0,1.0
G2_p0_w3_regular,G2_p3,20.0,G2,Event,0,0,0,0,0,0,,0.0004836889151625275,0.0005423426450704185,5.8653729907891055e-05,1.0,1.0
G2_p0_w3_regular,G2_p3,20.0,G2,Combined,0,0,0,0,0,0,,0.00018626575733110982,0.0002216768258505143,3.541106851940448e-05,1.0,1.0
G2_p0_w3_regular,G2_p3,20.0,G2,Agreement,0,0,0,0,0,0,,0.038461538461538436,0.1228070175438597,0.08434547908232126,1.0,1.0
G2_p0_w3_regular,G2_p4,-5.0,G2,Global,4,0,0,0,0,0,,0.9999995943261504,0.9999999584467598,3.6412060944179814e-07,0.24242424242424243,0.5
G2_p0_w3_regular,G2_p4,-5.0,G2,Event,4,0,0,0,0,0,,0.9982860321686312,0.9999853747931116,0.001699342624480349,0.24242424242424243,0.5
G2_p0_w3_regular,G2_p4,-5.0,G2,Combined,4,0,0,0,0,0,,0.9999891337888568,0.9999999276364827,1.0793847625922837e-05,0.24242424242424243,0.5
G2_p0_w3_regular,G2_p4,-5.0,G2,Agreement,4,0,0,0,0,0,,0.5555555555555556,0.6,0.0444444444444444,0.24242424242424243,0.5
G2_p0_w3_regular,G2_p4,0.0,G2,Global,4,0,0,0,0,0,,0.9970520669072102,0.9996986493048492,0.0026465823976390412,0.7272727272727273,0.8444444444444444
G2_p0_w3_regular,G2_p4,0.0,G2,Event,4,0,0,0,0,0,,0.5726207341311137,0.8424277262060156,0.2698069920749019,0.7272727272727273,0.8444444444444444
G2_p0_w3_regular,G2_p4,0.0,G2,Combined,4,0,0,0,0,0,,0.9667982388592986,0.9801532386379549,0.013354999778656285,0.7272727272727273,0.8444444444444444
G2_p0_w3_regular,G2_p4,0.0,G2,Agreement,4,0,0,0,0,0,,0.56,0.6888888888888889,0.12888888888888883,0.7272727272727273,0.8444444444444444
G2_p0_w3_regular,G2_p4,10.0,G2,Global,0,0,0,0,0,0,,0.007237478886410773,0.015180661228469006,0.007943182342058232,1.0,1.0
G2_p0_w3_regular,G2_p4,10.0,G2,Event,0,0,0,0,0,0,,0.001769706657591696,0.0026190506654232186,0.0008493440078315227,1.0,1.0
G2_p0_w3_regular,G2_p4,10.0,G2,Combined,0,0,0,0,0,0,,0.0014155586066055032,0.0021220626066775225,0.0007065040000720194,1.0,1.0
G2_p0_w3_regular,G2_p4,10.0,G2,Agreement,0,0,0,0,0,0,,0.09090909090909094,0.1578947368421053,0.06698564593301437,1.0,1.0
G2_p0_w3_regular,G2_p4,20.0,G2,Global,0,0,0,0,0,0,,0.0002628650653127471,0.0004288044860788247,0.00016593942076607756,1.0,1.0
G2_p0_w3_regular,G2_p4,20.0,G2,Event,0,0,0,0,0,0,,0.0004931163713613492,0.000604485336600496,0.00011136896523914689,1.0,1.0
G2_p0_w3_regular,G2_p4,20.0,G2,Combined,0,0,0,0,0,0,,0.00021801065635346483,0.00032243407855377966,0.00010442342220031483,1.0,1.0
G2_p0_w3_regular,G2_p4,20.0,G2,Agreement,0,0,0,0,0,0,,0.038461538461538436,0.1228070175438597,0.08434547908232126,1.0,1.0
G2_p0_w3_variable,G2_p1,-5.0,G2,Global,4,0,0,0,0,0,,0.9643813315390145,0.9901931149139499,0.025811783374935393,0.7272727272727273,0.8372093023255814
G2_p0_w3_variable,G2_p1,-5.0,G2,Event,4,0,0,0,0,0,,0.9951788810163733,0.999273403678991,0.004094522662617672,0.7272727272727273,0.8372093023255814
G2_p0_w3_variable,G2_p1,-5.0,G2,Combined,4,0,0,0,0,0,,0.9796906015324176,0.9945050515561803,0.014814450023762693,0.7272727272727273,0.8372093023255814
G2_p0_w3_variable,G2_p1,-5.0,G2,Agreement,4,0,0,0,0,0,,0.34693877551020413,0.6170212765957447,0.27008250108554055,0.7272727272727273,0.8372093023255814
G2_p0_w3_variable,G2_p1,0.0,G2,Global,2,1,4,1,0,3,0.25,0.06970525358067678,0.23120163319982215,0.16149637961914537,0.85,0.975609756097561
G2_p0_w3_variable,G2_p1,0.0,G2,Event,2,1,4,4,0,0,1.0,0.0735330521389216,0.7827321094003565,0.709199057261435,0.85,0.975609756097561
G2_p0_w3_variable,G2_p1,0.0,G2,Combined,2,1,4,4,0,0,1.0,0.026758965314750166,0.4346803066082434,0.4079213412934932,0.85,0.975609756097561
G2_p0_w3_variable,G2_p1,0.0,G2,Agreement,2,1,4,2,0,2,0.5,0.13207547169811318,0.2542372881355932,0.12216181643748003,0.85,0.975609756097561
G2_p0_w3_variable,G2_p1,10.0,G2,Global,0,0,0,0,0,0,,0.0001939222797996299,0.00043986453880285627,0.0002459422590032264,1.0,1.0
G2_p0_w3_variable,G2_p1,10.0,G2,Event,0,0,0,0,0,0,,0.0006891793818235908,0.0009210002756574002,0.00023182089383380936,1.0,1.0
G2_p0_w3_variable,G2_p1,10.0,G2,Combined,0,0,0,0,0,0,,0.0002624864747175119,0.0003791223922802603,0.00011663591756274841,1.0,1.0
G2_p0_w3_variable,G2_p1,10.0,G2,Agreement,0,0,0,0,0,0,,0.05882352941176472,0.1428571428571429,0.08403361344537819,1.0,1.0
G2_p0_w3_variable,G2_p1,20.0,G2,Global,0,0,0,0,0,0,,9.390848290208206e-05,0.00016223222134716792,6.832373844508586e-05,1.0,1.0
G2_p0_w3_variable,G2_p1,20.0,G2,Event,0,0,0,0,0,0,,0.00045558348254203386,0.000514925115883097,5.934163334106316e-05,1.0,1.0
G2_p0_w3_variable,G2_p1,20.0,G2,Combined,0,0,0,0,0,0,,0.000209042905014093,0.00025560247422261827,4.655956920852526e-05,1.0,1.0
G2_p0_w3_variable,G2_p1,20.0,G2,Agreement,0,0,0,0,0,0,,0.040000000000000036,0.11111111111111116,0.07111111111111112,1.0,1.0
G2_p0_w3_variable,G2_p2,-5.0,G2,Global,1,1,3,3,0,0,1.0,0.20275181048570326,0.4473496941298405,0.24459788364413723,0.9047619047619048,0.975609756097561
G2_p0_w3_variable,G2_p2,-5.0,G2,Event,1,1,3,3,0,0,1.0,0.0572343087475489,0.27183722471429367,0.21460291596674477,0.9047619047619048,0.975609756097561
G2_p0_w3_variable,G2_p2,-5.0,G2,Combined,1,1,3,3,0,0,1.0,0.07107382930626736,0.2941576368836598,0.22308380757739243,0.9047619047619048,0.975609756097561
G2_p0_w3_variable,G2_p2,-5.0,G2,Agreement,1,1,3,1,0,2,0.3333333333333333,0.6571428571428571,0.8857142857142857,0.22857142857142854,0.9047619047619048,0.975609756097561
G2_p0_w3_variable,G2_p2,0.0,G2,Global,0,0,0,0,0,0,,0.0013991634706238042,0.003819566539491854,0.00242040306886805,0.95,1.0
G2_p0_w3_variable,G2_p2,0.0,G2,Event,0,0,0,0,0,0,,0.004847844062759239,0.01419758898405338,0.00934974492129414,0.95,1.0
G2_p0_w3_variable,G2_p2,0.0,G2,Combined,0,0,0,0,0,0,,0.002262132163530698,0.0067064840608640555,0.004444351897333358,0.95,1.0
G2_p0_w3_variable,G2_p2,0.0,G2,Agreement,0,0,0,0,0,0,,0.7058823529411764,0.8857142857142857,0.17983193277310927,0.95,1.0
G2_p0_w3_variable,G2_p2,10.0,G2,Global,0,0,0,0,0,0,,0.0001844010124517432,0.0005071049493900305,0.00032270393693828735,1.0,1.0
G2_p0_w3_variable,G2_p2,10.0,G2,Event,0,0,0,0,0,0,,0.001112644698260226,0.0012965323492653074,0.00018388765100508142,1.0,1.0
G2_p0_w3_variable,G2_p2,10.0,G2,Combined,0,0,0,0,0,0,,0.0004648405516107815,0.000604412633205605,0.00013957208159482343,1.0,1.0
G2_p0_w3_variable,G2_p2,10.0,G2,Agreement,0,0,0,0,0,0,,0.13207547169811318,0.19999999999999996,0.06792452830188678,1.0,1.0
G2_p0_w3_variable,G2_p2,20.0,G2,Global,0,0,0,0,0,0,,0.00011220337731556803,0.00017783948764249044,6.563611032692241e-05,1.0,1.0
G2_p0_w3_variable,G2_p2,20.0,G2,Event,0,0,0,0,0,0,,0.00047828675576084336,0.0005072259586274097,2.8939202866566335e-05,1.0,1.0
G2_p0_w3_variable,G2_p2,20.0,G2,Combined,0,0,0,0,0,0,,0.00023570066764063552,0.0002852092871069688,4.950861946633329e-05,1.0,1.0
G2_p0_w3_variable,G2_p2,20.0,G2,Agreement,0,0,0,0,0,0,,0.11111111111111116,0.1724137931034483,0.06130268199233713,1.0,1.0
G2_p0_w3_variable,G2_p3,-5.0,G2,Global,2,1,4,2,0,2,0.5,0.8450106888927306,0.9031004345581547,0.05808974566542413,0.8636363636363636,0.9523809523809523
G2_p0_w3_variable,G2_p3,-5.0,G2,Event,2,1,4,4,0,0,1.0,0.9276919668670289,0.9948225615859917,0.06713059471896277,0.8636363636363636,0.9523809523809523
G2_p0_w3_variable,G2_p3,-5.0,G2,Combined,2,1,4,4,0,0,1.0,0.7646875412851654,0.9634918906219002,0.19880434933673485,0.8636363636363636,0.9523809523809523
G2_p0_w3_variable,G2_p3,-5.0,G2,Agreement,2,1,4,4,0,0,1.0,0.6666666666666667,0.8604651162790697,0.193798449612403,0.8636363636363636,0.9523809523809523
G2_p0_w3_variable,G2_p3,0.0,G2,Global,0,0,0,0,0,0,,0.02643702141515364,0.030013215157432473,0.003576193742278834,1.0,1.0
G2_p0_w3_variable,G2_p3,0.0,G2,Event,0,0,0,0,0,0,,0.011362631249987732,0.03573717966549673,0.024374548415508998,1.0,1.0
G2_p0_w3_variable,G2_p3,0.0,G2,Combined,0,0,0,0,0,0,,0.004891815889280939,0.007938935014075136,0.0030471191247941976,1.0,1.0
G2_p0_w3_variable,G2_p3,0.0,G2,Agreement,0,0,0,0,0,0,,0.5813953488372092,0.7948717948717949,0.2134764460345857,1.0,1.0
G2_p0_w3_variable,G2_p3,10.0,G2,Global,0,0,0,0,0,0,,0.0002132616363300574,0.0003851313756195706,0.00017186973928951318,1.0,1.0
G2_p0_w3_variable,G2_p3,10.0,G2,Event,0,0,0,0,0,0,,0.0008669187399015133,0.0010458684558236186,0.00017894971592210531,1.0,1.0
G2_p0_w3_variable,G2_p3,10.0,G2,Combined,0,0,0,0,0,0,,0.0003358820509234669,0.0006254927698070648,0.00028961071888359793,1.0,1.0
G2_p0_w3_variable,G2_p3,10.0,G2,Agreement,0,0,0,0,0,0,,0.11111111111111116,0.1785714285714286,0.06746031746031744,1.0,1.0
G2_p0_w3_variable,G2_p3,20.0,G2,Global,0,0,0,0,0,0,,8.881684811918058e-05,0.00013778881150706978,4.89719633878892e-05,1.0,1.0
G2_p0_w3_variable,G2_p3,20.0,G2,Event,0,0,0,0,0,0,,0.0004356072574028133,0.0005019309663978738,6.632370899506049e-05,1.0,1.0
G2_p0_w3_variable,G2_p3,20.0,G2,Combined,0,0,0,0,0,0,,0.00020776602174619213,0.00028539841891524876,7.763239716905663e-05,1.0,1.0
G2_p0_w3_variable,G2_p3,20.0,G2,Agreement,0,0,0,0,0,0,,0.09433962264150941,0.1724137931034483,0.07807417046193887,1.0,1.0
G2_p0_w3_variable,G2_p4,-5.0,G2,Global,4,0,0,0,0,0,,0.999998784534195,0.9999998090912954,1.024557100381962e-06,0.14285714285714285,0.4864864864864865
G2_p0_w3_variable,G2_p4,-5.0,G2,Event,4,0,0,0,0,0,,0.9380051437556532,0.9999749792590443,0.06196983550339108,0.14285714285714285,0.4864864864864865
G2_p0_w3_variable,G2_p4,-5.0,G2,Combined,4,0,0,0,0,0,,0.9999126237614631,0.9999998027076747,8.717894621168565e-05,0.14285714285714285,0.4864864864864865
G2_p0_w3_variable,G2_p4,-5.0,G2,Agreement,4,0,0,0,0,0,,0.4666666666666667,0.6153846153846154,0.14871794871794874,0.14285714285714285,0.4864864864864865
G2_p0_w3_variable,G2_p4,0.0,G2,Global,4,0,0,0,0,0,,0.9898626502959976,0.9973546690800826,0.007492018784085008,0.7906976744186046,0.8888888888888888
G2_p0_w3_variable,G2_p4,0.0,G2,Event,4,0,0,0,0,0,,0.6609819351920271,0.8430290788531394,0.1820471436611123,0.7906976744186046,0.8888888888888888
G2_p0_w3_variable,G2_p4,0.0,G2,Combined,4,0,0,0,0,0,,0.9290243402122363,0.979359772652865,0.05033543244062866,0.7906976744186046,0.8888888888888888
G2_p0_w3_variable,G2_p4,0.0,G2,Agreement,4,0,0,0,0,0,,0.6521739130434783,0.7333333333333334,0.08115942028985512,0.7906976744186046,0.8888888888888888
G2_p0_w3_variable,G2_p4,10.0,G2,Global,0,0,0,0,0,0,,0.001752453416084335,0.004465996289412565,0.0027135428733282303,0.975609756097561,1.0
G2_p0_w3_variable,G2_p4,10.0,G2,Event,0,0,0,0,0,0,,0.0013047501481060141,0.003598880354289767,0.0022941302061837525,0.975609756097561,1.0
G2_p0_w3_variable,G2_p4,10.0,G2,Combined,0,0,0,0,0,0,,0.0013254761564709526,0.002715443277365465,0.0013899671208945123,0.975609756097561,1.0
G2_p0_w3_variable,G2_p4,10.0,G2,Agreement,0,0,0,0,0,0,,0.18518518518518523,0.23636363636363633,0.0511784511784511,0.975609756097561,1.0
G2_p0_w3_variable,G2_p4,20.0,G2,Global,0,0,0,0,0,0,,0.00013419624904176025,0.0002006445175712815,6.644826852952125e-05,1.0,1.0
G2_p0_w3_variable,G2_p4,20.0,G2,Event,0,0,0,0,0,0,,0.00046746926696195334,0.0005865170126513496,0.0001190477456893963,1.0,1.0
G2_p0_w3_variable,G2_p4,20.0,G2,Combined,0,0,0,0,0,0,,0.0002825524841681608,0.0003255971388085602,4.30446546403994e-05,1.0,1.0
G2_p0_w3_variable,G2_p4,20.0,G2,Agreement,0,0,0,0,0,0,,0.09433962264150941,0.1724137931034483,0.07807417046193887,1.0,1.0
G2_p5_w0_regular,G2_p1,-5.0,G2,Global,4,0,0,0,0,0,,0.9352743207938434,0.97578769240125,0.040513371607406534,0.75,0.8333333333333334
G2_p5_w0_regular,G2_p1,-5.0,G2,Event,4,0,0,0,0,0,,0.9904854907486211,0.9993880631553379,0.008902572406716769,0.75,0.8333333333333334
G2_p5_w0_regular,G2_p1,-5.0,G2,Combined,4,0,0,0,0,0,,0.977029529913706,0.9960359045372086,0.01900637462350263,0.75,0.8333333333333334
G2_p5_w0_regular,G2_p1,-5.0,G2,Agreement,4,0,0,0,0,0,,0.23809523809523814,0.33333333333333337,0.09523809523809523,0.75,0.8333333333333334
G2_p5_w0_regular,G2_p1,0.0,G2,Global,2,1,4,1,0,3,0.25,0.059977270861199146,0.2260050570589374,0.16602778619773825,0.9047619047619048,1.0
G2_p5_w0_regular,G2_p1,0.0,G2,Event,2,1,4,4,0,0,1.0,0.058442232100864654,0.4318258420601436,0.373383609959279,0.9047619047619048,1.0
G2_p5_w0_regular,G2_p1,0.0,G2,Combined,2,1,4,4,0,0,1.0,0.03846570405409925,0.15271202695822994,0.1142463229041307,0.9047619047619048,1.0
G2_p5_w0_regular,G2_p1,0.0,G2,Agreement,2,1,4,0,0,4,0.0,0.1333333333333333,0.23636363636363633,0.10303030303030303,0.9047619047619048,1.0
G2_p5_w0_regular,G2_p1,10.0,G2,Global,0,0,0,0,0,0,,0.00020680979457182746,0.0004128844068761267,0.00020607461230429922,1.0,1.0
G2_p5_w0_regular,G2_p1,10.0,G2,Event,0,0,0,0,0,0,,0.0007183582870456318,0.0008833826217300931,0.0001650243346844613,1.0,1.0
G2_p5_w0_regular,G2_p1,10.0,G2,Combined,0,0,0,0,0,0,,0.0003946937180559824,0.00046269653846865054,6.800282041266814e-05,1.0,1.0
G2_p5_w0_regular,G2_p1,10.0,G2,Agreement,0,0,0,0,0,0,,0.0,0.05882352941176472,0.05882352941176472,1.0,1.0
G2_p5_w0_regular,G2_p1,20.0,G2,Global,0,0,0,0,0,0,,0.00010437735167247244,0.00013645833894506613,3.208098727259369e-05,1.0,1.0
G2_p5_w0_regular,G2_p1,20.0,G2,Event,0,0,0,0,0,0,,0.0005426983198396016,0.0005487722866544385,6.073966814836842e-06,1.0,1.0
G2_p5_w0_regular,G2_p1,20.0,G2,Combined,0,0,0,0,0,0,,0.00031915384082280046,0.00034108760334999037,2.1933762527189904e-05,1.0,1.0
G2_p5_w0_regular,G2_p1,20.0,G2,Agreement,0,0,0,0,0,0,,0.0,0.0,0.0,1.0,1.0
G2_p5_w0_regular,G2_p2,-5.0,G2,Global,0,0,0,0,0,0,,0.06849621682624144,0.18493328587530386,0.11643706904906242,0.95,1.0
G2_p5_w0_regular,G2_p2,-5.0,G2,Event,0,0,0,0,0,0,,0.019113837878524585,0.2657649102463587,0.2466510723678341,0.95,1.0
G2_p5_w0_regular,G2_p2,-5.0,G2,Combined,0,0,0,0,0,0,,0.019037674561976883,0.2109961205598762,0.19195844599789932,0.95,1.0
G2_p5_w0_regular,G2_p2,-5.0,G2,Agreement,0,0,0,0,0,0,,0.7142857142857143,0.8333333333333334,0.11904761904761907,0.95,1.0
G2_p5_w0_regular,G2_p2,0.0,G2,Global,0,0,0,0,0,0,,0.0011592280263375153,0.0025713565940677537,0.0014121285677302384,0.975609756097561,1.0
G2_p5_w0_regular,G2_p2,0.0,G2,Event,0,0,0,0,0,0,,0.0021129851637063076,0.007629873852720608,0.005516888689014301,0.975609756097561,1.0
G2_p5_w0_regular,G2_p2,0.0,G2,Combined,0,0,0,0,0,0,,0.0010857565178549124,0.004460089100122109,0.0033743325822671966,0.975609756097561,1.0
G2_p5_w0_regular,G2_p2,0.0,G2,Agreement,0,0,0,0,0,0,,0.4871794871794872,0.7,0.21282051282051273,0.975609756097561,1.0
G2_p5_w0_regular,G2_p2,10.0,G2,Global,0,0,0,0,0,0,,0.00022407553185144172,0.0003825205470913344,0.00015844501523989266,1.0,1.0
G2_p5_w0_regular,G2_p2,10.0,G2,Event,0,0,0,0,0,0,,0.0010166146804833417,0.0012037363147641847,0.00018712163428084307,1.0,1.0
G2_p5_w0_regular,G2_p2,10.0,G2,Combined,0,0,0,0,0,0,,0.00045778439632334267,0.0007129118548476579,0.00025512745852431526,1.0,1.0
G2_p5_w0_regular,G2_p2,10.0,G2,Agreement,0,0,0,0,0,0,,0.040000000000000036,0.0980392156862745,0.05803921568627446,1.0,1.0
G2_p5_w0_regular,G2_p2,20.0,G2,Global,0,0,0,0,0,0,,0.00011294317648081959,0.00013929319460053536,2.6350018119715774e-05,1.0,1.0
G2_p5_w0_regular,G2_p2,20.0,G2,Event,0,0,0,0,0,0,,0.0005731727846781659,0.0006058049734224774,3.2632188744311516e-05,1.0,1.0
G2_p5_w0_regular,G2_p2,20.0,G2,Combined,0,0,0,0,0,0,,0.00031943557109667583,0.0003742834353546364,5.4847864257960566e-05,1.0,1.0
G2_p5_w0_regular,G2_p2,20.0,G2,Agreement,0,0,0,0,0,0,,0.0,0.020408163265306145,0.020408163265306145,1.0,1.0
G2_p5_w0_regular,G2_p3,-5.0,G2,Global,2,1,4,2,0,2,0.5,0.6169731082088116,0.8221076774524808,0.20513456924366924,0.85,0.9523809523809523
G2_p5_w0_regular,G2_p3,-5.0,G2,Event,2,1,4,4,0,0,1.0,0.38523020485399667,0.9872063276292845,0.6019761227752878,0.85,0.9523809523809523
G2_p5_w0_regular,G2_p3,-5.0,G2,Combined,2,1,4,3,0,1,0.75,0.17731725107468752,0.9249720987481236,0.747654847673436,0.85,0.9523809523809523
G2_p5_w0_regular,G2_p3,-5.0,G2,Agreement,2,1,4,1,0,3,0.25,0.6190476190476191,0.8461538461538461,0.22710622710622708,0.85,0.9523809523809523
G2_p5_w0_regular,G2_p3,0.0,G2,Global,0,0,0,0,0,0,,0.0072099460480090785,0.027396813818400784,0.020186867770391706,0.975609756097561,1.0
G2_p5_w0_regular,G2_p3,0.0,G2,Event,0,0,0,0,0,0,,0.018952794958253565,0.08632909297191098,0.06737629801365741,0.975609756097561,1.0
G2_p5_w0_regular,G2_p3,0.0,G2,Combined,0,0,0,0,0,0,,0.005433617384006389,0.01698522404483218,0.01155160666082579,0.975609756097561,1.0
G2_p5_w0_regular,G2_p3,0.0,G2,Agreement,0,0,0,0,0,0,,0.23404255319148937,0.4666666666666667,0.2326241134751773,0.975609756097561,1.0
G2_p5_w0_regular,G2_p3,10.0,G2,Global,0,0,0,0,0,0,,0.0001926435967323157,0.000402971455514569,0.0002103278587822533,1.0,1.0
G2_p5_w0_regular,G2_p3,10.0,G2,Event,0,0,0,0,0,0,,0.0009694953858899145,0.001043684766254443,7.41893803645284e-05,1.0,1.0
G2_p5_w0_regular,G2_p3,10.0,G2,Combined,0,0,0,0,0,0,,0.0004889261729685972,0.0007577649811798678,0.00026883880821127056,1.0,1.0
G2_p5_w0_regular,G2_p3,10.0,G2,Agreement,0,0,0,0,0,0,,0.020408163265306145,0.0980392156862745,0.07763105242096835,1.0,1.0
G2_p5_w0_regular,G2_p3,20.0,G2,Global,0,0,0,0,0,0,,9.443548459897126e-05,0.00013095440569093638,3.6518921091965116e-05,1.0,1.0
G2_p5_w0_regular,G2_p3,20.0,G2,Event,0,0,0,0,0,0,,0.0005706526777300426,0.0005924023705887962,2.1749692858753604e-05,1.0,1.0
G2_p5_w0_regular,G2_p3,20.0,G2,Combined,0,0,0,0,0,0,,0.00032754519829415935,0.00037936697606733184,5.182177777317249e-05,1.0,1.0
G2_p5_w0_regular,G2_p3,20.0,G2,Agreement,0,0,0,0,0,0,,0.0,0.0,0.0,1.0,1.0
G2_p5_w0_regular,G2_p4,-5.0,G2,Global,4,0,0,0,0,0,,0.9999958245424638,0.9999990849000574,3.260357593570795e-06,0.12903225806451613,0.7272727272727273
G2_p5_w0_regular,G2_p4,-5.0,G2,Event,4,0,0,0,0,0,,0.982521443847389,0.9917953034870767,0.009273859639687632,0.12903225806451613,0.7272727272727273
G2_p5_w0_regular,G2_p4,-5.0,G2,Combined,4,0,0,0,0,0,,0.999958524459298,0.9999700011830587,1.1476723760672769e-05,0.12903225806451613,0.7272727272727273
G2_p5_w0_regular,G2_p4,-5.0,G2,Agreement,4,0,0,0,0,0,,0.46341463414634143,0.6,0.13658536585365855,0.12903225806451613,0.7272727272727273
G2_p5_w0_regular,G2_p4,0.0,G2,Global,4,0,0,0,0,0,,0.9598219583918209,0.9890734135108153,0.029251455118994407,0.7619047619047619,0.9302325581395349
G2_p5_w0_regular,G2_p4,0.0,G2,Event,4,0,0,0,0,0,,0.48896784100945706,0.9658057711319562,0.47683793012249914,0.7619047619047619,0.9302325581395349
G2_p5_w0_regular,G2_p4,0.0,G2,Combined,4,0,0,0,0,0,,0.8708778570847788,0.9928088094028404,0.12193095231806161,0.7619047619047619,0.9302325581395349
G2_p5_w0_regular,G2_p4,0.0,G2,Agreement,4,0,0,0,0,0,,0.5,0.8181818181818181,0.3181818181818181,0.7619047619047619,0.9302325581395349
G2_p5_w0_regular,G2_p4,10.0,G2,Global,0,0,0,0,0,0,,0.0009477057167204309,0.002367970845807154,0.001420265129086723,1.0,1.0
G2_p5_w0_regular,G2_p4,10.0,G2,Event,0,0,0,0,0,0,,0.0012525953733558842,0.001965340061348479,0.0007127446879925949,1.0,1.0
G2_p5_w0_regular,G2_p4,10.0,G2,Combined,0,0,0,0,0,0,,0.0012345434868653935,0.0020054864490610777,0.0007709429621956842,1.0,1.0
G2_p5_w0_regular,G2_p4,10.0,G2,Agreement,0,0,0,0,0,0,,0.0980392156862745,0.19999999999999996,0.10196078431372546,1.0,1.0
G2_p5_w0_regular,G2_p4,20.0,G2,Global,0,0,0,0,0,0,,0.00011318788119910991,0.00016300706835650747,4.981918715739756e-05,1.0,1.0
G2_p5_w0_regular,G2_p4,20.0,G2,Event,0,0,0,0,0,0,,0.000579611302375576,0.0005960933597200466,1.64820573444706e-05,1.0,1.0
G2_p5_w0_regular,G2_p4,20.0,G2,Combined,0,0,0,0,0,0,,0.00035809436500431236,0.000384286134627204,2.6191769622891628e-05,1.0,1.0
G2_p5_w0_regular,G2_p4,20.0,G2,Agreement,0,0,0,0,0,0,,0.020408163265306145,0.020408163265306145,0.0,1.0,1.0
G2_p5_w0_variable,G2_p1,-5.0,G2,Global,4,0,0,0,0,0,,0.9054157527665477,0.9310927559821607,0.025677003215612948,0.782608695652174,0.8837209302325582
G2_p5_w0_variable,G2_p1,-5.0,G2,Event,4,0,0,0,0,0,,0.8303444402523942,0.9994655145731022,0.169121074320708,0.782608695652174,0.8837209302325582
G2_p5_w0_variable,G2_p1,-5.0,G2,Combined,4,0,0,0,0,0,,0.5118633409133975,0.9972255007995027,0.4853621598861052,0.782608695652174,0.8837209302325582
G2_p5_w0_variable,G2_p1,-5.0,G2,Agreement,4,0,0,0,0,0,,0.2075471698113207,0.4418604651162791,0.23431329530495837,0.782608695652174,0.8837209302325582
G2_p5_w0_variable,G2_p1,0.0,G2,Global,2,1,4,2,0,2,0.5,0.03558031580255755,0.06091296282813642,0.025332647025578872,0.9302325581395349,0.9767441860465116
G2_p5_w0_variable,G2_p1,0.0,G2,Event,2,1,4,2,0,2,0.5,0.015627760315713453,0.4301333935366721,0.4145056332209587,0.9302325581395349,0.9767441860465116
G2_p5_w0_variable,G2_p1,0.0,G2,Combined,2,1,4,2,0,2,0.5,0.0064910763512591434,0.13021150330549816,0.12372042695423902,0.9302325581395349,0.9767441860465116
G2_p5_w0_variable,G2_p1,0.0,G2,Agreement,2,1,4,0,1,3,0.125,0.07999999999999996,0.1785714285714286,0.09857142857142864,0.9302325581395349,0.9767441860465116
G2_p5_w0_variable,G2_p1,10.0,G2,Global,0,0,0,0,0,0,,0.00010491091716348003,0.0001600321876026471,5.512127043916706e-05,1.0,1.0
G2_p5_w0_variable,G2_p1,10.0,G2,Event,0,0,0,0,0,0,,0.0007695918487238866,0.000858258538981864,8.866669025797745e-05,1.0,1.0
G2_p5_w0_variable,G2_p1,10.0,G2,Combined,0,0,0,0,0,0,,0.0003665851503503234,0.00043909544416096454,7.251029381064115e-05,1.0,1.0
G2_p5_w0_variable,G2_p1,10.0,G2,Agreement,0,0,0,0,0,0,,0.0,0.020408163265306145,0.020408163265306145,1.0,1.0
G2_p5_w0_variable,G2_p1,20.0,G2,Global,0,0,0,0,0,0,,5.186328950590796e-05,6.196153696571061e-05,1.0098247459802646e-05,1.0,1.0
G2_p5_w0_variable,G2_p1,20.0,G2,Event,0,0,0,0,0,0,,0.0005467895585127312,0.0005565187992254167,9.729240712685557e-06,1.0,1.0
G2_p5_w0_variable,G2_p1,20.0,G2,Combined,0,0,0,0,0,0,,0.00028368649664929906,0.0003269440707526146,4.3257574103315556e-05,1.0,1.0
G2_p5_w0_variable,G2_p1,20.0,G2,Agreement,0,0,0,0,0,0,,0.0,0.0,0.0,1.0,1.0
G2_p5_w0_variable,G2_p2,-5.0,G2,Global,1,1,3,2,0,1,0.6666666666666666,0.12757820642391987,0.21187712261191685,0.08429891618799698,0.9302325581395349,0.9767441860465116
G2_p5_w0_variable,G2_p2,-5.0,G2,Event,1,1,3,1,0,2,0.3333333333333333,0.05609071521989151,0.19721159487321147,0.14112087965331996,0.9302325581395349,0.9767441860465116
G2_p5_w0_variable,G2_p2,-5.0,G2,Combined,1,1,3,2,0,1,0.6666666666666666,0.10072939548351367,0.1800833433723782,0.07935394788886452,0.9302325581395349,0.9767441860465116
G2_p5_w0_variable,G2_p2,-5.0,G2,Agreement,1,1,3,3,0,0,1.0,0.5897435897435898,0.8285714285714285,0.23882783882783876,0.9302325581395349,0.9767441860465116
G2_p5_w0_variable,G2_p2,0.0,G2,Global,1,1,3,2,0,1,0.6666666666666666,0.001086448191828248,0.003546961589703282,0.002460513397875034,0.9302325581395349,1.0
G2_p5_w0_variable,G2_p2,0.0,G2,Event,1,1,3,3,0,0,1.0,0.004779687186674906,0.013737814543949844,0.008958127357274939,0.9302325581395349,1.0
G2_p5_w0_variable,G2_p2,0.0,G2,Combined,1,1,3,3,0,0,1.0,0.0023763970912819184,0.0098642088332353,0.007487811741953381,0.9302325581395349,1.0
G2_p5_w0_variable,G2_p2,0.0,G2,Agreement,1,1,3,3,0,0,1.0,0.5111111111111111,0.7714285714285715,0.2603174603174604,0.9302325581395349,1.0
G2_p5_w0_variable,G2_p2,10.0,G2,Global,0,0,0,0,0,0,,0.0001563725926649864,0.0003690527152656009,0.0002126801226006145,1.0,1.0
G2_p5_w0_variable,G2_p2,10.0,G2,Event,0,0,0,0,0,0,,0.0009665825408960442,0.001416712676541717,0.00045013013564567284,1.0,1.0
G2_p5_w0_variable,G2_p2,10.0,G2,Combined,0,0,0,0,0,0,,0.0005476175469421497,0.000928458326067315,0.00038084077912516534,1.0,1.0
G2_p5_w0_variable,G2_p2,10.0,G2,Agreement,0,0,0,0,0,0,,0.040000000000000036,0.13725490196078427,0.09725490196078423,1.0,1.0
G2_p5_w0_variable,G2_p2,20.0,G2,Global,0,0,0,0,0,0,,5.8668784248052493e-05,9.27809061243386e-05,3.41121218762861e-05,1.0,1.0
G2_p5_w0_variable,G2_p2,20.0,G2,Event,0,0,0,0,0,0,,0.0005767359295189482,0.0006507761630882973,7.404023356934902e-05,1.0,1.0
G2_p5_w0_variable,G2_p2,20.0,G2,Combined,0,0,0,0,0,0,,0.0003392838583712035,0.00041419650556924324,7.491264719803974e-05,1.0,1.0
G2_p5_w0_variable,G2_p2,20.0,G2,Agreement,0,0,0,0,0,0,,0.0,0.0,0.0,1.0,1.0
G2_p5_w0_variable,G2_p3,-5.0,G2,Global,4,0,0,0,0,0,,0.5670406535463234,0.7947966567919375,0.22775600324561407,0.8695652173913043,0.9130434782608695
G2_p5_w0_variable,G2_p3,-5.0,G2,Event,4,0,0,0,0,0,,0.9374943091055614,0.9954501071864219,0.05795579808086049,0.8695652173913043,0.9130434782608695
G2_p5_w0_variable,G2_p3,-5.0,G2,Combined,4,0,0,0,0,0,,0.6049961664669782,0.9841473088631028,0.3791511423961246,0.8695652173913043,0.9130434782608695
G2_p5_w0_variable,G2_p3,-5.0,G2,Agreement,4,0,0,0,0,0,,0.7142857142857143,0.7619047619047619,0.04761904761904756,0.8695652173913043,0.9130434782608695
G2_p5_w0_variable,G2_p3,0.0,G2,Global,0,0,0,0,0,0,,0.007590496744565657,0.025293946972715736,0.017703450228150078,1.0,1.0
G2_p5_w0_variable,G2_p3,0.0,G2,Event,0,0,0,0,0,0,,0.016311223990199127,0.048231811024976,0.031920587034776876,1.0,1.0
G2_p5_w0_variable,G2_p3,0.0,G2,Combined,0,0,0,0,0,0,,0.004224560544640247,0.009773012635867776,0.005548452091227529,1.0,1.0
G2_p5_w0_variable,G2_p3,0.0,G2,Agreement,0,0,0,0,0,0,,0.19999999999999996,0.4042553191489362,0.20425531914893624,1.0,1.0
G2_p5_w0_variable,G2_p3,10.0,G2,Global,0,0,0,0,0,0,,8.545021041161895e-05,0.00030078137998226805,0.0002153311695706491,1.0,1.0
G2_p5_w0_variable,G2_p3,10.0,G2,Event,0,0,0,0,0,0,,0.0009696350540391953,0.0011460448764253253,0.00017640982238613,1.0,1.0
G2_p5_w0_variable,G2_p3,10.0,G2,Combined,0,0,0,0,0,0,,0.00048532111196668504,0.0006354884404625849,0.0001501673284958999,1.0,1.0
G2_p5_w0_variable,G2_p3,10.0,G2,Agreement,0,0,0,0,0,0,,0.040000000000000036,0.0980392156862745,0.05803921568627446,1.0,1.0
G2_p5_w0_variable,G2_p3,20.0,G2,Global,0,0,0,0,0,0,,4.8454221894746034e-05,7.166224969404087e-05,2.3208027799294834e-05,1.0,1.0
G2_p5_w0_variable,G2_p3,20.0,G2,Event,0,0,0,0,0,0,,0.0005764466711029539,0.000594167255963661,1.7720584860707106e-05,1.0,1.0
G2_p5_w0_variable,G2_p3,20.0,G2,Combined,0,0,0,0,0,0,,0.00030167521281583283,0.0003398634289085363,3.8188216092703445e-05,1.0,1.0
G2_p5_w0_variable,G2_p3,20.0,G2,Agreement,0,0,0,0,0,0,,0.0,0.0,0.0,1.0,1.0
G2_p5_w0_variable,G2_p4,-5.0,G2,Global,4,0,0,0,0,0,,0.9999984465022489,0.9999995013815491,1.0548793002440604e-06,0.24242424242424243,0.6829268292682927
G2_p5_w0_variable,G2_p4,-5.0,G2,Event,4,0,0,0,0,0,,0.94944582883841,0.9999996265094608,0.05055379767105084,0.24242424242424243,0.6829268292682927
G2_p5_w0_variable,G2_p4,-5.0,G2,Combined,4,0,0,0,0,0,,0.9999061338545464,0.9999999998665605,9.386601201410993e-05,0.24242424242424243,0.6829268292682927
G2_p5_w0_variable,G2_p4,-5.0,G2,Agreement,4,0,0,0,0,0,,0.4838709677419355,0.6875,0.2036290322580645,0.24242424242424243,0.6829268292682927
G2_p5_w0_variable,G2_p4,0.0,G2,Global,4,0,0,0,0,0,,0.9837282341355447,0.9922992557251115,0.008571021589566796,0.8181818181818182,0.8636363636363636
G2_p5_w0_variable,G2_p4,0.0,G2,Event,4,0,0,0,0,0,,0.2951098014894263,0.9395933356116997,0.6444835341222734,0.8181818181818182,0.8636363636363636
G2_p5_w0_variable,G2_p4,0.0,G2,Combined,4,0,0,0,0,0,,0.9111242937021866,0.9946532421248273,0.08352894842264069,0.8181818181818182,0.8636363636363636
G2_p5_w0_variable,G2_p4,0.0,G2,Agreement,4,0,0,0,0,0,,0.5454545454545454,0.7727272727272727,0.2272727272727273,0.8181818181818182,0.8636363636363636
G2_p5_w0_variable,G2_p4,10.0,G2,Global,0,0,0,0,0,0,,0.0008458483574922957,0.0017409176119662392,0.0008950692544739435,1.0,1.0
G2_p5_w0_variable,G2_p4,10.0,G2,Event,0,0,0,0,0,0,,0.0010636897410641034,0.0018562302680808712,0.0007925405270167679,1.0,1.0
G2_p5_w0_variable,G2_p4,10.0,G2,Combined,0,0,0,0,0,0,,0.0009599920365985969,0.0022600521604547027,0.001300060123856106,1.0,1.0
G2_p5_w0_variable,G2_p4,10.0,G2,Agreement,0,0,0,0,0,0,,0.07692307692307687,0.19999999999999996,0.12307692307692308,1.0,1.0
G2_p5_w0_variable,G2_p4,20.0,G2,Global,0,0,0,0,0,0,,7.272339968169008e-05,8.814096555843847e-05,1.541756587674839e-05,1.0,1.0
G2_p5_w0_variable,G2_p4,20.0,G2,Event,0,0,0,0,0,0,,0.0005995279486302708,0.000644662777697854,4.51348290675832e-05,1.0,1.0
G2_p5_w0_variable,G2_p4,20.0,G2,Combined,0,0,0,0,0,0,,0.00035095568476034073,0.00040578686482106507,5.483118006072434e-05,1.0,1.0
G2_p5_w0_variable,G2_p4,20.0,G2,Agreement,0,0,0,0,0,0,,0.0,0.020408163265306145,0.020408163265306145,1.0,1.0
G2_p5_w1_regular,G2_p1,-5.0,G2,Global,4,0,0,0,0,0,,0.9456475219222596,0.9770688624651956,0.031421340542935994,0.7804878048780488,0.85
G2_p5_w1_regular,G2_p1,-5.0,G2,Event,4,0,0,0,0,0,,0.9344564891606806,0.998210863674327,0.0637543745136464,0.7804878048780488,0.85
G2_p5_w1_regular,G2_p1,-5.0,G2,Combined,4,0,0,0,0,0,,0.8732230754727862,0.9893355313124196,0.11611245583963337,0.7804878048780488,0.85
G2_p5_w1_regular,G2_p1,-5.0,G2,Agreement,4,0,0,0,0,0,,0.26530612244897955,0.6170212765957447,0.35171515414676513,0.7804878048780488,0.85
G2_p5_w1_regular,G2_p1,0.0,G2,Global,3,1,3,0,0,3,0.0,0.07503259553816483,0.16909213513615406,0.09405953959798924,0.8947368421052632,0.972972972972973
G2_p5_w1_regular,G2_p1,0.0,G2,Event,3,1,3,1,0,2,0.3333333333333333,0.04884039194537418,0.9000132700421426,0.8511728780967684,0.8947368421052632,0.972972972972973
G2_p5_w1_regular,G2_p1,0.0,G2,Combined,3,1,3,1,0,2,0.3333333333333333,0.01762731321720334,0.3791606661285414,0.36153335291133804,0.8947368421052632,0.972972972972973
G2_p5_w1_regular,G2_p1,0.0,G2,Agreement,3,1,3,0,0,3,0.0,0.13725490196078427,0.3877551020408163,0.25050020008003204,0.8947368421052632,0.972972972972973
G2_p5_w1_regular,G2_p1,10.0,G2,Global,0,0,0,0,0,0,,0.0006393925902675355,0.0007626695856270036,0.0001232769953594681,1.0,1.0
G2_p5_w1_regular,G2_p1,10.0,G2,Event,0,0,0,0,0,0,,0.000713673032204824,0.0009427539883968543,0.00022908095619203028,1.0,1.0
G2_p5_w1_regular,G2_p1,10.0,G2,Combined,0,0,0,0,0,0,,0.000669732238860663,0.0008057958455672229,0.00013606360670655984,1.0,1.0
G2_p5_w1_regular,G2_p1,10.0,G2,Agreement,0,0,0,0,0,0,,0.04347826086956519,0.10204081632653061,0.058562555456965426,1.0,1.0
G2_p5_w1_regular,G2_p1,20.0,G2,Global,0,0,0,0,0,0,,0.0002685000702058238,0.0002956483265440146,2.7148256338190805e-05,1.0,1.0
G2_p5_w1_regular,G2_p1,20.0,G2,Event,0,0,0,0,0,0,,0.0005180042704139926,0.0005595798690623296,4.157559864833703e-05,1.0,1.0
G2_p5_w1_regular,G2_p1,20.0,G2,Combined,0,0,0,0,0,0,,0.0005771539603674558,0.0006234445538736063,4.629059350615052e-05,1.0,1.0
G2_p5_w1_regular,G2_p1,20.0,G2,Agreement,0,0,0,0,0,0,,0.0,0.04347826086956519,0.04347826086956519,1.0,1.0
G2_p5_w1_regular,G2_p2,-5.0,G2,Global,4,0,0,0,0,0,,0.24166046135114821,0.4472850186221163,0.20562455727096807,0.8717948717948718,0.918918918918919
G2_p5_w1_regular,G2_p2,-5.0,G2,Event,4,0,0,0,0,0,,0.07191272870008175,0.5983209186021865,0.5264081899021047,0.8717948717948718,0.918918918918919
G2_p5_w1_regular,G2_p2,-5.0,G2,Combined,4,0,0,0,0,0,,0.1191650674082223,0.5460447073602563,0.42687963995203404,0.8717948717948718,0.918918918918919
G2_p5_w1_regular,G2_p2,-5.0,G2,Agreement,4,0,0,0,0,0,,0.6470588235294117,0.8285714285714285,0.18151260504201683,0.8717948717948718,0.918918918918919
G2_p5_w1_regular,G2_p2,0.0,G2,Global,1,1,3,1,0,2,0.3333333333333333,0.0031548112310677908,0.0053420082782617735,0.0021871970471939828,0.9444444444444444,1.0
G2_p5_w1_regular,G2_p2,0.0,G2,Event,1,1,3,0,0,3,0.0,0.0024819326716469495,0.004501142856999589,0.0020192101853526395,0.9444444444444444,1.0
G2_p5_w1_regular,G2_p2,0.0,G2,Combined,1,1,3,1,0,2,0.3333333333333333,0.0020574270982488796,0.005378930076008178,0.003321502977759298,0.9444444444444444,1.0
G2_p5_w1_regular,G2_p2,0.0,G2,Agreement,1,1,3,3,0,0,1.0,0.7058823529411764,0.9375,0.2316176470588236,0.9444444444444444,1.0
G2_p5_w1_regular,G2_p2,10.0,G2,Global,0,0,0,0,0,0,,0.0006225368134168875,0.0007649747256955793,0.00014243791227869186,1.0,1.0
G2_p5_w1_regular,G2_p2,10.0,G2,Event,0,0,0,0,0,0,,0.0008808712803999478,0.0018297688608057458,0.0009488975804057979,1.0,1.0
G2_p5_w1_regular,G2_p2,10.0,G2,Combined,0,0,0,0,0,0,,0.0008430588477773762,0.0017838852916098377,0.0009408264438324614,1.0,1.0
G2_p5_w1_regular,G2_p2,10.0,G2,Agreement,0,0,0,0,0,0,,0.11111111111111116,0.17647058823529416,0.065359477124183,1.0,1.0
G2_p5_w1_regular,G2_p2,20.0,G2,Global,0,0,0,0,0,0,,0.0002637935322896616,0.0003319757185906754,6.81821863010138e-05,1.0,1.0
G2_p5_w1_regular,G2_p2,20.0,G2,Event,0,0,0,0,0,0,,0.0005210620247527967,0.0006964062321471288,0.0001753442073943321,1.0,1.0
G2_p5_w1_regular,G2_p2,20.0,G2,Combined,0,0,0,0,0,0,,0.0005929167927815119,0.0007727250734970764,0.00017980828071556456,1.0,1.0
G2_p5_w1_regular,G2_p2,20.0,G2,Agreement,0,0,0,0,0,0,,0.0,0.08333333333333337,0.08333333333333337,1.0,1.0
G2_p5_w1_regular,G2_p3,-5.0,G2,Global,4,0,0,0,0,0,,0.7393694131299761,0.8136097148667786,0.07424030173680252,0.8292682926829268,0.9230769230769231
G2_p5_w1_regular,G2_p3,-5.0,G2,Event,4,0,0,0,0,0,,0.8940861577339139,0.9641763397359718,0.07009018200205797,0.8292682926829268,0.9230769230769231
G2_p5_w1_regular,G2_p3,-5.0,G2,Combined,4,0,0,0,0,0,,0.6983506309945429,0.8463978393940518,0.1480472083995089,0.8292682926829268,0.9230769230769231
G2_p5_w1_regular,G2_p3,-5.0,G2,Agreement,4,0,0,0,0,0,,0.7435897435897436,0.8947368421052632,0.15114709851551955,0.8292682926829268,0.9230769230769231
G2_p5_w1_regular,G2_p3,0.0,G2,Global,0,0,0,0,0,0,,0.018964630760943384,0.025883555089414638,0.006918924328471254,0.972972972972973,1.0
G2_p5_w1_regular,G2_p3,0.0,G2,Event,0,0,0,0,0,0,,0.011887964706495583,0.23699975370595205,0.22511178899945647,0.972972972972973,1.0
G2_p5_w1_regular,G2_p3,0.0,G2,Combined,0,0,0,0,0,0,,0.004785056244037561,0.04427640452842516,0.0394913482843876,0.972972972972973,1.0
G2_p5_w1_regular,G2_p3,0.0,G2,Agreement,0,0,0,0,0,0,,0.6923076923076923,0.8285714285714285,0.13626373626373622,0.972972972972973,1.0
G2_p5_w1_regular,G2_p3,10.0,G2,Global,0,0,0,0,0,0,,0.00044482035911213853,0.0006719242099174382,0.00022710385080529968,1.0,1.0
G2_p5_w1_regular,G2_p3,10.0,G2,Event,0,0,0,0,0,0,,0.0008781965193826785,0.0010965579474584927,0.0002183614280758142,1.0,1.0
G2_p5_w1_regular,G2_p3,10.0,G2,Combined,0,0,0,0,0,0,,0.0006455027266108478,0.0009947113513733175,0.00034920862476246967,1.0,1.0
G2_p5_w1_regular,G2_p3,10.0,G2,Agreement,0,0,0,0,0,0,,0.08333333333333337,0.1923076923076923,0.10897435897435892,1.0,1.0
G2_p5_w1_regular,G2_p3,20.0,G2,Global,0,0,0,0,0,0,,0.00022229127055626584,0.00028533060205238704,6.303933149612119e-05,1.0,1.0
G2_p5_w1_regular,G2_p3,20.0,G2,Event,0,0,0,0,0,0,,0.0005516047605539367,0.000582338729487195,3.07339689332583e-05,1.0,1.0
G2_p5_w1_regular,G2_p3,20.0,G2,Combined,0,0,0,0,0,0,,0.0005636965952477019,0.0006308864366876204,6.718984143991855e-05,1.0,1.0
G2_p5_w1_regular,G2_p3,20.0,G2,Agreement,0,0,0,0,0,0,,0.0,0.022222222222222254,0.022222222222222254,1.0,1.0
G2_p5_w1_regular,G2_p4,-5.0,G2,Global,4,0,0,0,0,0,,0.9999987397393062,0.9999997908537115,1.051114405292708e-06,0.27586206896551724,0.42424242424242425
G2_p5_w1_regular,G2_p4,-5.0,G2,Event,4,0,0,0,0,0,,0.982370920817871,0.9999964866855899,0.017625565867718906,0.27586206896551724,0.42424242424242425
G2_p5_w1_regular,G2_p4,-5.0,G2,Combined,4,0,0,0,0,0,,0.9999580484278473,0.9999999666555217,4.1918227674409e-05,0.27586206896551724,0.42424242424242425
G2_p5_w1_regular,G2_p4,-5.0,G2,Agreement,4,0,0,0,0,0,,0.5172413793103448,0.6774193548387097,0.160177975528365,0.27586206896551724,0.42424242424242425
G2_p5_w1_regular,G2_p4,0.0,G2,Global,4,0,0,0,0,0,,0.9841551337683477,0.9976735760510114,0.013518442282663634,0.7368421052631579,0.8780487804878049
G2_p5_w1_regular,G2_p4,0.0,G2,Event,4,0,0,0,0,0,,0.7259122068927057,0.8947497402981595,0.1688375334054537,0.7368421052631579,0.8780487804878049
G2_p5_w1_regular,G2_p4,0.0,G2,Combined,4,0,0,0,0,0,,0.9411178963639876,0.9919661136372483,0.05084821727326072,0.7368421052631579,0.8780487804878049
G2_p5_w1_regular,G2_p4,0.0,G2,Agreement,4,0,0,0,0,0,,0.6190476190476191,0.8260869565217391,0.20703933747412007,0.7368421052631579,0.8780487804878049
G2_p5_w1_regular,G2_p4,10.0,G2,Global,0,0,0,0,0,0,,0.004114447477063788,0.007686337587696781,0.0035718901106329927,1.0,1.0
G2_p5_w1_regular,G2_p4,10.0,G2,Event,0,0,0,0,0,0,,0.001240511716881732,0.003102865261982256,0.001862353545100524,1.0,1.0
G2_p5_w1_regular,G2_p4,10.0,G2,Combined,0,0,0,0,0,0,,0.002777168673280339,0.005563493010605812,0.0027863243373254733,1.0,1.0
G2_p5_w1_regular,G2_p4,10.0,G2,Agreement,0,0,0,0,0,0,,0.1428571428571429,0.2592592592592593,0.1164021164021164,1.0,1.0
G2_p5_w1_regular,G2_p4,20.0,G2,Global,0,0,0,0,0,0,,0.0003276852185003232,0.0004136034514567426,8.591823295641939e-05,1.0,1.0
G2_p5_w1_regular,G2_p4,20.0,G2,Event,0,0,0,0,0,0,,0.0005891461008984503,0.0005957346008776794,6.588499979229105e-06,1.0,1.0
G2_p5_w1_regular,G2_p4,20.0,G2,Combined,0,0,0,0,0,0,,0.0007312017923353047,0.0008038949062390336,7.269311390372887e-05,1.0,1.0
G2_p5_w1_regular,G2_p4,20.0,G2,Agreement,0,0,0,0,0,0,,0.022222222222222254,0.06382978723404253,0.04160756501182028,1.0,1.0
G2_p5_w1_variable,G2_p1,-5.0,G2,Global,4,0,0,0,0,0,,0.8173532086720393,0.982079091190844,0.1647258825188047,0.7142857142857143,0.8
G2_p5_w1_variable,G2_p1,-5.0,G2,Event,4,0,0,0,0,0,,0.9004950417968282,0.997865009945297,0.09736996814846888,0.7142857142857143,0.8
G2_p5_w1_variable,G2_p1,-5.0,G2,Combined,4,0,0,0,0,0,,0.7838889242317159,0.9974993217507041,0.21361039751898825,0.7142857142857143,0.8
G2_p5_w1_variable,G2_p1,-5.0,G2,Agreement,4,0,0,0,0,0,,0.3214285714285714,0.3846153846153846,0.06318681318681318,0.7142857142857143,0.8
G2_p5_w1_variable,G2_p1,0.0,G2,Global,3,1,3,3,0,0,1.0,0.014870421869704402,0.16028851108992437,0.14541808922021995,0.8648648648648649,0.9714285714285714
G2_p5_w1_variable,G2_p1,0.0,G2,Event,3,1,3,3,0,0,1.0,0.05922773772346636,0.85584292792508,0.7966151902016136,0.8648648648648649,0.9714285714285714
G2_p5_w1_variable,G2_p1,0.0,G2,Combined,3,1,3,3,0,0,1.0,0.011998720101242203,0.6190379520370547,0.6070392319358124,0.8648648648648649,0.9714285714285714
G2_p5_w1_variable,G2_p1,0.0,G2,Agreement,3,1,3,0,0,3,0.0,0.14893617021276595,0.26086956521739135,0.1119333950046254,0.8648648648648649,0.9714285714285714
G2_p5_w1_variable,G2_p1,10.0,G2,Global,0,0,0,0,0,0,,0.00020975680841176569,0.0007348557052461179,0.0005250988968343522,1.0,1.0
G2_p5_w1_variable,G2_p1,10.0,G2,Event,0,0,0,0,0,0,,0.0006634967641651728,0.000802119733326276,0.00013862296916110318,1.0,1.0
G2_p5_w1_variable,G2_p1,10.0,G2,Combined,0,0,0,0,0,0,,0.0007446313789443655,0.0010633257507201037,0.00031869437177573813,1.0,1.0
G2_p5_w1_variable,G2_p1,10.0,G2,Agreement,0,0,0,0,0,0,,0.06976744186046513,0.09090909090909094,0.02114164904862581,1.0,1.0
G2_p5_w1_variable,G2_p1,20.0,G2,Global,0,0,0,0,0,0,,0.0001278398027233742,0.0002100045814847486,8.216477876137442e-05,1.0,1.0
G2_p5_w1_variable,G2_p1,20.0,G2,Event,0,0,0,0,0,0,,0.0005470116975495532,0.0005542630062955648,7.251308746011615e-06,1.0,1.0
G2_p5_w1_variable,G2_p1,20.0,G2,Combined,0,0,0,0,0,0,,0.0007024277350360758,0.0008593371358446066,0.00015690940080853079,1.0,1.0
G2_p5_w1_variable,G2_p1,20.0,G2,Agreement,0,0,0,0,0,0,,0.0,0.0,0.0,1.0,1.0
G2_p5_w1_variable,G2_p2,-5.0,G2,Global,4,0,0,0,0,0,,0.11931157646394136,0.2238132694178984,0.10450169295395703,0.9142857142857143,0.9444444444444444
G2_p5_w1_variable,G2_p2,-5.0,G2,Event,4,0,0,0,0,0,,0.041496636162852,0.17547570309006266,0.13397906692721068,0.9142857142857143,0.9444444444444444
G2_p5_w1_variable,G2_p2,-5.0,G2,Combined,4,0,0,0,0,0,,0.038176876186855606,0.22548031290167053,0.18730343671481492,0.9142857142857143,0.9444444444444444
G2_p5_w1_variable,G2_p2,-5.0,G2,Agreement,4,0,0,0,0,0,,0.75,0.8064516129032258,0.056451612903225756,0.9142857142857143,0.9444444444444444
G2_p5_w1_variable,G2_p2,0.0,G2,Global,2,1,4,1,0,3,0.25,0.0016752720399885476,0.0033002770970170813,0.0016250050570285337,0.9411764705882353,0.9714285714285714
G2_p5_w1_variable,G2_p2,0.0,G2,Event,2,1,4,4,0,0,1.0,0.0018209288011739222,0.014527890254073068,0.012706961452899146,0.9411764705882353,0.9714285714285714
G2_p5_w1_variable,G2_p2,0.0,G2,Combined,2,1,4,4,0,0,1.0,0.0011089308308573416,0.008862229909916372,0.007753299079059031,0.9411764705882353,0.9714285714285714
G2_p5_w1_variable,G2_p2,0.0,G2,Agreement,2,1,4,0,0,4,0.0,0.6756756756756757,0.8181818181818181,0.14250614250614246,0.9411764705882353,0.9714285714285714
G2_p5_w1_variable,G2_p2,10.0,G2,Global,0,0,0,0,0,0,,0.0004236078223441333,0.0006387040948561182,0.0002150962725119849,1.0,1.0
G2_p5_w1_variable,G2_p2,10.0,G2,Event,0,0,0,0,0,0,,0.0007752951897016692,0.001132697563858684,0.00035740237415701477,1.0,1.0
G2_p5_w1_variable,G2_p2,10.0,G2,Combined,0,0,0,0,0,0,,0.0007811761205354139,0.0014484653866767242,0.0006672892661413103,1.0,1.0
G2_p5_w1_variable,G2_p2,10.0,G2,Agreement,0,0,0,0,0,0,,0.11627906976744184,0.18367346938775508,0.06739439962031324,1.0,1.0
G2_p5_w1_variable,G2_p2,20.0,G2,Global,0,0,0,0,0,0,,0.00018480453800195465,0.0002080546468105942,2.3250108808639557e-05,1.0,1.0
G2_p5_w1_variable,G2_p2,20.0,G2,Event,0,0,0,0,0,0,,0.000532088449648057,0.0005985276923060649,6.64392426580079e-05,1.0,1.0
G2_p5_w1_variable,G2_p2,20.0,G2,Combined,0,0,0,0,0,0,,0.0007080439620935616,0.0008876829447249289,0.0001796389826313673,1.0,1.0
G2_p5_w1_variable,G2_p2,20.0,G2,Agreement,0,0,0,0,0,0,,0.0,0.04761904761904767,0.04761904761904767,1.0,1.0
G2_p5_w1_variable,G2_p3,-5.0,G2,Global,4,0,0,0,0,0,,0.6932330647782473,0.8021358107070656,0.10890274592881832,0.85,0.8947368421052632
G2_p5_w1_variable,G2_p3,-5.0,G2,Event,4,0,0,0,0,0,,0.668460623049334,0.9937420955125601,0.32528147246322614,0.85,0.8947368421052632
G2_p5_w1_variable,G2_p3,-5.0,G2,Combined,4,0,0,0,0,0,,0.34373058522957917,0.9626855431845142,0.6189549579549349,0.85,0.8947368421052632
G2_p5_w1_variable,G2_p3,-5.0,G2,Agreement,4,0,0,0,0,0,,0.641025641025641,0.8378378378378378,0.19681219681219686,0.85,0.8947368421052632
G2_p5_w1_variable,G2_p3,0.0,G2,Global,0,0,0,0,0,0,,0.014666659487616113,0.028031620058207966,0.013364960570591854,0.9714285714285714,1.0
G2_p5_w1_variable,G2_p3,0.0,G2,Event,0,0,0,0,0,0,,0.009406582429064144,0.02375457959326152,0.014347997164197377,0.9714285714285714,1.0
G2_p5_w1_variable,G2_p3,0.0,G2,Combined,0,0,0,0,0,0,,0.004049382323229349,0.0048544987727885194,0.0008051164495591701,0.9714285714285714,1.0
G2_p5_w1_variable,G2_p3,0.0,G2,Agreement,0,0,0,0,0,0,,0.45945945945945943,0.736842105263158,0.27738264580369854,0.9714285714285714,1.0
G2_p5_w1_variable,G2_p3,10.0,G2,Global,0,0,0,0,0,0,,0.00045328606033779635,0.000783838599257796,0.0003305525389199996,1.0,1.0
G2_p5_w1_variable,G2_p3,10.0,G2,Event,0,0,0,0,0,0,,0.000785183414427738,0.0009714246881733725,0.00018624127374563453,1.0,1.0
G2_p5_w1_variable,G2_p3,10.0,G2,Combined,0,0,0,0,0,0,,0.0008670345845093204,0.0013254803332163258,0.0004584457487070054,1.0,1.0
G2_p5_w1_variable,G2_p3,10.0,G2,Agreement,0,0,0,0,0,0,,0.06976744186046513,0.19999999999999996,0.13023255813953483,1.0,1.0
G2_p5_w1_variable,G2_p3,20.0,G2,Global,0,0,0,0,0,0,,0.00017127165867884345,0.00021206703177098886,4.079537309214541e-05,1.0,1.0
G2_p5_w1_variable,G2_p3,20.0,G2,Event,0,0,0,0,0,0,,0.0005181985238320798,0.0005803977660775688,6.219924224548895e-05,1.0,1.0
G2_p5_w1_variable,G2_p3,20.0,G2,Combined,0,0,0,0,0,0,,0.0007711043885364555,0.0008640453120218124,9.294092348535688e-05,1.0,1.0
G2_p5_w1_variable,G2_p3,20.0,G2,Agreement,0,0,0,0,0,0,,0.0,0.06976744186046513,0.06976744186046513,1.0,1.0
G2_p5_w1_variable,G2_p4,-5.0,G2,Global,4,0,0,0,0,0,,0.9999981443425026,0.999998979484554,8.351420514030039e-07,0.41379310344827586,0.6060606060606061
G2_p5_w1_variable,G2_p4,-5.0,G2,Event,4,0,0,0,0,0,,0.9558008295778764,0.9999725315329268,0.04417170195505038,0.41379310344827586,0.6060606060606061
G2_p5_w1_variable,G2_p4,-5.0,G2,Combined,4,0,0,0,0,0,,0.9999291363080139,0.9999999626413628,7.082633334887234e-05,0.41379310344827586,0.6060606060606061
G2_p5_w1_variable,G2_p4,-5.0,G2,Agreement,4,0,0,0,0,0,,0.5789473684210527,0.5882352941176471,0.009287925696594423,0.41379310344827586,0.6060606060606061
G2_p5_w1_variable,G2_p4,0.0,G2,Global,4,0,0,0,0,0,,0.9717535068354266,0.9928638346068175,0.02111032777139088,0.8108108108108109,0.8421052631578947
G2_p5_w1_variable,G2_p4,0.0,G2,Event,4,0,0,0,0,0,,0.5758597251368109,0.874142673926329,0.2982829487895181,0.8108108108108109,0.8421052631578947
G2_p5_w1_variable,G2_p4,0.0,G2,Combined,4,0,0,0,0,0,,0.9508316893901695,0.9813572962410951,0.030525606850925646,0.8108108108108109,0.8421052631578947
G2_p5_w1_variable,G2_p4,0.0,G2,Agreement,4,0,0,0,0,0,,0.6585365853658536,0.7674418604651163,0.10890527509926273,0.8108108108108109,0.8421052631578947
G2_p5_w1_variable,G2_p4,10.0,G2,Global,0,0,0,0,0,0,,0.001516128806439279,0.004977710420105287,0.0034615816136660082,1.0,1.0
G2_p5_w1_variable,G2_p4,10.0,G2,Event,0,0,0,0,0,0,,0.001148682059392546,0.0021870399616254897,0.0010383579022329437,1.0,1.0
G2_p5_w1_variable,G2_p4,10.0,G2,Combined,0,0,0,0,0,0,,0.002329969360742258,0.004725812799259068,0.00239584343851681,1.0,1.0
G2_p5_w1_variable,G2_p4,10.0,G2,Agreement,0,0,0,0,0,0,,0.11627906976744184,0.22448979591836737,0.10821072615092553,1.0,1.0
G2_p5_w1_variable,G2_p4,20.0,G2,Global,0,0,0,0,0,0,,0.0001705098024844429,0.0002588670583898606,8.835725590541769e-05,1.0,1.0
G2_p5_w1_variable,G2_p4,20.0,G2,Event,0,0,0,0,0,0,,0.0005280856439373863,0.0005954278170522156,6.73421731148293e-05,1.0,1.0
G2_p5_w1_variable,G2_p4,20.0,G2,Combined,0,0,0,0,0,0,,0.0008758752788223937,0.0009336420272992294,5.776674847683574e-05,1.0,1.0
G2_p5_w1_variable,G2_p4,20.0,G2,Agreement,0,0,0,0,0,0,,0.04761904761904767,0.09090909090909094,0.04329004329004327,1.0,1.0
G2_p5_w2_regular,G2_p1,-5.0,G2,Global,4,0,0,0,0,0,,0.7891617960222097,0.9674899749135866,0.17832817889137687,0.8205128205128205,0.8717948717948718
G2_p5_w2_regular,G2_p1,-5.0,G2,Event,4,0,0,0,0,0,,0.9597518315133791,0.9984025764399075,0.038650744926528424,0.8205128205128205,0.8717948717948718
G2_p5_w2_regular,G2_p1,-5.0,G2,Combined,4,0,0,0,0,0,,0.8765897627319813,0.9680963599553294,0.09150659722334809,0.8205128205128205,0.8717948717948718
G2_p5_w2_regular,G2_p1,-5.0,G2,Agreement,4,0,0,0,0,0,,0.39622641509433965,0.46153846153846156,0.06531204644412192,0.8205128205128205,0.8717948717948718
G2_p5_w2_regular,G2_p1,0.0,G2,Global,2,1,4,1,0,3,0.25,0.015585081096995903,0.11257149556209031,0.09698641446509441,0.918918918918919,0.972972972972973
G2_p5_w2_regular,G2_p1,0.0,G2,Event,2,1,4,3,0,1,0.75,0.0148050830107394,0.16024618341871544,0.14544110040797603,0.918918918918919,0.972972972972973
G2_p5_w2_regular,G2_p1,0.0,G2,Combined,2,1,4,2,0,2,0.5,0.005149652405424072,0.040634408675369195,0.03548475626994512,0.918918918918919,0.972972972972973
G2_p5_w2_regular,G2_p1,0.0,G2,Agreement,2,1,4,2,0,2,0.5,0.12,0.33333333333333337,0.21333333333333337,0.918918918918919,0.972972972972973
G2_p5_w2_regular,G2_p1,10.0,G2,Global,0,0,0,0,0,0,,0.0003563194718453732,0.0007526803953020971,0.00039636092345672386,1.0,1.0
G2_p5_w2_regular,G2_p1,10.0,G2,Event,0,0,0,0,0,0,,0.0007101945771743639,0.0010419253067056316,0.00033173072953126767,1.0,1.0
G2_p5_w2_regular,G2_p1,10.0,G2,Combined,0,0,0,0,0,0,,0.0003825462501463727,0.0005825628089546636,0.0002000165588082909,1.0,1.0
G2_p5_w2_regular,G2_p1,10.0,G2,Agreement,0,0,0,0,0,0,,0.04347826086956519,0.10204081632653061,0.058562555456965426,1.0,1.0
G2_p5_w2_regular,G2_p1,20.0,G2,Global,0,0,0,0,0,0,,0.00026289279439345036,0.00032471575672251304,6.182296232906269e-05,1.0,1.0
G2_p5_w2_regular,G2_p1,20.0,G2,Event,0,0,0,0,0,0,,0.0005078818803389209,0.0005529076790182613,4.5025798679340407e-05,1.0,1.0
G2_p5_w2_regular,G2_p1,20.0,G2,Combined,0,0,0,0,0,0,,0.00031473092775331264,0.00037949085057731427,6.475992282400163e-05,1.0,1.0
G2_p5_w2_regular,G2_p1,20.0,G2,Agreement,0,0,0,0,0,0,,0.0,0.04347826086956519,0.04347826086956519,1.0,1.0
G2_p5_w2_regular,G2_p2,-5.0,G2,Global,3,1,3,0,0,3,0.0,0.14445233805254068,0.23488989421121304,0.09043755615867236,0.8947368421052632,0.972972972972973
G2_p5_w2_regular,G2_p2,-5.0,G2,Event,3,1,3,3,0,0,1.0,0.03996947610864547,0.21357445407673262,0.17360497796808716,0.8947368421052632,0.972972972972973
G2_p5_w2_regular,G2_p2,-5.0,G2,Combined,3,1,3,3,0,0,1.0,0.04399685554620889,0.1558791068879889,0.11188225134178001,0.8947368421052632,0.972972972972973
G2_p5_w2_regular,G2_p2,-5.0,G2,Agreement,3,1,3,1,0,2,0.3333333333333333,0.7647058823529411,0.8285714285714285,0.06386554621848739,0.8947368421052632,0.972972972972973
G2_p5_w2_regular,G2_p2,0.0,G2,Global,0,0,0,0,0,0,,0.0021223317379567134,0.0036486656827263678,0.0015263339447696544,0.972972972972973,1.0
G2_p5_w2_regular,G2_p2,0.0,G2,Event,0,0,0,0,0,0,,0.0018642714003940792,0.005165295259240675,0.003301023858846596,0.972972972972973,1.0
G2_p5_w2_regular,G2_p2,0.0,G2,Combined,0,0,0,0,0,0,,0.0012820293848957466,0.002670430977253079,0.0013884015923573323,0.972972972972973,1.0
G2_p5_w2_regular,G2_p2,0.0,G2,Agreement,0,0,0,0,0,0,,0.75,0.8857142857142857,0.13571428571428568,0.972972972972973,1.0
G2_p5_w2_regular,G2_p2,10.0,G2,Global,0,0,0,0,0,0,,0.0007736743059077781,0.0009877957067544756,0.00021412140084669747,1.0,1.0
G2_p5_w2_regular,G2_p2,10.0,G2,Event,0,0,0,0,0,0,,0.000942550728707533,0.0014605267460563098,0.0005179760173487768,1.0,1.0
G2_p5_w2_regular,G2_p2,10.0,G2,Combined,0,0,0,0,0,0,,0.0007357496286782284,0.0010148252911900406,0.0002790756625118123,1.0,1.0
G2_p5_w2_regular,G2_p2,10.0,G2,Agreement,0,0,0,0,0,0,,0.125,0.19999999999999996,0.07499999999999996,1.0,1.0
G2_p5_w2_regular,G2_p2,20.0,G2,Global,0,0,0,0,0,0,,0.000325062084063723,0.0003649343895329804,3.9872305469257406e-05,1.0,1.0
G2_p5_w2_regular,G2_p2,20.0,G2,Event,0,0,0,0,0,0,,0.0005246873527458081,0.0006392968219675681,0.00011460946922176008,1.0,1.0
G2_p5_w2_regular,G2_p2,20.0,G2,Combined,0,0,0,0,0,0,,0.00035483355929801923,0.00039143584867836964,3.660228938035041e-05,1.0,1.0
G2_p5_w2_regular,G2_p2,20.0,G2,Agreement,0,0,0,0,0,0,,0.022222222222222254,0.08333333333333337,0.061111111111111116,1.0,1.0
G2_p5_w2_regular,G2_p3,-5.0,G2,Global,4,0,0,0,0,0,,0.6615947185063805,0.8602674525180425,0.19867273401166197,0.85,0.9473684210526315
G2_p5_w2_regular,G2_p3,-5.0,G2,Event,4,0,0,0,0,0,,0.8721473819767402,0.9811601593991377,0.10901277742239746,0.85,0.9473684210526315
G2_p5_w2_regular,G2_p3,-5.0,G2,Combined,4,0,0,0,0,0,,0.7001276439413889,0.9275883982461521,0.2274607543047632,0.85,0.9473684210526315
G2_p5_w2_regular,G2_p3,-5.0,G2,Agreement,4,0,0,0,0,0,,0.6585365853658536,0.7837837837837838,0.1252471984179302,0.85,0.9473684210526315
G2_p5_w2_regular,G2_p3,0.0,G2,Global,0,0,0,0,0,0,,0.013514577878748976,0.031838832154176294,0.018324254275427318,1.0,1.0
G2_p5_w2_regular,G2_p3,0.0,G2,Event,0,0,0,0,0,0,,0.006669368379099004,0.010765345940708323,0.004095977561609319,1.0,1.0
G2_p5_w2_regular,G2_p3,0.0,G2,Combined,0,0,0,0,0,0,,0.0023337133076281606,0.0026560342638039186,0.000322320956175758,1.0,1.0
G2_p5_w2_regular,G2_p3,0.0,G2,Agreement,0,0,0,0,0,0,,0.5609756097560976,0.8888888888888888,0.3279132791327912,1.0,1.0
G2_p5_w2_regular,G2_p3,10.0,G2,Global,0,0,0,0,0,0,,0.0004891898313671729,0.0008872190511411001,0.0003980292197739272,1.0,1.0
G2_p5_w2_regular,G2_p3,10.0,G2,Event,0,0,0,0,0,0,,0.0008564778639917819,0.0011901685103635103,0.00033369064637172837,1.0,1.0
G2_p5_w2_regular,G2_p3,10.0,G2,Combined,0,0,0,0,0,0,,0.0006110134601672242,0.0008319718018853581,0.00022095834171813387,1.0,1.0
G2_p5_w2_regular,G2_p3,10.0,G2,Agreement,0,0,0,0,0,0,,0.12,0.2075471698113207,0.08754716981132071,1.0,1.0
G2_p5_w2_regular,G2_p3,20.0,G2,Global,0,0,0,0,0,0,,0.0002840118386826215,0.00033951123718120954,5.5499398498588056e-05,1.0,1.0
G2_p5_w2_regular,G2_p3,20.0,G2,Event,0,0,0,0,0,0,,0.0005439008329464095,0.0005699834915791246,2.608265863271507e-05,1.0,1.0
G2_p5_w2_regular,G2_p3,20.0,G2,Combined,0,0,0,0,0,0,,0.000374954257853264,0.00040158557816780377,2.6631320314539754e-05,1.0,1.0
G2_p5_w2_regular,G2_p3,20.0,G2,Agreement,0,0,0,0,0,0,,0.022222222222222254,0.06382978723404253,0.04160756501182028,1.0,1.0
G2_p5_w2_regular,G2_p4,-5.0,G2,Global,4,0,0,0,0,0,,0.9999980276989155,0.9999998243467176,1.7966478020881027e-06,0.5714285714285714,0.7567567567567568
G2_p5_w2_regular,G2_p4,-5.0,G2,Event,4,0,0,0,0,0,,0.9238823395785654,0.9931751519855547,0.06929281240698937,0.5714285714285714,0.7567567567567568
G2_p5_w2_regular,G2_p4,-5.0,G2,Combined,4,0,0,0,0,0,,0.9999046953141478,0.9999776765397568,7.298122560894793e-05,0.5714285714285714,0.7567567567567568
G2_p5_w2_regular,G2_p4,-5.0,G2,Agreement,4,0,0,0,0,0,,0.5555555555555556,0.6585365853658536,0.102981029810298,0.5714285714285714,0.7567567567567568
G2_p5_w2_regular,G2_p4,0.0,G2,Global,4,0,0,0,0,0,,0.9727056037390692,0.9961258435481841,0.023420239809114896,0.8292682926829268,0.9
G2_p5_w2_regular,G2_p4,0.0,G2,Event,4,0,0,0,0,0,,0.27034415697343567,0.8898189758670814,0.6194748188936456,0.8292682926829268,0.9
G2_p5_w2_regular,G2_p4,0.0,G2,Combined,4,0,0,0,0,0,,0.8676518819203589,0.9739346771664648,0.10628279524610584,0.8292682926829268,0.9
G2_p5_w2_regular,G2_p4,0.0,G2,Agreement,4,0,0,0,0,0,,0.5121951219512195,0.7333333333333334,0.22113821138211387,0.8292682926829268,0.9
G2_p5_w2_regular,G2_p4,10.0,G2,Global,0,0,0,0,0,0,,0.003051163135173277,0.010179222932710475,0.007128059797537198,0.972972972972973,1.0
G2_p5_w2_regular,G2_p4,10.0,G2,Event,0,0,0,0,0,0,,0.001143982670529661,0.0065906403925237445,0.005446657721994083,0.972972972972973,1.0
G2_p5_w2_regular,G2_p4,10.0,G2,Combined,0,0,0,0,0,0,,0.0017048197859188716,0.00924389562038628,0.007539075834467409,0.972972972972973,1.0
G2_p5_w2_regular,G2_p4,10.0,G2,Agreement,0,0,0,0,0,0,,0.16981132075471694,0.20833333333333337,0.03852201257861643,0.972972972972973,1.0
G2_p5_w2_regular,G2_p4,20.0,G2,Global,0,0,0,0,0,0,,0.0003144020586151766,0.000504237822664495,0.00018983576404931835,1.0,1.0
G2_p5_w2_regular,G2_p4,20.0,G2,Event,0,0,0,0,0,0,,0.0005412017131015115,0.0006057058388020629,6.450412570055137e-05,1.0,1.0
G2_p5_w2_regular,G2_p4,20.0,G2,Combined,0,0,0,0,0,0,,0.00039859819519649477,0.0004546564176766511,5.605822248015631e-05,1.0,1.0
G2_p5_w2_regular,G2_p4,20.0,G2,Agreement,0,0,0,0,0,0,,0.022222222222222254,0.10204081632653061,0.07981859410430836,1.0,1.0
G2_p5_w2_variable,G2_p1,-5.0,G2,Global,4,0,0,0,0,0,,0.9003817930809179,0.94098588795822,0.0406040948773021,0.8181818181818182,0.8717948717948718
G2_p5_w2_variable,G2_p1,-5.0,G2,Event,4,0,0,0,0,0,,0.9797161239100441,0.9986068396220519,0.018890715712007733,0.8181818181818182,0.8717948717948718
G2_p5_w2_variable,G2_p1,-5.0,G2,Combined,4,0,0,0,0,0,,0.9617953725630994,0.9968487621972608,0.03505338963416138,0.8181818181818182,0.8717948717948718
G2_p5_w2_variable,G2_p1,-5.0,G2,Agreement,4,0,0,0,0,0,,0.4509803921568627,0.5319148936170213,0.08093450146015857,0.8181818181818182,0.8717948717948718
G2_p5_w2_variable,G2_p1,0.0,G2,Global,2,1,4,3,0,1,0.75,0.040119850472028214,0.06278557628064954,0.022665725808621327,0.9,1.0
G2_p5_w2_variable,G2_p1,0.0,G2,Event,2,1,4,4,0,0,1.0,0.035293885258354786,0.7723085163806181,0.7370146311222634,0.9,1.0
G2_p5_w2_variable,G2_p1,0.0,G2,Combined,2,1,4,4,0,0,1.0,0.01167011228792639,0.30838396603533386,0.29671385374740744,0.9,1.0
G2_p5_w2_variable,G2_p1,0.0,G2,Agreement,2,1,4,2,0,2,0.5,0.13207547169811318,0.23076923076923073,0.09869375907111755,0.9,1.0
G2_p5_w2_variable,G2_p1,10.0,G2,Global,0,0,0,0,0,0,,0.0004973127677289193,0.0007053854378920031,0.0002080726701630839,1.0,1.0
G2_p5_w2_variable,G2_p1,10.0,G2,Event,0,0,0,0,0,0,,0.0006887719904111143,0.0009379933448648602,0.00024922135445374597,1.0,1.0
G2_p5_w2_variable,G2_p1,10.0,G2,Combined,0,0,0,0,0,0,,0.0004495796862077772,0.0006103583865484987,0.0001607787003407215,1.0,1.0
G2_p5_w2_variable,G2_p1,10.0,G2,Agreement,0,0,0,0,0,0,,0.045454545454545414,0.08695652173913049,0.041501976284585074,1.0,1.0
G2_p5_w2_variable,G2_p1,20.0,G2,Global,0,0,0,0,0,0,,0.00029958137416176086,0.00038632961356623036,8.674823940446949e-05,1.0,1.0
G2_p5_w2_variable,G2_p1,20.0,G2,Event,0,0,0,0,0,0,,0.0005293890777690058,0.0005726856540519999,4.329657628299416e-05,1.0,1.0
G2_p5_w2_variable,G2_p1,20.0,G2,Combined,0,0,0,0,0,0,,0.0003785590945840671,0.0004069652912266387,2.840619664257161e-05,1.0,1.0
G2_p5_w2_variable,G2_p1,20.0,G2,Agreement,0,0,0,0,0,0,,0.0,0.023255813953488413,0.023255813953488413,1.0,1.0
G2_p5_w2_variable,G2_p2,-5.0,G2,Global,2,1,4,3,0,1,0.75,0.10389162308620904,0.14035611421502026,0.03646449112881121,0.9230769230769231,0.95
G2_p5_w2_variable,G2_p2,-5.0,G2,Event,2,1,4,0,0,4,0.0,0.017076162465710622,0.17739455301169418,0.16031839054598357,0.9230769230769231,0.95
G2_p5_w2_variable,G2_p2,-5.0,G2,Combined,2,1,4,0,0,4,0.0,0.022589380890947718,0.18508516571010405,0.16249578481915633,0.9230769230769231,0.95
G2_p5_w2_variable,G2_p2,-5.0,G2,Agreement,2,1,4,3,0,1,0.75,0.6363636363636364,0.9333333333333333,0.296969696969697,0.9230769230769231,0.95
G2_p5_w2_variable,G2_p2,0.0,G2,Global,0,0,0,0,0,0,,0.0015915910336992813,0.0022423568810441418,0.0006507658473448605,0.95,1.0
G2_p5_w2_variable,G2_p2,0.0,G2,Event,0,0,0,0,0,0,,0.00191991493033293,0.011740649301456784,0.009820734371123853,0.95,1.0
G2_p5_w2_variable,G2_p2,0.0,G2,Combined,0,0,0,0,0,0,,0.001274928697921913,0.005652494143193423,0.0043775654452715106,0.95,1.0
G2_p5_w2_variable,G2_p2,0.0,G2,Agreement,0,0,0,0,0,0,,0.5675675675675675,0.8787878787878788,0.31122031122031124,0.95,1.0
G2_p5_w2_variable,G2_p2,10.0,G2,Global,0,0,0,0,0,0,,0.0005947270770234055,0.0008126888965029164,0.00021796181947951086,1.0,1.0
G2_p5_w2_variable,G2_p2,10.0,G2,Event,0,0,0,0,0,0,,0.0008940760379521098,0.0013348328899349554,0.00044075685198284554,1.0,1.0
G2_p5_w2_variable,G2_p2,10.0,G2,Combined,0,0,0,0,0,0,,0.0006584153990238629,0.0010002005450833985,0.0003417851460595356,1.0,1.0
G2_p5_w2_variable,G2_p2,10.0,G2,Agreement,0,0,0,0,0,0,,0.1063829787234043,0.23404255319148937,0.12765957446808507,1.0,1.0
G2_p5_w2_variable,G2_p2,20.0,G2,Global,0,0,0,0,0,0,,0.00033423152343557656,0.00041242444579225575,7.819292235667919e-05,1.0,1.0
G2_p5_w2_variable,G2_p2,20.0,G2,Event,0,0,0,0,0,0,,0.000533762149091859,0.0006002312004723563,6.646905138049729e-05,1.0,1.0
G2_p5_w2_variable,G2_p2,20.0,G2,Combined,0,0,0,0,0,0,,0.00037188748261641206,0.0004362671091635284,6.437962654711637e-05,1.0,1.0
G2_p5_w2_variable,G2_p2,20.0,G2,Agreement,0,0,0,0,0,0,,0.023255813953488413,0.06666666666666665,0.04341085271317824,1.0,1.0
G2_p5_w2_variable,G2_p3,-5.0,G2,Global,4,0,0,0,0,0,,0.4193399733482225,0.7515319565459158,0.3321919831976933,0.8636363636363636,0.926829268292683
G2_p5_w2_variable,G2_p3,-5.0,G2,Event,4,0,0,0,0,0,,0.8503621770477632,0.9850522953186202,0.13469011827085697,0.8636363636363636,0.926829268292683
G2_p5_w2_variable,G2_p3,-5.0,G2,Combined,4,0,0,0,0,0,,0.5055280731382874,0.9779372249721804,0.472409151833893,0.8636363636363636,0.926829268292683
G2_p5_w2_variable,G2_p3,-5.0,G2,Agreement,4,0,0,0,0,0,,0.7435897435897436,0.8421052631578947,0.09851551956815108,0.8636363636363636,0.926829268292683
G2_p5_w2_variable,G2_p3,0.0,G2,Global,0,0,0,0,0,0,,0.003398699907206327,0.02095231407036457,0.017553614163158246,0.9743589743589743,1.0
G2_p5_w2_variable,G2_p3,0.0,G2,Event,0,0,0,0,0,0,,0.01878758700838802,0.3636433559357735,0.3448557689273855,0.9743589743589743,1.0
G2_p5_w2_variable,G2_p3,0.0,G2,Combined,0,0,0,0,0,0,,0.002808277833832094,0.047295685392758795,0.0444874075589267,0.9743589743589743,1.0
G2_p5_w2_variable,G2_p3,0.0,G2,Agreement,0,0,0,0,0,0,,0.5609756097560976,0.6585365853658536,0.09756097560975596,0.9743589743589743,1.0
G2_p5_w2_variable,G2_p3,10.0,G2,Global,0,0,0,0,0,0,,0.0003659561495621021,0.0008378715815214521,0.00047191543195935,1.0,1.0
G2_p5_w2_variable,G2_p3,10.0,G2,Event,0,0,0,0,0,0,,0.0007845595732311497,0.0010669096805124045,0.00028235010728125474,1.0,1.0
G2_p5_w2_variable,G2_p3,10.0,G2,Combined,0,0,0,0,0,0,,0.0005688777935098621,0.0008137319692934315,0.0002448541757835694,1.0,1.0
G2_p5_w2_variable,G2_p3,10.0,G2,Agreement,0,0,0,0,0,0,,0.08695652173913049,0.22448979591836737,0.1375332741792369,1.0,1.0
G2_p5_w2_variable,G2_p3,20.0,G2,Global,0,0,0,0,0,0,,0.0002600720049084156,0.00045325811335203496,0.00019318610844361935,1.0,1.0
G2_p5_w2_variable,G2_p3,20.0,G2,Event,0,0,0,0,0,0,,0.0005329616208875539,0.000571828039193936,3.886641830638208e-05,1.0,1.0
G2_p5_w2_variable,G2_p3,20.0,G2,Combined,0,0,0,0,0,0,,0.00038473098922398345,0.00042446494287276656,3.973395364878312e-05,1.0,1.0
G2_p5_w2_variable,G2_p3,20.0,G2,Agreement,0,0,0,0,0,0,,0.023255813953488413,0.06666666666666665,0.04341085271317824,1.0,1.0
G2_p5_w2_variable,G2_p4,-5.0,G2,Global,4,0,0,0,0,0,,0.9999975813547565,0.9999989186195261,1.337264769585289e-06,0.47058823529411764,0.5789473684210527
G2_p5_w2_variable,G2_p4,-5.0,G2,Event,4,0,0,0,0,0,,0.9410906019444946,0.9999855526726816,0.05889495072818707,0.47058823529411764,0.5789473684210527
G2_p5_w2_variable,G2_p4,-5.0,G2,Combined,4,0,0,0,0,0,,0.9996120513318706,0.9999999905351494,0.000387939203278842,0.47058823529411764,0.5789473684210527
G2_p5_w2_variable,G2_p4,-5.0,G2,Agreement,4,0,0,0,0,0,,0.5263157894736843,0.6470588235294117,0.1207430340557274,0.47058823529411764,0.5789473684210527
G2_p5_w2_variable,G2_p4,0.0,G2,Global,4,0,0,0,0,0,,0.980740426227851,0.994660167177901,0.013919740950049997,0.7804878048780488,0.8780487804878049
G2_p5_w2_variable,G2_p4,0.0,G2,Event,4,0,0,0,0,0,,0.7831400831154268,0.9419271335825236,0.15878705046709674,0.7804878048780488,0.8780487804878049
G2_p5_w2_variable,G2_p4,0.0,G2,Combined,4,0,0,0,0,0,,0.9571565003062987,0.9847109682622788,0.027554467955980044,0.7804878048780488,0.8780487804878049
G2_p5_w2_variable,G2_p4,0.0,G2,Agreement,4,0,0,0,0,0,,0.6444444444444444,0.7727272727272727,0.12828282828282833,0.7804878048780488,0.8780487804878049
G2_p5_w2_variable,G2_p4,10.0,G2,Global,0,0,0,0,0,0,,0.003929644067707256,0.01370201543578437,0.009772371368077114,1.0,1.0
G2_p5_w2_variable,G2_p4,10.0,G2,Event,0,0,0,0,0,0,,0.001177239763750436,0.0018005559788845022,0.0006233162151340662,1.0,1.0
G2_p5_w2_variable,G2_p4,10.0,G2,Combined,0,0,0,0,0,0,,0.0014887063179375274,0.0026828857511673474,0.00119417943322982,1.0,1.0
G2_p5_w2_variable,G2_p4,10.0,G2,Agreement,0,0,0,0,0,0,,0.17647058823529416,0.33333333333333337,0.1568627450980392,1.0,1.0
G2_p5_w2_variable,G2_p4,20.0,G2,Global,0,0,0,0,0,0,,0.00034115220458795736,0.0005973974386141818,0.00025624523402622445,1.0,1.0
G2_p5_w2_variable,G2_p4,20.0,G2,Event,0,0,0,0,0,0,,0.0005100819215569583,0.0005834765919705423,7.339467041358409e-05,1.0,1.0
G2_p5_w2_variable,G2_p4,20.0,G2,Combined,0,0,0,0,0,0,,0.0003766932517168544,0.00050350236508523,0.00012680911336837564,1.0,1.0
G2_p5_w2_variable,G2_p4,20.0,G2,Agreement,0,0,0,0,0,0,,0.023255813953488413,0.1063829787234043,0.08312716476991588,1.0,1.0
G2_p5_w3_regular,G2_p1,-5.0,G2,Global,4,0,0,0,0,0,,0.9066484521722517,0.9805911320041314,0.07394267983187974,0.7619047619047619,0.8292682926829268
G2_p5_w3_regular,G2_p1,-5.0,G2,Event,4,0,0,0,0,0,,0.9515342301907622,0.9992558858276267,0.04772165563686448,0.7619047619047619,0.8292682926829268
G2_p5_w3_regular,G2_p1,-5.0,G2,Combined,4,0,0,0,0,0,,0.8937205060482291,0.9993956900967458,0.10567518404851672,0.7619047619047619,0.8292682926829268
G2_p5_w3_regular,G2_p1,-5.0,G2,Agreement,4,0,0,0,0,0,,0.5217391304347826,0.7446808510638299,0.22294172062904727,0.7619047619047619,0.8292682926829268
G2_p5_w3_regular,G2_p1,0.0,G2,Global,3,1,3,1,0,2,0.3333333333333333,0.06043103779244505,0.2589025372525017,0.19847149946005663,0.9230769230769231,0.972972972972973
G2_p5_w3_regular,G2_p1,0.0,G2,Event,3,1,3,3,0,0,1.0,0.2083233715655761,0.7667307267669781,0.558407355201402,0.9230769230769231,0.972972972972973
G2_p5_w3_regular,G2_p1,0.0,G2,Combined,3,1,3,3,0,0,1.0,0.11451964689420807,0.2878301108292574,0.17331046393504934,0.9230769230769231,0.972972972972973
G2_p5_w3_regular,G2_p1,0.0,G2,Agreement,3,1,3,2,0,1,0.6666666666666666,0.16981132075471694,0.3584905660377359,0.18867924528301894,0.9230769230769231,0.972972972972973
G2_p5_w3_regular,G2_p1,10.0,G2,Global,0,0,0,0,0,0,,0.0014848193940552473,0.003466334648360749,0.0019815152543055017,1.0,1.0
G2_p5_w3_regular,G2_p1,10.0,G2,Event,0,0,0,0,0,0,,0.0005238091425090255,0.0006950977987491158,0.00017128865624009028,1.0,1.0
G2_p5_w3_regular,G2_p1,10.0,G2,Combined,0,0,0,0,0,0,,0.0007457746665128236,0.0011103904222013392,0.00036461575568851555,1.0,1.0
G2_p5_w3_regular,G2_p1,10.0,G2,Agreement,0,0,0,0,0,0,,0.22807017543859653,0.2786885245901639,0.05061834915156738,1.0,1.0
G2_p5_w3_regular,G2_p1,20.0,G2,Global,0,0,0,0,0,0,,0.001072340462110317,0.0012958878009757607,0.00022354733886544367,1.0,1.0
G2_p5_w3_regular,G2_p1,20.0,G2,Event,0,0,0,0,0,0,,0.0003144141614835976,0.00034130244905173734,2.6888287568139742e-05,1.0,1.0
G2_p5_w3_regular,G2_p1,20.0,G2,Combined,0,0,0,0,0,0,,0.000549281335347755,0.0006065637958707513,5.7282460522996336e-05,1.0,1.0
G2_p5_w3_regular,G2_p1,20.0,G2,Agreement,0,0,0,0,0,0,,0.2786885245901639,0.33333333333333337,0.05464480874316946,1.0,1.0
G2_p5_w3_regular,G2_p2,-5.0,G2,Global,3,1,3,2,0,1,0.6666666666666666,0.1104691225732915,0.4495820735520499,0.3391129509787584,0.9473684210526315,0.972972972972973
G2_p5_w3_regular,G2_p2,-5.0,G2,Event,3,1,3,3,0,0,1.0,0.02553289184080058,0.08023970516091097,0.05470681332011039,0.9473684210526315,0.972972972972973
G2_p5_w3_regular,G2_p2,-5.0,G2,Combined,3,1,3,3,0,0,1.0,0.035040415514726135,0.13444870401001596,0.09940828849528982,0.9473684210526315,0.972972972972973
G2_p5_w3_regular,G2_p2,-5.0,G2,Agreement,3,1,3,2,0,1,0.6666666666666666,0.7647058823529411,0.8888888888888888,0.12418300653594772,0.9473684210526315,0.972972972972973
G2_p5_w3_regular,G2_p2,0.0,G2,Global,0,0,0,0,0,0,,0.004687452403032038,0.01041597614147739,0.005728523738445351,0.972972972972973,1.0
G2_p5_w3_regular,G2_p2,0.0,G2,Event,0,0,0,0,0,0,,0.0015864700192784636,0.004655621189619717,0.0030691511703412533,0.972972972972973,1.0
G2_p5_w3_regular,G2_p2,0.0,G2,Combined,0,0,0,0,0,0,,0.001970941765829825,0.0034029070953749815,0.0014319653295451567,0.972972972972973,1.0
G2_p5_w3_regular,G2_p2,0.0,G2,Agreement,0,0,0,0,0,0,,0.6923076923076923,0.8666666666666667,0.1743589743589744,0.972972972972973,1.0
G2_p5_w3_regular,G2_p2,10.0,G2,Global,0,0,0,0,0,0,,0.003380527114187741,0.004042274060369787,0.0006617469461820459,1.0,1.0
G2_p5_w3_regular,G2_p2,10.0,G2,Event,0,0,0,0,0,0,,0.0008689637476310884,0.0011558588276487107,0.0002868950800176223,1.0,1.0
G2_p5_w3_regular,G2_p2,10.0,G2,Combined,0,0,0,0,0,0,,0.0012635392244566862,0.0020846488765448776,0.0008211096520881914,1.0,1.0
G2_p5_w3_regular,G2_p2,10.0,G2,Agreement,0,0,0,0,0,0,,0.15384615384615385,0.2222222222222222,0.06837606837606836,1.0,1.0
G2_p5_w3_regular,G2_p2,20.0,G2,Global,0,0,0,0,0,0,,0.0014391852275188355,0.0017052391157351908,0.0002660538882163553,1.0,1.0
G2_p5_w3_regular,G2_p2,20.0,G2,Event,0,0,0,0,0,0,,0.00036505269696302694,0.0004195671623192013,5.451446535617436e-05,1.0,1.0
G2_p5_w3_regular,G2_p2,20.0,G2,Combined,0,0,0,0,0,0,,0.000615510058849876,0.0007417391588727403,0.00012622910002286429,1.0,1.0
G2_p5_w3_regular,G2_p2,20.0,G2,Agreement,0,0,0,0,0,0,,0.29032258064516125,0.3015873015873016,0.011264720942140372,1.0,1.0
G2_p5_w3_regular,G2_p3,-5.0,G2,Global,4,0,0,0,0,0,,0.6582090650561874,0.9014909862424928,0.24328192118630543,0.8780487804878049,0.9230769230769231
G2_p5_w3_regular,G2_p3,-5.0,G2,Event,4,0,0,0,0,0,,0.9230924560527787,0.9970581637989026,0.07396570774612388,0.8780487804878049,0.9230769230769231
G2_p5_w3_regular,G2_p3,-5.0,G2,Combined,4,0,0,0,0,0,,0.7595501657154204,0.9818133965889871,0.2222632308735667,0.8780487804878049,0.9230769230769231
G2_p5_w3_regular,G2_p3,-5.0,G2,Agreement,4,0,0,0,0,0,,0.7,0.7894736842105263,0.08947368421052637,0.8780487804878049,0.9230769230769231
G2_p5_w3_regular,G2_p3,0.0,G2,Global,0,0,0,0,0,0,,0.018292052403177828,0.09395450764627028,0.07566245524309245,0.972972972972973,1.0
G2_p5_w3_regular,G2_p3,0.0,G2,Event,0,0,0,0,0,0,,0.017621660299381066,0.10591022148181982,0.08828856118243875,0.972972972972973,1.0
G2_p5_w3_regular,G2_p3,0.0,G2,Combined,0,0,0,0,0,0,,0.004615570957112828,0.023922214162119853,0.019306643205007024,0.972972972972973,1.0
G2_p5_w3_regular,G2_p3,0.0,G2,Agreement,0,0,0,0,0,0,,0.6842105263157895,0.7777777777777778,0.0935672514619883,0.972972972972973,1.0
G2_p5_w3_regular,G2_p3,10.0,G2,Global,0,0,0,0,0,0,,0.0030258303342145707,0.005444411665356896,0.0024185813311423253,1.0,1.0
G2_p5_w3_regular,G2_p3,10.0,G2,Event,0,0,0,0,0,0,,0.0007818657283731111,0.0011687141495705612,0.00038684842119745004,1.0,1.0
G2_p5_w3_regular,G2_p3,10.0,G2,Combined,0,0,0,0,0,0,,0.001200357876783185,0.0016280849465219926,0.00042772706973880754,1.0,1.0
G2_p5_w3_regular,G2_p3,10.0,G2,Agreement,0,0,0,0,0,0,,0.15384615384615385,0.23636363636363633,0.08251748251748248,1.0,1.0
G2_p5_w3_regular,G2_p3,20.0,G2,Global,0,0,0,0,0,0,,0.0015089315141736661,0.0018939033837884628,0.00038497186961479663,1.0,1.0
G2_p5_w3_regular,G2_p3,20.0,G2,Event,0,0,0,0,0,0,,0.0003326987365777667,0.0004049236867790616,7.222495020129489e-05,1.0,1.0
G2_p5_w3_regular,G2_p3,20.0,G2,Combined,0,0,0,0,0,0,,0.0006139373155986948,0.0007483069439380247,0.00013436962833932985,1.0,1.0
G2_p5_w3_regular,G2_p3,20.0,G2,Agreement,0,0,0,0,0,0,,0.24137931034482762,0.32307692307692304,0.08169761273209541,1.0,1.0
G2_p5_w3_regular,G2_p4,-5.0,G2,Global,4,0,0,0,0,0,,0.9999977070443525,0.9999998485910055,2.1415466530116944e-06,0.3225806451612903,0.7368421052631579
G2_p5_w3_regular,G2_p4,-5.0,G2,Event,4,0,0,0,0,0,,0.9108906496648472,0.9997974418689014,0.08890679220405417,0.3225806451612903,0.7368421052631579
G2_p5_w3_regular,G2_p4,-5.0,G2,Combined,4,0,0,0,0,0,,0.9999363282595692,0.9999996741364643,6.3345876895049e-05,0.3225806451612903,0.7368421052631579
G2_p5_w3_regular,G2_p4,-5.0,G2,Agreement,4,0,0,0,0,0,,0.45945945945945943,0.6666666666666667,0.2072072072072073,0.3225806451612903,0.7368421052631579
G2_p5_w3_regular,G2_p4,0.0,G2,Global,4,0,0,0,0,0,,0.9853822211874036,0.9985998277722504,0.01321760658484683,0.85,0.8780487804878049
G2_p5_w3_regular,G2_p4,0.0,G2,Event,4,0,0,0,0,0,,0.6416541850072923,0.8824708952043653,0.24081671019707296,0.85,0.8780487804878049
G2_p5_w3_regular,G2_p4,0.0,G2,Combined,4,0,0,0,0,0,,0.9442111445723925,0.9914301425068035,0.04721899793441098,0.85,0.8780487804878049
G2_p5_w3_regular,G2_p4,0.0,G2,Agreement,4,0,0,0,0,0,,0.6086956521739131,0.9090909090909091,0.300395256916996,0.85,0.8780487804878049
G2_p5_w3_regular,G2_p4,10.0,G2,Global,0,0,0,0,0,0,,0.011759342939101318,0.04787795280991664,0.036118609870815326,0.972972972972973,1.0
G2_p5_w3_regular,G2_p4,10.0,G2,Event,0,0,0,0,0,0,,0.001549450501714498,0.004493297830232096,0.002943847328517598,0.972972972972973,1.0
G2_p5_w3_regular,G2_p4,10.0,G2,Combined,0,0,0,0,0,0,,0.00402387756025674,0.012788059283060593,0.008764181722803854,0.972972972972973,1.0
G2_p5_w3_regular,G2_p4,10.0,G2,Agreement,0,0,0,0,0,0,,0.15384615384615385,0.24,0.08615384615384614,0.972972972972973,1.0
G2_p5_w3_regular,G2_p4,20.0,G2,Global,0,0,0,0,0,0,,0.0010742195041559242,0.002198697622531864,0.0011244781183759398,1.0,1.0
G2_p5_w3_regular,G2_p4,20.0,G2,Event,0,0,0,0,0,0,,0.00039145175985909905,0.00043457621618388535,4.3124456324786296e-05,1.0,1.0
G2_p5_w3_regular,G2_p4,20.0,G2,Combined,0,0,0,0,0,0,,0.0006812715602440901,0.0008196511377267702,0.00013837957748268016,1.0,1.0
G2_p5_w3_regular,G2_p4,20.0,G2,Agreement,0,0,0,0,0,0,,0.2666666666666667,0.2786885245901639,0.012021857923497192,1.0,1.0
G2_p5_w3_variable,G2_p1,-5.0,G2,Global,4,0,0,0,0,0,,0.9527334321855444,0.9816629091491834,0.02892947696363901,0.7619047619047619,0.8444444444444444
G2_p5_w3_variable,G2_p1,-5.0,G2,Event,4,0,0,0,0,0,,0.8521506448347496,0.9986815255190625,0.14653088068431297,0.7619047619047619,0.8444444444444444
G2_p5_w3_variable,G2_p1,-5.0,G2,Combined,4,0,0,0,0,0,,0.8364791527624514,0.9965551513823875,0.16007599861993604,0.7619047619047619,0.8444444444444444
G2_p5_w3_variable,G2_p1,-5.0,G2,Agreement,4,0,0,0,0,0,,0.5294117647058824,0.5918367346938775,0.06242496998799518,0.7619047619047619,0.8444444444444444
G2_p5_w3_variable,G2_p1,0.0,G2,Global,1,1,3,1,0,2,0.3333333333333333,0.09773092557351164,0.2496578631410542,0.15192693756754255,0.9302325581395349,1.0
G2_p5_w3_variable,G2_p1,0.0,G2,Event,1,1,3,3,0,0,1.0,0.02893610033015593,0.2363246845640973,0.20738858423394138,0.9302325581395349,1.0
G2_p5_w3_variable,G2_p1,0.0,G2,Combined,1,1,3,3,0,0,1.0,0.010477459285560405,0.1278876729084844,0.117410213622924,0.9302325581395349,1.0
G2_p5_w3_variable,G2_p1,0.0,G2,Agreement,1,1,3,3,0,0,1.0,0.19999999999999996,0.4285714285714286,0.22857142857142865,0.9302325581395349,1.0
G2_p5_w3_variable,G2_p1,10.0,G2,Global,0,0,0,0,0,0,,0.0021471379147204447,0.0052787797765578345,0.0031316418618373898,1.0,1.0
G2_p5_w3_variable,G2_p1,10.0,G2,Event,0,0,0,0,0,0,,0.0004878858045439501,0.0006487121240964027,0.00016082631955245262,1.0,1.0
G2_p5_w3_variable,G2_p1,10.0,G2,Combined,0,0,0,0,0,0,,0.0009155736208104845,0.0009562353734274317,4.066175261694717e-05,1.0,1.0
G2_p5_w3_variable,G2_p1,10.0,G2,Agreement,0,0,0,0,0,0,,0.19999999999999996,0.2542372881355932,0.05423728813559325,1.0,1.0
G2_p5_w3_variable,G2_p1,20.0,G2,Global,0,0,0,0,0,0,,0.0013880183823670822,0.0019813003949820172,0.000593282012614935,1.0,1.0
G2_p5_w3_variable,G2_p1,20.0,G2,Event,0,0,0,0,0,0,,0.00033262573012160187,0.0003602703791200957,2.7644648998493844e-05,1.0,1.0
G2_p5_w3_variable,G2_p1,20.0,G2,Combined,0,0,0,0,0,0,,0.0006566182508933673,0.0007085029480179989,5.1884697124631655e-05,1.0,1.0
G2_p5_w3_variable,G2_p1,20.0,G2,Agreement,0,0,0,0,0,0,,0.2542372881355932,0.29032258064516125,0.036085292509568045,1.0,1.0
G2_p5_w3_variable,G2_p2,-5.0,G2,Global,2,1,4,4,0,0,1.0,0.2583277023243735,0.3778118630403275,0.11948416071595397,0.9090909090909091,0.9523809523809523
G2_p5_w3_variable,G2_p2,-5.0,G2,Event,2,1,4,2,0,2,0.5,0.1372978607409581,0.3426199797928116,0.20532211905185352,0.9090909090909091,0.9523809523809523
G2_p5_w3_variable,G2_p2,-5.0,G2,Combined,2,1,4,2,0,2,0.5,0.13272328243839526,0.4052207452388909,0.27249746280049564,0.9090909090909091,0.9523809523809523
G2_p5_w3_variable,G2_p2,-5.0,G2,Agreement,2,1,4,2,0,2,0.5,0.6111111111111112,0.8235294117647058,0.21241830065359468,0.9090909090909091,0.9523809523809523
G2_p5_w3_variable,G2_p2,0.0,G2,Global,0,0,0,0,0,0,,0.007388039249509281,0.009346446747884478,0.0019584074983751967,0.975609756097561,0.975609756097561
G2_p5_w3_variable,G2_p2,0.0,G2,Event,0,0,0,0,0,0,,0.004062364366116636,0.012967730353819384,0.008905365987702748,0.975609756097561,0.975609756097561
G2_p5_w3_variable,G2_p2,0.0,G2,Combined,0,0,0,0,0,0,,0.002920236171710223,0.008887941718989403,0.00596770554727918,0.975609756097561,0.975609756097561
G2_p5_w3_variable,G2_p2,0.0,G2,Agreement,0,0,0,0,0,0,,0.6,0.7714285714285715,0.17142857142857149,0.975609756097561,0.975609756097561
G2_p5_w3_variable,G2_p2,10.0,G2,Global,0,0,0,0,0,0,,0.0040624264462901585,0.0044554002367732165,0.00039297379048305794,1.0,1.0
G2_p5_w3_variable,G2_p2,10.0,G2,Event,0,0,0,0,0,0,,0.0009985516468492017,0.001145024650931475,0.0001464730040822734,1.0,1.0
G2_p5_w3_variable,G2_p2,10.0,G2,Combined,0,0,0,0,0,0,,0.0014894913731747135,0.0020441915424900736,0.0005547001693153601,1.0,1.0
G2_p5_w3_variable,G2_p2,10.0,G2,Agreement,0,0,0,0,0,0,,0.17647058823529416,0.24,0.06352941176470583,1.0,1.0
G2_p5_w3_variable,G2_p2,20.0,G2,Global,0,0,0,0,0,0,,0.0018298088757727755,0.002000975836120215,0.00017116696034743953,1.0,1.0
G2_p5_w3_variable,G2_p2,20.0,G2,Event,0,0,0,0,0,0,,0.000362369352629204,0.00044423442317931364,8.186507055010962e-05,1.0,1.0
G2_p5_w3_variable,G2_p2,20.0,G2,Combined,0,0,0,0,0,0,,0.0006889769076025479,0.0008246131219010557,0.00013563621429850783,1.0,1.0
G2_p5_w3_variable,G2_p2,20.0,G2,Agreement,0,0,0,0,0,0,,0.2542372881355932,0.3114754098360656,0.05723812170047238,1.0,1.0
G2_p5_w3_variable,G2_p3,-5.0,G2,Global,4,0,0,0,0,0,,0.7889836772116455,0.8234194753518834,0.034435798140237894,0.8636363636363636,0.9090909090909091
G2_p5_w3_variable,G2_p3,-5.0,G2,Event,4,0,0,0,0,0,,0.6486636643161678,0.9902135413721983,0.34154987705603046,0.8636363636363636,0.9090909090909091
G2_p5_w3_variable,G2_p3,-5.0,G2,Combined,4,0,0,0,0,0,,0.3444935526581415,0.9727252965947637,0.6282317439366222,0.8636363636363636,0.9090909090909091
G2_p5_w3_variable,G2_p3,-5.0,G2,Agreement,4,0,0,0,0,0,,0.7,0.7894736842105263,0.08947368421052637,0.8636363636363636,0.9090909090909091
G2_p5_w3_variable,G2_p3,0.0,G2,Global,0,0,0,0,0,0,,0.0382433255213653,0.0433778356133533,0.005134510091988002,1.0,1.0
G2_p5_w3_variable,G2_p3,0.0,G2,Event,0,0,0,0,0,0,,0.006063960815299114,0.03285551194013365,0.026791551124834535,1.0,1.0
G2_p5_w3_variable,G2_p3,0.0,G2,Combined,0,0,0,0,0,0,,0.0024681087253214254,0.013478718975429578,0.011010610250108153,1.0,1.0
G2_p5_w3_variable,G2_p3,0.0,G2,Agreement,0,0,0,0,0,0,,0.6923076923076923,0.8378378378378378,0.14553014553014554,1.0,1.0
G2_p5_w3_variable,G2_p3,10.0,G2,Global,0,0,0,0,0,0,,0.003009307511973133,0.004654737268419881,0.001645429756446748,1.0,1.0
G2_p5_w3_variable,G2_p3,10.0,G2,Event,0,0,0,0,0,0,,0.0007721593995288474,0.00132282734534865,0.0005506679458198026,1.0,1.0
G2_p5_w3_variable,G2_p3,10.0,G2,Combined,0,0,0,0,0,0,,0.0012144135873914494,0.001964193437737795,0.0007497798503463458,1.0,1.0
G2_p5_w3_variable,G2_p3,10.0,G2,Agreement,0,0,0,0,0,0,,0.17647058823529416,0.2549019607843137,0.07843137254901955,1.0,1.0
G2_p5_w3_variable,G2_p3,20.0,G2,Global,0,0,0,0,0,0,,0.0015830289955450067,0.002030297868766012,0.0004472688732210055,1.0,1.0
G2_p5_w3_variable,G2_p3,20.0,G2,Event,0,0,0,0,0,0,,0.00035371682869684656,0.00039085544444945896,3.71386157526124e-05,1.0,1.0
G2_p5_w3_variable,G2_p3,20.0,G2,Combined,0,0,0,0,0,0,,0.0007415592068717264,0.0008646686184415991,0.00012310941156987274,1.0,1.0
G2_p5_w3_variable,G2_p3,20.0,G2,Agreement,0,0,0,0,0,0,,0.22807017543859653,0.29032258064516125,0.06225240520656472,1.0,1.0
G2_p5_w3_variable,G2_p4,-5.0,G2,Global,4,0,0,0,0,0,,0.9999991438962821,0.99999938252051,2.3862422793285987e-07,0.47058823529411764,0.6829268292682927
G2_p5_w3_variable,G2_p4,-5.0,G2,Event,4,0,0,0,0,0,,0.987227893939025,0.9999068758729933,0.012678981933968325,0.47058823529411764,0.6829268292682927
G2_p5_w3_variable,G2_p4,-5.0,G2,Combined,4,0,0,0,0,0,,0.9999633889343801,0.9999999843628085,3.6595428428376486e-05,0.47058823529411764,0.6829268292682927
G2_p5_w3_variable,G2_p4,-5.0,G2,Agreement,4,0,0,0,0,0,,0.5384615384615384,0.6666666666666667,0.1282051282051283,0.47058823529411764,0.6829268292682927
G2_p5_w3_variable,G2_p4,0.0,G2,Global,4,0,0,0,0,0,,0.9941257284088646,0.997268665881795,0.003142937472930374,0.7727272727272727,0.8780487804878049
G2_p5_w3_variable,G2_p4,0.0,G2,Event,4,0,0,0,0,0,,0.772364494804061,0.9048849521308637,0.13252045732680273,0.7727272727272727,0.8780487804878049
G2_p5_w3_variable,G2_p4,0.0,G2,Combined,4,0,0,0,0,0,,0.957461450643884,0.9935523021345027,0.03609085149061875,0.7727272727272727,0.8780487804878049
G2_p5_w3_variable,G2_p4,0.0,G2,Agreement,4,0,0,0,0,0,,0.6744186046511628,0.8181818181818181,0.14376321353065535,0.7727272727272727,0.8780487804878049
G2_p5_w3_variable,G2_p4,10.0,G2,Global,0,0,0,0,0,0,,0.029468087308144476,0.05858062792531129,0.029112540617166813,0.975609756097561,1.0
G2_p5_w3_variable,G2_p4,10.0,G2,Event,0,0,0,0,0,0,,0.001451815405632949,0.0018710780351783665,0.0004192626295454174,0.975609756097561,1.0
G2_p5_w3_variable,G2_p4,10.0,G2,Combined,0,0,0,0,0,0,,0.004278767579530491,0.004751063072021974,0.00047229549249148354,0.975609756097561,1.0
G2_p5_w3_variable,G2_p4,10.0,G2,Agreement,0,0,0,0,0,0,,0.19999999999999996,0.36,0.16000000000000003,0.975609756097561,1.0
G2_p5_w3_variable,G2_p4,20.0,G2,Global,0,0,0,0,0,0,,0.0019798175161826127,0.0030390998204158502,0.0010592823042332375,1.0,1.0
G2_p5_w3_variable,G2_p4,20.0,G2,Event,0,0,0,0,0,0,,0.0003695206372743494,0.00043952439850734274,7.000376123299332e-05,1.0,1.0
G2_p5_w3_variable,G2_p4,20.0,G2,Combined,0,0,0,0,0,0,,0.0007545333870383963,0.0009012288776679996,0.00014669549062960331,1.0,1.0
G2_p5_w3_variable,G2_p4,20.0,G2,Agreement,0,0,0,0,0,0,,0.2542372881355932,0.3114754098360656,0.05723812170047238,1.0,1.0
G3_p0_w0_regular,G3_p1,-5.0,G3,Global,4,0,0,0,0,0,,0.8494630734581934,0.9631129864260228,0.11364991296782945,0.6976744186046512,0.8837209302325582
G3_p0_w0_regular,G3_p1,-5.0,G3,Event,4,0,0,0,0,0,,0.9791135655331665,0.9987746332535016,0.019661067720335046,0.6976744186046512,0.8837209302325582
G3_p0_w0_regular,G3_p1,-5.0,G3,Combined,4,0,0,0,0,0,,0.9651287437278605,0.9988851640529881,0.0337564203251276,0.6976744186046512,0.8837209302325582
G3_p0_w0_regular,G3_p1,-5.0,G3,Agreement,4,0,0,0,0,0,,0.6326530612244898,0.7777777777777778,0.14512471655328796,0.6976744186046512,0.8837209302325582
G3_p0_w0_regular,G3_p1,0.0,G3,Global,4,0,0,0,0,0,,0.12306509443845765,0.30780037806224875,0.1847352836237911,0.8636363636363636,0.926829268292683
G3_p0_w0_regular,G3_p1,0.0,G3,Event,4,0,0,0,0,0,,0.7137155451881971,0.914320104361766,0.2006045591735689,0.8636363636363636,0.926829268292683
G3_p0_w0_regular,G3_p1,0.0,G3,Combined,4,0,0,0,0,0,,0.5458893138995389,0.9040897530840722,0.35820043918453337,0.8636363636363636,0.926829268292683
G3_p0_w0_regular,G3_p1,0.0,G3,Agreement,4,0,0,0,0,0,,0.25,0.5918367346938775,0.34183673469387754,0.8636363636363636,0.926829268292683
G3_p0_w0_regular,G3_p1,10.0,G3,Global,0,0,0,0,0,0,,0.0006360253092263596,0.001161889831731644,0.0005258645225052844,1.0,1.0
G3_p0_w0_regular,G3_p1,10.0,G3,Event,0,0,0,0,0,0,,0.0019184207555574546,0.0039602096855531465,0.0020417889299956917,1.0,1.0
G3_p0_w0_regular,G3_p1,10.0,G3,Combined,0,0,0,0,0,0,,0.00021674349589190955,0.0005490294977223447,0.00033228600183043516,1.0,1.0
G3_p0_w0_regular,G3_p1,10.0,G3,Agreement,0,0,0,0,0,0,,0.23809523809523814,0.32307692307692304,0.0849816849816849,1.0,1.0
G3_p0_w0_regular,G3_p1,20.0,G3,Global,0,0,0,0,0,0,,0.00021634637946954166,0.00025545167874024626,3.91052992707046e-05,1.0,1.0
G3_p0_w0_regular,G3_p1,20.0,G3,Event,0,0,0,0,0,0,,0.0005315763565132737,0.0006055153080827164,7.393895156944266e-05,1.0,1.0
G3_p0_w0_regular,G3_p1,20.0,G3,Combined,0,0,0,0,0,0,,2.982819391340797e-05,3.1425808478379396e-05,1.5976145649714245e-06,1.0,1.0
G3_p0_w0_regular,G3_p1,20.0,G3,Agreement,0,0,0,0,0,0,,0.3142857142857143,0.33333333333333337,0.01904761904761909,1.0,1.0
G3_p0_w0_regular,G3_p2,-5.0,G3,Global,0,0,0,0,0,0,,0.5270646630051568,0.7995735100712792,0.27250884706612244,1.0,1.0
G3_p0_w0_regular,G3_p2,-5.0,G3,Event,0,0,0,0,0,0,,0.003532445856116356,0.02356429136931204,0.020031845513195683,1.0,1.0
G3_p0_w0_regular,G3_p2,-5.0,G3,Combined,0,0,0,0,0,0,,0.3974684376030052,0.720440725499265,0.32297228789625976,1.0,1.0
G3_p0_w0_regular,G3_p2,-5.0,G3,Agreement,0,0,0,0,0,0,,0.8571428571428572,1.0,0.1428571428571428,1.0,1.0
G3_p0_w0_regular,G3_p2,0.0,G3,Global,0,0,0,0,0,0,,0.07531221067838283,0.20776266357927406,0.13245045290089125,1.0,1.0
G3_p0_w0_regular,G3_p2,0.0,G3,Event,0,0,0,0,0,0,,0.0016291216528251699,0.01833094088991025,0.01670181923708508,1.0,1.0
G3_p0_w0_regular,G3_p2,0.0,G3,Combined,0,0,0,0,0,0,,0.06895133936859847,0.4680799156727371,0.3991285763041386,1.0,1.0
G3_p0_w0_regular,G3_p2,0.0,G3,Agreement,0,0,0,0,0,0,,0.1063829787234043,0.9333333333333333,0.826950354609929,1.0,1.0
G3_p0_w0_regular,G3_p2,10.0,G3,Global,0,0,0,0,0,0,,0.002131964261533536,0.004706404463425968,0.002574440201892432,1.0,1.0
G3_p0_w0_regular,G3_p2,10.0,G3,Event,0,0,0,0,0,0,,0.0008387370299664428,0.0022700391774272623,0.0014313021474608193,1.0,1.0
G3_p0_w0_regular,G3_p2,10.0,G3,Combined,0,0,0,0,0,0,,0.0011392224568477587,0.0017433417200186049,0.0006041192631708462,1.0,1.0
G3_p0_w0_regular,G3_p2,10.0,G3,Agreement,0,0,0,0,0,0,,0.32352941176470584,0.38888888888888884,0.065359477124183,1.0,1.0
G3_p0_w0_regular,G3_p2,20.0,G3,Global,0,0,0,0,0,0,,0.00025140831511433307,0.00033299657145754026,8.158825634320719e-05,1.0,1.0
G3_p0_w0_regular,G3_p2,20.0,G3,Event,0,0,0,0,0,0,,0.00047934997369333853,0.0005922917799529722,0.00011294180625963368,1.0,1.0
G3_p0_w0_regular,G3_p2,20.0,G3,Combined,0,0,0,0,0,0,,3.648456979962285e-05,4.060166253387326e-05,4.117092734250415e-06,1.0,1.0
G3_p0_w0_regular,G3_p2,20.0,G3,Agreement,0,0,0,0,0,0,,0.323943661971831,0.36111111111111116,0.03716744913928016,1.0,1.0
G3_p0_w0_regular,G3_p3,-5.0,G3,Global,0,0,0,0,0,0,,0.7223519139729305,0.8521820868984313,0.1298301729255008,0.975609756097561,1.0
G3_p0_w0_regular,G3_p3,-5.0,G3,Event,0,0,0,0,0,0,,0.04704024854157081,0.12020044772037027,0.07316019917879946,0.975609756097561,1.0
G3_p0_w0_regular,G3_p3,-5.0,G3,Combined,0,0,0,0,0,0,,0.5819803523841796,0.775925642325817,0.1939452899416374,0.975609756097561,1.0
G3_p0_w0_regular,G3_p3,-5.0,G3,Agreement,0,0,0,0,0,0,,0.7435897435897436,0.8285714285714285,0.0849816849816849,0.975609756097561,1.0
G3_p0_w0_regular,G3_p3,0.0,G3,Global,0,0,0,0,0,0,,0.04945430880759999,0.10469514709488753,0.05524083828728754,1.0,1.0
G3_p0_w0_regular,G3_p3,0.0,G3,Event,0,0,0,0,0,0,,0.01990463231809159,0.06174158479531724,0.041836952477225645,1.0,1.0
G3_p0_w0_regular,G3_p3,0.0,G3,Combined,0,0,0,0,0,0,,0.19540654225921095,0.4530412689014424,0.25763472664223147,1.0,1.0
G3_p0_w0_regular,G3_p3,0.0,G3,Agreement,0,0,0,0,0,0,,0.18518518518518523,0.3846153846153846,0.19943019943019935,1.0,1.0
G3_p0_w0_regular,G3_p3,10.0,G3,Global,0,0,0,0,0,0,,0.0011133423756610205,0.002112864030944207,0.0009995216552831866,1.0,1.0
G3_p0_w0_regular,G3_p3,10.0,G3,Event,0,0,0,0,0,0,,0.0010985602493305611,0.004792892259584417,0.003694332010253856,1.0,1.0
G3_p0_w0_regular,G3_p3,10.0,G3,Combined,0,0,0,0,0,0,,0.0004024791811607076,0.0022593799076246427,0.001856900726463935,1.0,1.0
G3_p0_w0_regular,G3_p3,10.0,G3,Agreement,0,0,0,0,0,0,,0.2727272727272727,0.323943661971831,0.05121638924455829,1.0,1.0
G3_p0_w0_regular,G3_p3,20.0,G3,Global,0,0,0,0,0,0,,0.00023197082323471568,0.0003079603471887144,7.59895239539987e-05,1.0,1.0
G3_p0_w0_regular,G3_p3,20.0,G3,Event,0,0,0,0,0,0,,0.0005330474989679834,0.0006483286601299282,0.00011528116116194486,1.0,1.0
G3_p0_w0_regular,G3_p3,20.0,G3,Combined,0,0,0,0,0,0,,3.1401713532810365e-05,4.64033094910853e-05,1.5001595958274938e-05,1.0,1.0
G3_p0_w0_regular,G3_p3,20.0,G3,Agreement,0,0,0,0,0,0,,0.323943661971831,0.33333333333333337,0.009389671361502372,1.0,1.0
G3_p0_w0_regular,G3_p4,-5.0,G3,Global,4,0,0,0,0,0,,0.7655764753489677,0.8519997376505646,0.08642326230159691,0.8837209302325582,0.9302325581395349
G3_p0_w0_regular,G3_p4,-5.0,G3,Event,4,0,0,0,0,0,,0.6677935034368928,0.9366910763274952,0.26889757289060234,0.8837209302325582,0.9302325581395349
G3_p0_w0_regular,G3_p4,-5.0,G3,Combined,4,0,0,0,0,0,,0.8892154704267127,0.9846579240076074,0.09544245358089476,0.8837209302325582,0.9302325581395349
G3_p0_w0_regular,G3_p4,-5.0,G3,Agreement,4,0,0,0,0,0,,0.7777777777777778,0.8857142857142857,0.10793650793650789,0.8837209302325582,0.9302325581395349
G3_p0_w0_regular,G3_p4,0.0,G3,Global,0,0,0,0,0,0,,0.11767248086133651,0.19560500705888711,0.0779325261975506,0.975609756097561,1.0
G3_p0_w0_regular,G3_p4,0.0,G3,Event,0,0,0,0,0,0,,0.028246401143168714,0.41923568379346593,0.3909892826502972,0.975609756097561,1.0
G3_p0_w0_regular,G3_p4,0.0,G3,Combined,0,0,0,0,0,0,,0.09855587169272442,0.6112603192767735,0.5127044475840491,0.975609756097561,1.0
G3_p0_w0_regular,G3_p4,0.0,G3,Agreement,0,0,0,0,0,0,,0.7714285714285715,0.8787878787878788,0.10735930735930732,0.975609756097561,1.0
G3_p0_w0_regular,G3_p4,10.0,G3,Global,0,0,0,0,0,0,,0.0016926016720504916,0.0024105843713611327,0.0007179826993106411,1.0,1.0
G3_p0_w0_regular,G3_p4,10.0,G3,Event,0,0,0,0,0,0,,0.002376595476998252,0.010752511248611015,0.008375915771612763,1.0,1.0
G3_p0_w0_regular,G3_p4,10.0,G3,Combined,0,0,0,0,0,0,,0.0009027966084768194,0.0030343585401750783,0.002131561931698259,1.0,1.0
G3_p0_w0_regular,G3_p4,10.0,G3,Agreement,0,0,0,0,0,0,,0.16981132075471694,0.23636363636363633,0.06655231560891939,1.0,1.0
G3_p0_w0_regular,G3_p4,20.0,G3,Global,0,0,0,0,0,0,,0.0002603385351433606,0.00030176863559571164,4.143010045235104e-05,1.0,1.0
G3_p0_w0_regular,G3_p4,20.0,G3,Event,0,0,0,0,0,0,,0.00058029689462804,0.0010595521971559214,0.00047925530252788137,1.0,1.0
G3_p0_w0_regular,G3_p4,20.0,G3,Combined,0,0,0,0,0,0,,3.60401665713724e-05,5.909328766970367e-05,2.305312109833127e-05,1.0,1.0
G3_p0_w0_regular,G3_p4,20.0,G3,Agreement,0,0,0,0,0,0,,0.2941176470588235,0.33333333333333337,0.03921568627450989,1.0,1.0
G3_p0_w0_variable,G3_p1,-5.0,G3,Global,4,0,0,0,0,0,,0.9139466056395394,0.9421259063269126,0.028179300687373177,0.7317073170731707,0.7906976744186046
G3_p0_w0_variable,G3_p1,-5.0,G3,Event,4,0,0,0,0,0,,0.9949347968489255,0.9983427132974536,0.0034079164485281144,0.7317073170731707,0.7906976744186046
G3_p0_w0_variable,G3_p1,-5.0,G3,Combined,4,0,0,0,0,0,,0.9884865796804667,0.995601844709406,0.007115265028939333,0.7317073170731707,0.7906976744186046
G3_p0_w0_variable,G3_p1,-5.0,G3,Agreement,4,0,0,0,0,0,,0.65,0.8297872340425532,0.17978723404255315,0.7317073170731707,0.7906976744186046
G3_p0_w0_variable,G3_p1,0.0,G3,Global,3,1,3,0,0,3,0.0,0.14468435610025118,0.25708646630113285,0.11240211020088167,0.8837209302325582,0.95
G3_p0_w0_variable,G3_p1,0.0,G3,Event,3,1,3,2,0,1,0.6666666666666666,0.7830946310171947,0.9426819838284493,0.15958735281125458,0.8837209302325582,0.95
G3_p0_w0_variable,G3_p1,0.0,G3,Combined,3,1,3,1,0,2,0.3333333333333333,0.5641179155289802,0.9093901909667649,0.3452722754377847,0.8837209302325582,0.95
G3_p0_w0_variable,G3_p1,0.0,G3,Agreement,3,1,3,2,0,1,0.6666666666666666,0.3125,0.52,0.20750000000000002,0.8837209302325582,0.95
G3_p0_w0_variable,G3_p1,10.0,G3,Global,0,0,0,0,0,0,,0.0006203652784869322,0.001011684822226939,0.0003913195437400068,1.0,1.0
G3_p0_w0_variable,G3_p1,10.0,G3,Event,0,0,0,0,0,0,,0.0014728621523236144,0.004228982894464808,0.0027561207421411935,1.0,1.0
G3_p0_w0_variable,G3_p1,10.0,G3,Combined,0,0,0,0,0,0,,0.00023847130817689205,0.0006738814402117693,0.0004354101320348772,1.0,1.0
G3_p0_w0_variable,G3_p1,10.0,G3,Agreement,0,0,0,0,0,0,,0.25806451612903225,0.32307692307692304,0.06501240694789079,1.0,1.0
G3_p0_w0_variable,G3_p1,20.0,G3,Global,0,0,0,0,0,0,,0.0001330971612420796,0.0001621018932677543,2.9004732025674705e-05,1.0,1.0
G3_p0_w0_variable,G3_p1,20.0,G3,Event,0,0,0,0,0,0,,0.0005206240729993576,0.0005714269120873493,5.080283908799176e-05,1.0,1.0
G3_p0_w0_variable,G3_p1,20.0,G3,Combined,0,0,0,0,0,0,,2.359206024184725e-05,2.544852894829425e-05,1.8564687064470002e-06,1.0,1.0
G3_p0_w0_variable,G3_p1,20.0,G3,Agreement,0,0,0,0,0,0,,0.32352941176470584,0.33333333333333337,0.009803921568627527,1.0,1.0
G3_p0_w0_variable,G3_p2,-5.0,G3,Global,0,0,0,0,0,0,,0.5176749393271072,0.6964593755258159,0.17878443619870876,1.0,1.0
G3_p0_w0_variable,G3_p2,-5.0,G3,Event,0,0,0,0,0,0,,0.006071141700318671,0.019241325285129958,0.013170183584811288,1.0,1.0
G3_p0_w0_variable,G3_p2,-5.0,G3,Combined,0,0,0,0,0,0,,0.49751517840904175,0.69639807457199,0.19888289616294824,1.0,1.0
G3_p0_w0_variable,G3_p2,-5.0,G3,Agreement,0,0,0,0,0,0,,0.8518518518518519,0.9259259259259259,0.07407407407407407,1.0,1.0
G3_p0_w0_variable,G3_p2,0.0,G3,Global,0,0,0,0,0,0,,0.06314414589856668,0.11269360623565679,0.04954946033709011,1.0,1.0
G3_p0_w0_variable,G3_p2,0.0,G3,Event,0,0,0,0,0,0,,0.0018593749272386615,0.006787479585878625,0.004928104658639964,1.0,1.0
G3_p0_w0_variable,G3_p2,0.0,G3,Combined,0,0,0,0,0,0,,0.06317820883700966,0.16203450602325664,0.09885629718624699,1.0,1.0
G3_p0_w0_variable,G3_p2,0.0,G3,Agreement,0,0,0,0,0,0,,0.6551724137931034,0.9259259259259259,0.2707535121328225,1.0,1.0
G3_p0_w0_variable,G3_p2,10.0,G3,Global,0,0,0,0,0,0,,0.0020480580136140233,0.0024094359716959565,0.0003613779580819332,1.0,1.0
G3_p0_w0_variable,G3_p2,10.0,G3,Event,0,0,0,0,0,0,,0.001038628193768602,0.0018555642387281547,0.0008169360449595527,1.0,1.0
G3_p0_w0_variable,G3_p2,10.0,G3,Combined,0,0,0,0,0,0,,0.0008803280299200384,0.0013425026925166232,0.0004621746625965848,1.0,1.0
G3_p0_w0_variable,G3_p2,10.0,G3,Agreement,0,0,0,0,0,0,,0.3125,0.3529411764705882,0.0404411764705882,1.0,1.0
G3_p0_w0_variable,G3_p2,20.0,G3,Global,0,0,0,0,0,0,,0.00014603846614249228,0.00016549119758253083,1.9452731440038545e-05,1.0,1.0
G3_p0_w0_variable,G3_p2,20.0,G3,Event,0,0,0,0,0,0,,0.0005045896362781565,0.0005691922754608242,6.460263918266771e-05,1.0,1.0
G3_p0_w0_variable,G3_p2,20.0,G3,Combined,0,0,0,0,0,0,,2.8042877827489725e-05,3.075563130609198e-05,2.7127534786022587e-06,1.0,1.0
G3_p0_w0_variable,G3_p2,20.0,G3,Agreement,0,0,0,0,0,0,,0.32352941176470584,0.3529411764705882,0.02941176470588236,1.0,1.0
G3_p0_w0_variable,G3_p3,-5.0,G3,Global,0,0,0,0,0,0,,0.7301252742677966,0.8833515757684447,0.1532263015006481,0.9743589743589743,1.0
G3_p0_w0_variable,G3_p3,-5.0,G3,Event,0,0,0,0,0,0,,0.0237307759950462,0.1381579246470847,0.11442714865203851,0.9743589743589743,1.0
G3_p0_w0_variable,G3_p3,-5.0,G3,Combined,0,0,0,0,0,0,,0.45957758417435135,0.8598389800478129,0.40026139587346155,0.9743589743589743,1.0
G3_p0_w0_variable,G3_p3,-5.0,G3,Agreement,0,0,0,0,0,0,,0.6111111111111112,0.8421052631578947,0.23099415204678353,0.9743589743589743,1.0
G3_p0_w0_variable,G3_p3,0.0,G3,Global,0,0,0,0,0,0,,0.03715483747128876,0.10007606180907876,0.06292122433778999,0.9743589743589743,1.0
G3_p0_w0_variable,G3_p3,0.0,G3,Event,0,0,0,0,0,0,,0.019812077906460095,0.12674251681442864,0.10693043890796854,0.9743589743589743,1.0
G3_p0_w0_variable,G3_p3,0.0,G3,Combined,0,0,0,0,0,0,,0.12077526422481455,0.5794442939468373,0.4586690297220227,0.9743589743589743,1.0
G3_p0_w0_variable,G3_p3,0.0,G3,Agreement,0,0,0,0,0,0,,0.16666666666666663,0.3207547169811321,0.15408805031446549,0.9743589743589743,1.0
G3_p0_w0_variable,G3_p3,10.0,G3,Global,0,0,0,0,0,0,,0.0006049380017470377,0.001210841015459085,0.0006059030137120473,1.0,1.0
G3_p0_w0_variable,G3_p3,10.0,G3,Event,0,0,0,0,0,0,,0.0012331305292765848,0.004023681942893545,0.0027905514136169597,1.0,1.0
G3_p0_w0_variable,G3_p3,10.0,G3,Combined,0,0,0,0,0,0,,0.0003800302407791945,0.0014573414142231662,0.0010773111734439717,1.0,1.0
G3_p0_w0_variable,G3_p3,10.0,G3,Agreement,0,0,0,0,0,0,,0.29230769230769227,0.32307692307692304,0.03076923076923077,1.0,1.0
G3_p0_w0_variable,G3_p3,20.0,G3,Global,0,0,0,0,0,0,,0.00011984181677174681,0.00015979012381147674,3.994830703972992e-05,1.0,1.0
G3_p0_w0_variable,G3_p3,20.0,G3,Event,0,0,0,0,0,0,,0.0005357123567670185,0.0007022109986214929,0.00016649864185447436,1.0,1.0
G3_p0_w0_variable,G3_p3,20.0,G3,Combined,0,0,0,0,0,0,,2.3577290337244038e-05,3.333539852849549e-05,9.75810819125145e-06,1.0,1.0
G3_p0_w0_variable,G3_p3,20.0,G3,Agreement,0,0,0,0,0,0,,0.32352941176470584,0.33333333333333337,0.009803921568627527,1.0,1.0
G3_p0_w0_variable,G3_p4,-5.0,G3,Global,3,1,3,1,0,2,0.3333333333333333,0.8179774760273129,0.8989449862398046,0.08096751021249171,0.9047619047619048,0.95
G3_p0_w0_variable,G3_p4,-5.0,G3,Event,3,1,3,2,0,1,0.6666666666666666,0.6316438018649695,0.9771850558411095,0.34554125397614,0.9047619047619048,0.95
G3_p0_w0_variable,G3_p4,-5.0,G3,Combined,3,1,3,2,0,1,0.6666666666666666,0.8291879001750956,0.9833287434212815,0.15414084324618593,0.9047619047619048,0.95
G3_p0_w0_variable,G3_p4,-5.0,G3,Agreement,3,1,3,3,0,0,1.0,0.8125,0.9393939393939394,0.12689393939393945,0.9047619047619048,0.95
G3_p0_w0_variable,G3_p4,0.0,G3,Global,0,0,0,0,0,0,,0.08866855066038212,0.16707108025553685,0.07840252959515473,0.9743589743589743,1.0
G3_p0_w0_variable,G3_p4,0.0,G3,Event,0,0,0,0,0,0,,0.058440469639587544,0.2363847662821388,0.17794429664255126,0.9743589743589743,1.0
G3_p0_w0_variable,G3_p4,0.0,G3,Combined,0,0,0,0,0,0,,0.21271156636262925,0.2972865655527742,0.08457499919014497,0.9743589743589743,1.0
G3_p0_w0_variable,G3_p4,0.0,G3,Agreement,0,0,0,0,0,0,,0.7647058823529411,0.9393939393939394,0.17468805704099832,0.9743589743589743,1.0
G3_p0_w0_variable,G3_p4,10.0,G3,Global,0,0,0,0,0,0,,0.0007945001284469358,0.0015341770541113671,0.0007396769256644314,1.0,1.0
G3_p0_w0_variable,G3_p4,10.0,G3,Event,0,0,0,0,0,0,,0.0023751695382152158,0.0033999143723529137,0.0010247448341376979,1.0,1.0
G3_p0_w0_variable,G3_p4,10.0,G3,Combined,0,0,0,0,0,0,,0.0005586016801760483,0.0007660018017435229,0.00020740012156747457,1.0,1.0
G3_p0_w0_variable,G3_p4,10.0,G3,Agreement,0,0,0,0,0,0,,0.12,0.31034482758620685,0.19034482758620686,1.0,1.0
G3_p0_w0_variable,G3_p4,20.0,G3,Global,0,0,0,0,0,0,,0.0001256041762794695,0.0001588216056731832,3.321742939371369e-05,1.0,1.0
G3_p0_w0_variable,G3_p4,20.0,G3,Event,0,0,0,0,0,0,,0.000584353246317176,0.000617116875218482,3.276362890130603e-05,1.0,1.0
G3_p0_w0_variable,G3_p4,20.0,G3,Combined,0,0,0,0,0,0,,2.4894383631836506e-05,2.9275951830568346e-05,4.3815681987318404e-06,1.0,1.0
G3_p0_w0_variable,G3_p4,20.0,G3,Agreement,0,0,0,0,0,0,,0.31343283582089554,0.33333333333333337,0.01990049751243783,1.0,1.0
G3_p0_w1_regular,G3_p1,-5.0,G3,Global,4,0,0,0,0,0,,0.9098255799095717,0.9844056152012444,0.07458003529167267,0.7346938775510204,0.8636363636363636
G3_p0_w1_regular,G3_p1,-5.0,G3,Event,4,0,0,0,0,0,,0.9856894186653051,0.9959616401200753,0.010272221454770136,0.7346938775510204,0.8636363636363636
G3_p0_w1_regular,G3_p1,-5.0,G3,Combined,4,0,0,0,0,0,,0.9503592944918489,0.9957775892828311,0.04541829479098225,0.7346938775510204,0.8636363636363636
G3_p0_w1_regular,G3_p1,-5.0,G3,Agreement,4,0,0,0,0,0,,0.6818181818181819,0.8636363636363636,0.18181818181818177,0.7346938775510204,0.8636363636363636
G3_p0_w1_regular,G3_p1,0.0,G3,Global,3,1,3,1,0,2,0.3333333333333333,0.17260719966041058,0.36339267794583346,0.1907854782854229,0.8936170212765957,0.9767441860465116
G3_p0_w1_regular,G3_p1,0.0,G3,Event,3,1,3,2,0,1,0.6666666666666666,0.6350286917347734,0.8701821697872308,0.23515347805245745,0.8936170212765957,0.9767441860465116
G3_p0_w1_regular,G3_p1,0.0,G3,Combined,3,1,3,2,0,1,0.6666666666666666,0.5354601091933704,0.8580758150724226,0.3226157058790522,0.8936170212765957,0.9767441860465116
G3_p0_w1_regular,G3_p1,0.0,G3,Agreement,3,1,3,1,0,2,0.3333333333333333,0.3584905660377359,0.5102040816326531,0.1517135155949172,0.8936170212765957,0.9767441860465116
G3_p0_w1_regular,G3_p1,10.0,G3,Global,0,0,0,0,0,0,,0.00014242310139290262,0.00024033972561503708,9.791662422213446e-05,1.0,1.0
G3_p0_w1_regular,G3_p1,10.0,G3,Event,0,0,0,0,0,0,,0.0017515486786256911,0.002910379020766397,0.001158830342140706,1.0,1.0
G3_p0_w1_regular,G3_p1,10.0,G3,Combined,0,0,0,0,0,0,,6.846360325990726e-05,0.00015029822975621459,8.183462649630732e-05,1.0,1.0
G3_p0_w1_regular,G3_p1,10.0,G3,Agreement,0,0,0,0,0,0,,0.3055555555555556,0.33333333333333337,0.02777777777777779,1.0,1.0
G3_p0_w1_regular,G3_p1,20.0,G3,Global,0,0,0,0,0,0,,2.676687837219709e-05,7.052810219458211e-05,4.376122382238503e-05,1.0,1.0
G3_p0_w1_regular,G3_p1,20.0,G3,Event,0,0,0,0,0,0,,0.0005606585774767969,0.0005776256621426374,1.696708466584053e-05,1.0,1.0
G3_p0_w1_regular,G3_p1,20.0,G3,Combined,0,0,0,0,0,0,,6.349955501587113e-06,1.575050020120163e-05,9.400544699614516e-06,1.0,1.0
G3_p0_w1_regular,G3_p1,20.0,G3,Agreement,0,0,0,0,0,0,,0.32432432432432434,0.32432432432432434,0.0,1.0,1.0
G3_p0_w1_regular,G3_p2,-5.0,G3,Global,0,0,0,0,0,0,,0.37549330884384735,0.5117405364450226,0.13624722760117525,1.0,1.0
G3_p0_w1_regular,G3_p2,-5.0,G3,Event,0,0,0,0,0,0,,0.005862017543002436,0.01770599485207756,0.011843977309075125,1.0,1.0
G3_p0_w1_regular,G3_p2,-5.0,G3,Combined,0,0,0,0,0,0,,0.33920130550537214,0.48223798340900337,0.14303667790363123,1.0,1.0
G3_p0_w1_regular,G3_p2,-5.0,G3,Agreement,0,0,0,0,0,0,,0.9310344827586207,1.0,0.06896551724137934,1.0,1.0
G3_p0_w1_regular,G3_p2,0.0,G3,Global,0,0,0,0,0,0,,0.043719229601896024,0.07516542708285032,0.03144619748095429,1.0,1.0
G3_p0_w1_regular,G3_p2,0.0,G3,Event,0,0,0,0,0,0,,0.0032383069328796228,0.005750565419457801,0.002512258486578178,1.0,1.0
G3_p0_w1_regular,G3_p2,0.0,G3,Combined,0,0,0,0,0,0,,0.06322202094502423,0.11877121372081022,0.05554919277578599,1.0,1.0
G3_p0_w1_regular,G3_p2,0.0,G3,Agreement,0,0,0,0,0,0,,0.7058823529411764,1.0,0.2941176470588236,1.0,1.0
G3_p0_w1_regular,G3_p2,10.0,G3,Global,0,0,0,0,0,0,,0.0007457200017810915,0.001421414343341651,0.0006756943415605596,1.0,1.0
G3_p0_w1_regular,G3_p2,10.0,G3,Event,0,0,0,0,0,0,,0.0009615041451973535,0.0016406870304792006,0.0006791828852818471,1.0,1.0
G3_p0_w1_regular,G3_p2,10.0,G3,Combined,0,0,0,0,0,0,,0.0005559977200547507,0.0006609975062071964,0.0001049997861524457,1.0,1.0
G3_p0_w1_regular,G3_p2,10.0,G3,Agreement,0,0,0,0,0,0,,0.323943661971831,0.36111111111111116,0.03716744913928016,1.0,1.0
G3_p0_w1_regular,G3_p2,20.0,G3,Global,0,0,0,0,0,0,,7.09424105331359e-05,0.00013755224834911296,6.660983781597706e-05,1.0,1.0
G3_p0_w1_regular,G3_p2,20.0,G3,Event,0,0,0,0,0,0,,0.00048664950427137956,0.0005638107475794209,7.716124330804132e-05,1.0,1.0
G3_p0_w1_regular,G3_p2,20.0,G3,Combined,0,0,0,0,0,0,,1.4478611771295756e-05,2.8682097988142374e-05,1.4203486216846618e-05,1.0,1.0
G3_p0_w1_regular,G3_p2,20.0,G3,Agreement,0,0,0,0,0,0,,0.33333333333333337,0.36,0.026666666666666616,1.0,1.0
G3_p0_w1_regular,G3_p3,-5.0,G3,Global,0,0,0,0,0,0,,0.5547946623265518,0.6481566240136268,0.093361961687075,1.0,1.0
G3_p0_w1_regular,G3_p3,-5.0,G3,Event,0,0,0,0,0,0,,0.02600983965374654,0.11238655138207267,0.08637671172832613,1.0,1.0
G3_p0_w1_regular,G3_p3,-5.0,G3,Combined,0,0,0,0,0,0,,0.26612099838362685,0.612379867557651,0.3462588691740241,1.0,1.0
G3_p0_w1_regular,G3_p3,-5.0,G3,Agreement,0,0,0,0,0,0,,0.5897435897435898,0.8888888888888888,0.2991452991452991,1.0,1.0
G3_p0_w1_regular,G3_p3,0.0,G3,Global,0,0,0,0,0,0,,0.02069298873988117,0.02892328366023603,0.008230294920354861,1.0,1.0
G3_p0_w1_regular,G3_p3,0.0,G3,Event,0,0,0,0,0,0,,0.01141324778813632,0.05406043033585206,0.04264718254771574,1.0,1.0
G3_p0_w1_regular,G3_p3,0.0,G3,Combined,0,0,0,0,0,0,,0.048628185402149436,0.17705940867898692,0.12843122327683748,1.0,1.0
G3_p0_w1_regular,G3_p3,0.0,G3,Agreement,0,0,0,0,0,0,,0.2222222222222222,0.33333333333333337,0.11111111111111116,1.0,1.0
G3_p0_w1_regular,G3_p3,10.0,G3,Global,0,0,0,0,0,0,,0.00037002327281967845,0.0006648814699353196,0.00029485819711564114,1.0,1.0
G3_p0_w1_regular,G3_p3,10.0,G3,Event,0,0,0,0,0,0,,0.00141878593142959,0.001686778976031857,0.000267993044602267,1.0,1.0
G3_p0_w1_regular,G3_p3,10.0,G3,Combined,0,0,0,0,0,0,,0.0002620201747226732,0.0004978408770910399,0.00023582070236836673,1.0,1.0
G3_p0_w1_regular,G3_p3,10.0,G3,Agreement,0,0,0,0,0,0,,0.2857142857142857,0.33333333333333337,0.04761904761904767,1.0,1.0
G3_p0_w1_regular,G3_p3,20.0,G3,Global,0,0,0,0,0,0,,8.758092644153396e-05,0.00010513268974466935,1.7551763303135388e-05,1.0,1.0
G3_p0_w1_regular,G3_p3,20.0,G3,Event,0,0,0,0,0,0,,0.0005318965375557751,0.0005899890805017773,5.8092542946002216e-05,1.0,1.0
G3_p0_w1_regular,G3_p3,20.0,G3,Combined,0,0,0,0,0,0,,2.0113270930962136e-05,2.4900070253319172e-05,4.786799322357037e-06,1.0,1.0
G3_p0_w1_regular,G3_p3,20.0,G3,Agreement,0,0,0,0,0,0,,0.32432432432432434,0.33333333333333337,0.009009009009009028,1.0,1.0
G3_p0_w1_regular,G3_p4,-5.0,G3,Global,2,1,4,2,0,2,0.5,0.6978428995176582,0.9227660587057471,0.22492315918808892,0.8888888888888888,0.9545454545454546
G3_p0_w1_regular,G3_p4,-5.0,G3,Event,2,1,4,0,0,4,0.0,0.5850221039058776,0.8319447383940046,0.246922634488127,0.8888888888888888,0.9545454545454546
G3_p0_w1_regular,G3_p4,-5.0,G3,Combined,2,1,4,2,0,2,0.5,0.8101492810279913,0.9724362641388733,0.16228698311088197,0.8888888888888888,0.9545454545454546
G3_p0_w1_regular,G3_p4,-5.0,G3,Agreement,2,1,4,3,0,1,0.75,0.7714285714285715,0.9428571428571428,0.17142857142857137,0.8888888888888888,0.9545454545454546
G3_p0_w1_regular,G3_p4,0.0,G3,Global,0,0,0,0,0,0,,0.03945463840730713,0.21244612387288517,0.17299148546557802,0.9767441860465116,1.0
G3_p0_w1_regular,G3_p4,0.0,G3,Event,0,0,0,0,0,0,,0.022700263296485942,0.060693591896105195,0.03799332859961925,0.9767441860465116,1.0
G3_p0_w1_regular,G3_p4,0.0,G3,Combined,0,0,0,0,0,0,,0.05666420172361859,0.20734137516488468,0.15067717344126608,0.9767441860465116,1.0
G3_p0_w1_regular,G3_p4,0.0,G3,Agreement,0,0,0,0,0,0,,0.875,1.0,0.125,0.9767441860465116,1.0
G3_p0_w1_regular,G3_p4,10.0,G3,Global,0,0,0,0,0,0,,0.00027658251524007173,0.0011943723989699246,0.0009177898837298528,1.0,1.0
G3_p0_w1_regular,G3_p4,10.0,G3,Event,0,0,0,0,0,0,,0.0016182593454261754,0.003962280273015499,0.002344020927589324,1.0,1.0
G3_p0_w1_regular,G3_p4,10.0,G3,Combined,0,0,0,0,0,0,,0.00028969176849689054,0.0004887228086167087,0.00019903104011981812,1.0,1.0
G3_p0_w1_regular,G3_p4,10.0,G3,Agreement,0,0,0,0,0,0,,0.2142857142857143,0.28125,0.0669642857142857,1.0,1.0
G3_p0_w1_regular,G3_p4,20.0,G3,Global,0,0,0,0,0,0,,5.862965842845022e-05,0.00010914466233322002,5.05150039047698e-05,1.0,1.0
G3_p0_w1_regular,G3_p4,20.0,G3,Event,0,0,0,0,0,0,,0.0005995575406300373,0.0006881953131976046,8.863777256756735e-05,1.0,1.0
G3_p0_w1_regular,G3_p4,20.0,G3,Combined,0,0,0,0,0,0,,1.4096636694437961e-05,2.6657329158785368e-05,1.2560692464347407e-05,1.0,1.0
G3_p0_w1_regular,G3_p4,20.0,G3,Agreement,0,0,0,0,0,0,,0.2857142857142857,0.33333333333333337,0.04761904761904767,1.0,1.0
G3_p0_w1_variable,G3_p1,-5.0,G3,Global,4,0,0,0,0,0,,0.9174293694816447,0.933639247493205,0.016209878011560375,0.6976744186046512,0.7916666666666666
G3_p0_w1_variable,G3_p1,-5.0,G3,Event,4,0,0,0,0,0,,0.9912163793272484,0.9988642977875694,0.007647918460320979,0.6976744186046512,0.7916666666666666
G3_p0_w1_variable,G3_p1,-5.0,G3,Combined,4,0,0,0,0,0,,0.9857443115011049,0.997818133135956,0.012073821634851156,0.6976744186046512,0.7916666666666666
G3_p0_w1_variable,G3_p1,-5.0,G3,Agreement,4,0,0,0,0,0,,0.6326530612244898,0.7333333333333334,0.10068027210884356,0.6976744186046512,0.7916666666666666
G3_p0_w1_variable,G3_p1,0.0,G3,Global,4,0,0,0,0,0,,0.15571409576088388,0.261966290358007,0.10625219459712312,0.8837209302325582,0.9047619047619048
G3_p0_w1_variable,G3_p1,0.0,G3,Event,4,0,0,0,0,0,,0.35570120163810837,0.9113742504182805,0.5556730487801721,0.8837209302325582,0.9047619047619048
G3_p0_w1_variable,G3_p1,0.0,G3,Combined,4,0,0,0,0,0,,0.36620199576801477,0.8809676822400948,0.51476568647208,0.8837209302325582,0.9047619047619048
G3_p0_w1_variable,G3_p1,0.0,G3,Agreement,4,0,0,0,0,0,,0.2692307692307693,0.34545454545454546,0.07622377622377619,0.8837209302325582,0.9047619047619048
G3_p0_w1_variable,G3_p1,10.0,G3,Global,0,0,0,0,0,0,,0.00011869365387676011,0.00034272182468790633,0.00022402817081114624,1.0,1.0
G3_p0_w1_variable,G3_p1,10.0,G3,Event,0,0,0,0,0,0,,0.0015934952314794785,0.003350479089340661,0.0017569838578611826,1.0,1.0
G3_p0_w1_variable,G3_p1,10.0,G3,Combined,0,0,0,0,0,0,,0.00012673476725839244,0.00025436332068613966,0.00012762855342774722,1.0,1.0
G3_p0_w1_variable,G3_p1,10.0,G3,Agreement,0,0,0,0,0,0,,0.24242424242424243,0.3142857142857143,0.07186147186147185,1.0,1.0
G3_p0_w1_variable,G3_p1,20.0,G3,Global,0,0,0,0,0,0,,3.234940481651314e-05,9.455184803754462e-05,6.220244322103148e-05,1.0,1.0
G3_p0_w1_variable,G3_p1,20.0,G3,Event,0,0,0,0,0,0,,0.0005548797253087486,0.0005989885733844656,4.4108848075717026e-05,1.0,1.0
G3_p0_w1_variable,G3_p1,20.0,G3,Combined,0,0,0,0,0,0,,9.580655838470776e-06,2.206173503782612e-05,1.2481079199355346e-05,1.0,1.0
G3_p0_w1_variable,G3_p1,20.0,G3,Agreement,0,0,0,0,0,0,,0.31506849315068497,0.31506849315068497,0.0,1.0,1.0
G3_p0_w1_variable,G3_p2,-5.0,G3,Global,0,0,0,0,0,0,,0.34807960350296074,0.557502951049397,0.2094233475464362,1.0,1.0
G3_p0_w1_variable,G3_p2,-5.0,G3,Event,0,0,0,0,0,0,,0.005932439700134359,0.022479225189320648,0.01654678548918629,1.0,1.0
G3_p0_w1_variable,G3_p2,-5.0,G3,Combined,0,0,0,0,0,0,,0.3147071659966325,0.5783282878326419,0.2636211218360094,1.0,1.0
G3_p0_w1_variable,G3_p2,-5.0,G3,Agreement,0,0,0,0,0,0,,0.9285714285714286,1.0,0.0714285714285714,1.0,1.0
G3_p0_w1_variable,G3_p2,0.0,G3,Global,0,0,0,0,0,0,,0.04118115893040953,0.0856559273906672,0.04447476846025767,1.0,1.0
G3_p0_w1_variable,G3_p2,0.0,G3,Event,0,0,0,0,0,0,,0.0010479558236634542,0.005868478941434643,0.004820523117771189,1.0,1.0
G3_p0_w1_variable,G3_p2,0.0,G3,Combined,0,0,0,0,0,0,,0.03177968527399661,0.1568949288510966,0.1251152435771,1.0,1.0
G3_p0_w1_variable,G3_p2,0.0,G3,Agreement,0,0,0,0,0,0,,0.8709677419354839,0.9333333333333333,0.062365591397849474,1.0,1.0
G3_p0_w1_variable,G3_p2,10.0,G3,Global,0,0,0,0,0,0,,0.000988775625853667,0.0013525483088614907,0.00036377268300782375,1.0,1.0
G3_p0_w1_variable,G3_p2,10.0,G3,Event,0,0,0,0,0,0,,0.0008681198554638512,0.002345489014466411,0.0014773691590025595,1.0,1.0
G3_p0_w1_variable,G3_p2,10.0,G3,Combined,0,0,0,0,0,0,,0.0005822270131093325,0.001468513239123666,0.0008862862260143336,1.0,1.0
G3_p0_w1_variable,G3_p2,10.0,G3,Agreement,0,0,0,0,0,0,,0.28358208955223885,0.34246575342465757,0.05888366387241872,1.0,1.0
G3_p0_w1_variable,G3_p2,20.0,G3,Global,0,0,0,0,0,0,,7.530977256987051e-05,0.00012807618643612793,5.2766413866257416e-05,1.0,1.0
G3_p0_w1_variable,G3_p2,20.0,G3,Event,0,0,0,0,0,0,,0.0005472395890084991,0.0006301257292913902,8.28861402828911e-05,1.0,1.0
G3_p0_w1_variable,G3_p2,20.0,G3,Combined,0,0,0,0,0,0,,2.2172957841932323e-05,3.366808934250497e-05,1.1495131500572646e-05,1.0,1.0
G3_p0_w1_variable,G3_p2,20.0,G3,Agreement,0,0,0,0,0,0,,0.295774647887324,0.3055555555555556,0.009780907668231587,1.0,1.0
G3_p0_w1_variable,G3_p3,-5.0,G3,Global,0,0,0,0,0,0,,0.5896575256023827,0.7355953019850082,0.1459377763826255,0.9523809523809523,1.0
G3_p0_w1_variable,G3_p3,-5.0,G3,Event,0,0,0,0,0,0,,0.058803917507014934,0.26322649972702306,0.20442258222000811,0.9523809523809523,1.0
G3_p0_w1_variable,G3_p3,-5.0,G3,Combined,0,0,0,0,0,0,,0.48365382530733964,0.8674158467490755,0.3837620214417358,0.9523809523809523,1.0
G3_p0_w1_variable,G3_p3,-5.0,G3,Agreement,0,0,0,0,0,0,,0.65,0.8378378378378378,0.1878378378378378,0.9523809523809523,1.0
G3_p0_w1_variable,G3_p3,0.0,G3,Global,0,0,0,0,0,0,,0.018612204428710005,0.04280254173398221,0.024190337305272203,0.9767441860465116,1.0
G3_p0_w1_variable,G3_p3,0.0,G3,Event,0,0,0,0,0,0,,0.024679820460981248,0.1277465425704706,0.10306672210948936,0.9767441860465116,1.0
G3_p0_w1_variable,G3_p3,0.0,G3,Combined,0,0,0,0,0,0,,0.0952694414416114,0.3661656519923304,0.270896210550719,0.9767441860465116,1.0
G3_p0_w1_variable,G3_p3,0.0,G3,Agreement,0,0,0,0,0,0,,0.2068965517241379,0.3207547169811321,0.11385816525699421,0.9767441860465116,1.0
G3_p0_w1_variable,G3_p3,10.0,G3,Global,0,0,0,0,0,0,,0.0003264231803176563,0.0006227028710881621,0.00029627969077050583,1.0,1.0
G3_p0_w1_variable,G3_p3,10.0,G3,Event,0,0,0,0,0,0,,0.0014108340568495766,0.005037105757994009,0.003626271701144432,1.0,1.0
G3_p0_w1_variable,G3_p3,10.0,G3,Combined,0,0,0,0,0,0,,0.00028115108334310026,0.0009703167663692395,0.0006891656830261392,1.0,1.0
G3_p0_w1_variable,G3_p3,10.0,G3,Agreement,0,0,0,0,0,0,,0.25,0.352112676056338,0.102112676056338,1.0,1.0
G3_p0_w1_variable,G3_p3,20.0,G3,Global,0,0,0,0,0,0,,7.737249983187281e-05,9.425338380636784e-05,1.688088397449503e-05,1.0,1.0
G3_p0_w1_variable,G3_p3,20.0,G3,Event,0,0,0,0,0,0,,0.0005758593694184522,0.0007656745201974735,0.0001898151507790213,1.0,1.0
G3_p0_w1_variable,G3_p3,20.0,G3,Combined,0,0,0,0,0,0,,2.2251678593894053e-05,2.945472448897236e-05,7.203045895078308e-06,1.0,1.0
G3_p0_w1_variable,G3_p3,20.0,G3,Agreement,0,0,0,0,0,0,,0.3055555555555556,0.31506849315068497,0.00951293759512939,1.0,1.0
G3_p0_w1_variable,G3_p4,-5.0,G3,Global,2,1,4,3,0,1,0.75,0.5006213788534088,0.8420080660751899,0.341386687221781,0.8936170212765957,1.0
G3_p0_w1_variable,G3_p4,-5.0,G3,Event,2,1,4,4,0,0,1.0,0.6069046826183027,0.9139138724632235,0.30700918984492087,0.8936170212765957,1.0
G3_p0_w1_variable,G3_p4,-5.0,G3,Combined,2,1,4,4,0,0,1.0,0.8178599037388179,0.9781246050887652,0.1602647013499473,0.8936170212765957,1.0
G3_p0_w1_variable,G3_p4,-5.0,G3,Agreement,2,1,4,2,0,2,0.5,0.7297297297297297,0.9375,0.20777027027027029,0.8936170212765957,1.0
G3_p0_w1_variable,G3_p4,0.0,G3,Global,0,0,0,0,0,0,,0.02506409954420118,0.10356687881585018,0.078502779271649,0.9545454545454546,1.0
G3_p0_w1_variable,G3_p4,0.0,G3,Event,0,0,0,0,0,0,,0.015892913619875493,0.3784242356243449,0.3625313220044694,0.9545454545454546,1.0
G3_p0_w1_variable,G3_p4,0.0,G3,Combined,0,0,0,0,0,0,,0.03267036443991992,0.4292449775918925,0.39657461315197257,0.9545454545454546,1.0
G3_p0_w1_variable,G3_p4,0.0,G3,Agreement,0,0,0,0,0,0,,0.7142857142857143,0.8823529411764706,0.16806722689075626,0.9545454545454546,1.0
G3_p0_w1_variable,G3_p4,10.0,G3,Global,0,0,0,0,0,0,,0.0002175224871986497,0.0006866192151874199,0.00046909672798877024,1.0,1.0
G3_p0_w1_variable,G3_p4,10.0,G3,Event,0,0,0,0,0,0,,0.0033072610948936317,0.010074396495644022,0.00676713540075039,1.0,1.0
G3_p0_w1_variable,G3_p4,10.0,G3,Combined,0,0,0,0,0,0,,0.00024884260277383897,0.0006724613425583118,0.0004236187397844728,1.0,1.0
G3_p0_w1_variable,G3_p4,10.0,G3,Agreement,0,0,0,0,0,0,,0.09090909090909094,0.22807017543859653,0.1371610845295056,1.0,1.0
G3_p0_w1_variable,G3_p4,20.0,G3,Global,0,0,0,0,0,0,,3.666422011534273e-05,6.327579864272722e-05,2.6611578527384493e-05,1.0,1.0
G3_p0_w1_variable,G3_p4,20.0,G3,Event,0,0,0,0,0,0,,0.0006236125792154206,0.0009247725423189615,0.0003011599631035409,1.0,1.0
G3_p0_w1_variable,G3_p4,20.0,G3,Combined,0,0,0,0,0,0,,1.0707557191041093e-05,1.851277124307865e-05,7.805214052037557e-06,1.0,1.0
G3_p0_w1_variable,G3_p4,20.0,G3,Agreement,0,0,0,0,0,0,,0.2753623188405797,0.323943661971831,0.04858134313125129,1.0,1.0
G3_p0_w2_regular,G3_p1,-5.0,G3,Global,4,0,0,0,0,0,,0.9363809219688437,0.9853770950053551,0.04899617303651138,0.6666666666666666,0.7659574468085106
G3_p0_w2_regular,G3_p1,-5.0,G3,Event,4,0,0,0,0,0,,0.981327262765972,0.9989409218594694,0.017613659093497325,0.6666666666666666,0.7659574468085106
G3_p0_w2_regular,G3_p1,-5.0,G3,Combined,4,0,0,0,0,0,,0.986689790002814,0.998912306589239,0.012222516586425036,0.6666666666666666,0.7659574468085106
G3_p0_w2_regular,G3_p1,-5.0,G3,Agreement,4,0,0,0,0,0,,0.625,0.7254901960784313,0.10049019607843135,0.6666666666666666,0.7659574468085106
G3_p0_w2_regular,G3_p1,0.0,G3,Global,4,0,0,0,0,0,,0.27697250748115093,0.6739532275494053,0.3969807200682544,0.8888888888888888,0.926829268292683
G3_p0_w2_regular,G3_p1,0.0,G3,Event,4,0,0,0,0,0,,0.4090261745596012,0.9233101560375532,0.514283981477952,0.8888888888888888,0.926829268292683
G3_p0_w2_regular,G3_p1,0.0,G3,Combined,4,0,0,0,0,0,,0.5740207047608485,0.9103462329837457,0.3363255282228972,0.8888888888888888,0.926829268292683
G3_p0_w2_regular,G3_p1,0.0,G3,Agreement,4,0,0,0,0,0,,0.2542372881355932,0.5185185185185186,0.2642812303829254,0.8888888888888888,0.926829268292683
G3_p0_w2_regular,G3_p1,10.0,G3,Global,0,0,0,0,0,0,,0.0007214925510244823,0.002290067073099854,0.0015685745220753717,0.975609756097561,1.0
G3_p0_w2_regular,G3_p1,10.0,G3,Event,0,0,0,0,0,0,,0.0013089619812681223,0.0032252303389201536,0.0019162683576520313,0.975609756097561,1.0
G3_p0_w2_regular,G3_p1,10.0,G3,Combined,0,0,0,0,0,0,,0.0001916708437480115,0.00038272030992501373,0.00019104946617700224,0.975609756097561,1.0
G3_p0_w2_regular,G3_p1,10.0,G3,Agreement,0,0,0,0,0,0,,0.28358208955223885,0.34285714285714286,0.05927505330490401,0.975609756097561,1.0
G3_p0_w2_regular,G3_p1,20.0,G3,Global,0,0,0,0,0,0,,0.00024389390378846436,0.0003671960016815219,0.00012330209789305756,1.0,1.0
G3_p0_w2_regular,G3_p1,20.0,G3,Event,0,0,0,0,0,0,,0.0005176653684645762,0.0005676891578497244,5.0023789385148236e-05,1.0,1.0
G3_p0_w2_regular,G3_p1,20.0,G3,Combined,0,0,0,0,0,0,,2.064275101107854e-05,2.819391508953343e-05,7.55116407845489e-06,1.0,1.0
G3_p0_w2_regular,G3_p1,20.0,G3,Agreement,0,0,0,0,0,0,,0.33333333333333337,0.33333333333333337,0.0,1.0,1.0
G3_p0_w2_regular,G3_p2,-5.0,G3,Global,0,0,0,0,0,0,,0.4123929081188808,0.5801880198414003,0.16779511172251954,1.0,1.0
G3_p0_w2_regular,G3_p2,-5.0,G3,Event,0,0,0,0,0,0,,0.005782131071763591,0.03896609310149854,0.03318396202973495,1.0,1.0
G3_p0_w2_regular,G3_p2,-5.0,G3,Combined,0,0,0,0,0,0,,0.36192071402188264,0.7428380864789338,0.38091737245705115,1.0,1.0
G3_p0_w2_regular,G3_p2,-5.0,G3,Agreement,0,0,0,0,0,0,,0.8518518518518519,1.0,0.14814814814814814,1.0,1.0
G3_p0_w2_regular,G3_p2,0.0,G3,Global,0,0,0,0,0,0,,0.04890535231200729,0.09220254754821255,0.04329719523620527,1.0,1.0
G3_p0_w2_regular,G3_p2,0.0,G3,Event,0,0,0,0,0,0,,0.0015238701201931608,0.010997863417286011,0.00947399329709285,1.0,1.0
G3_p0_w2_regular,G3_p2,0.0,G3,Combined,0,0,0,0,0,0,,0.04452721077993056,0.2045871441094619,0.16005993332953133,1.0,1.0
G3_p0_w2_regular,G3_p2,0.0,G3,Agreement,0,0,0,0,0,0,,0.6129032258064516,0.9310344827586207,0.31813125695216904,1.0,1.0
G3_p0_w2_regular,G3_p2,10.0,G3,Global,0,0,0,0,0,0,,0.002206249500476555,0.004446276739136933,0.002240027238660378,1.0,1.0
G3_p0_w2_regular,G3_p2,10.0,G3,Event,0,0,0,0,0,0,,0.0009229294885113233,0.0024087661476293416,0.0014858366591180183,1.0,1.0
G3_p0_w2_regular,G3_p2,10.0,G3,Combined,0,0,0,0,0,0,,0.0007758867521686284,0.0013948249446757801,0.0006189381925071517,1.0,1.0
G3_p0_w2_regular,G3_p2,10.0,G3,Agreement,0,0,0,0,0,0,,0.323943661971831,0.3802816901408451,0.05633802816901412,1.0,1.0
G3_p0_w2_regular,G3_p2,20.0,G3,Global,0,0,0,0,0,0,,0.0002872173311279526,0.000363842041641039,7.662471051308637e-05,1.0,1.0
G3_p0_w2_regular,G3_p2,20.0,G3,Event,0,0,0,0,0,0,,0.00048425737203269006,0.0005716570856741204,8.739971364143034e-05,1.0,1.0
G3_p0_w2_regular,G3_p2,20.0,G3,Combined,0,0,0,0,0,0,,2.6102722246820288e-05,3.5584450955057174e-05,9.481728708236886e-06,1.0,1.0
G3_p0_w2_regular,G3_p2,20.0,G3,Agreement,0,0,0,0,0,0,,0.33333333333333337,0.36111111111111116,0.02777777777777779,1.0,1.0
G3_p0_w2_regular,G3_p3,-5.0,G3,Global,0,0,0,0,0,0,,0.6816582483386096,0.7687312155307362,0.08707296719212665,0.95,1.0
G3_p0_w2_regular,G3_p3,-5.0,G3,Event,0,0,0,0,0,0,,0.05860625314625451,0.16875933454787667,0.11015308140162217,0.95,1.0
G3_p0_w2_regular,G3_p3,-5.0,G3,Combined,0,0,0,0,0,0,,0.6010211813618155,0.8325455490857232,0.23152436772390772,0.95,1.0
G3_p0_w2_regular,G3_p3,-5.0,G3,Agreement,0,0,0,0,0,0,,0.5348837209302326,0.7222222222222222,0.1873385012919896,0.95,1.0
G3_p0_w2_regular,G3_p3,0.0,G3,Global,0,0,0,0,0,0,,0.0402741287900727,0.056777756413993886,0.016503627623921185,1.0,1.0
G3_p0_w2_regular,G3_p3,0.0,G3,Event,0,0,0,0,0,0,,0.04520995812454573,0.07208452459494007,0.026874566470394337,1.0,1.0
G3_p0_w2_regular,G3_p3,0.0,G3,Combined,0,0,0,0,0,0,,0.21992741237685826,0.276571795293392,0.05664438291653373,1.0,1.0
G3_p0_w2_regular,G3_p3,0.0,G3,Agreement,0,0,0,0,0,0,,0.21568627450980393,0.33333333333333337,0.11764705882352944,1.0,1.0
G3_p0_w2_regular,G3_p3,10.0,G3,Global,0,0,0,0,0,0,,0.0012919087436254605,0.0015683658430089105,0.00027645709938344996,1.0,1.0
G3_p0_w2_regular,G3_p3,10.0,G3,Event,0,0,0,0,0,0,,0.0015707903395823326,0.003193008674052688,0.0016222183344703554,1.0,1.0
G3_p0_w2_regular,G3_p3,10.0,G3,Combined,0,0,0,0,0,0,,0.0004673451299475363,0.0009374819932818781,0.00047013686333434175,1.0,1.0
G3_p0_w2_regular,G3_p3,10.0,G3,Agreement,0,0,0,0,0,0,,0.30434782608695654,0.3802816901408451,0.07593386405388858,1.0,1.0
G3_p0_w2_regular,G3_p3,20.0,G3,Global,0,0,0,0,0,0,,0.0003100501449862462,0.0003384909069818367,2.8440761995590506e-05,1.0,1.0
G3_p0_w2_regular,G3_p3,20.0,G3,Event,0,0,0,0,0,0,,0.0005931608358133487,0.000678341921904676,8.518108609132736e-05,1.0,1.0
G3_p0_w2_regular,G3_p3,20.0,G3,Combined,0,0,0,0,0,0,,2.937383218878949e-05,3.5536945893487634e-05,6.163113704698145e-06,1.0,1.0
G3_p0_w2_regular,G3_p3,20.0,G3,Agreement,0,0,0,0,0,0,,0.33333333333333337,0.33333333333333337,0.0,1.0,1.0
G3_p0_w2_regular,G3_p4,-5.0,G3,Global,2,1,4,2,0,2,0.5,0.7835063868660789,0.9220157745203107,0.13850938765423182,0.9047619047619048,0.9523809523809523
G3_p0_w2_regular,G3_p4,-5.0,G3,Event,2,1,4,1,0,3,0.25,0.6421915530450513,0.8808210611268964,0.23862950808184513,0.9047619047619048,0.9523809523809523
G3_p0_w2_regular,G3_p4,-5.0,G3,Combined,2,1,4,2,0,2,0.5,0.8656430824217723,0.9746574630123575,0.1090143805905851,0.9047619047619048,0.9523809523809523
G3_p0_w2_regular,G3_p4,-5.0,G3,Agreement,2,1,4,2,0,2,0.5,0.8181818181818181,1.0,0.18181818181818188,0.9047619047619048,0.9523809523809523
G3_p0_w2_regular,G3_p4,0.0,G3,Global,0,0,0,0,0,0,,0.08551614336100487,0.2273704757992426,0.14185433243823775,0.975609756097561,1.0
G3_p0_w2_regular,G3_p4,0.0,G3,Event,0,0,0,0,0,0,,0.04226847958273511,0.2290403816757869,0.1867719020930518,0.975609756097561,1.0
G3_p0_w2_regular,G3_p4,0.0,G3,Combined,0,0,0,0,0,0,,0.08068410929536955,0.3331165350057782,0.25243242571040864,0.975609756097561,1.0
G3_p0_w2_regular,G3_p4,0.0,G3,Agreement,0,0,0,0,0,0,,0.7714285714285715,0.875,0.10357142857142854,0.975609756097561,1.0
G3_p0_w2_regular,G3_p4,10.0,G3,Global,0,0,0,0,0,0,,0.0011960314075773698,0.0019807279791188574,0.0007846965715414876,1.0,1.0
G3_p0_w2_regular,G3_p4,10.0,G3,Event,0,0,0,0,0,0,,0.0032004188987083512,0.018007760370015082,0.014807341471306731,1.0,1.0
G3_p0_w2_regular,G3_p4,10.0,G3,Combined,0,0,0,0,0,0,,0.0005192808488820429,0.0013677254803059864,0.0008484446314239435,1.0,1.0
G3_p0_w2_regular,G3_p4,10.0,G3,Agreement,0,0,0,0,0,0,,0.15384615384615385,0.25806451612903225,0.1042183622828784,1.0,1.0
G3_p0_w2_regular,G3_p4,20.0,G3,Global,0,0,0,0,0,0,,0.0002894556229172783,0.0003646666346538748,7.52110117365965e-05,1.0,1.0
G3_p0_w2_regular,G3_p4,20.0,G3,Event,0,0,0,0,0,0,,0.0005866383584477796,0.0008509585718704523,0.0002643202134226727,1.0,1.0
G3_p0_w2_regular,G3_p4,20.0,G3,Combined,0,0,0,0,0,0,,2.8320353677718975e-05,3.5427517928852765e-05,7.10716425113379e-06,1.0,1.0
G3_p0_w2_regular,G3_p4,20.0,G3,Agreement,0,0,0,0,0,0,,0.3142857142857143,0.352112676056338,0.037826961770623724,1.0,1.0
G3_p0_w2_variable,G3_p1,-5.0,G3,Global,4,0,0,0,0,0,,0.9261652145270213,0.9784629751167532,0.0522977605897319,0.6521739130434783,0.7555555555555555
G3_p0_w2_variable,G3_p1,-5.0,G3,Event,4,0,0,0,0,0,,0.9802860841741471,0.9984001237569664,0.01811403958281932,0.6521739130434783,0.7555555555555555
G3_p0_w2_variable,G3_p1,-5.0,G3,Combined,4,0,0,0,0,0,,0.9370363249086145,0.9948247450327025,0.057788420124087914,0.6521739130434783,0.7555555555555555
G3_p0_w2_variable,G3_p1,-5.0,G3,Agreement,4,0,0,0,0,0,,0.6326530612244898,0.75,0.11734693877551017,0.6521739130434783,0.7555555555555555
G3_p0_w2_variable,G3_p1,0.0,G3,Global,4,0,0,0,0,0,,0.29191507958161855,0.5768449626616091,0.28492988307999056,0.8837209302325582,0.9302325581395349
G3_p0_w2_variable,G3_p1,0.0,G3,Event,4,0,0,0,0,0,,0.5531517363818742,0.9091147234270444,0.35596298704517015,0.8837209302325582,0.9302325581395349
G3_p0_w2_variable,G3_p1,0.0,G3,Combined,4,0,0,0,0,0,,0.41581507523229766,0.9268739885798335,0.5110589133475358,0.8837209302325582,0.9302325581395349
G3_p0_w2_variable,G3_p1,0.0,G3,Agreement,4,0,0,0,0,0,,0.3220338983050848,0.4901960784313726,0.1681621801262878,0.8837209302325582,0.9302325581395349
G3_p0_w2_variable,G3_p1,10.0,G3,Global,0,0,0,0,0,0,,0.0007403476839410203,0.0016863927629392089,0.0009460450789981886,1.0,1.0
G3_p0_w2_variable,G3_p1,10.0,G3,Event,0,0,0,0,0,0,,0.0018000053181805062,0.002743487014056544,0.0009434816958760377,1.0,1.0
G3_p0_w2_variable,G3_p1,10.0,G3,Combined,0,0,0,0,0,0,,0.00024030868741792784,0.00033254570092291824,9.22370135049904e-05,1.0,1.0
G3_p0_w2_variable,G3_p1,10.0,G3,Agreement,0,0,0,0,0,0,,0.2857142857142857,0.33333333333333337,0.04761904761904767,1.0,1.0
G3_p0_w2_variable,G3_p1,20.0,G3,Global,0,0,0,0,0,0,,0.00024658536457038426,0.0003325676305126707,8.598226594228644e-05,1.0,1.0
G3_p0_w2_variable,G3_p1,20.0,G3,Event,0,0,0,0,0,0,,0.0005561913428747363,0.0006116012693363269,5.5409926461590575e-05,1.0,1.0
G3_p0_w2_variable,G3_p1,20.0,G3,Combined,0,0,0,0,0,0,,2.5433907989476706e-05,3.4785899052076655e-05,9.35199106259995e-06,1.0,1.0
G3_p0_w2_variable,G3_p1,20.0,G3,Agreement,0,0,0,0,0,0,,0.31506849315068497,0.32432432432432434,0.009255831173639373,1.0,1.0
G3_p0_w2_variable,G3_p2,-5.0,G3,Global,0,0,0,0,0,0,,0.49990019436564825,0.6377446053621453,0.13784441099649702,1.0,1.0
G3_p0_w2_variable,G3_p2,-5.0,G3,Event,0,0,0,0,0,0,,0.008575319707883436,0.030405667098734664,0.021830347390851226,1.0,1.0
G3_p0_w2_variable,G3_p2,-5.0,G3,Combined,0,0,0,0,0,0,,0.4597935299899832,0.6437526549484497,0.1839591249584665,1.0,1.0
G3_p0_w2_variable,G3_p2,-5.0,G3,Agreement,0,0,0,0,0,0,,0.9310344827586207,1.0,0.06896551724137934,1.0,1.0
G3_p0_w2_variable,G3_p2,0.0,G3,Global,0,0,0,0,0,0,,0.06397449968069183,0.10254109006254895,0.03856659038185713,1.0,1.0
G3_p0_w2_variable,G3_p2,0.0,G3,Event,0,0,0,0,0,0,,0.0028273619290098196,0.011531476516745957,0.008704114587736138,1.0,1.0
G3_p0_w2_variable,G3_p2,0.0,G3,Combined,0,0,0,0,0,0,,0.06560878179541296,0.17910966236721754,0.11350088057180457,1.0,1.0
G3_p0_w2_variable,G3_p2,0.0,G3,Agreement,0,0,0,0,0,0,,0.7575757575757576,0.8709677419354839,0.1133919843597263,1.0,1.0
G3_p0_w2_variable,G3_p2,10.0,G3,Global,0,0,0,0,0,0,,0.0019198058697447928,0.003057609700902157,0.001137803831157364,1.0,1.0
G3_p0_w2_variable,G3_p2,10.0,G3,Event,0,0,0,0,0,0,,0.0011021726080833103,0.0018690579070066982,0.0007668852989233879,1.0,1.0
G3_p0_w2_variable,G3_p2,10.0,G3,Combined,0,0,0,0,0,0,,0.0006487144409922861,0.0009564728796057659,0.00030775843861347984,1.0,1.0
G3_p0_w2_variable,G3_p2,10.0,G3,Agreement,0,0,0,0,0,0,,0.33333333333333337,0.36111111111111116,0.02777777777777779,1.0,1.0
G3_p0_w2_variable,G3_p2,20.0,G3,Global,0,0,0,0,0,0,,0.00028708317601891097,0.00033311997301679446,4.603679699788349e-05,1.0,1.0
G3_p0_w2_variable,G3_p2,20.0,G3,Event,0,0,0,0,0,0,,0.000496455912288571,0.0005536705875773758,5.7214675288804785e-05,1.0,1.0
G3_p0_w2_variable,G3_p2,20.0,G3,Combined,0,0,0,0,0,0,,3.065050406654326e-05,3.434697868208763e-05,3.6964746155443686e-06,1.0,1.0
G3_p0_w2_variable,G3_p2,20.0,G3,Agreement,0,0,0,0,0,0,,0.31506849315068497,0.3513513513513513,0.036282858200666346,1.0,1.0
G3_p0_w2_variable,G3_p3,-5.0,G3,Global,0,0,0,0,0,0,,0.6202551165640393,0.8190899441518846,0.19883482758784532,0.9767441860465116,1.0
G3_p0_w2_variable,G3_p3,-5.0,G3,Event,0,0,0,0,0,0,,0.01163772302593464,0.22611320404784654,0.2144754810219119,0.9767441860465116,1.0
G3_p0_w2_variable,G3_p3,-5.0,G3,Combined,0,0,0,0,0,0,,0.2010963903432357,0.8838122942972113,0.6827159039539756,0.9767441860465116,1.0
G3_p0_w2_variable,G3_p3,-5.0,G3,Agreement,0,0,0,0,0,0,,0.6923076923076923,1.0,0.3076923076923077,0.9767441860465116,1.0
G3_p0_w2_variable,G3_p3,0.0,G3,Global,0,0,0,0,0,0,,0.02486920937637549,0.07137856361972532,0.04650935424334983,1.0,1.0
G3_p0_w2_variable,G3_p3,0.0,G3,Event,0,0,0,0,0,0,,0.013856036871862178,0.07489094344524837,0.061034906573386186,1.0,1.0
G3_p0_w2_variable,G3_p3,0.0,G3,Combined,0,0,0,0,0,0,,0.06597249556378089,0.33704458343695104,0.27107208787317016,1.0,1.0
G3_p0_w2_variable,G3_p3,0.0,G3,Agreement,0,0,0,0,0,0,,0.21311475409836067,0.3571428571428571,0.14402810304449642,1.0,1.0
G3_p0_w2_variable,G3_p3,10.0,G3,Global,0,0,0,0,0,0,,0.0007897754481494194,0.0018359661626362496,0.0010461907144868302,1.0,1.0
G3_p0_w2_variable,G3_p3,10.0,G3,Event,0,0,0,0,0,0,,0.0008906641908585936,0.0021466355402572097,0.0012559713493986162,1.0,1.0
G3_p0_w2_variable,G3_p3,10.0,G3,Combined,0,0,0,0,0,0,,0.00025971834399040895,0.0007733730385443162,0.0005136546945539073,1.0,1.0
G3_p0_w2_variable,G3_p3,10.0,G3,Agreement,0,0,0,0,0,0,,0.31506849315068497,0.3513513513513513,0.036282858200666346,1.0,1.0
G3_p0_w2_variable,G3_p3,20.0,G3,Global,0,0,0,0,0,0,,0.00022647426651433174,0.0003206558194323812,9.418155291804947e-05,1.0,1.0
G3_p0_w2_variable,G3_p3,20.0,G3,Event,0,0,0,0,0,0,,0.0005185226638792499,0.0007664583991007288,0.000247935735221479,1.0,1.0
G3_p0_w2_variable,G3_p3,20.0,G3,Combined,0,0,0,0,0,0,,2.6574386247566174e-05,4.52978343186323e-05,1.8723448071066124e-05,1.0,1.0
G3_p0_w2_variable,G3_p3,20.0,G3,Agreement,0,0,0,0,0,0,,0.31506849315068497,0.32432432432432434,0.009255831173639373,1.0,1.0
G3_p0_w2_variable,G3_p4,-5.0,G3,Global,2,1,4,3,0,1,0.75,0.8070579667108022,0.9486224654471068,0.1415644987363046,0.8888888888888888,0.9767441860465116
G3_p0_w2_variable,G3_p4,-5.0,G3,Event,2,1,4,1,0,3,0.25,0.8015486091937742,0.9477734971793564,0.1462248879855822,0.8888888888888888,0.9767441860465116
G3_p0_w2_variable,G3_p4,-5.0,G3,Combined,2,1,4,2,0,2,0.5,0.9204060244257815,0.9678367122567259,0.047430687830944396,0.8888888888888888,0.9767441860465116
G3_p0_w2_variable,G3_p4,-5.0,G3,Agreement,2,1,4,2,2,0,0.75,0.8235294117647058,0.9411764705882353,0.11764705882352944,0.8888888888888888,0.9767441860465116
G3_p0_w2_variable,G3_p4,0.0,G3,Global,0,0,0,0,0,0,,0.0909276430895683,0.2841131638945861,0.19318552080501777,0.9767441860465116,1.0
G3_p0_w2_variable,G3_p4,0.0,G3,Event,0,0,0,0,0,0,,0.0466709635660836,0.20938733881013966,0.16271637524405605,0.9767441860465116,1.0
G3_p0_w2_variable,G3_p4,0.0,G3,Combined,0,0,0,0,0,0,,0.11413786586746331,0.27537879247457997,0.16124092660711664,0.9767441860465116,1.0
G3_p0_w2_variable,G3_p4,0.0,G3,Agreement,0,0,0,0,0,0,,0.8181818181818181,0.8823529411764706,0.06417112299465244,0.9767441860465116,1.0
G3_p0_w2_variable,G3_p4,10.0,G3,Global,0,0,0,0,0,0,,0.0011029209889479963,0.0018568768862322366,0.0007539558972842403,1.0,1.0
G3_p0_w2_variable,G3_p4,10.0,G3,Event,0,0,0,0,0,0,,0.0030268954419858567,0.0051709884662934635,0.002144093024307607,1.0,1.0
G3_p0_w2_variable,G3_p4,10.0,G3,Combined,0,0,0,0,0,0,,0.0004830808830126243,0.0009189483036035694,0.0004358674205909451,1.0,1.0
G3_p0_w2_variable,G3_p4,10.0,G3,Agreement,0,0,0,0,0,0,,0.18644067796610164,0.32307692307692304,0.1366362451108214,1.0,1.0
G3_p0_w2_variable,G3_p4,20.0,G3,Global,0,0,0,0,0,0,,0.00026168868818781353,0.0003109021764441434,4.921348825632989e-05,1.0,1.0
G3_p0_w2_variable,G3_p4,20.0,G3,Event,0,0,0,0,0,0,,0.000569571293887383,0.0008388449184357669,0.0002692736245483839,1.0,1.0
G3_p0_w2_variable,G3_p4,20.0,G3,Combined,0,0,0,0,0,0,,2.8158912925122397e-05,4.1414108745112206e-05,1.3255195819989809e-05,1.0,1.0
G3_p0_w2_variable,G3_p4,20.0,G3,Agreement,0,0,0,0,0,0,,0.3055555555555556,0.36986301369863017,0.06430745814307459,1.0,1.0
G3_p0_w3_regular,G3_p1,-5.0,G3,Global,4,0,0,0,0,0,,0.8920518743987956,0.9590287631823887,0.06697688878359309,0.6818181818181818,0.85
G3_p0_w3_regular,G3_p1,-5.0,G3,Event,4,0,0,0,0,0,,0.9900148544869088,0.9943592264090011,0.004344371922092249,0.6818181818181818,0.85
G3_p0_w3_regular,G3_p1,-5.0,G3,Combined,4,0,0,0,0,0,,0.965368628478575,0.9872168430792869,0.021848214600711957,0.6818181818181818,0.85
G3_p0_w3_regular,G3_p1,-5.0,G3,Agreement,4,0,0,0,0,0,,0.6170212765957447,0.7619047619047619,0.14488348530901718,0.6818181818181818,0.85
G3_p0_w3_regular,G3_p1,0.0,G3,Global,3,1,3,0,0,3,0.0,0.23092252367603536,0.2800923615721392,0.049169837896103824,0.9090909090909091,0.9523809523809523
G3_p0_w3_regular,G3_p1,0.0,G3,Event,3,1,3,3,0,0,1.0,0.3223400304912126,0.6248354401535445,0.3024954096623319,0.9090909090909091,0.9523809523809523
G3_p0_w3_regular,G3_p1,0.0,G3,Combined,3,1,3,3,0,0,1.0,0.31037823330895464,0.5820447285258205,0.2716664952168658,0.9090909090909091,0.9523809523809523
G3_p0_w3_regular,G3_p1,0.0,G3,Agreement,3,1,3,3,0,0,1.0,0.3571428571428571,0.46153846153846156,0.10439560439560447,0.9090909090909091,0.9523809523809523
G3_p0_w3_regular,G3_p1,10.0,G3,Global,0,0,0,0,0,0,,0.00019416388915700209,0.000301772561296236,0.00010760867213923392,1.0,1.0
G3_p0_w3_regular,G3_p1,10.0,G3,Event,0,0,0,0,0,0,,0.0013956382431606475,0.0025633403539936633,0.0011677021108330158,1.0,1.0
G3_p0_w3_regular,G3_p1,10.0,G3,Combined,0,0,0,0,0,0,,8.973264485072036e-05,0.00013536206200272588,4.562941715200552e-05,1.0,1.0
G3_p0_w3_regular,G3_p1,10.0,G3,Agreement,0,0,0,0,0,0,,0.2857142857142857,0.323943661971831,0.0382293762575453,1.0,1.0
G3_p0_w3_regular,G3_p1,20.0,G3,Global,0,0,0,0,0,0,,4.1947436783472655e-05,5.9372523350613524e-05,1.742508656714087e-05,1.0,1.0
G3_p0_w3_regular,G3_p1,20.0,G3,Event,0,0,0,0,0,0,,0.0005134292498886866,0.0005820650610838787,6.863581119519212e-05,1.0,1.0
G3_p0_w3_regular,G3_p1,20.0,G3,Combined,0,0,0,0,0,0,,8.899152953684199e-06,1.111520160715211e-05,2.216048653467911e-06,1.0,1.0
G3_p0_w3_regular,G3_p1,20.0,G3,Agreement,0,0,0,0,0,0,,0.31506849315068497,0.33333333333333337,0.0182648401826484,1.0,1.0
G3_p0_w3_regular,G3_p2,-5.0,G3,Global,0,0,0,0,0,0,,0.2762614516070102,0.45095189079167036,0.17469043918466015,1.0,1.0
G3_p0_w3_regular,G3_p2,-5.0,G3,Event,0,0,0,0,0,0,,0.011530217461041183,0.023988376316553404,0.01245815885551222,1.0,1.0
G3_p0_w3_regular,G3_p2,-5.0,G3,Combined,0,0,0,0,0,0,,0.28879315253074833,0.4975970059263353,0.208803853395587,1.0,1.0
G3_p0_w3_regular,G3_p2,-5.0,G3,Agreement,0,0,0,0,0,0,,0.9310344827586207,1.0,0.06896551724137934,1.0,1.0
G3_p0_w3_regular,G3_p2,0.0,G3,Global,0,0,0,0,0,0,,0.03169676640677761,0.050556233631242606,0.018859467224464993,1.0,1.0
G3_p0_w3_regular,G3_p2,0.0,G3,Event,0,0,0,0,0,0,,0.0021376560314412714,0.005419473712215451,0.0032818176807741795,1.0,1.0
G3_p0_w3_regular,G3_p2,0.0,G3,Combined,0,0,0,0,0,0,,0.03225304649675152,0.076858991706615,0.04460594520986348,1.0,1.0
G3_p0_w3_regular,G3_p2,0.0,G3,Agreement,0,0,0,0,0,0,,0.8666666666666667,1.0,0.1333333333333333,1.0,1.0
G3_p0_w3_regular,G3_p2,10.0,G3,Global,0,0,0,0,0,0,,0.0007612427942378558,0.001160077124736124,0.0003988343304982682,1.0,1.0
G3_p0_w3_regular,G3_p2,10.0,G3,Event,0,0,0,0,0,0,,0.0011586243344367708,0.0021868300127479133,0.0010282056783111424,1.0,1.0
G3_p0_w3_regular,G3_p2,10.0,G3,Combined,0,0,0,0,0,0,,0.00041285856099330926,0.0006795737873053453,0.00026671522631203606,1.0,1.0
G3_p0_w3_regular,G3_p2,10.0,G3,Agreement,0,0,0,0,0,0,,0.2753623188405797,0.33333333333333337,0.05797101449275366,1.0,1.0
G3_p0_w3_regular,G3_p2,20.0,G3,Global,0,0,0,0,0,0,,7.860577521840219e-05,9.108658225862356e-05,1.248080704022137e-05,1.0,1.0
G3_p0_w3_regular,G3_p2,20.0,G3,Event,0,0,0,0,0,0,,0.0004932175218481468,0.0005715425774594133,7.832505561126643e-05,1.0,1.0
G3_p0_w3_regular,G3_p2,20.0,G3,Combined,0,0,0,0,0,0,,1.3953772378931417e-05,1.7338484227038653e-05,3.384711848107236e-06,1.0,1.0
G3_p0_w3_regular,G3_p2,20.0,G3,Agreement,0,0,0,0,0,0,,0.33333333333333337,0.36,0.026666666666666616,1.0,1.0
G3_p0_w3_regular,G3_p3,-5.0,G3,Global,0,0,0,0,0,0,,0.5144763503870123,0.6297470482202808,0.11527069783326849,0.9767441860465116,1.0
G3_p0_w3_regular,G3_p3,-5.0,G3,Event,0,0,0,0,0,0,,0.02598549108448268,0.30862043299643294,0.28263494191195027,0.9767441860465116,1.0
G3_p0_w3_regular,G3_p3,-5.0,G3,Combined,0,0,0,0,0,0,,0.2734614567854784,0.8260439588850381,0.5525825020995597,0.9767441860465116,1.0
G3_p0_w3_regular,G3_p3,-5.0,G3,Agreement,0,0,0,0,0,0,,0.6,0.7837837837837838,0.1837837837837838,0.9767441860465116,1.0
G3_p0_w3_regular,G3_p3,0.0,G3,Global,0,0,0,0,0,0,,0.01555434637251067,0.024460656060254358,0.008906309687743688,1.0,1.0
G3_p0_w3_regular,G3_p3,0.0,G3,Event,0,0,0,0,0,0,,0.019820721391867177,0.040045989313577175,0.020225267921709998,1.0,1.0
G3_p0_w3_regular,G3_p3,0.0,G3,Combined,0,0,0,0,0,0,,0.05534379170166169,0.14468313865637775,0.08933934695471606,1.0,1.0
G3_p0_w3_regular,G3_p3,0.0,G3,Agreement,0,0,0,0,0,0,,0.21568627450980393,0.30612244897959184,0.09043617446978791,1.0,1.0
G3_p0_w3_regular,G3_p3,10.0,G3,Global,0,0,0,0,0,0,,0.0002806224688345589,0.0004055291056881915,0.0001249066368536326,1.0,1.0
G3_p0_w3_regular,G3_p3,10.0,G3,Event,0,0,0,0,0,0,,0.001413851971454087,0.002619555461060116,0.001205703489606029,1.0,1.0
G3_p0_w3_regular,G3_p3,10.0,G3,Combined,0,0,0,0,0,0,,0.0001884360348805965,0.00041531611152607163,0.00022688007664547512,1.0,1.0
G3_p0_w3_regular,G3_p3,10.0,G3,Agreement,0,0,0,0,0,0,,0.2753623188405797,0.3513513513513513,0.0759890325107716,1.0,1.0
G3_p0_w3_regular,G3_p3,20.0,G3,Global,0,0,0,0,0,0,,6.298226101633135e-05,7.572336822143389e-05,1.2741107205102535e-05,1.0,1.0
G3_p0_w3_regular,G3_p3,20.0,G3,Event,0,0,0,0,0,0,,0.0005704028594409826,0.0006044164456631956,3.401358622221297e-05,1.0,1.0
G3_p0_w3_regular,G3_p3,20.0,G3,Combined,0,0,0,0,0,0,,1.3594901701824331e-05,1.6384154873123506e-05,2.7892531712991748e-06,1.0,1.0
G3_p0_w3_regular,G3_p3,20.0,G3,Agreement,0,0,0,0,0,0,,0.31506849315068497,0.33333333333333337,0.0182648401826484,1.0,1.0
G3_p0_w3_regular,G3_p4,-5.0,G3,Global,3,1,3,0,0,3,0.0,0.7331822910351449,0.800471148199672,0.06728885716452715,0.9090909090909091,0.9545454545454546
G3_p0_w3_regular,G3_p4,-5.0,G3,Event,3,1,3,1,0,2,0.3333333333333333,0.83448287925658,0.9682450425821374,0.13376216332555735,0.9090909090909091,0.9545454545454546
G3_p0_w3_regular,G3_p4,-5.0,G3,Combined,3,1,3,1,0,2,0.3333333333333333,0.8593814278685967,0.9692498912687836,0.10986846340018686,0.9090909090909091,0.9545454545454546
G3_p0_w3_regular,G3_p4,-5.0,G3,Agreement,3,1,3,1,0,2,0.3333333333333333,0.8181818181818181,0.8823529411764706,0.06417112299465244,0.9090909090909091,0.9545454545454546
G3_p0_w3_regular,G3_p4,0.0,G3,Global,0,0,0,0,0,0,,0.04434447892974908,0.07213793364987146,0.02779345472012238,0.9767441860465116,1.0
G3_p0_w3_regular,G3_p4,0.0,G3,Event,0,0,0,0,0,0,,0.024299838114590855,0.3276783232977855,0.30337848518319466,0.9767441860465116,1.0
G3_p0_w3_regular,G3_p4,0.0,G3,Combined,0,0,0,0,0,0,,0.032457071385047866,0.20260459623983615,0.1701475248547883,0.9767441860465116,1.0
G3_p0_w3_regular,G3_p4,0.0,G3,Agreement,0,0,0,0,0,0,,0.7575757575757576,0.8787878787878788,0.12121212121212122,0.9767441860465116,1.0
G3_p0_w3_regular,G3_p4,10.0,G3,Global,0,0,0,0,0,0,,0.00029504314666941293,0.00043475885656476767,0.00013971570989535474,1.0,1.0
G3_p0_w3_regular,G3_p4,10.0,G3,Event,0,0,0,0,0,0,,0.0034139859622000037,0.009694312630895286,0.0062803266686952824,1.0,1.0
G3_p0_w3_regular,G3_p4,10.0,G3,Combined,0,0,0,0,0,0,,0.00022427622283977255,0.0005552520477937923,0.0003309758249540197,1.0,1.0
G3_p0_w3_regular,G3_p4,10.0,G3,Agreement,0,0,0,0,0,0,,0.1724137931034483,0.18518518518518523,0.012771392081736943,1.0,1.0
G3_p0_w3_regular,G3_p4,20.0,G3,Global,0,0,0,0,0,0,,5.836725899251457e-05,7.319288400294647e-05,1.4825625010431906e-05,1.0,1.0
G3_p0_w3_regular,G3_p4,20.0,G3,Event,0,0,0,0,0,0,,0.0005641830592865118,0.0008265627718868259,0.00026237971260031413,1.0,1.0
G3_p0_w3_regular,G3_p4,20.0,G3,Combined,0,0,0,0,0,0,,9.943965632403471e-06,1.4827684224367417e-05,4.883718591963945e-06,1.0,1.0
G3_p0_w3_regular,G3_p4,20.0,G3,Agreement,0,0,0,0,0,0,,0.31506849315068497,0.34246575342465757,0.0273972602739726,1.0,1.0
G3_p0_w3_variable,G3_p1,-5.0,G3,Global,4,0,0,0,0,0,,0.9080534987459313,0.9666191787264806,0.05856567998054929,0.7083333333333334,0.88
G3_p0_w3_variable,G3_p1,-5.0,G3,Event,4,0,0,0,0,0,,0.9893026684643542,0.9981787239838034,0.008876055519449144,0.7083333333333334,0.88
G3_p0_w3_variable,G3_p1,-5.0,G3,Combined,4,0,0,0,0,0,,0.9866518076982451,0.9921547904472805,0.005502982749035379,0.7083333333333334,0.88
G3_p0_w3_variable,G3_p1,-5.0,G3,Agreement,4,0,0,0,0,0,,0.5925925925925926,0.7959183673469388,0.2033257747543462,0.7083333333333334,0.88
G3_p0_w3_variable,G3_p1,0.0,G3,Global,3,1,3,2,0,1,0.6666666666666666,0.23229311277826992,0.29232174084295115,0.06002862806468123,0.9130434782608695,0.9565217391304348
G3_p0_w3_variable,G3_p1,0.0,G3,Event,3,1,3,2,0,1,0.6666666666666666,0.33493964268463083,0.853497573950391,0.5185579312657602,0.9130434782608695,0.9565217391304348
G3_p0_w3_variable,G3_p1,0.0,G3,Combined,3,1,3,2,0,1,0.6666666666666666,0.38875879320924817,0.7258279619607793,0.3370691687515311,0.9130434782608695,0.9565217391304348
G3_p0_w3_variable,G3_p1,0.0,G3,Agreement,3,1,3,2,0,1,0.6666666666666666,0.4035087719298246,0.6862745098039216,0.282765737874097,0.9130434782608695,0.9565217391304348
G3_p0_w3_variable,G3_p1,10.0,G3,Global,0,0,0,0,0,0,,0.00023359313372411326,0.00037767643268591175,0.0001440832989617985,1.0,1.0
G3_p0_w3_variable,G3_p1,10.0,G3,Event,0,0,0,0,0,0,,0.0016146667270947514,0.0034623206669962053,0.0018476539399014539,1.0,1.0
G3_p0_w3_variable,G3_p1,10.0,G3,Combined,0,0,0,0,0,0,,0.00010700290650341945,0.00022401023562993087,0.00011700732912651142,1.0,1.0
G3_p0_w3_variable,G3_p1,10.0,G3,Agreement,0,0,0,0,0,0,,0.17460317460317465,0.25373134328358204,0.0791281686804074,1.0,1.0
G3_p0_w3_variable,G3_p1,20.0,G3,Global,0,0,0,0,0,0,,4.097598353080775e-05,5.059804177561759e-05,9.622058244809844e-06,1.0,1.0
G3_p0_w3_variable,G3_p1,20.0,G3,Event,0,0,0,0,0,0,,0.0005776503076303174,0.0005960123842432256,1.836207661290825e-05,1.0,1.0
G3_p0_w3_variable,G3_p1,20.0,G3,Combined,0,0,0,0,0,0,,1.0326397752447455e-05,1.2090909810908516e-05,1.7645120584610613e-06,1.0,1.0
G3_p0_w3_variable,G3_p1,20.0,G3,Agreement,0,0,0,0,0,0,,0.30666666666666664,0.3157894736842105,0.009122807017543866,1.0,1.0
G3_p0_w3_variable,G3_p2,-5.0,G3,Global,0,0,0,0,0,0,,0.37554171542798326,0.6329213627453425,0.25737964731735924,1.0,1.0
G3_p0_w3_variable,G3_p2,-5.0,G3,Event,0,0,0,0,0,0,,0.012500255790274601,0.02673699255922461,0.014236736768950008,1.0,1.0
G3_p0_w3_variable,G3_p2,-5.0,G3,Combined,0,0,0,0,0,0,,0.28623090747645297,0.5558971605246066,0.2696662530481536,1.0,1.0
G3_p0_w3_variable,G3_p2,-5.0,G3,Agreement,0,0,0,0,0,0,,0.9333333333333333,1.0,0.06666666666666665,1.0,1.0
G3_p0_w3_variable,G3_p2,0.0,G3,Global,0,0,0,0,0,0,,0.031224652667598815,0.08077941909148081,0.049554766423882,1.0,1.0
G3_p0_w3_variable,G3_p2,0.0,G3,Event,0,0,0,0,0,0,,0.0034548631259765173,0.005864783022752809,0.002409919896776292,1.0,1.0
G3_p0_w3_variable,G3_p2,0.0,G3,Combined,0,0,0,0,0,0,,0.034374373733233085,0.09635743782084448,0.061983064087611395,1.0,1.0
G3_p0_w3_variable,G3_p2,0.0,G3,Agreement,0,0,0,0,0,0,,0.9333333333333333,0.935483870967742,0.0021505376344086446,1.0,1.0
G3_p0_w3_variable,G3_p2,10.0,G3,Global,0,0,0,0,0,0,,0.0005491572893310577,0.000692268497502017,0.00014311120817095933,1.0,1.0
G3_p0_w3_variable,G3_p2,10.0,G3,Event,0,0,0,0,0,0,,0.0015635006499291587,0.0025371437646640967,0.0009736431147349381,1.0,1.0
G3_p0_w3_variable,G3_p2,10.0,G3,Combined,0,0,0,0,0,0,,0.00045323246257592654,0.000756646326016496,0.0003034138634405694,1.0,1.0
G3_p0_w3_variable,G3_p2,10.0,G3,Agreement,0,0,0,0,0,0,,0.1428571428571429,0.34246575342465757,0.19960861056751467,1.0,1.0
G3_p0_w3_variable,G3_p2,20.0,G3,Global,0,0,0,0,0,0,,4.535549778979237e-05,5.5453292013226126e-05,1.0097794223433753e-05,1.0,1.0
G3_p0_w3_variable,G3_p2,20.0,G3,Event,0,0,0,0,0,0,,0.0005726454793152424,0.0006096138773434432,3.696839802820075e-05,1.0,1.0
G3_p0_w3_variable,G3_p2,20.0,G3,Combined,0,0,0,0,0,0,,1.2370924981250789e-05,1.5270190611828924e-05,2.899265630578135e-06,1.0,1.0
G3_p0_w3_variable,G3_p2,20.0,G3,Agreement,0,0,0,0,0,0,,0.29729729729729726,0.3157894736842105,0.01849217638691325,1.0,1.0
G3_p0_w3_variable,G3_p3,-5.0,G3,Global,0,0,0,0,0,0,,0.5701502842097995,0.6877013417847722,0.11755105757497264,1.0,1.0
G3_p0_w3_variable,G3_p3,-5.0,G3,Event,0,0,0,0,0,0,,0.029427147745922845,0.1966942381431923,0.16726709039726947,1.0,1.0
G3_p0_w3_variable,G3_p3,-5.0,G3,Combined,0,0,0,0,0,0,,0.28515274537769425,0.7009761835926315,0.4158234382149372,1.0,1.0
G3_p0_w3_variable,G3_p3,-5.0,G3,Agreement,0,0,0,0,0,0,,0.6842105263157895,0.8461538461538461,0.16194331983805665,1.0,1.0
G3_p0_w3_variable,G3_p3,0.0,G3,Global,0,0,0,0,0,0,,0.015565446870588735,0.030342548550008366,0.01477710167941963,1.0,1.0
G3_p0_w3_variable,G3_p3,0.0,G3,Event,0,0,0,0,0,0,,0.01292776737020633,0.14817766400862942,0.13524989663842307,1.0,1.0
G3_p0_w3_variable,G3_p3,0.0,G3,Combined,0,0,0,0,0,0,,0.03649123607920139,0.29846623712306747,0.26197500104386606,1.0,1.0
G3_p0_w3_variable,G3_p3,0.0,G3,Agreement,0,0,0,0,0,0,,0.23636363636363633,0.3076923076923077,0.07132867132867138,1.0,1.0
G3_p0_w3_variable,G3_p3,10.0,G3,Global,0,0,0,0,0,0,,0.0002486918656725154,0.00045843576769465647,0.0002097439020221411,1.0,1.0
G3_p0_w3_variable,G3_p3,10.0,G3,Event,0,0,0,0,0,0,,0.0012585405071335455,0.006707070587169328,0.005448530080035782,1.0,1.0
G3_p0_w3_variable,G3_p3,10.0,G3,Combined,0,0,0,0,0,0,,0.00015142883793764692,0.0007467726432296196,0.0005953438052919727,1.0,1.0
G3_p0_w3_variable,G3_p3,10.0,G3,Agreement,0,0,0,0,0,0,,0.2571428571428571,0.33333333333333337,0.07619047619047625,1.0,1.0
G3_p0_w3_variable,G3_p3,20.0,G3,Global,0,0,0,0,0,0,,4.132120819106573e-05,5.251261462450164e-05,1.1191406433435906e-05,1.0,1.0
G3_p0_w3_variable,G3_p3,20.0,G3,Event,0,0,0,0,0,0,,0.0005692475364049951,0.0007265340949368485,0.00015728655853185333,1.0,1.0
G3_p0_w3_variable,G3_p3,20.0,G3,Combined,0,0,0,0,0,0,,1.1054674570568918e-05,1.551130203836357e-05,4.456627467794651e-06,1.0,1.0
G3_p0_w3_variable,G3_p3,20.0,G3,Agreement,0,0,0,0,0,0,,0.29729729729729726,0.30666666666666664,0.009369369369369385,1.0,1.0
G3_p0_w3_variable,G3_p4,-5.0,G3,Global,4,0,0,0,0,0,,0.7865184969526476,0.9206549165097945,0.13413641955714684,0.8888888888888888,0.9361702127659575
G3_p0_w3_variable,G3_p4,-5.0,G3,Event,4,0,0,0,0,0,,0.810468632178759,0.9456754368901562,0.13520680471139723,0.8888888888888888,0.9361702127659575
G3_p0_w3_variable,G3_p4,-5.0,G3,Combined,4,0,0,0,0,0,,0.9097000175070582,0.9847157043537603,0.07501568684670212,0.8888888888888888,0.9361702127659575
G3_p0_w3_variable,G3_p4,-5.0,G3,Agreement,4,0,0,0,0,0,,0.7837837837837838,0.8918918918918919,0.10810810810810811,0.8888888888888888,0.9361702127659575
G3_p0_w3_variable,G3_p4,0.0,G3,Global,0,0,0,0,0,0,,0.0441116586584124,0.19076302795035205,0.14665136929193964,0.9777777777777777,1.0
G3_p0_w3_variable,G3_p4,0.0,G3,Event,0,0,0,0,0,0,,0.0291623937901227,0.4210467349012966,0.39188434111117393,0.9777777777777777,1.0
G3_p0_w3_variable,G3_p4,0.0,G3,Combined,0,0,0,0,0,0,,0.042836303304008554,0.5184291664812959,0.47559286317728733,0.9777777777777777,1.0
G3_p0_w3_variable,G3_p4,0.0,G3,Agreement,0,0,0,0,0,0,,0.7142857142857143,0.8333333333333334,0.11904761904761907,0.9777777777777777,1.0
G3_p0_w3_variable,G3_p4,10.0,G3,Global,0,0,0,0,0,0,,0.00023575130266671455,0.000641995149718878,0.00040624384705216347,1.0,1.0
G3_p0_w3_variable,G3_p4,10.0,G3,Event,0,0,0,0,0,0,,0.003508011296985417,0.004865248163773052,0.0013572368667876355,1.0,1.0
G3_p0_w3_variable,G3_p4,10.0,G3,Combined,0,0,0,0,0,0,,0.00023830240750279157,0.0005381390056155136,0.000299836598112722,1.0,1.0
G3_p0_w3_variable,G3_p4,10.0,G3,Agreement,0,0,0,0,0,0,,0.0714285714285714,0.22033898305084743,0.14891041162227603,1.0,1.0
G3_p0_w3_variable,G3_p4,20.0,G3,Global,0,0,0,0,0,0,,4.316432828009122e-05,6.0978642072753524e-05,1.78143137926623e-05,1.0,1.0
G3_p0_w3_variable,G3_p4,20.0,G3,Event,0,0,0,0,0,0,,0.0006425910007601132,0.0007241498207492726,8.155881998915938e-05,1.0,1.0
G3_p0_w3_variable,G3_p4,20.0,G3,Combined,0,0,0,0,0,0,,1.1698265473647663e-05,1.7549658702127176e-05,5.851393228479513e-06,1.0,1.0
G3_p0_w3_variable,G3_p4,20.0,G3,Agreement,0,0,0,0,0,0,,0.2777777777777778,0.28767123287671237,0.009893455098934578,1.0,1.0
G3_p5_w0_regular,G3_p1,-5.0,G3,Global,4,0,0,0,0,0,,0.6741503028363364,0.9690741226446277,0.2949238198082913,0.6818181818181818,0.8260869565217391
G3_p5_w0_regular,G3_p1,-5.0,G3,Event,4,0,0,0,0,0,,0.9956865268851798,0.9994711981501613,0.0037846712649814984,0.6818181818181818,0.8260869565217391
G3_p5_w0_regular,G3_p1,-5.0,G3,Combined,4,0,0,0,0,0,,0.9924523310624371,0.9990127949312357,0.006560463868798605,0.6818181818181818,0.8260869565217391
G3_p5_w0_regular,G3_p1,-5.0,G3,Agreement,4,0,0,0,0,0,,0.6,0.6734693877551021,0.07346938775510214,0.6818181818181818,0.8260869565217391
G3_p5_w0_regular,G3_p1,0.0,G3,Global,3,1,3,3,0,0,1.0,0.0811055185924576,0.35319792180042603,0.27209240320796846,0.8837209302325582,0.9767441860465116
G3_p5_w0_regular,G3_p1,0.0,G3,Event,3,1,3,1,0,2,0.3333333333333333,0.3722445542112113,0.972847356520524,0.6006028023093127,0.8837209302325582,0.9767441860465116
G3_p5_w0_regular,G3_p1,0.0,G3,Combined,3,1,3,2,0,1,0.6666666666666666,0.5094686829237048,0.9832618975384362,0.47379321461473134,0.8837209302325582,0.9767441860465116
G3_p5_w0_regular,G3_p1,0.0,G3,Agreement,3,1,3,2,0,1,0.6666666666666666,0.12903225806451613,0.37037037037037035,0.24133811230585422,0.8837209302325582,0.9767441860465116
G3_p5_w0_regular,G3_p1,10.0,G3,Global,0,0,0,0,0,0,,0.00011480528656733941,0.0002333919201843979,0.00011858663361705849,0.9767441860465116,1.0
G3_p5_w0_regular,G3_p1,10.0,G3,Event,0,0,0,0,0,0,,0.003527051020027504,0.00451890806685523,0.0009918570468277258,0.9767441860465116,1.0
G3_p5_w0_regular,G3_p1,10.0,G3,Combined,0,0,0,0,0,0,,0.00027131512995413475,0.0004739676409669955,0.00020265251101286077,0.9767441860465116,1.0
G3_p5_w0_regular,G3_p1,10.0,G3,Agreement,0,0,0,0,0,0,,0.038461538461538436,0.09090909090909094,0.0524475524475525,0.9767441860465116,1.0
G3_p5_w0_regular,G3_p1,20.0,G3,Global,0,0,0,0,0,0,,2.905100642741176e-05,3.716646082136057e-05,8.115454393948811e-06,1.0,1.0
G3_p5_w0_regular,G3_p1,20.0,G3,Event,0,0,0,0,0,0,,0.0013185017394750048,0.0014082967170144479,8.979497753944308e-05,1.0,1.0
G3_p5_w0_regular,G3_p1,20.0,G3,Combined,0,0,0,0,0,0,,3.944435082906963e-05,4.712675356834588e-05,7.682402739276253e-06,1.0,1.0
G3_p5_w0_regular,G3_p1,20.0,G3,Agreement,0,0,0,0,0,0,,0.0,0.019607843137254943,0.019607843137254943,1.0,1.0
G3_p5_w0_regular,G3_p2,-5.0,G3,Global,0,0,0,0,0,0,,0.11203103972218993,0.2903187787459978,0.1782877390238079,1.0,1.0
G3_p5_w0_regular,G3_p2,-5.0,G3,Event,0,0,0,0,0,0,,0.013621950506095383,0.021723553607499814,0.00810160310140443,1.0,1.0
G3_p5_w0_regular,G3_p2,-5.0,G3,Combined,0,0,0,0,0,0,,0.2821961403494663,0.42097636872471883,0.13878022837525256,1.0,1.0
G3_p5_w0_regular,G3_p2,-5.0,G3,Agreement,0,0,0,0,0,0,,0.9310344827586207,1.0,0.06896551724137934,1.0,1.0
G3_p5_w0_regular,G3_p2,0.0,G3,Global,0,0,0,0,0,0,,0.011744518657644294,0.031153814581215813,0.019409295923571518,1.0,1.0
G3_p5_w0_regular,G3_p2,0.0,G3,Event,0,0,0,0,0,0,,0.008250743851379312,0.04965258301133253,0.04140183915995322,1.0,1.0
G3_p5_w0_regular,G3_p2,0.0,G3,Combined,0,0,0,0,0,0,,0.09314428240369439,0.3504388350618156,0.25729455265812123,1.0,1.0
G3_p5_w0_regular,G3_p2,0.0,G3,Agreement,0,0,0,0,0,0,,0.0980392156862745,0.696969696969697,0.5989304812834225,1.0,1.0
G3_p5_w0_regular,G3_p2,10.0,G3,Global,0,0,0,0,0,0,,0.00037539221900330204,0.0007491152760374605,0.0003737230570341585,1.0,1.0
G3_p5_w0_regular,G3_p2,10.0,G3,Event,0,0,0,0,0,0,,0.0023930341744351916,0.005932216386911577,0.0035391822124763855,1.0,1.0
G3_p5_w0_regular,G3_p2,10.0,G3,Combined,0,0,0,0,0,0,,0.001699125960763026,0.002045377259800353,0.0003462512990373269,1.0,1.0
G3_p5_w0_regular,G3_p2,10.0,G3,Agreement,0,0,0,0,0,0,,0.038461538461538436,0.05882352941176472,0.020361990950226283,1.0,1.0
G3_p5_w0_regular,G3_p2,20.0,G3,Global,0,0,0,0,0,0,,3.934269937995095e-05,5.0168049561953945e-05,1.0825350182002996e-05,1.0,1.0
G3_p5_w0_regular,G3_p2,20.0,G3,Event,0,0,0,0,0,0,,0.0012240390361686088,0.0013762089548167895,0.0001521699186481807,1.0,1.0
G3_p5_w0_regular,G3_p2,20.0,G3,Combined,0,0,0,0,0,0,,5.3994636310430174e-05,6.457396707487791e-05,1.0579330764447734e-05,1.0,1.0
G3_p5_w0_regular,G3_p2,20.0,G3,Agreement,0,0,0,0,0,0,,0.0,0.019607843137254943,0.019607843137254943,1.0,1.0
G3_p5_w0_regular,G3_p3,-5.0,G3,Global,0,0,0,0,0,0,,0.27053871788866984,0.4582624107820647,0.18772369289339486,0.9767441860465116,1.0
G3_p5_w0_regular,G3_p3,-5.0,G3,Event,0,0,0,0,0,0,,0.03021641142537929,0.1749346053269679,0.1447181939015886,0.9767441860465116,1.0
G3_p5_w0_regular,G3_p3,-5.0,G3,Combined,0,0,0,0,0,0,,0.23981767905835227,0.6202419011115902,0.3804242220532379,0.9767441860465116,1.0
G3_p5_w0_regular,G3_p3,-5.0,G3,Agreement,0,0,0,0,0,0,,0.5384615384615384,0.7837837837837838,0.24532224532224534,0.9767441860465116,1.0
G3_p5_w0_regular,G3_p3,0.0,G3,Global,0,0,0,0,0,0,,0.006310677975195412,0.012417851352331156,0.006107173377135744,1.0,1.0
G3_p5_w0_regular,G3_p3,0.0,G3,Event,0,0,0,0,0,0,,0.02118988740428075,0.06502021788811553,0.04383033048383478,1.0,1.0
G3_p5_w0_regular,G3_p3,0.0,G3,Combined,0,0,0,0,0,0,,0.04614102264609935,0.16943952090305253,0.12329849825695319,1.0,1.0
G3_p5_w0_regular,G3_p3,0.0,G3,Agreement,0,0,0,0,0,0,,0.11111111111111116,0.2075471698113207,0.09643605870020955,1.0,1.0
G3_p5_w0_regular,G3_p3,10.0,G3,Global,0,0,0,0,0,0,,0.0001629854325851378,0.00024049676683177837,7.751133424664056e-05,1.0,1.0
G3_p5_w0_regular,G3_p3,10.0,G3,Event,0,0,0,0,0,0,,0.0025847775686273595,0.0027656700301208637,0.0001808924614935042,1.0,1.0
G3_p5_w0_regular,G3_p3,10.0,G3,Combined,0,0,0,0,0,0,,0.00043056399788847326,0.0006947396255829931,0.0002641756276945198,1.0,1.0
G3_p5_w0_regular,G3_p3,10.0,G3,Agreement,0,0,0,0,0,0,,0.019607843137254943,0.05882352941176472,0.039215686274509776,1.0,1.0
G3_p5_w0_regular,G3_p3,20.0,G3,Global,0,0,0,0,0,0,,3.277998698413501e-05,4.2368623950532834e-05,9.588636966397823e-06,1.0,1.0
G3_p5_w0_regular,G3_p3,20.0,G3,Event,0,0,0,0,0,0,,0.0012576978270545586,0.0014523142093625016,0.000194616382307943,1.0,1.0
G3_p5_w0_regular,G3_p3,20.0,G3,Combined,0,0,0,0,0,0,,4.494795826454179e-05,5.2515014932707605e-05,7.567056668165817e-06,1.0,1.0
G3_p5_w0_regular,G3_p3,20.0,G3,Agreement,0,0,0,0,0,0,,0.0,0.019607843137254943,0.019607843137254943,1.0,1.0
G3_p5_w0_regular,G3_p4,-5.0,G3,Global,1,1,3,2,0,1,0.6666666666666666,0.7603757333837362,0.8186426007634062,0.05826686737967002,0.9090909090909091,0.9545454545454546
G3_p5_w0_regular,G3_p4,-5.0,G3,Event,1,1,3,1,0,2,0.3333333333333333,0.5225991755239537,0.8437201423852362,0.32112096686128244,0.9090909090909091,0.9545454545454546
G3_p5_w0_regular,G3_p4,-5.0,G3,Combined,1,1,3,1,0,2,0.3333333333333333,0.9226610647103547,0.9541990858978905,0.03153802118753579,0.9090909090909091,0.9545454545454546
G3_p5_w0_regular,G3_p4,-5.0,G3,Agreement,1,1,3,2,0,1,0.6666666666666666,0.8235294117647058,0.8823529411764706,0.05882352941176472,0.9090909090909091,0.9545454545454546
G3_p5_w0_regular,G3_p4,0.0,G3,Global,0,0,0,0,0,0,,0.03772006358793079,0.06465222065013516,0.026932157062204372,0.9767441860465116,1.0
G3_p5_w0_regular,G3_p4,0.0,G3,Event,0,0,0,0,0,0,,0.018474752670757065,0.07074336277892956,0.0522686101081725,0.9767441860465116,1.0
G3_p5_w0_regular,G3_p4,0.0,G3,Combined,0,0,0,0,0,0,,0.07407779663383388,0.10880902844065447,0.0347312318068206,0.9767441860465116,1.0
G3_p5_w0_regular,G3_p4,0.0,G3,Agreement,0,0,0,0,0,0,,0.6923076923076923,0.9411764705882353,0.248868778280543,0.9767441860465116,1.0
G3_p5_w0_regular,G3_p4,10.0,G3,Global,0,0,0,0,0,0,,0.00024306506734446656,0.0003899119434471407,0.00014684687610267417,1.0,1.0
G3_p5_w0_regular,G3_p4,10.0,G3,Event,0,0,0,0,0,0,,0.0023124542028541023,0.005100089943500204,0.0027876357406461014,1.0,1.0
G3_p5_w0_regular,G3_p4,10.0,G3,Combined,0,0,0,0,0,0,,0.0005550416278219253,0.0006441539513462509,8.911232352432552e-05,1.0,1.0
G3_p5_w0_regular,G3_p4,10.0,G3,Agreement,0,0,0,0,0,0,,0.0980392156862745,0.1636363636363637,0.0655971479500892,1.0,1.0
G3_p5_w0_regular,G3_p4,20.0,G3,Global,0,0,0,0,0,0,,3.175604417541581e-05,3.608226504025419e-05,4.32622086483838e-06,1.0,1.0
G3_p5_w0_regular,G3_p4,20.0,G3,Event,0,0,0,0,0,0,,0.0014095581689151737,0.0015057689018284862,9.621073291331251e-05,1.0,1.0
G3_p5_w0_regular,G3_p4,20.0,G3,Combined,0,0,0,0,0,0,,4.0214431359143844e-05,4.5374463867071866e-05,5.160032507928022e-06,1.0,1.0
G3_p5_w0_regular,G3_p4,20.0,G3,Agreement,0,0,0,0,0,0,,0.019607843137254943,0.040000000000000036,0.020392156862745092,1.0,1.0
G3_p5_w0_variable,G3_p1,-5.0,G3,Global,4,0,0,0,0,0,,0.9272190198482726,0.9565525745039983,0.029333554655725735,0.7555555555555555,0.8181818181818182
G3_p5_w0_variable,G3_p1,-5.0,G3,Event,4,0,0,0,0,0,,0.9807501826641887,0.9988120704608663,0.01806188779667761,0.7555555555555555,0.8181818181818182
G3_p5_w0_variable,G3_p1,-5.0,G3,Combined,4,0,0,0,0,0,,0.9853600474467901,0.9972428285473645,0.011882781100574391,0.7555555555555555,0.8181818181818182
G3_p5_w0_variable,G3_p1,-5.0,G3,Agreement,4,0,0,0,0,0,,0.6,0.8333333333333334,0.2333333333333334,0.7555555555555555,0.8181818181818182
G3_p5_w0_variable,G3_p1,0.0,G3,Global,3,1,3,2,0,1,0.6666666666666666,0.21774881698430823,0.43136446085127716,0.21361564386696894,0.8837209302325582,0.9767441860465116
G3_p5_w0_variable,G3_p1,0.0,G3,Event,3,1,3,2,0,1,0.6666666666666666,0.8573990207401926,0.952534606300269,0.0951355855600764,0.8837209302325582,0.9767441860465116
G3_p5_w0_variable,G3_p1,0.0,G3,Combined,3,1,3,3,0,0,1.0,0.8669007181511499,0.9633379466550316,0.0964372285038817,0.8837209302325582,0.9767441860465116
G3_p5_w0_variable,G3_p1,0.0,G3,Agreement,3,1,3,3,0,0,1.0,0.3207547169811321,0.3793103448275862,0.05855562784645407,0.8837209302325582,0.9767441860465116
G3_p5_w0_variable,G3_p1,10.0,G3,Global,0,0,0,0,0,0,,0.00011202211843540651,0.00022660464573040682,0.00011458252729500031,1.0,1.0
G3_p5_w0_variable,G3_p1,10.0,G3,Event,0,0,0,0,0,0,,0.002927803629298182,0.00521410565036975,0.0022863020210715686,1.0,1.0
G3_p5_w0_variable,G3_p1,10.0,G3,Combined,0,0,0,0,0,0,,0.0002726742777991812,0.0005669671670860191,0.0002942928892868379,1.0,1.0
G3_p5_w0_variable,G3_p1,10.0,G3,Agreement,0,0,0,0,0,0,,0.05660377358490565,0.09433962264150941,0.037735849056603765,1.0,1.0
G3_p5_w0_variable,G3_p1,20.0,G3,Global,0,0,0,0,0,0,,2.2363592949732038e-05,3.3388363664927686e-05,1.1024770715195648e-05,1.0,1.0
G3_p5_w0_variable,G3_p1,20.0,G3,Event,0,0,0,0,0,0,,0.0013596174232916377,0.0014203652114909066,6.0747788199268975e-05,1.0,1.0
G3_p5_w0_variable,G3_p1,20.0,G3,Combined,0,0,0,0,0,0,,3.7469020903015053e-05,5.2817903068372116e-05,1.5348882165357063e-05,1.0,1.0
G3_p5_w0_variable,G3_p1,20.0,G3,Agreement,0,0,0,0,0,0,,0.0,0.0,0.0,1.0,1.0
G3_p5_w0_variable,G3_p2,-5.0,G3,Global,0,0,0,0,0,0,,0.14909872196954965,0.27267775474729317,0.12357903277774351,1.0,1.0
G3_p5_w0_variable,G3_p2,-5.0,G3,Event,0,0,0,0,0,0,,0.01172812894360251,0.029757500222258013,0.018029371278655504,1.0,1.0
G3_p5_w0_variable,G3_p2,-5.0,G3,Combined,0,0,0,0,0,0,,0.3561428716508843,0.46315933279955757,0.10701646114867325,1.0,1.0
G3_p5_w0_variable,G3_p2,-5.0,G3,Agreement,0,0,0,0,0,0,,0.8620689655172413,1.0,0.13793103448275867,1.0,1.0
G3_p5_w0_variable,G3_p2,0.0,G3,Global,0,0,0,0,0,0,,0.015024932613662174,0.032089454093404204,0.01706452147974203,1.0,1.0
G3_p5_w0_variable,G3_p2,0.0,G3,Event,0,0,0,0,0,0,,0.027609525166056373,0.04031572967581356,0.012706204509757187,1.0,1.0
G3_p5_w0_variable,G3_p2,0.0,G3,Combined,0,0,0,0,0,0,,0.3127627054814781,0.40048910525095954,0.08772639976948143,1.0,1.0
G3_p5_w0_variable,G3_p2,0.0,G3,Agreement,0,0,0,0,0,0,,0.07999999999999996,0.26086956521739135,0.1808695652173914,1.0,1.0
G3_p5_w0_variable,G3_p2,10.0,G3,Global,0,0,0,0,0,0,,0.0005861934039541365,0.0007753603151410786,0.00018916691118694214,1.0,1.0
G3_p5_w0_variable,G3_p2,10.0,G3,Event,0,0,0,0,0,0,,0.0028899035671493835,0.004151633890971738,0.0012617303238223548,1.0,1.0
G3_p5_w0_variable,G3_p2,10.0,G3,Combined,0,0,0,0,0,0,,0.0017894875008907195,0.0028647631019658015,0.001075275601075082,1.0,1.0
G3_p5_w0_variable,G3_p2,10.0,G3,Agreement,0,0,0,0,0,0,,0.019607843137254943,0.05882352941176472,0.039215686274509776,1.0,1.0
G3_p5_w0_variable,G3_p2,20.0,G3,Global,0,0,0,0,0,0,,3.964211957722464e-05,4.8637727454250716e-05,8.995607877026077e-06,1.0,1.0
G3_p5_w0_variable,G3_p2,20.0,G3,Event,0,0,0,0,0,0,,0.001251007403202399,0.0014414037610737662,0.00019039635787136732,1.0,1.0
G3_p5_w0_variable,G3_p2,20.0,G3,Combined,0,0,0,0,0,0,,6.183814367638917e-05,7.110735950583345e-05,9.269215829444278e-06,1.0,1.0
G3_p5_w0_variable,G3_p2,20.0,G3,Agreement,0,0,0,0,0,0,,0.0,0.040000000000000036,0.040000000000000036,1.0,1.0
G3_p5_w0_variable,G3_p3,-5.0,G3,Global,0,0,0,0,0,0,,0.2916018594707658,0.44629972908830023,0.15469786961753446,0.9767441860465116,1.0
G3_p5_w0_variable,G3_p3,-5.0,G3,Event,0,0,0,0,0,0,,0.015991184294404256,0.14135026652667335,0.1253590822322691,0.9767441860465116,1.0
G3_p5_w0_variable,G3_p3,-5.0,G3,Combined,0,0,0,0,0,0,,0.17822606311431455,0.6800768782360599,0.5018508151217453,0.9767441860465116,1.0
G3_p5_w0_variable,G3_p3,-5.0,G3,Agreement,0,0,0,0,0,0,,0.6216216216216216,0.7435897435897436,0.12196812196812201,0.9767441860465116,1.0
G3_p5_w0_variable,G3_p3,0.0,G3,Global,0,0,0,0,0,0,,0.006055443311573912,0.010944306242053427,0.0048888629304795145,1.0,1.0
G3_p5_w0_variable,G3_p3,0.0,G3,Event,0,0,0,0,0,0,,0.008068853217621689,0.06193167079082629,0.0538628175732046,1.0,1.0
G3_p5_w0_variable,G3_p3,0.0,G3,Combined,0,0,0,0,0,0,,0.023817867377611535,0.1442211995006871,0.12040333212307557,1.0,1.0
G3_p5_w0_variable,G3_p3,0.0,G3,Agreement,0,0,0,0,0,0,,0.16981132075471694,0.24528301886792447,0.07547169811320753,1.0,1.0
G3_p5_w0_variable,G3_p3,10.0,G3,Global,0,0,0,0,0,0,,0.00014281636649245605,0.00020230197845311714,5.948561196066109e-05,1.0,1.0
G3_p5_w0_variable,G3_p3,10.0,G3,Event,0,0,0,0,0,0,,0.0017644147179979857,0.005833976181093327,0.004069561463095342,1.0,1.0
G3_p5_w0_variable,G3_p3,10.0,G3,Combined,0,0,0,0,0,0,,0.00033194857744285833,0.0009437169897119924,0.0006117684122691341,1.0,1.0
G3_p5_w0_variable,G3_p3,10.0,G3,Agreement,0,0,0,0,0,0,,0.040000000000000036,0.07692307692307687,0.036923076923076836,1.0,1.0
G3_p5_w0_variable,G3_p3,20.0,G3,Global,0,0,0,0,0,0,,2.5386822576985544e-05,3.334561755883417e-05,7.958794981848625e-06,1.0,1.0
G3_p5_w0_variable,G3_p3,20.0,G3,Event,0,0,0,0,0,0,,0.001336218358224213,0.0015515201537699855,0.00021530179554577248,1.0,1.0
G3_p5_w0_variable,G3_p3,20.0,G3,Combined,0,0,0,0,0,0,,4.686356647484465e-05,5.786205993159849e-05,1.0998493456753844e-05,1.0,1.0
G3_p5_w0_variable,G3_p3,20.0,G3,Agreement,0,0,0,0,0,0,,0.0,0.0,0.0,1.0,1.0
G3_p5_w0_variable,G3_p4,-5.0,G3,Global,1,1,3,3,0,0,1.0,0.6852909042337396,0.788393412089175,0.1031025078554354,0.9333333333333333,1.0
G3_p5_w0_variable,G3_p4,-5.0,G3,Event,1,1,3,3,0,0,1.0,0.5091595173022626,0.9137450859933445,0.40458556869108186,0.9333333333333333,1.0
G3_p5_w0_variable,G3_p4,-5.0,G3,Combined,1,1,3,3,0,0,1.0,0.866527997920509,0.9699520029278027,0.10342400500729365,0.9333333333333333,1.0
G3_p5_w0_variable,G3_p4,-5.0,G3,Agreement,1,1,3,2,0,1,0.6666666666666666,0.8125,0.9411764705882353,0.12867647058823528,0.9333333333333333,1.0
G3_p5_w0_variable,G3_p4,0.0,G3,Global,0,0,0,0,0,0,,0.03519009714022156,0.04851051764157073,0.01332042050134917,0.9767441860465116,1.0
G3_p5_w0_variable,G3_p4,0.0,G3,Event,0,0,0,0,0,0,,0.029696886946715295,0.059539661858326313,0.02984277491161102,0.9767441860465116,1.0
G3_p5_w0_variable,G3_p4,0.0,G3,Combined,0,0,0,0,0,0,,0.06720089310248131,0.13265573058046254,0.06545483747798123,0.9767441860465116,1.0
G3_p5_w0_variable,G3_p4,0.0,G3,Agreement,0,0,0,0,0,0,,0.631578947368421,0.9393939393939394,0.30781499202551843,0.9767441860465116,1.0
G3_p5_w0_variable,G3_p4,10.0,G3,Global,0,0,0,0,0,0,,0.0002210617180698475,0.000355477599775252,0.00013441588170540452,1.0,1.0
G3_p5_w0_variable,G3_p4,10.0,G3,Event,0,0,0,0,0,0,,0.004144400647510999,0.0072689591598038145,0.0031245585122928153,1.0,1.0
G3_p5_w0_variable,G3_p4,10.0,G3,Combined,0,0,0,0,0,0,,0.0006691332153028366,0.0011678518140751481,0.0004987185987723116,1.0,1.0
G3_p5_w0_variable,G3_p4,10.0,G3,Agreement,0,0,0,0,0,0,,0.05660377358490565,0.2075471698113207,0.15094339622641506,1.0,1.0
G3_p5_w0_variable,G3_p4,20.0,G3,Global,0,0,0,0,0,0,,2.4388816475615468e-05,3.1693382028794825e-05,7.304565553179358e-06,1.0,1.0
G3_p5_w0_variable,G3_p4,20.0,G3,Event,0,0,0,0,0,0,,0.001273737850463646,0.001568250053120488,0.0002945122026568421,1.0,1.0
G3_p5_w0_variable,G3_p4,20.0,G3,Combined,0,0,0,0,0,0,,4.392789862288735e-05,5.163591550265366e-05,7.70801687976631e-06,1.0,1.0
G3_p5_w0_variable,G3_p4,20.0,G3,Agreement,0,0,0,0,0,0,,0.019607843137254943,0.05882352941176472,0.039215686274509776,1.0,1.0
G3_p5_w1_regular,G3_p1,-5.0,G3,Global,4,0,0,0,0,0,,0.8922354297218104,0.9903989083424348,0.09816347862062447,0.7317073170731707,0.8095238095238095
G3_p5_w1_regular,G3_p1,-5.0,G3,Event,4,0,0,0,0,0,,0.9820520967318616,0.9975136977063225,0.01546160097446092,0.7317073170731707,0.8095238095238095
G3_p5_w1_regular,G3_p1,-5.0,G3,Combined,4,0,0,0,0,0,,0.971977104641887,0.9980221586397041,0.02604505399781709,0.7317073170731707,0.8095238095238095
G3_p5_w1_regular,G3_p1,-5.0,G3,Agreement,4,0,0,0,0,0,,0.6666666666666667,0.8222222222222222,0.15555555555555545,0.7317073170731707,0.8095238095238095
G3_p5_w1_regular,G3_p1,0.0,G3,Global,4,0,0,0,0,0,,0.18341976308208635,0.6021239000694067,0.4187041369873204,0.8717948717948718,0.9230769230769231
G3_p5_w1_regular,G3_p1,0.0,G3,Event,4,0,0,0,0,0,,0.5881949254012316,0.8967886412636422,0.3085937158624106,0.8717948717948718,0.9230769230769231
G3_p5_w1_regular,G3_p1,0.0,G3,Combined,4,0,0,0,0,0,,0.6913051714480951,0.9176137828939919,0.22630861144589676,0.8717948717948718,0.9230769230769231
G3_p5_w1_regular,G3_p1,0.0,G3,Agreement,4,0,0,0,0,0,,0.3584905660377359,0.43999999999999995,0.08150943396226407,0.8717948717948718,0.9230769230769231
G3_p5_w1_regular,G3_p1,10.0,G3,Global,0,0,0,0,0,0,,0.0007216893366156093,0.001700484536838726,0.0009787952002231167,1.0,1.0
G3_p5_w1_regular,G3_p1,10.0,G3,Event,0,0,0,0,0,0,,0.0026762733086890603,0.0031207797364519356,0.00044450642776287536,1.0,1.0
G3_p5_w1_regular,G3_p1,10.0,G3,Combined,0,0,0,0,0,0,,0.000429716544020465,0.0008832484631390461,0.0004535319191185811,1.0,1.0
G3_p5_w1_regular,G3_p1,10.0,G3,Agreement,0,0,0,0,0,0,,0.08333333333333337,0.23076923076923073,0.14743589743589736,1.0,1.0
G3_p5_w1_regular,G3_p1,20.0,G3,Global,0,0,0,0,0,0,,0.00019576180591370613,0.00024807837616118775,5.231657024748162e-05,1.0,1.0
G3_p5_w1_regular,G3_p1,20.0,G3,Event,0,0,0,0,0,0,,0.0008185918899702907,0.0010913131902129897,0.00027272130024269894,1.0,1.0
G3_p5_w1_regular,G3_p1,20.0,G3,Combined,0,0,0,0,0,0,,5.8257562883709364e-05,7.364541343545046e-05,1.5387850551741092e-05,1.0,1.0
G3_p5_w1_regular,G3_p1,20.0,G3,Agreement,0,0,0,0,0,0,,0.08333333333333337,0.19999999999999996,0.11666666666666659,1.0,1.0
G3_p5_w1_regular,G3_p2,-5.0,G3,Global,0,0,0,0,0,0,,0.40355715291377925,0.577397443557645,0.17384029064386575,1.0,1.0
G3_p5_w1_regular,G3_p2,-5.0,G3,Event,0,0,0,0,0,0,,0.005722999736859256,0.020480923791570547,0.01475792405471129,1.0,1.0
G3_p5_w1_regular,G3_p2,-5.0,G3,Combined,0,0,0,0,0,0,,0.3565798386129882,0.5720994420398992,0.21551960342691096,1.0,1.0
G3_p5_w1_regular,G3_p2,-5.0,G3,Agreement,0,0,0,0,0,0,,0.9230769230769231,1.0,0.07692307692307687,1.0,1.0
G3_p5_w1_regular,G3_p2,0.0,G3,Global,0,0,0,0,0,0,,0.07445793635881033,0.13311919416882326,0.058661257810012926,1.0,1.0
G3_p5_w1_regular,G3_p2,0.0,G3,Event,0,0,0,0,0,0,,0.0017790806359704067,0.008990902783320476,0.007211822147350069,1.0,1.0
G3_p5_w1_regular,G3_p2,0.0,G3,Combined,0,0,0,0,0,0,,0.05960209646476096,0.23100275675449486,0.17140066028973389,1.0,1.0
G3_p5_w1_regular,G3_p2,0.0,G3,Agreement,0,0,0,0,0,0,,0.7777777777777778,1.0,0.2222222222222222,1.0,1.0
G3_p5_w1_regular,G3_p2,10.0,G3,Global,0,0,0,0,0,0,,0.0029058816461284736,0.006127247533289656,0.0032213658871611825,1.0,1.0
G3_p5_w1_regular,G3_p2,10.0,G3,Event,0,0,0,0,0,0,,0.0021906944724552984,0.0034488083769233127,0.0012581139044680143,1.0,1.0
G3_p5_w1_regular,G3_p2,10.0,G3,Combined,0,0,0,0,0,0,,0.003659080428609721,0.005480877420319588,0.0018217969917098667,1.0,1.0
G3_p5_w1_regular,G3_p2,10.0,G3,Agreement,0,0,0,0,0,0,,0.06382978723404253,0.13043478260869568,0.06660499537465314,1.0,1.0
G3_p5_w1_regular,G3_p2,20.0,G3,Global,0,0,0,0,0,0,,0.00026474556736808756,0.00031036704142327267,4.562147405518511e-05,1.0,1.0
G3_p5_w1_regular,G3_p2,20.0,G3,Event,0,0,0,0,0,0,,0.0009782625091215786,0.0012869817084111544,0.0003087191992895758,1.0,1.0
G3_p5_w1_regular,G3_p2,20.0,G3,Combined,0,0,0,0,0,0,,0.00010530624186446609,0.00013253402399075203,2.722778212628594e-05,1.0,1.0
G3_p5_w1_regular,G3_p2,20.0,G3,Agreement,0,0,0,0,0,0,,0.04347826086956519,0.1063829787234043,0.06290471785383911,1.0,1.0
G3_p5_w1_regular,G3_p3,-5.0,G3,Global,0,0,0,0,0,0,,0.5601848803878448,0.7330560545149829,0.17287117412713815,0.972972972972973,1.0
G3_p5_w1_regular,G3_p3,-5.0,G3,Event,0,0,0,0,0,0,,0.03176591503204972,0.08952163451559456,0.05775571948354483,0.972972972972973,1.0
G3_p5_w1_regular,G3_p3,-5.0,G3,Combined,0,0,0,0,0,0,,0.3454236699541289,0.6623362372602318,0.31691256730610295,0.972972972972973,1.0
G3_p5_w1_regular,G3_p3,-5.0,G3,Agreement,0,0,0,0,0,0,,0.5675675675675675,0.8235294117647058,0.2559618441971383,0.972972972972973,1.0
G3_p5_w1_regular,G3_p3,0.0,G3,Global,0,0,0,0,0,0,,0.02916976087921515,0.060581564186033485,0.03141180330681834,1.0,1.0
G3_p5_w1_regular,G3_p3,0.0,G3,Event,0,0,0,0,0,0,,0.017452047552981034,0.03144033364341906,0.013988286090438028,1.0,1.0
G3_p5_w1_regular,G3_p3,0.0,G3,Combined,0,0,0,0,0,0,,0.11045148542317802,0.1768751560175122,0.06642367059433417,1.0,1.0
G3_p5_w1_regular,G3_p3,0.0,G3,Agreement,0,0,0,0,0,0,,0.2075471698113207,0.24,0.03245283018867928,1.0,1.0
G3_p5_w1_regular,G3_p3,10.0,G3,Global,0,0,0,0,0,0,,0.000984709693030995,0.0015183987051247056,0.0005336890120937105,1.0,1.0
G3_p5_w1_regular,G3_p3,10.0,G3,Event,0,0,0,0,0,0,,0.0016073320645192454,0.0031199562731105187,0.0015126242085912733,1.0,1.0
G3_p5_w1_regular,G3_p3,10.0,G3,Combined,0,0,0,0,0,0,,0.0008169412492892227,0.0017555354222392094,0.0009385941729499867,1.0,1.0
G3_p5_w1_regular,G3_p3,10.0,G3,Agreement,0,0,0,0,0,0,,0.13725490196078427,0.16981132075471694,0.03255641879393267,1.0,1.0
G3_p5_w1_regular,G3_p3,20.0,G3,Global,0,0,0,0,0,0,,0.00020534150785480272,0.0002520778409607563,4.673633310595357e-05,1.0,1.0
G3_p5_w1_regular,G3_p3,20.0,G3,Event,0,0,0,0,0,0,,0.0008941641637833823,0.0009781708805563795,8.400671677299726e-05,1.0,1.0
G3_p5_w1_regular,G3_p3,20.0,G3,Combined,0,0,0,0,0,0,,7.33014148048138e-05,9.109006983132667e-05,1.7788655026512875e-05,1.0,1.0
G3_p5_w1_regular,G3_p3,20.0,G3,Agreement,0,0,0,0,0,0,,0.13725490196078427,0.18518518518518523,0.04793028322440096,1.0,1.0
G3_p5_w1_regular,G3_p4,-5.0,G3,Global,3,1,3,0,0,3,0.0,0.6776698081221718,0.8538366367033688,0.17616682858119703,0.8717948717948718,1.0
G3_p5_w1_regular,G3_p4,-5.0,G3,Event,3,1,3,3,0,0,1.0,0.11644502203821289,0.9936260179508278,0.8771809959126149,0.8717948717948718,1.0
G3_p5_w1_regular,G3_p4,-5.0,G3,Combined,3,1,3,3,0,0,1.0,0.4813789877146169,0.996205719501461,0.514826731786844,0.8717948717948718,1.0
G3_p5_w1_regular,G3_p4,-5.0,G3,Agreement,3,1,3,0,1,2,0.16666666666666666,0.75,1.0,0.25,0.8717948717948718,1.0
G3_p5_w1_regular,G3_p4,0.0,G3,Global,0,0,0,0,0,0,,0.06295166415415317,0.14377377893373985,0.08082211477958669,0.972972972972973,1.0
G3_p5_w1_regular,G3_p4,0.0,G3,Event,0,0,0,0,0,0,,0.01595724263078676,0.14325512762152334,0.12729788499073658,0.972972972972973,1.0
G3_p5_w1_regular,G3_p4,0.0,G3,Combined,0,0,0,0,0,0,,0.05547000995499741,0.23727376526259436,0.18180375530759696,0.972972972972973,1.0
G3_p5_w1_regular,G3_p4,0.0,G3,Agreement,0,0,0,0,0,0,,0.8,0.8709677419354839,0.07096774193548383,0.972972972972973,1.0
G3_p5_w1_regular,G3_p4,10.0,G3,Global,0,0,0,0,0,0,,0.0013619693231240206,0.0023159370189957864,0.0009539676958717658,1.0,1.0
G3_p5_w1_regular,G3_p4,10.0,G3,Event,0,0,0,0,0,0,,0.0028820692308274554,0.008349188665941166,0.00546711943511371,1.0,1.0
G3_p5_w1_regular,G3_p4,10.0,G3,Combined,0,0,0,0,0,0,,0.0009479342766039485,0.0028841351859522687,0.00193620090934832,1.0,1.0
G3_p5_w1_regular,G3_p4,10.0,G3,Agreement,0,0,0,0,0,0,,0.125,0.22448979591836737,0.09948979591836737,1.0,1.0
G3_p5_w1_regular,G3_p4,20.0,G3,Global,0,0,0,0,0,0,,0.00023748308434453264,0.00027140889112116547,3.392580677663283e-05,1.0,1.0
G3_p5_w1_regular,G3_p4,20.0,G3,Event,0,0,0,0,0,0,,0.0010880844909801279,0.0011776102940344842,8.952580305435632e-05,1.0,1.0
G3_p5_w1_regular,G3_p4,20.0,G3,Combined,0,0,0,0,0,0,,7.835025304764728e-05,9.280839589957474e-05,1.445814285192746e-05,1.0,1.0
G3_p5_w1_regular,G3_p4,20.0,G3,Agreement,0,0,0,0,0,0,,0.10204081632653061,0.16981132075471694,0.06777050442818633,1.0,1.0
G3_p5_w1_variable,G3_p1,-5.0,G3,Global,4,0,0,0,0,0,,0.935109129987448,0.9455447601905359,0.010435630203087909,0.5641025641025641,0.8
G3_p5_w1_variable,G3_p1,-5.0,G3,Event,4,0,0,0,0,0,,0.9899138225036737,0.9971860746189555,0.007272252115281819,0.5641025641025641,0.8
G3_p5_w1_variable,G3_p1,-5.0,G3,Combined,4,0,0,0,0,0,,0.9922216856059292,0.9959956547490056,0.0037739691430764832,0.5641025641025641,0.8
G3_p5_w1_variable,G3_p1,-5.0,G3,Agreement,4,0,0,0,0,0,,0.6190476190476191,0.7674418604651163,0.14839424141749724,0.5641025641025641,0.8
G3_p5_w1_variable,G3_p1,0.0,G3,Global,4,0,0,0,0,0,,0.252260444405201,0.33137553187101304,0.07911508746581203,0.8648648648648649,0.9473684210526315
G3_p5_w1_variable,G3_p1,0.0,G3,Event,4,0,0,0,0,0,,0.5827280235501949,0.8940374964400856,0.31130947288989064,0.8648648648648649,0.9473684210526315
G3_p5_w1_variable,G3_p1,0.0,G3,Combined,4,0,0,0,0,0,,0.5564380156676023,0.9252344740577024,0.3687964583901001,0.8648648648648649,0.9473684210526315
G3_p5_w1_variable,G3_p1,0.0,G3,Agreement,4,0,0,0,0,0,,0.2692307692307693,0.5813953488372092,0.31216457960643995,0.8648648648648649,0.9473684210526315
G3_p5_w1_variable,G3_p1,10.0,G3,Global,0,0,0,0,0,0,,0.0009497420773314711,0.0016271605630989686,0.0006774184857674975,1.0,1.0
G3_p5_w1_variable,G3_p1,10.0,G3,Event,0,0,0,0,0,0,,0.0021361379914477167,0.0033718035205748675,0.0012356655291271509,1.0,1.0
G3_p5_w1_variable,G3_p1,10.0,G3,Combined,0,0,0,0,0,0,,0.0003583216292461532,0.0009641554622339437,0.0006058338329877905,1.0,1.0
G3_p5_w1_variable,G3_p1,10.0,G3,Agreement,0,0,0,0,0,0,,0.16000000000000003,0.1923076923076923,0.03230769230769226,1.0,1.0
G3_p5_w1_variable,G3_p1,20.0,G3,Global,0,0,0,0,0,0,,0.00023452156151392643,0.00029296231343527683,5.8440751921350395e-05,1.0,1.0
G3_p5_w1_variable,G3_p1,20.0,G3,Event,0,0,0,0,0,0,,0.000866301870195882,0.0011269999946614461,0.0002606981244655641,1.0,1.0
G3_p5_w1_variable,G3_p1,20.0,G3,Combined,0,0,0,0,0,0,,5.2795272912261615e-05,7.524529970149107e-05,2.2450026789229455e-05,1.0,1.0
G3_p5_w1_variable,G3_p1,20.0,G3,Agreement,0,0,0,0,0,0,,0.06382978723404253,0.16981132075471694,0.10598153352067441,1.0,1.0
G3_p5_w1_variable,G3_p2,-5.0,G3,Global,0,0,0,0,0,0,,0.29472245349070214,0.4325518545808292,0.13782940109012704,1.0,1.0
G3_p5_w1_variable,G3_p2,-5.0,G3,Event,0,0,0,0,0,0,,0.006011105234592568,0.031132309582548402,0.025121204347955835,1.0,1.0
G3_p5_w1_variable,G3_p2,-5.0,G3,Combined,0,0,0,0,0,0,,0.31438390246686043,0.7276618543356733,0.4132779518688129,1.0,1.0
G3_p5_w1_variable,G3_p2,-5.0,G3,Agreement,0,0,0,0,0,0,,0.8461538461538461,1.0,0.15384615384615385,1.0,1.0
G3_p5_w1_variable,G3_p2,0.0,G3,Global,0,0,0,0,0,0,,0.04172584503371547,0.08580111015130357,0.044075265117588094,1.0,1.0
G3_p5_w1_variable,G3_p2,0.0,G3,Event,0,0,0,0,0,0,,0.001821479034077535,0.008959515436075928,0.007138036401998393,1.0,1.0
G3_p5_w1_variable,G3_p2,0.0,G3,Combined,0,0,0,0,0,0,,0.05287903486400615,0.23928296831738544,0.1864039334533793,1.0,1.0
G3_p5_w1_variable,G3_p2,0.0,G3,Agreement,0,0,0,0,0,0,,0.7142857142857143,0.9259259259259259,0.21164021164021163,1.0,1.0
G3_p5_w1_variable,G3_p2,10.0,G3,Global,0,0,0,0,0,0,,0.0018167395920334697,0.0039642967759313166,0.002147557183897847,1.0,1.0
G3_p5_w1_variable,G3_p2,10.0,G3,Event,0,0,0,0,0,0,,0.002085661012517415,0.004858982964217649,0.002773321951700234,1.0,1.0
G3_p5_w1_variable,G3_p2,10.0,G3,Combined,0,0,0,0,0,0,,0.0014324998764753015,0.00528440021951234,0.003851900343037038,1.0,1.0
G3_p5_w1_variable,G3_p2,10.0,G3,Agreement,0,0,0,0,0,0,,0.10204081632653061,0.1428571428571429,0.04081632653061229,1.0,1.0
G3_p5_w1_variable,G3_p2,20.0,G3,Global,0,0,0,0,0,0,,0.00023583385863252428,0.00033589326722549675,0.00010005940859297247,1.0,1.0
G3_p5_w1_variable,G3_p2,20.0,G3,Event,0,0,0,0,0,0,,0.0010394519906844985,0.001245000862838879,0.00020554887215438046,1.0,1.0
G3_p5_w1_variable,G3_p2,20.0,G3,Combined,0,0,0,0,0,0,,6.941361149369805e-05,0.00011247801119574808,4.306439970205003e-05,1.0,1.0
G3_p5_w1_variable,G3_p2,20.0,G3,Agreement,0,0,0,0,0,0,,0.06382978723404253,0.10204081632653061,0.03821102909248808,1.0,1.0
G3_p5_w1_variable,G3_p3,-5.0,G3,Global,0,0,0,0,0,0,,0.49525126905505135,0.6559631791158178,0.16071191006076646,0.972972972972973,1.0
G3_p5_w1_variable,G3_p3,-5.0,G3,Event,0,0,0,0,0,0,,0.02998333512252778,0.12261920588513771,0.09263587076260993,0.972972972972973,1.0
G3_p5_w1_variable,G3_p3,-5.0,G3,Combined,0,0,0,0,0,0,,0.32204229003370244,0.7239214712325098,0.4018791811988074,0.972972972972973,1.0
G3_p5_w1_variable,G3_p3,-5.0,G3,Agreement,0,0,0,0,0,0,,0.6875,0.8235294117647058,0.13602941176470584,0.972972972972973,1.0
G3_p5_w1_variable,G3_p3,0.0,G3,Global,0,0,0,0,0,0,,0.0197761088169586,0.04862466781383604,0.028848558996877438,1.0,1.0
G3_p5_w1_variable,G3_p3,0.0,G3,Event,0,0,0,0,0,0,,0.02194739354607308,0.06995858108630575,0.04801118754023266,1.0,1.0
G3_p5_w1_variable,G3_p3,0.0,G3,Combined,0,0,0,0,0,0,,0.10397516578770775,0.25204135491632673,0.14806618912861896,1.0,1.0
G3_p5_w1_variable,G3_p3,0.0,G3,Agreement,0,0,0,0,0,0,,0.19148936170212771,0.276595744680851,0.0851063829787233,1.0,1.0
G3_p5_w1_variable,G3_p3,10.0,G3,Global,0,0,0,0,0,0,,0.0008466909216173039,0.0018052508403633596,0.0009585599187460557,1.0,1.0
G3_p5_w1_variable,G3_p3,10.0,G3,Event,0,0,0,0,0,0,,0.0024614288809056226,0.004135747596189894,0.0016743187152842712,1.0,1.0
G3_p5_w1_variable,G3_p3,10.0,G3,Combined,0,0,0,0,0,0,,0.0008498149380094357,0.0018977228349445247,0.001047907896935089,1.0,1.0
G3_p5_w1_variable,G3_p3,10.0,G3,Agreement,0,0,0,0,0,0,,0.13725490196078427,0.15384615384615385,0.016591251885369585,1.0,1.0
G3_p5_w1_variable,G3_p3,20.0,G3,Global,0,0,0,0,0,0,,0.00022393769471404354,0.00032639604995747735,0.0001024583552434338,1.0,1.0
G3_p5_w1_variable,G3_p3,20.0,G3,Event,0,0,0,0,0,0,,0.0009506427062620713,0.0011785354539443787,0.0002278927476823074,1.0,1.0
G3_p5_w1_variable,G3_p3,20.0,G3,Combined,0,0,0,0,0,0,,7.246245396250272e-05,9.151423180290305e-05,1.905177784040033e-05,1.0,1.0
G3_p5_w1_variable,G3_p3,20.0,G3,Agreement,0,0,0,0,0,0,,0.10204081632653061,0.12,0.01795918367346938,1.0,1.0
G3_p5_w1_variable,G3_p4,-5.0,G3,Global,4,0,0,0,0,0,,0.5738767542325537,0.9479034868738804,0.3740267326413267,0.8421052631578947,0.9230769230769231
G3_p5_w1_variable,G3_p4,-5.0,G3,Event,4,0,0,0,0,0,,0.5473284805446891,0.8698053125882712,0.32247683204358213,0.8421052631578947,0.9230769230769231
G3_p5_w1_variable,G3_p4,-5.0,G3,Combined,4,0,0,0,0,0,,0.7461192880544497,0.966117666586023,0.21999837853157334,0.8421052631578947,0.9230769230769231
G3_p5_w1_variable,G3_p4,-5.0,G3,Agreement,4,0,0,0,0,0,,0.8064516129032258,0.8709677419354839,0.06451612903225812,0.8421052631578947,0.9230769230769231
G3_p5_w1_variable,G3_p4,0.0,G3,Global,0,0,0,0,0,0,,0.03258289662714176,0.37192780551123167,0.3393449088840899,0.972972972972973,1.0
G3_p5_w1_variable,G3_p4,0.0,G3,Event,0,0,0,0,0,0,,0.03015699643143149,0.04582399737695182,0.015667000945520333,0.972972972972973,1.0
G3_p5_w1_variable,G3_p4,0.0,G3,Combined,0,0,0,0,0,0,,0.03710138861042988,0.210356817578034,0.17325542896760412,0.972972972972973,1.0
G3_p5_w1_variable,G3_p4,0.0,G3,Agreement,0,0,0,0,0,0,,0.7419354838709677,0.9310344827586207,0.1890989988876529,0.972972972972973,1.0
G3_p5_w1_variable,G3_p4,10.0,G3,Global,0,0,0,0,0,0,,0.0009182245252917696,0.005317926264148235,0.004399701738856465,1.0,1.0
G3_p5_w1_variable,G3_p4,10.0,G3,Event,0,0,0,0,0,0,,0.0033407194866639125,0.005290759526051989,0.0019500400393880767,1.0,1.0
G3_p5_w1_variable,G3_p4,10.0,G3,Combined,0,0,0,0,0,0,,0.0006491651619483643,0.003119235974004382,0.002470070812056018,1.0,1.0
G3_p5_w1_variable,G3_p4,10.0,G3,Agreement,0,0,0,0,0,0,,0.125,0.19999999999999996,0.07499999999999996,1.0,1.0
G3_p5_w1_variable,G3_p4,20.0,G3,Global,0,0,0,0,0,0,,0.0002172500920937448,0.00034423481365849275,0.00012698472156474796,1.0,1.0
G3_p5_w1_variable,G3_p4,20.0,G3,Event,0,0,0,0,0,0,,0.0008831383170124446,0.0015111100362194283,0.0006279717192069836,1.0,1.0
G3_p5_w1_variable,G3_p4,20.0,G3,Combined,0,0,0,0,0,0,,6.853959897355096e-05,8.745098781970041e-05,1.8911388846149448e-05,1.0,1.0
G3_p5_w1_variable,G3_p4,20.0,G3,Agreement,0,0,0,0,0,0,,0.06382978723404253,0.16981132075471694,0.10598153352067441,1.0,1.0
G3_p5_w2_regular,G3_p1,-5.0,G3,Global,4,0,0,0,0,0,,0.8699226771594876,0.9768322483014799,0.10690957114199229,0.6976744186046512,0.8
G3_p5_w2_regular,G3_p1,-5.0,G3,Event,4,0,0,0,0,0,,0.9678372556504619,0.994256097564659,0.02641884191419719,0.6976744186046512,0.8
G3_p5_w2_regular,G3_p1,-5.0,G3,Combined,4,0,0,0,0,0,,0.9440152132342211,0.9961787996892927,0.052163586455071576,0.6976744186046512,0.8
G3_p5_w2_regular,G3_p1,-5.0,G3,Agreement,4,0,0,0,0,0,,0.6444444444444444,0.7777777777777778,0.13333333333333341,0.6976744186046512,0.8
G3_p5_w2_regular,G3_p1,0.0,G3,Global,4,0,0,0,0,0,,0.2670985602431536,0.5280333958163507,0.2609348355731971,0.8717948717948718,0.9473684210526315
G3_p5_w2_regular,G3_p1,0.0,G3,Event,4,0,0,0,0,0,,0.5378442331470888,0.957457159557875,0.4196129264107862,0.8717948717948718,0.9473684210526315
G3_p5_w2_regular,G3_p1,0.0,G3,Combined,4,0,0,0,0,0,,0.6828366403644744,0.9295872338189243,0.24675059345444983,0.8717948717948718,0.9473684210526315
G3_p5_w2_regular,G3_p1,0.0,G3,Agreement,4,0,0,0,0,0,,0.33333333333333337,0.45833333333333337,0.125,0.8717948717948718,0.9473684210526315
G3_p5_w2_regular,G3_p1,10.0,G3,Global,0,0,0,0,0,0,,0.0012981294149638706,0.002739514238996572,0.0014413848240327012,0.972972972972973,1.0
G3_p5_w2_regular,G3_p1,10.0,G3,Event,0,0,0,0,0,0,,0.00177629141233447,0.003462586200726878,0.0016862947883924079,0.972972972972973,1.0
G3_p5_w2_regular,G3_p1,10.0,G3,Combined,0,0,0,0,0,0,,0.0005689960763755641,0.0008713523555270592,0.00030235627915149515,0.972972972972973,1.0
G3_p5_w2_regular,G3_p1,10.0,G3,Agreement,0,0,0,0,0,0,,0.25806451612903225,0.30000000000000004,0.041935483870967794,0.972972972972973,1.0
G3_p5_w2_regular,G3_p1,20.0,G3,Global,0,0,0,0,0,0,,0.00038385956921033654,0.0004792195922765475,9.536002306621095e-05,1.0,1.0
G3_p5_w2_regular,G3_p1,20.0,G3,Event,0,0,0,0,0,0,,0.0005621363826963504,0.000591904348192267,2.9767965495916602e-05,1.0,1.0
G3_p5_w2_regular,G3_p1,20.0,G3,Combined,0,0,0,0,0,0,,4.7871461630349645e-05,6.150648882433553e-05,1.3635027193985888e-05,1.0,1.0
G3_p5_w2_regular,G3_p1,20.0,G3,Agreement,0,0,0,0,0,0,,0.3125,0.33333333333333337,0.02083333333333337,1.0,1.0
G3_p5_w2_regular,G3_p2,-5.0,G3,Global,0,0,0,0,0,0,,0.4683583987338674,0.6745349446653147,0.2061765459314473,1.0,1.0
G3_p5_w2_regular,G3_p2,-5.0,G3,Event,0,0,0,0,0,0,,0.013514908602229151,0.021001005855671044,0.007486097253441893,1.0,1.0
G3_p5_w2_regular,G3_p2,-5.0,G3,Combined,0,0,0,0,0,0,,0.4778143313700446,0.6638530622748896,0.18603873090484502,1.0,1.0
G3_p5_w2_regular,G3_p2,-5.0,G3,Agreement,0,0,0,0,0,0,,0.9230769230769231,1.0,0.07692307692307687,1.0,1.0
G3_p5_w2_regular,G3_p2,0.0,G3,Global,0,0,0,0,0,0,,0.0990022344837748,0.19508916328010129,0.09608692879632648,1.0,1.0
G3_p5_w2_regular,G3_p2,0.0,G3,Event,0,0,0,0,0,0,,0.002214925384576269,0.019555004750744134,0.017340079366167865,1.0,1.0
G3_p5_w2_regular,G3_p2,0.0,G3,Combined,0,0,0,0,0,0,,0.0757662926150636,0.41200807751421564,0.336241784899152,1.0,1.0
G3_p5_w2_regular,G3_p2,0.0,G3,Agreement,0,0,0,0,0,0,,0.5625,1.0,0.4375,1.0,1.0
G3_p5_w2_regular,G3_p2,10.0,G3,Global,0,0,0,0,0,0,,0.005945082241375728,0.010212952829748231,0.004267870588372503,1.0,1.0
G3_p5_w2_regular,G3_p2,10.0,G3,Event,0,0,0,0,0,0,,0.0010425676247533167,0.0029892315302374912,0.0019466639054841746,1.0,1.0
G3_p5_w2_regular,G3_p2,10.0,G3,Combined,0,0,0,0,0,0,,0.0027237698732435695,0.004501041252539691,0.0017772713792961218,1.0,1.0
G3_p5_w2_regular,G3_p2,10.0,G3,Agreement,0,0,0,0,0,0,,0.29032258064516125,0.34375,0.053427419354838745,1.0,1.0
G3_p5_w2_regular,G3_p2,20.0,G3,Global,0,0,0,0,0,0,,0.0004531976320705911,0.0005892476655544003,0.00013605003348380923,1.0,1.0
G3_p5_w2_regular,G3_p2,20.0,G3,Event,0,0,0,0,0,0,,0.0004692540242952128,0.0005978756789235448,0.00012862165462833194,1.0,1.0
G3_p5_w2_regular,G3_p2,20.0,G3,Combined,0,0,0,0,0,0,,5.9204209096341354e-05,7.017094126276601e-05,1.096673216642466e-05,1.0,1.0
G3_p5_w2_regular,G3_p2,20.0,G3,Agreement,0,0,0,0,0,0,,0.33333333333333337,0.36363636363636365,0.030303030303030276,1.0,1.0
G3_p5_w2_regular,G3_p3,-5.0,G3,Global,0,0,0,0,0,0,,0.5031608475815024,0.7519524938696434,0.248791646288141,0.972972972972973,1.0
G3_p5_w2_regular,G3_p3,-5.0,G3,Event,0,0,0,0,0,0,,0.018203537028781965,0.10408729967064562,0.08588376264186365,0.972972972972973,1.0
G3_p5_w2_regular,G3_p3,-5.0,G3,Combined,0,0,0,0,0,0,,0.3242409694290416,0.5883722635157254,0.26413129408668373,0.972972972972973,1.0
G3_p5_w2_regular,G3_p3,-5.0,G3,Agreement,0,0,0,0,0,0,,0.6,0.8787878787878788,0.2787878787878788,0.972972972972973,1.0
G3_p5_w2_regular,G3_p3,0.0,G3,Global,0,0,0,0,0,0,,0.02651158250631016,0.07552984206437488,0.04901825955806472,1.0,1.0
G3_p5_w2_regular,G3_p3,0.0,G3,Event,0,0,0,0,0,0,,0.015293314953079317,0.04132633472765443,0.02603301977457511,1.0,1.0
G3_p5_w2_regular,G3_p3,0.0,G3,Combined,0,0,0,0,0,0,,0.1142813224024639,0.20461139073348975,0.09033006833102585,1.0,1.0
G3_p5_w2_regular,G3_p3,0.0,G3,Agreement,0,0,0,0,0,0,,0.2692307692307693,0.33333333333333337,0.0641025641025641,1.0,1.0
G3_p5_w2_regular,G3_p3,10.0,G3,Global,0,0,0,0,0,0,,0.0019350122987848502,0.00360479768325487,0.0016697853844700199,1.0,1.0
G3_p5_w2_regular,G3_p3,10.0,G3,Event,0,0,0,0,0,0,,0.0010027499612905051,0.00319707664510747,0.0021943266838169648,1.0,1.0
G3_p5_w2_regular,G3_p3,10.0,G3,Combined,0,0,0,0,0,0,,0.000633177717300692,0.0024611649644953335,0.0018279872471946416,1.0,1.0
G3_p5_w2_regular,G3_p3,10.0,G3,Agreement,0,0,0,0,0,0,,0.2542372881355932,0.32307692307692304,0.06883963494132983,1.0,1.0
G3_p5_w2_regular,G3_p3,20.0,G3,Global,0,0,0,0,0,0,,0.000448146955031691,0.0006296361800204062,0.00018148922498871517,1.0,1.0
G3_p5_w2_regular,G3_p3,20.0,G3,Event,0,0,0,0,0,0,,0.0005283822710088153,0.0006994790974531401,0.0001710968264443248,1.0,1.0
G3_p5_w2_regular,G3_p3,20.0,G3,Combined,0,0,0,0,0,0,,5.7757276186763356e-05,9.331020190182576e-05,3.55529257150624e-05,1.0,1.0
G3_p5_w2_regular,G3_p3,20.0,G3,Agreement,0,0,0,0,0,0,,0.3125,0.33333333333333337,0.02083333333333337,1.0,1.0
G3_p5_w2_regular,G3_p4,-5.0,G3,Global,4,0,0,0,0,0,,0.8120458789039686,0.8475416958701866,0.03549581696621795,0.8205128205128205,0.9230769230769231
G3_p5_w2_regular,G3_p4,-5.0,G3,Event,4,0,0,0,0,0,,0.820679032559062,0.9624081106972627,0.14172907813820068,0.8205128205128205,0.9230769230769231
G3_p5_w2_regular,G3_p4,-5.0,G3,Combined,4,0,0,0,0,0,,0.9614422334404551,0.9790831175854441,0.01764088414498899,0.8205128205128205,0.9230769230769231
G3_p5_w2_regular,G3_p4,-5.0,G3,Agreement,4,0,0,0,0,0,,0.8064516129032258,0.875,0.06854838709677424,0.8205128205128205,0.9230769230769231
G3_p5_w2_regular,G3_p4,0.0,G3,Global,0,0,0,0,0,0,,0.10562396554034807,0.17042085612395508,0.064796890583607,0.972972972972973,1.0
G3_p5_w2_regular,G3_p4,0.0,G3,Event,0,0,0,0,0,0,,0.023655022317890774,0.1007904275710997,0.07713540525320892,0.972972972972973,1.0
G3_p5_w2_regular,G3_p4,0.0,G3,Combined,0,0,0,0,0,0,,0.09419018045748545,0.18923622763111983,0.09504604717363438,0.972972972972973,1.0
G3_p5_w2_regular,G3_p4,0.0,G3,Agreement,0,0,0,0,0,0,,0.6571428571428571,0.8709677419354839,0.21382488479262673,0.972972972972973,1.0
G3_p5_w2_regular,G3_p4,10.0,G3,Global,0,0,0,0,0,0,,0.0023592566725152897,0.006768327459713863,0.004409070787198573,1.0,1.0
G3_p5_w2_regular,G3_p4,10.0,G3,Event,0,0,0,0,0,0,,0.0029047849846168023,0.0096708537722544,0.006766068787637598,1.0,1.0
G3_p5_w2_regular,G3_p4,10.0,G3,Combined,0,0,0,0,0,0,,0.0014302418892060602,0.003877343993091654,0.002447102103885594,1.0,1.0
G3_p5_w2_regular,G3_p4,10.0,G3,Agreement,0,0,0,0,0,0,,0.12,0.24528301886792447,0.12528301886792448,1.0,1.0
G3_p5_w2_regular,G3_p4,20.0,G3,Global,0,0,0,0,0,0,,0.00046974523752540466,0.0006044598102224318,0.00013471457269702714,1.0,1.0
G3_p5_w2_regular,G3_p4,20.0,G3,Event,0,0,0,0,0,0,,0.0005289584074574949,0.0008189137758948993,0.00028995536843740444,1.0,1.0
G3_p5_w2_regular,G3_p4,20.0,G3,Combined,0,0,0,0,0,0,,6.455052551186627e-05,0.00010439957446123692,3.984904894937066e-05,1.0,1.0
G3_p5_w2_regular,G3_p4,20.0,G3,Agreement,0,0,0,0,0,0,,0.29032258064516125,0.34375,0.053427419354838745,1.0,1.0
G3_p5_w2_variable,G3_p1,-5.0,G3,Global,4,0,0,0,0,0,,0.8133716501670318,0.927017078397892,0.11364542823086021,0.7317073170731707,0.8205128205128205
G3_p5_w2_variable,G3_p1,-5.0,G3,Event,4,0,0,0,0,0,,0.9801048819153986,0.9917784479450352,0.01167356602963665,0.7317073170731707,0.8205128205128205
G3_p5_w2_variable,G3_p1,-5.0,G3,Combined,4,0,0,0,0,0,,0.9645977767856889,0.9821860330715766,0.01758825628588767,0.7317073170731707,0.8205128205128205
G3_p5_w2_variable,G3_p1,-5.0,G3,Agreement,4,0,0,0,0,0,,0.6086956521739131,0.7727272727272727,0.16403162055335962,0.7317073170731707,0.8205128205128205
G3_p5_w2_variable,G3_p1,0.0,G3,Global,4,0,0,0,0,0,,0.10013020549389628,0.4081907517030903,0.30806054620919404,0.8648648648648649,0.9444444444444444
G3_p5_w2_variable,G3_p1,0.0,G3,Event,4,0,0,0,0,0,,0.5573920299846444,0.9318193576526551,0.3744273276680107,0.8648648648648649,0.9444444444444444
G3_p5_w2_variable,G3_p1,0.0,G3,Combined,4,0,0,0,0,0,,0.6056141269238554,0.9382319353920804,0.332617808468225,0.8648648648648649,0.9444444444444444
G3_p5_w2_variable,G3_p1,0.0,G3,Agreement,4,0,0,0,0,0,,0.4893617021276596,0.6363636363636364,0.14700193423597674,0.8648648648648649,0.9444444444444444
G3_p5_w2_variable,G3_p1,10.0,G3,Global,0,0,0,0,0,0,,0.0004716364175601166,0.001829831926643863,0.0013581955090837465,1.0,1.0
G3_p5_w2_variable,G3_p1,10.0,G3,Event,0,0,0,0,0,0,,0.0012102360957411311,0.0020545523384775935,0.0008443162427364623,1.0,1.0
G3_p5_w2_variable,G3_p1,10.0,G3,Combined,0,0,0,0,0,0,,0.0002847497460958518,0.000616975833790463,0.00033222608769461115,1.0,1.0
G3_p5_w2_variable,G3_p1,10.0,G3,Agreement,0,0,0,0,0,0,,0.23076923076923073,0.3548387096774194,0.12406947890818865,1.0,1.0
G3_p5_w2_variable,G3_p1,20.0,G3,Global,0,0,0,0,0,0,,0.00022032576636748537,0.0003450581080449644,0.00012473234167747902,1.0,1.0
G3_p5_w2_variable,G3_p1,20.0,G3,Event,0,0,0,0,0,0,,0.0005512259432146606,0.0006229270543450411,7.170111113038048e-05,1.0,1.0
G3_p5_w2_variable,G3_p1,20.0,G3,Combined,0,0,0,0,0,0,,4.448728344284559e-05,6.0475547382267185e-05,1.598826393942159e-05,1.0,1.0
G3_p5_w2_variable,G3_p1,20.0,G3,Agreement,0,0,0,0,0,0,,0.30000000000000004,0.32258064516129037,0.022580645161290325,1.0,1.0
G3_p5_w2_variable,G3_p2,-5.0,G3,Global,0,0,0,0,0,0,,0.3191361624184151,0.601174908404987,0.2820387459865719,1.0,1.0
G3_p5_w2_variable,G3_p2,-5.0,G3,Event,0,0,0,0,0,0,,0.0051996447565247125,0.03270160693653401,0.027501962180009297,1.0,1.0
G3_p5_w2_variable,G3_p2,-5.0,G3,Combined,0,0,0,0,0,0,,0.2465990592683097,0.5976398862613973,0.3510408269930876,1.0,1.0
G3_p5_w2_variable,G3_p2,-5.0,G3,Agreement,0,0,0,0,0,0,,0.92,1.0,0.07999999999999996,1.0,1.0
G3_p5_w2_variable,G3_p2,0.0,G3,Global,0,0,0,0,0,0,,0.05882472459529128,0.15968504428268268,0.1008603196873914,1.0,1.0
G3_p5_w2_variable,G3_p2,0.0,G3,Event,0,0,0,0,0,0,,0.0017688614094979584,0.008065783208012316,0.0062969217985143575,1.0,1.0
G3_p5_w2_variable,G3_p2,0.0,G3,Combined,0,0,0,0,0,0,,0.04970295174805014,0.24928769114620253,0.19958473939815238,1.0,1.0
G3_p5_w2_variable,G3_p2,0.0,G3,Agreement,0,0,0,0,0,0,,0.7241379310344828,0.92,0.19586206896551728,1.0,1.0
G3_p5_w2_variable,G3_p2,10.0,G3,Global,0,0,0,0,0,0,,0.0038154240356485236,0.00715777241867618,0.0033423483830276567,1.0,1.0
G3_p5_w2_variable,G3_p2,10.0,G3,Event,0,0,0,0,0,0,,0.0007969871385000174,0.0018708074486255058,0.0010738203101254883,1.0,1.0
G3_p5_w2_variable,G3_p2,10.0,G3,Combined,0,0,0,0,0,0,,0.0011218367978263373,0.0037109238964799845,0.002589087098653647,1.0,1.0
G3_p5_w2_variable,G3_p2,10.0,G3,Agreement,0,0,0,0,0,0,,0.19999999999999996,0.33333333333333337,0.13333333333333341,1.0,1.0
G3_p5_w2_variable,G3_p2,20.0,G3,Global,0,0,0,0,0,0,,0.000303984939723997,0.00035277507212760656,4.879013240360956e-05,1.0,1.0
G3_p5_w2_variable,G3_p2,20.0,G3,Event,0,0,0,0,0,0,,0.00048262074588560844,0.0006068932411695843,0.0001242724952839758,1.0,1.0
G3_p5_w2_variable,G3_p2,20.0,G3,Combined,0,0,0,0,0,0,,5.3539837773154096e-05,6.279541780324871e-05,9.255580030094618e-06,1.0,1.0
G3_p5_w2_variable,G3_p2,20.0,G3,Agreement,0,0,0,0,0,0,,0.30000000000000004,0.3548387096774194,0.05483870967741933,1.0,1.0
G3_p5_w2_variable,G3_p3,-5.0,G3,Global,0,0,0,0,0,0,,0.5531783557312555,0.7524993419054682,0.19932098617421268,0.9714285714285714,1.0
G3_p5_w2_variable,G3_p3,-5.0,G3,Event,0,0,0,0,0,0,,0.023966613392684768,0.33006839640333113,0.3061017830106464,0.9714285714285714,1.0
G3_p5_w2_variable,G3_p3,-5.0,G3,Combined,0,0,0,0,0,0,,0.39697838305339733,0.8551004178357148,0.45812203478231744,0.9714285714285714,1.0
G3_p5_w2_variable,G3_p3,-5.0,G3,Agreement,0,0,0,0,0,0,,0.6666666666666667,0.8064516129032258,0.13978494623655902,0.9714285714285714,1.0
G3_p5_w2_variable,G3_p3,0.0,G3,Global,0,0,0,0,0,0,,0.029700244542483073,0.07875539710038511,0.049055152557902035,1.0,1.0
G3_p5_w2_variable,G3_p3,0.0,G3,Event,0,0,0,0,0,0,,0.009262268999959532,0.0728019088615884,0.06353963986162886,1.0,1.0
G3_p5_w2_variable,G3_p3,0.0,G3,Combined,0,0,0,0,0,0,,0.06541653078690995,0.2855933969689458,0.22017686618203586,1.0,1.0
G3_p5_w2_variable,G3_p3,0.0,G3,Agreement,0,0,0,0,0,0,,0.20833333333333337,0.33333333333333337,0.125,1.0,1.0
G3_p5_w2_variable,G3_p3,10.0,G3,Global,0,0,0,0,0,0,,0.0012676634439190264,0.003273896934278376,0.00200623349035935,1.0,1.0
G3_p5_w2_variable,G3_p3,10.0,G3,Event,0,0,0,0,0,0,,0.0013662227088419908,0.0042683499879533696,0.002902127279111379,1.0,1.0
G3_p5_w2_variable,G3_p3,10.0,G3,Combined,0,0,0,0,0,0,,0.000654623887112191,0.0025156156849401486,0.0018609917978279576,1.0,1.0
G3_p5_w2_variable,G3_p3,10.0,G3,Agreement,0,0,0,0,0,0,,0.27586206896551724,0.32258064516129037,0.04671857619577313,1.0,1.0
G3_p5_w2_variable,G3_p3,20.0,G3,Global,0,0,0,0,0,0,,0.0003094015599479418,0.00040996195409625656,0.00010056039414831476,1.0,1.0
G3_p5_w2_variable,G3_p3,20.0,G3,Event,0,0,0,0,0,0,,0.0005830126869796261,0.0007934783761038819,0.00021046568912425577,1.0,1.0
G3_p5_w2_variable,G3_p3,20.0,G3,Combined,0,0,0,0,0,0,,5.321568974533664e-05,8.729982077665594e-05,3.40841310313193e-05,1.0,1.0
G3_p5_w2_variable,G3_p3,20.0,G3,Agreement,0,0,0,0,0,0,,0.3114754098360656,0.32258064516129037,0.011105235325224783,1.0,1.0
G3_p5_w2_variable,G3_p4,-5.0,G3,Global,4,0,0,0,0,0,,0.5111025942164867,0.8467653376231874,0.33566274340670066,0.8648648648648649,0.9444444444444444
G3_p5_w2_variable,G3_p4,-5.0,G3,Event,4,0,0,0,0,0,,0.6966149294117239,0.9456367068628903,0.24902177745116638,0.8648648648648649,0.9444444444444444
G3_p5_w2_variable,G3_p4,-5.0,G3,Combined,4,0,0,0,0,0,,0.8932204725216104,0.9797347785206817,0.08651430599907128,0.8648648648648649,0.9444444444444444
G3_p5_w2_variable,G3_p4,-5.0,G3,Agreement,4,0,0,0,0,0,,0.8666666666666667,0.9333333333333333,0.06666666666666665,0.8648648648648649,0.9444444444444444
G3_p5_w2_variable,G3_p4,0.0,G3,Global,0,0,0,0,0,0,,0.049693065217959895,0.1407975709284549,0.09110450571049501,0.9714285714285714,1.0
G3_p5_w2_variable,G3_p4,0.0,G3,Event,0,0,0,0,0,0,,0.018011739385216472,0.07727025193220853,0.05925851254699206,0.9714285714285714,1.0
G3_p5_w2_variable,G3_p4,0.0,G3,Combined,0,0,0,0,0,0,,0.06871945901914807,0.16388193351174044,0.09516247449259237,0.9714285714285714,1.0
G3_p5_w2_variable,G3_p4,0.0,G3,Agreement,0,0,0,0,0,0,,0.7333333333333334,0.9333333333333333,0.19999999999999996,0.9714285714285714,1.0
G3_p5_w2_variable,G3_p4,10.0,G3,Global,0,0,0,0,0,0,,0.0018031558916400392,0.003088127314241862,0.0012849714226018229,1.0,1.0
G3_p5_w2_variable,G3_p4,10.0,G3,Event,0,0,0,0,0,0,,0.002045555876181591,0.008432500662462733,0.006386944786281142,1.0,1.0
G3_p5_w2_variable,G3_p4,10.0,G3,Combined,0,0,0,0,0,0,,0.0008827492392286087,0.0026785979008782618,0.001795848661649653,1.0,1.0
G3_p5_w2_variable,G3_p4,10.0,G3,Agreement,0,0,0,0,0,0,,0.14893617021276595,0.28,0.13106382978723408,1.0,1.0
G3_p5_w2_variable,G3_p4,20.0,G3,Global,0,0,0,0,0,0,,0.0002921462697989439,0.0003701198893142144,7.797361951527053e-05,1.0,1.0
G3_p5_w2_variable,G3_p4,20.0,G3,Event,0,0,0,0,0,0,,0.0005996133236057859,0.0007147246903060092,0.00011511136670022334,1.0,1.0
G3_p5_w2_variable,G3_p4,20.0,G3,Combined,0,0,0,0,0,0,,4.8810123352818196e-05,6.709091444850207e-05,1.828079109568387e-05,1.0,1.0
G3_p5_w2_variable,G3_p4,20.0,G3,Agreement,0,0,0,0,0,0,,0.30000000000000004,0.33333333333333337,0.033333333333333326,1.0,1.0
G3_p5_w3_regular,G3_p1,-5.0,G3,Global,4,0,0,0,0,0,,0.818787187271697,0.9506558334429384,0.1318686461712414,0.7368421052631579,0.7894736842105263
G3_p5_w3_regular,G3_p1,-5.0,G3,Event,4,0,0,0,0,0,,0.981211178871832,0.9942460926536378,0.013034913781805879,0.7368421052631579,0.7894736842105263
G3_p5_w3_regular,G3_p1,-5.0,G3,Combined,4,0,0,0,0,0,,0.9791445021382285,0.9954198637798367,0.016275361641608255,0.7368421052631579,0.7894736842105263
G3_p5_w3_regular,G3_p1,-5.0,G3,Agreement,4,0,0,0,0,0,,0.6363636363636364,0.8048780487804879,0.1685144124168515,0.7368421052631579,0.7894736842105263
G3_p5_w3_regular,G3_p1,0.0,G3,Global,4,0,0,0,0,0,,0.07160165927876311,0.31573495848286215,0.24413329920409904,0.8888888888888888,0.9444444444444444
G3_p5_w3_regular,G3_p1,0.0,G3,Event,4,0,0,0,0,0,,0.402627358818131,0.9007206714559078,0.49809331263777684,0.8888888888888888,0.9444444444444444
G3_p5_w3_regular,G3_p1,0.0,G3,Combined,4,0,0,0,0,0,,0.4566210665059745,0.8063989045533443,0.3497778380473698,0.8888888888888888,0.9444444444444444
G3_p5_w3_regular,G3_p1,0.0,G3,Agreement,4,0,0,0,0,0,,0.21568627450980393,0.4666666666666667,0.25098039215686274,0.8888888888888888,0.9444444444444444
G3_p5_w3_regular,G3_p1,10.0,G3,Global,0,0,0,0,0,0,,0.0004511389991660274,0.0008513079674828187,0.00040016896831679134,1.0,1.0
G3_p5_w3_regular,G3_p1,10.0,G3,Event,0,0,0,0,0,0,,0.0014820461034129571,0.00292061231470822,0.0014385662112952628,1.0,1.0
G3_p5_w3_regular,G3_p1,10.0,G3,Combined,0,0,0,0,0,0,,0.00019177557050300794,0.0005767699186039643,0.0003849943481009563,1.0,1.0
G3_p5_w3_regular,G3_p1,10.0,G3,Agreement,0,0,0,0,0,0,,0.27586206896551724,0.31034482758620685,0.03448275862068961,1.0,1.0
G3_p5_w3_regular,G3_p1,20.0,G3,Global,0,0,0,0,0,0,,0.00012519134979255755,0.00015928663454773176,3.409528475517421e-05,1.0,1.0
G3_p5_w3_regular,G3_p1,20.0,G3,Event,0,0,0,0,0,0,,0.0005428479990561774,0.0006359791869913939,9.313118793521653e-05,1.0,1.0
G3_p5_w3_regular,G3_p1,20.0,G3,Combined,0,0,0,0,0,0,,2.4637790853708857e-05,3.366216592280914e-05,9.024375069100283e-06,1.0,1.0
G3_p5_w3_regular,G3_p1,20.0,G3,Agreement,0,0,0,0,0,0,,0.30000000000000004,0.32258064516129037,0.022580645161290325,1.0,1.0
G3_p5_w3_regular,G3_p2,-5.0,G3,Global,0,0,0,0,0,0,,0.3334468116861253,0.5008747454846667,0.16742793379854143,1.0,1.0
G3_p5_w3_regular,G3_p2,-5.0,G3,Event,0,0,0,0,0,0,,0.00562362171259682,0.018942324459812178,0.013318702747215357,1.0,1.0
G3_p5_w3_regular,G3_p2,-5.0,G3,Combined,0,0,0,0,0,0,,0.30140332976566675,0.532656525124469,0.2312531953588023,1.0,1.0
G3_p5_w3_regular,G3_p2,-5.0,G3,Agreement,0,0,0,0,0,0,,0.84,1.0,0.16000000000000003,1.0,1.0
G3_p5_w3_regular,G3_p2,0.0,G3,Global,0,0,0,0,0,0,,0.04181636551540901,0.09530695266393424,0.05349058714852523,1.0,1.0
G3_p5_w3_regular,G3_p2,0.0,G3,Event,0,0,0,0,0,0,,0.0006049980229131547,0.01372227099632776,0.013117272973414605,1.0,1.0
G3_p5_w3_regular,G3_p2,0.0,G3,Combined,0,0,0,0,0,0,,0.02374148278023723,0.21888206038107091,0.1951405776008337,1.0,1.0
G3_p5_w3_regular,G3_p2,0.0,G3,Agreement,0,0,0,0,0,0,,0.3529411764705882,1.0,0.6470588235294118,1.0,1.0
G3_p5_w3_regular,G3_p2,10.0,G3,Global,0,0,0,0,0,0,,0.0016199421707905678,0.003322587491481841,0.0017026453206912733,1.0,1.0
G3_p5_w3_regular,G3_p2,10.0,G3,Event,0,0,0,0,0,0,,0.0006704101342861266,0.0016605984196939848,0.0009901882854078583,1.0,1.0
G3_p5_w3_regular,G3_p2,10.0,G3,Combined,0,0,0,0,0,0,,0.0009500049903810829,0.001667562760501285,0.0007175577701202022,1.0,1.0
G3_p5_w3_regular,G3_p2,10.0,G3,Agreement,0,0,0,0,0,0,,0.30000000000000004,0.3666666666666667,0.06666666666666665,1.0,1.0
G3_p5_w3_regular,G3_p2,20.0,G3,Global,0,0,0,0,0,0,,0.00014900152753281372,0.00017739073546194336,2.8389207929129645e-05,1.0,1.0
G3_p5_w3_regular,G3_p2,20.0,G3,Event,0,0,0,0,0,0,,0.00047363576592467186,0.000593865236531516,0.00012022947060684415,1.0,1.0
G3_p5_w3_regular,G3_p2,20.0,G3,Combined,0,0,0,0,0,0,,2.9198881148247622e-05,3.433349139436113e-05,5.134610246113511e-06,1.0,1.0
G3_p5_w3_regular,G3_p2,20.0,G3,Agreement,0,0,0,0,0,0,,0.33333333333333337,0.3548387096774194,0.021505376344086002,1.0,1.0
G3_p5_w3_regular,G3_p3,-5.0,G3,Global,0,0,0,0,0,0,,0.5397252881526466,0.6105996759350979,0.07087438778245125,0.9714285714285714,1.0
G3_p5_w3_regular,G3_p3,-5.0,G3,Event,0,0,0,0,0,0,,0.043705964751874014,0.14422654962035142,0.1005205848684774,0.9714285714285714,1.0
G3_p5_w3_regular,G3_p3,-5.0,G3,Combined,0,0,0,0,0,0,,0.534794041102107,0.7948719507934209,0.26007790969131384,0.9714285714285714,1.0
G3_p5_w3_regular,G3_p3,-5.0,G3,Agreement,0,0,0,0,0,0,,0.7222222222222222,0.8378378378378378,0.11561561561561562,0.9714285714285714,1.0
G3_p5_w3_regular,G3_p3,0.0,G3,Global,0,0,0,0,0,0,,0.02420655833361107,0.03817716156275687,0.013970603229145801,1.0,1.0
G3_p5_w3_regular,G3_p3,0.0,G3,Event,0,0,0,0,0,0,,0.022115822104622276,0.06413322540922622,0.04201740330460395,1.0,1.0
G3_p5_w3_regular,G3_p3,0.0,G3,Combined,0,0,0,0,0,0,,0.14081918395568047,0.28377053053188495,0.14295134657620448,1.0,1.0
G3_p5_w3_regular,G3_p3,0.0,G3,Agreement,0,0,0,0,0,0,,0.23404255319148937,0.34615384615384615,0.11211129296235678,1.0,1.0
G3_p5_w3_regular,G3_p3,10.0,G3,Global,0,0,0,0,0,0,,0.0006541402895320641,0.0014158384237270647,0.0007616981341950006,1.0,1.0
G3_p5_w3_regular,G3_p3,10.0,G3,Event,0,0,0,0,0,0,,0.001086236348841929,0.004073459317327388,0.002987222968485459,1.0,1.0
G3_p5_w3_regular,G3_p3,10.0,G3,Combined,0,0,0,0,0,0,,0.0003015001796813306,0.001765056810950869,0.0014635566312695384,1.0,1.0
G3_p5_w3_regular,G3_p3,10.0,G3,Agreement,0,0,0,0,0,0,,0.288135593220339,0.3114754098360656,0.023339816615726594,1.0,1.0
G3_p5_w3_regular,G3_p3,20.0,G3,Global,0,0,0,0,0,0,,0.00013989226042758813,0.0001953736881438003,5.5481427716212186e-05,1.0,1.0
G3_p5_w3_regular,G3_p3,20.0,G3,Event,0,0,0,0,0,0,,0.0005197241575476728,0.000634006409023111,0.00011428225147543818,1.0,1.0
G3_p5_w3_regular,G3_p3,20.0,G3,Combined,0,0,0,0,0,0,,2.718912326089609e-05,4.304510513757548e-05,1.585598187667939e-05,1.0,1.0
G3_p5_w3_regular,G3_p3,20.0,G3,Agreement,0,0,0,0,0,0,,0.32258064516129037,0.33333333333333337,0.010752688172043001,1.0,1.0
G3_p5_w3_regular,G3_p4,-5.0,G3,Global,4,0,0,0,0,0,,0.5736913226141279,0.7950360011443982,0.2213446785302703,0.8648648648648649,0.9444444444444444
G3_p5_w3_regular,G3_p4,-5.0,G3,Event,4,0,0,0,0,0,,0.5678954306035988,0.8657665967724614,0.29787116616886256,0.8648648648648649,0.9444444444444444
G3_p5_w3_regular,G3_p4,-5.0,G3,Combined,4,0,0,0,0,0,,0.6916698742130838,0.9615225309712037,0.26985265675811987,0.8648648648648649,0.9444444444444444
G3_p5_w3_regular,G3_p4,-5.0,G3,Agreement,4,0,0,0,0,0,,0.8666666666666667,1.0,0.1333333333333333,0.8648648648648649,0.9444444444444444
G3_p5_w3_regular,G3_p4,0.0,G3,Global,0,0,0,0,0,0,,0.038956940926289055,0.09361671294128564,0.05465977201499658,0.9714285714285714,1.0
G3_p5_w3_regular,G3_p4,0.0,G3,Event,0,0,0,0,0,0,,0.015418898888264865,0.0738652979736556,0.05844639908539073,0.9714285714285714,1.0
G3_p5_w3_regular,G3_p4,0.0,G3,Combined,0,0,0,0,0,0,,0.03003925279443611,0.1630363705243453,0.1329971177299092,0.9714285714285714,1.0
G3_p5_w3_regular,G3_p4,0.0,G3,Agreement,0,0,0,0,0,0,,0.8571428571428572,0.9310344827586207,0.07389162561576346,0.9714285714285714,1.0
G3_p5_w3_regular,G3_p4,10.0,G3,Global,0,0,0,0,0,0,,0.0008461054248536963,0.0013616845739165457,0.0005155791490628495,1.0,1.0
G3_p5_w3_regular,G3_p4,10.0,G3,Event,0,0,0,0,0,0,,0.0029927115718090106,0.007718477620456962,0.004725766048647951,1.0,1.0
G3_p5_w3_regular,G3_p4,10.0,G3,Combined,0,0,0,0,0,0,,0.0006125584680015294,0.001626191280547392,0.0010136328125458626,1.0,1.0
G3_p5_w3_regular,G3_p4,10.0,G3,Agreement,0,0,0,0,0,0,,0.16666666666666663,0.28301886792452835,0.11635220125786172,1.0,1.0
G3_p5_w3_regular,G3_p4,20.0,G3,Global,0,0,0,0,0,0,,0.00013163269860662732,0.00016795081376643454,3.631811515980723e-05,1.0,1.0
G3_p5_w3_regular,G3_p4,20.0,G3,Event,0,0,0,0,0,0,,0.0005990951594168023,0.00084007395082245,0.0002409787914056477,1.0,1.0
G3_p5_w3_regular,G3_p4,20.0,G3,Combined,0,0,0,0,0,0,,3.096993709585705e-05,4.377435138014096e-05,1.2804414284283909e-05,1.0,1.0
G3_p5_w3_regular,G3_p4,20.0,G3,Agreement,0,0,0,0,0,0,,0.26315789473684215,0.32258064516129037,0.05942275042444822,1.0,1.0
G3_p5_w3_variable,G3_p1,-5.0,G3,Global,4,0,0,0,0,0,,0.8825345945611385,0.9735606353724666,0.09102604081132815,0.6808510638297872,0.7727272727272727
G3_p5_w3_variable,G3_p1,-5.0,G3,Event,4,0,0,0,0,0,,0.972078937530778,0.9991014469252447,0.02702250939446671,0.6808510638297872,0.7727272727272727
G3_p5_w3_variable,G3_p1,-5.0,G3,Combined,4,0,0,0,0,0,,0.9718552960225497,0.998216296276079,0.026361000253529276,0.6808510638297872,0.7727272727272727
G3_p5_w3_variable,G3_p1,-5.0,G3,Agreement,4,0,0,0,0,0,,0.6,0.6862745098039216,0.0862745098039216,0.6808510638297872,0.7727272727272727
G3_p5_w3_variable,G3_p1,0.0,G3,Global,4,0,0,0,0,0,,0.21592442308327076,0.37862721434290253,0.16270279125963177,0.8636363636363636,0.9230769230769231
G3_p5_w3_variable,G3_p1,0.0,G3,Event,4,0,0,0,0,0,,0.6746407819528256,0.9440822876261797,0.2694415056733541,0.8636363636363636,0.9230769230769231
G3_p5_w3_variable,G3_p1,0.0,G3,Combined,4,0,0,0,0,0,,0.8214781439290628,0.937347988946333,0.11586984501727016,0.8636363636363636,0.9230769230769231
G3_p5_w3_variable,G3_p1,0.0,G3,Agreement,4,0,0,0,0,0,,0.26315789473684215,0.4545454545454546,0.19138755980861244,0.8636363636363636,0.9230769230769231
G3_p5_w3_variable,G3_p1,10.0,G3,Global,0,0,0,0,0,0,,0.0007154139467470741,0.0015228281528825327,0.0008074142061354586,1.0,1.0
G3_p5_w3_variable,G3_p1,10.0,G3,Event,0,0,0,0,0,0,,0.0019132213525857318,0.002514776574374725,0.0006015552217889933,1.0,1.0
G3_p5_w3_variable,G3_p1,10.0,G3,Combined,0,0,0,0,0,0,,0.0003788429246232809,0.0006672969429152283,0.0002884540182919474,1.0,1.0
G3_p5_w3_variable,G3_p1,10.0,G3,Agreement,0,0,0,0,0,0,,0.19999999999999996,0.2786885245901639,0.07868852459016396,1.0,1.0
G3_p5_w3_variable,G3_p1,20.0,G3,Global,0,0,0,0,0,0,,0.00020985405126550198,0.0002689273483541882,5.907329708868621e-05,1.0,1.0
G3_p5_w3_variable,G3_p1,20.0,G3,Event,0,0,0,0,0,0,,0.0005570639059095785,0.0006371947520233638,8.013084611378535e-05,1.0,1.0
G3_p5_w3_variable,G3_p1,20.0,G3,Combined,0,0,0,0,0,0,,3.4481357176198154e-05,4.157063963886803e-05,7.089282462669878e-06,1.0,1.0
G3_p5_w3_variable,G3_p1,20.0,G3,Agreement,0,0,0,0,0,0,,0.2666666666666667,0.3125,0.04583333333333328,1.0,1.0
G3_p5_w3_variable,G3_p2,-5.0,G3,Global,0,0,0,0,0,0,,0.34476528880341584,0.5398439503426872,0.19507866153927134,1.0,1.0
G3_p5_w3_variable,G3_p2,-5.0,G3,Event,0,0,0,0,0,0,,0.006022013602320501,0.021207825442990103,0.0151858118406696,1.0,1.0
G3_p5_w3_variable,G3_p2,-5.0,G3,Combined,0,0,0,0,0,0,,0.2968280789455896,0.6632526074497914,0.3664245285042018,1.0,1.0
G3_p5_w3_variable,G3_p2,-5.0,G3,Agreement,0,0,0,0,0,0,,0.9230769230769231,1.0,0.07692307692307687,1.0,1.0
G3_p5_w3_variable,G3_p2,0.0,G3,Global,0,0,0,0,0,0,,0.047452625505343106,0.12420904915884967,0.07675642365350657,1.0,1.0
G3_p5_w3_variable,G3_p2,0.0,G3,Event,0,0,0,0,0,0,,0.002595480347191904,0.0292813847738281,0.026685904426636195,1.0,1.0
G3_p5_w3_variable,G3_p2,0.0,G3,Combined,0,0,0,0,0,0,,0.05274123416522176,0.47072946737574123,0.4179882332105195,1.0,1.0
G3_p5_w3_variable,G3_p2,0.0,G3,Agreement,0,0,0,0,0,0,,0.5294117647058824,0.9230769230769231,0.39366515837104077,1.0,1.0
G3_p5_w3_variable,G3_p2,10.0,G3,Global,0,0,0,0,0,0,,0.0018918097108636869,0.007215623460276252,0.005323813749412565,1.0,1.0
G3_p5_w3_variable,G3_p2,10.0,G3,Event,0,0,0,0,0,0,,0.0011633468556192662,0.003838468909215188,0.0026751220535959222,1.0,1.0
G3_p5_w3_variable,G3_p2,10.0,G3,Combined,0,0,0,0,0,0,,0.0009467971168694852,0.0041178536431546574,0.0031710565262851723,1.0,1.0
G3_p5_w3_variable,G3_p2,10.0,G3,Agreement,0,0,0,0,0,0,,0.19999999999999996,0.3770491803278688,0.17704918032786887,1.0,1.0
G3_p5_w3_variable,G3_p2,20.0,G3,Global,0,0,0,0,0,0,,0.00024857760655305376,0.00034652390276792655,9.79462962148728e-05,1.0,1.0
G3_p5_w3_variable,G3_p2,20.0,G3,Event,0,0,0,0,0,0,,0.0005250111210460123,0.0006794042703731192,0.00015439314932710684,1.0,1.0
G3_p5_w3_variable,G3_p2,20.0,G3,Combined,0,0,0,0,0,0,,4.1935999812443676e-05,4.80945300572679e-05,6.158530244824222e-06,1.0,1.0
G3_p5_w3_variable,G3_p2,20.0,G3,Agreement,0,0,0,0,0,0,,0.32307692307692304,0.33333333333333337,0.010256410256410331,1.0,1.0
G3_p5_w3_variable,G3_p3,-5.0,G3,Global,0,0,0,0,0,0,,0.507001091824252,0.7110639132350491,0.20406282141079712,0.9743589743589743,1.0
G3_p5_w3_variable,G3_p3,-5.0,G3,Event,0,0,0,0,0,0,,0.026329165027995746,0.47077262892207944,0.4444434638940837,0.9743589743589743,1.0
G3_p5_w3_variable,G3_p3,-5.0,G3,Combined,0,0,0,0,0,0,,0.32169868734887225,0.9141242442432522,0.5924255568943799,0.9743589743589743,1.0
G3_p5_w3_variable,G3_p3,-5.0,G3,Agreement,0,0,0,0,0,0,,0.48571428571428577,0.8235294117647058,0.3378151260504201,0.9743589743589743,1.0
G3_p5_w3_variable,G3_p3,0.0,G3,Global,0,0,0,0,0,0,,0.028070628018446717,0.04773686616903594,0.019666238150589224,1.0,1.0
G3_p5_w3_variable,G3_p3,0.0,G3,Event,0,0,0,0,0,0,,0.014257031550163514,0.22362928361917359,0.20937225206901008,1.0,1.0
G3_p5_w3_variable,G3_p3,0.0,G3,Combined,0,0,0,0,0,0,,0.12273373856553102,0.5093851564611824,0.3866514178956514,1.0,1.0
G3_p5_w3_variable,G3_p3,0.0,G3,Agreement,0,0,0,0,0,0,,0.12,0.31999999999999995,0.19999999999999996,1.0,1.0
G3_p5_w3_variable,G3_p3,10.0,G3,Global,0,0,0,0,0,0,,0.0011722656146865179,0.0016685132250400473,0.0004962476103535294,1.0,1.0
G3_p5_w3_variable,G3_p3,10.0,G3,Event,0,0,0,0,0,0,,0.001282055200633947,0.005618796013237957,0.0043367408126040105,1.0,1.0
G3_p5_w3_variable,G3_p3,10.0,G3,Combined,0,0,0,0,0,0,,0.0005089528273768961,0.0024383202790495065,0.0019293674516726103,1.0,1.0
G3_p5_w3_variable,G3_p3,10.0,G3,Agreement,0,0,0,0,0,0,,0.23636363636363633,0.2786885245901639,0.04232488822652758,1.0,1.0
G3_p5_w3_variable,G3_p3,20.0,G3,Global,0,0,0,0,0,0,,0.00024195826704979402,0.0003019405546201532,5.9982287570359164e-05,1.0,1.0
G3_p5_w3_variable,G3_p3,20.0,G3,Event,0,0,0,0,0,0,,0.0005721401165122488,0.0007628874021245674,0.00019074728561231863,1.0,1.0
G3_p5_w3_variable,G3_p3,20.0,G3,Combined,0,0,0,0,0,0,,3.719111890883191e-05,5.920894046561454e-05,2.201782155678263e-05,1.0,1.0
G3_p5_w3_variable,G3_p3,20.0,G3,Agreement,0,0,0,0,0,0,,0.3015873015873016,0.32307692307692304,0.021489621489621413,1.0,1.0
G3_p5_w3_variable,G3_p4,-5.0,G3,Global,1,1,3,0,0,3,0.0,0.7139127124552965,0.8476581706883752,0.1337454582330787,0.9047619047619048,1.0
G3_p5_w3_variable,G3_p4,-5.0,G3,Event,1,1,3,3,0,0,1.0,0.4908555682877696,0.9236286091778375,0.4327730408900679,0.9047619047619048,1.0
G3_p5_w3_variable,G3_p4,-5.0,G3,Combined,1,1,3,3,0,0,1.0,0.8340057335062975,0.9673943802886187,0.1333886467823212,0.9047619047619048,1.0
G3_p5_w3_variable,G3_p4,-5.0,G3,Agreement,1,1,3,0,0,3,0.0,0.7058823529411764,1.0,0.2941176470588236,0.9047619047619048,1.0
G3_p5_w3_variable,G3_p4,0.0,G3,Global,0,0,0,0,0,0,,0.05120884086676912,0.18490155829213764,0.13369271742536853,0.9743589743589743,1.0
G3_p5_w3_variable,G3_p4,0.0,G3,Event,0,0,0,0,0,0,,0.012662984150787865,0.07623623485173944,0.06357325070095157,0.9743589743589743,1.0
G3_p5_w3_variable,G3_p4,0.0,G3,Combined,0,0,0,0,0,0,,0.0379269158686446,0.2700187881978772,0.23209187232923262,0.9743589743589743,1.0
G3_p5_w3_variable,G3_p4,0.0,G3,Agreement,0,0,0,0,0,0,,0.8,0.935483870967742,0.13548387096774195,0.9743589743589743,1.0
G3_p5_w3_variable,G3_p4,10.0,G3,Global,0,0,0,0,0,0,,0.0011594942018959063,0.003971915959048154,0.0028124217571522474,1.0,1.0
G3_p5_w3_variable,G3_p4,10.0,G3,Event,0,0,0,0,0,0,,0.0026487444128480424,0.005032027313547524,0.002383282900699482,1.0,1.0
G3_p5_w3_variable,G3_p4,10.0,G3,Combined,0,0,0,0,0,0,,0.0006956464488213833,0.0029723406740040296,0.002276694225182646,1.0,1.0
G3_p5_w3_variable,G3_p4,10.0,G3,Agreement,0,0,0,0,0,0,,0.17647058823529416,0.21568627450980393,0.039215686274509776,1.0,1.0
G3_p5_w3_variable,G3_p4,20.0,G3,Global,0,0,0,0,0,0,,0.00023983193184781094,0.0003490771059594053,0.00010924517411159437,1.0,1.0
G3_p5_w3_variable,G3_p4,20.0,G3,Event,0,0,0,0,0,0,,0.000645834774113288,0.0007154184890000056,6.958371488671765e-05,1.0,1.0
G3_p5_w3_variable,G3_p4,20.0,G3,Combined,0,0,0,0,0,0,,4.026707014344374e-05,5.8514799941107796e-05,1.8247729797664056e-05,1.0,1.0
G3_p5_w3_variable,G3_p4,20.0,G3,Agreement,0,0,0,0,0,0,,0.29032258064516125,0.3125,0.022177419354838745,1.0,1.0
G4_p0_w0_regular,G4_p1,-5.0,G4,Global,4,0,0,0,0,0,,0.9999807351615524,0.999996793029291,1.605786773861695e-05,0.5909090909090909,0.7555555555555555
G4_p0_w0_regular,G4_p1,-5.0,G4,Event,4,0,0,0,0,0,,0.9903440141228431,0.9992119689398294,0.008867954816986323,0.5909090909090909,0.7555555555555555
G4_p0_w0_regular,G4_p1,-5.0,G4,Combined,4,0,0,0,0,0,,0.9999637376486524,0.9999807515279951,1.7013879342719918e-05,0.5909090909090909,0.7555555555555555
G4_p0_w0_regular,G4_p1,-5.0,G4,Agreement,4,0,0,0,0,0,,0.5217391304347826,0.7073170731707317,0.18557794273594908,0.5909090909090909,0.7555555555555555
G4_p0_w0_regular,G4_p1,0.0,G4,Global,4,0,0,0,0,0,,0.9750026701505143,0.9956700609940441,0.020667390843529754,0.8205128205128205,0.9302325581395349
G4_p0_w0_regular,G4_p1,0.0,G4,Event,4,0,0,0,0,0,,0.884870435881156,0.9897171428342812,0.10484670695312526,0.8205128205128205,0.9302325581395349
G4_p0_w0_regular,G4_p1,0.0,G4,Combined,4,0,0,0,0,0,,0.9813036720977435,0.9941764632203033,0.01287279112255979,0.8205128205128205,0.9302325581395349
G4_p0_w0_regular,G4_p1,0.0,G4,Agreement,4,0,0,0,0,0,,0.2857142857142857,0.7222222222222222,0.4365079365079365,0.8205128205128205,0.9302325581395349
G4_p0_w0_regular,G4_p1,10.0,G4,Global,0,0,0,0,0,0,,0.012644539943096491,0.02955497017632045,0.016910430233223958,1.0,1.0
G4_p0_w0_regular,G4_p1,10.0,G4,Event,0,0,0,0,0,0,,0.0018165587318642142,0.002519008735464786,0.0007024500036005717,1.0,1.0
G4_p0_w0_regular,G4_p1,10.0,G4,Combined,0,0,0,0,0,0,,0.0022620762471510496,0.0040763586710766886,0.001814282423925639,1.0,1.0
G4_p0_w0_regular,G4_p1,10.0,G4,Agreement,0,0,0,0,0,0,,0.25,0.33333333333333337,0.08333333333333337,1.0,1.0
G4_p0_w0_regular,G4_p1,20.0,G4,Global,0,0,0,0,0,0,,0.00568922992116078,0.008005765386833808,0.0023165354656730277,1.0,1.0
G4_p0_w0_regular,G4_p1,20.0,G4,Event,0,0,0,0,0,0,,0.0009934004261391465,0.001064998276358954,7.159785021980739e-05,1.0,1.0
G4_p0_w0_regular,G4_p1,20.0,G4,Combined,0,0,0,0,0,0,,0.0011663903643404471,0.0014579436627947537,0.0002915532984543066,1.0,1.0
G4_p0_w0_regular,G4_p1,20.0,G4,Agreement,0,0,0,0,0,0,,0.33333333333333337,0.33333333333333337,0.0,1.0,1.0
G4_p0_w0_regular,G4_p2,-5.0,G4,Global,4,0,0,0,0,0,,0.99822985690385,0.9992927566477505,0.0010628997439005028,0.782608695652174,0.9090909090909091
G4_p0_w0_regular,G4_p2,-5.0,G4,Event,4,0,0,0,0,0,,0.9171093606483668,0.9924427499330315,0.07533338928466471,0.782608695652174,0.9090909090909091
G4_p0_w0_regular,G4_p2,-5.0,G4,Combined,4,0,0,0,0,0,,0.9985677979131676,0.9995597546175257,0.0009919567043580324,0.782608695652174,0.9090909090909091
G4_p0_w0_regular,G4_p2,-5.0,G4,Agreement,4,0,0,0,0,0,,0.8235294117647058,0.8947368421052632,0.07120743034055732,0.782608695652174,0.9090909090909091
G4_p0_w0_regular,G4_p2,0.0,G4,Global,0,0,0,0,0,0,,0.6325190785586177,0.7901685045476312,0.15764942598901355,0.975609756097561,1.0
G4_p0_w0_regular,G4_p2,0.0,G4,Event,0,0,0,0,0,0,,0.02002251259770247,0.31871879043808404,0.29869627784038155,0.975609756097561,1.0
G4_p0_w0_regular,G4_p2,0.0,G4,Combined,0,0,0,0,0,0,,0.3268302796269549,0.8032923641675986,0.47646208454064376,0.975609756097561,1.0
G4_p0_w0_regular,G4_p2,0.0,G4,Agreement,0,0,0,0,0,0,,0.8787878787878788,0.9375,0.058712121212121215,0.975609756097561,1.0
G4_p0_w0_regular,G4_p2,10.0,G4,Global,0,0,0,0,0,0,,0.011241472042049208,0.016328188155670498,0.005086716113621289,1.0,1.0
G4_p0_w0_regular,G4_p2,10.0,G4,Event,0,0,0,0,0,0,,0.0035874476128556843,0.004596879567509842,0.0010094319546541577,1.0,1.0
G4_p0_w0_regular,G4_p2,10.0,G4,Combined,0,0,0,0,0,0,,0.006061787031118549,0.009473684431063636,0.003411897399945087,1.0,1.0
G4_p0_w0_regular,G4_p2,10.0,G4,Agreement,0,0,0,0,0,0,,0.16981132075471694,0.2068965517241379,0.03708523096942096,1.0,1.0
G4_p0_w0_regular,G4_p2,20.0,G4,Global,0,0,0,0,0,0,,0.005452487566865407,0.006489675206945153,0.0010371876400797463,1.0,1.0
G4_p0_w0_regular,G4_p2,20.0,G4,Event,0,0,0,0,0,0,,0.0010616937688122494,0.0012096360756526003,0.00014794230684035095,1.0,1.0
G4_p0_w0_regular,G4_p2,20.0,G4,Combined,0,0,0,0,0,0,,0.0013907748931612804,0.0015597626048068005,0.00016898771164552007,1.0,1.0
G4_p0_w0_regular,G4_p2,20.0,G4,Agreement,0,0,0,0,0,0,,0.3142857142857143,0.34285714285714286,0.02857142857142858,1.0,1.0
G4_p0_w0_regular,G4_p3,-5.0,G4,Global,0,0,0,0,0,0,,0.41643348692715904,0.917096178900767,0.5006626919736079,0.975609756097561,1.0
G4_p0_w0_regular,G4_p3,-5.0,G4,Event,0,0,0,0,0,0,,0.013553027275696494,0.029243519210677412,0.01569049193498092,0.975609756097561,1.0
G4_p0_w0_regular,G4_p3,-5.0,G4,Combined,0,0,0,0,0,0,,0.02482712725668068,0.2266415773469702,0.20181445009028953,0.975609756097561,1.0
G4_p0_w0_regular,G4_p3,-5.0,G4,Agreement,0,0,0,0,0,0,,0.09433962264150941,0.1785714285714286,0.08423180592991919,0.975609756097561,1.0
G4_p0_w0_regular,G4_p3,0.0,G4,Global,0,0,0,0,0,0,,0.03811231201590031,0.23035717684789883,0.1922448648319985,0.975609756097561,1.0
G4_p0_w0_regular,G4_p3,0.0,G4,Event,0,0,0,0,0,0,,0.0038658480426716872,0.007304256048415637,0.00343840800574395,0.975609756097561,1.0
G4_p0_w0_regular,G4_p3,0.0,G4,Combined,0,0,0,0,0,0,,0.0048705418712820725,0.02279891204123718,0.017928370169955108,0.975609756097561,1.0
G4_p0_w0_regular,G4_p3,0.0,G4,Agreement,0,0,0,0,0,0,,0.24242424242424243,0.3142857142857143,0.07186147186147185,0.975609756097561,1.0
G4_p0_w0_regular,G4_p3,10.0,G4,Global,0,0,0,0,0,0,,0.009987647954791444,0.017396137342953418,0.007408489388161974,1.0,1.0
G4_p0_w0_regular,G4_p3,10.0,G4,Event,0,0,0,0,0,0,,0.0011942856165590907,0.0014334956083491086,0.00023920999179001794,1.0,1.0
G4_p0_w0_regular,G4_p3,10.0,G4,Combined,0,0,0,0,0,0,,0.0016186729311537318,0.002718014114485905,0.0010993411833321732,1.0,1.0
G4_p0_w0_regular,G4_p3,10.0,G4,Agreement,0,0,0,0,0,0,,0.33333333333333337,0.33333333333333337,0.0,1.0,1.0
G4_p0_w0_regular,G4_p3,20.0,G4,Global,0,0,0,0,0,0,,0.007087463719684233,0.00770932150376055,0.0006218577840763169,1.0,1.0
G4_p0_w0_regular,G4_p3,20.0,G4,Event,0,0,0,0,0,0,,0.000983247236063924,0.0010207017017729364,3.7454465709012286e-05,1.0,1.0
G4_p0_w0_regular,G4_p3,20.0,G4,Combined,0,0,0,0,0,0,,0.0013159591438049155,0.0014759127578503467,0.00015995361404543126,1.0,1.0
G4_p0_w0_regular,G4_p3,20.0,G4,Agreement,0,0,0,0,0,0,,0.323943661971831,0.33333333333333337,0.009389671361502372,1.0,1.0
G4_p0_w0_regular,G4_p4,-5.0,G4,Global,4,0,0,0,0,0,,0.9839193793407489,0.9895534898273489,0.005634110486600008,0.7659574468085106,0.8444444444444444
G4_p0_w0_regular,G4_p4,-5.0,G4,Event,4,0,0,0,0,0,,0.979745563427397,0.9922219661585342,0.012476402731137148,0.7659574468085106,0.8444444444444444
G4_p0_w0_regular,G4_p4,-5.0,G4,Combined,4,0,0,0,0,0,,0.9921612982542577,0.9989612664605578,0.006799968206300133,0.7659574468085106,0.8444444444444444
G4_p0_w0_regular,G4_p4,-5.0,G4,Agreement,4,0,0,0,0,0,,0.6086956521739131,0.7777777777777778,0.1690821256038647,0.7659574468085106,0.8444444444444444
G4_p0_w0_regular,G4_p4,0.0,G4,Global,1,1,3,1,0,2,0.3333333333333333,0.3681251672176614,0.45377647466515536,0.08565130744749394,0.9090909090909091,0.975609756097561
G4_p0_w0_regular,G4_p4,0.0,G4,Event,1,1,3,3,0,0,1.0,0.1184288980734702,0.9042274943056944,0.7857985962322241,0.9090909090909091,0.975609756097561
G4_p0_w0_regular,G4_p4,0.0,G4,Combined,1,1,3,3,0,0,1.0,0.24831872333757082,0.8329208175487148,0.5846020942111441,0.9090909090909091,0.975609756097561
G4_p0_w0_regular,G4_p4,0.0,G4,Agreement,1,1,3,0,0,3,0.0,0.6363636363636364,0.8571428571428572,0.22077922077922085,0.9090909090909091,0.975609756097561
G4_p0_w0_regular,G4_p4,10.0,G4,Global,0,0,0,0,0,0,,0.011721902163417399,0.014325197499887815,0.002603295336470416,1.0,1.0
G4_p0_w0_regular,G4_p4,10.0,G4,Event,0,0,0,0,0,0,,0.0038735314165302464,0.0054951356490147,0.0016216042324844531,1.0,1.0
G4_p0_w0_regular,G4_p4,10.0,G4,Combined,0,0,0,0,0,0,,0.003965017714688478,0.0062765728668393896,0.0023115551521509115,1.0,1.0
G4_p0_w0_regular,G4_p4,10.0,G4,Agreement,0,0,0,0,0,0,,0.1724137931034483,0.24137931034482762,0.06896551724137934,1.0,1.0
G4_p0_w0_regular,G4_p4,20.0,G4,Global,0,0,0,0,0,0,,0.006388192537908373,0.006987163645703683,0.0005989711077953094,1.0,1.0
G4_p0_w0_regular,G4_p4,20.0,G4,Event,0,0,0,0,0,0,,0.001098875373039779,0.0012997222816452472,0.00020084690860546817,1.0,1.0
G4_p0_w0_regular,G4_p4,20.0,G4,Combined,0,0,0,0,0,0,,0.0013284312809026487,0.0016058047143362782,0.0002773734334336295,1.0,1.0
G4_p0_w0_regular,G4_p4,20.0,G4,Agreement,0,0,0,0,0,0,,0.2941176470588235,0.33333333333333337,0.03921568627450989,1.0,1.0
G4_p0_w0_variable,G4_p1,-5.0,G4,Global,4,0,0,0,0,0,,0.9999837413547965,0.9999996678317058,1.5926476909289278e-05,0.6382978723404256,0.7058823529411765
G4_p0_w0_variable,G4_p1,-5.0,G4,Event,4,0,0,0,0,0,,0.9985606230031795,0.999932464150891,0.0013718411477114945,0.6382978723404256,0.7058823529411765
G4_p0_w0_variable,G4_p1,-5.0,G4,Combined,4,0,0,0,0,0,,0.9999830818203331,0.9999999817730888,1.6899952755666803e-05,0.6382978723404256,0.7058823529411765
G4_p0_w0_variable,G4_p1,-5.0,G4,Agreement,4,0,0,0,0,0,,0.5555555555555556,0.6190476190476191,0.06349206349206349,0.6382978723404256,0.7058823529411765
G4_p0_w0_variable,G4_p1,0.0,G4,Global,4,0,0,0,0,0,,0.9879303791113597,0.999425872992107,0.01149549388074722,0.8444444444444444,0.9047619047619048
G4_p0_w0_variable,G4_p1,0.0,G4,Event,4,0,0,0,0,0,,0.9143397721563583,0.9741765295563068,0.05983675739994854,0.8444444444444444,0.9047619047619048
G4_p0_w0_variable,G4_p1,0.0,G4,Combined,4,0,0,0,0,0,,0.9807859480725506,0.999128562698351,0.018342614625800446,0.8444444444444444,0.9047619047619048
G4_p0_w0_variable,G4_p1,0.0,G4,Agreement,4,0,0,0,0,0,,0.23333333333333328,0.6216216216216216,0.3882882882882883,0.8444444444444444,0.9047619047619048
G4_p0_w0_variable,G4_p1,10.0,G4,Global,0,0,0,0,0,0,,0.009659524810571753,0.02724296848178003,0.017583443671208274,1.0,1.0
G4_p0_w0_variable,G4_p1,10.0,G4,Event,0,0,0,0,0,0,,0.0017390253220029492,0.003119549353269571,0.0013805240312666216,1.0,1.0
G4_p0_w0_variable,G4_p1,10.0,G4,Combined,0,0,0,0,0,0,,0.0018363540855140387,0.005535638963847824,0.0036992848783337856,1.0,1.0
G4_p0_w0_variable,G4_p1,10.0,G4,Agreement,0,0,0,0,0,0,,0.2615384615384615,0.33333333333333337,0.07179487179487187,1.0,1.0
G4_p0_w0_variable,G4_p1,20.0,G4,Global,0,0,0,0,0,0,,0.0041688126409873,0.005245288034620981,0.0010764753936336816,1.0,1.0
G4_p0_w0_variable,G4_p1,20.0,G4,Event,0,0,0,0,0,0,,0.001019090866827609,0.001131213269459775,0.00011212240263216598,1.0,1.0
G4_p0_w0_variable,G4_p1,20.0,G4,Combined,0,0,0,0,0,0,,0.0011306685587443703,0.0014493421322644344,0.0003186735735200641,1.0,1.0
G4_p0_w0_variable,G4_p1,20.0,G4,Agreement,0,0,0,0,0,0,,0.3142857142857143,0.323943661971831,0.009657947686116719,1.0,1.0
G4_p0_w0_variable,G4_p2,-5.0,G4,Global,4,0,0,0,0,0,,0.9987596654588707,0.9992927009606486,0.0005330355017778565,0.8085106382978723,0.9090909090909091
G4_p0_w0_variable,G4_p2,-5.0,G4,Event,4,0,0,0,0,0,,0.9522586549529379,0.9868778928055998,0.034619237852661855,0.8085106382978723,0.9090909090909091
G4_p0_w0_variable,G4_p2,-5.0,G4,Combined,4,0,0,0,0,0,,0.9972731025523583,0.9996408765499026,0.002367773997544287,0.8085106382978723,0.9090909090909091
G4_p0_w0_variable,G4_p2,-5.0,G4,Agreement,4,0,0,0,0,0,,0.7894736842105263,0.8823529411764706,0.09287925696594423,0.8085106382978723,0.9090909090909091
G4_p0_w0_variable,G4_p2,0.0,G4,Global,0,0,0,0,0,0,,0.69487014026715,0.8069808726964873,0.11211073242933733,0.9545454545454546,1.0
G4_p0_w0_variable,G4_p2,0.0,G4,Event,0,0,0,0,0,0,,0.02633891733329037,0.23672762040681425,0.21038870307352386,0.9545454545454546,1.0
G4_p0_w0_variable,G4_p2,0.0,G4,Combined,0,0,0,0,0,0,,0.2812907376497584,0.76836401188921,0.48707327423945157,0.9545454545454546,1.0
G4_p0_w0_variable,G4_p2,0.0,G4,Agreement,0,0,0,0,0,0,,0.7142857142857143,0.935483870967742,0.2211981566820277,0.9545454545454546,1.0
G4_p0_w0_variable,G4_p2,10.0,G4,Global,0,0,0,0,0,0,,0.009366521932910555,0.014010942151007812,0.004644420218097257,1.0,1.0
G4_p0_w0_variable,G4_p2,10.0,G4,Event,0,0,0,0,0,0,,0.003546252393893692,0.005288916695607584,0.0017426643017138918,1.0,1.0
G4_p0_w0_variable,G4_p2,10.0,G4,Combined,0,0,0,0,0,0,,0.005689225833255755,0.006772265619467823,0.0010830397862120677,1.0,1.0
G4_p0_w0_variable,G4_p2,10.0,G4,Agreement,0,0,0,0,0,0,,0.1428571428571429,0.19999999999999996,0.05714285714285705,1.0,1.0
G4_p0_w0_variable,G4_p2,20.0,G4,Global,0,0,0,0,0,0,,0.004148995960425856,0.004914335940615102,0.000765339980189246,1.0,1.0
G4_p0_w0_variable,G4_p2,20.0,G4,Event,0,0,0,0,0,0,,0.0011162953441306292,0.0011762787551832816,5.998341105265242e-05,1.0,1.0
G4_p0_w0_variable,G4_p2,20.0,G4,Combined,0,0,0,0,0,0,,0.0012308088295300585,0.00144869068636256,0.0002178818568325015,1.0,1.0
G4_p0_w0_variable,G4_p2,20.0,G4,Agreement,0,0,0,0,0,0,,0.3142857142857143,0.33333333333333337,0.01904761904761909,1.0,1.0
G4_p0_w0_variable,G4_p3,-5.0,G4,Global,0,0,0,0,0,0,,0.2902124090358414,0.8945705242273408,0.6043581151914994,0.9767441860465116,1.0
G4_p0_w0_variable,G4_p3,-5.0,G4,Event,0,0,0,0,0,0,,0.017447721612344157,0.05004951034824316,0.032601788735899,0.9767441860465116,1.0
G4_p0_w0_variable,G4_p3,-5.0,G4,Combined,0,0,0,0,0,0,,0.019851433173091168,0.24702319012598717,0.227171756952896,0.9767441860465116,1.0
G4_p0_w0_variable,G4_p3,-5.0,G4,Agreement,0,0,0,0,0,0,,0.0,0.12,0.12,0.9767441860465116,1.0
G4_p0_w0_variable,G4_p3,0.0,G4,Global,0,0,0,0,0,0,,0.02218586092901391,0.17414369222564166,0.15195783129662777,0.9767441860465116,1.0
G4_p0_w0_variable,G4_p3,0.0,G4,Event,0,0,0,0,0,0,,0.005662117977497849,0.008256486832419517,0.0025943688549216687,0.9767441860465116,1.0
G4_p0_w0_variable,G4_p3,0.0,G4,Combined,0,0,0,0,0,0,,0.004371672756788862,0.032521421403040804,0.028149748646251943,0.9767441860465116,1.0
G4_p0_w0_variable,G4_p3,0.0,G4,Agreement,0,0,0,0,0,0,,0.12727272727272732,0.23333333333333328,0.10606060606060597,0.9767441860465116,1.0
G4_p0_w0_variable,G4_p3,10.0,G4,Global,0,0,0,0,0,0,,0.006647434562309338,0.010851423317438548,0.0042039887551292105,1.0,1.0
G4_p0_w0_variable,G4_p3,10.0,G4,Event,0,0,0,0,0,0,,0.0012789276398574398,0.0015368477992279631,0.0002579201593705233,1.0,1.0
G4_p0_w0_variable,G4_p3,10.0,G4,Combined,0,0,0,0,0,0,,0.0014803304362376944,0.0026102460385966065,0.001129915602358912,1.0,1.0
G4_p0_w0_variable,G4_p3,10.0,G4,Agreement,0,0,0,0,0,0,,0.3142857142857143,0.323943661971831,0.009657947686116719,1.0,1.0
G4_p0_w0_variable,G4_p3,20.0,G4,Global,0,0,0,0,0,0,,0.004616787512750998,0.004879574555511624,0.0002627870427606262,1.0,1.0
G4_p0_w0_variable,G4_p3,20.0,G4,Event,0,0,0,0,0,0,,0.001018318944472826,0.0010322583166801908,1.3939372207364895e-05,1.0,1.0
G4_p0_w0_variable,G4_p3,20.0,G4,Combined,0,0,0,0,0,0,,0.001235870202502546,0.0013465272602740733,0.00011065705777152726,1.0,1.0
G4_p0_w0_variable,G4_p3,20.0,G4,Agreement,0,0,0,0,0,0,,0.3142857142857143,0.323943661971831,0.009657947686116719,1.0,1.0
G4_p0_w0_variable,G4_p4,-5.0,G4,Global,4,0,0,0,0,0,,0.981838161553468,0.986485711943702,0.004647550390234012,0.7346938775510204,0.851063829787234
G4_p0_w0_variable,G4_p4,-5.0,G4,Event,4,0,0,0,0,0,,0.9926983636218023,0.996478007574875,0.003779643953072731,0.7346938775510204,0.851063829787234
G4_p0_w0_variable,G4_p4,-5.0,G4,Combined,4,0,0,0,0,0,,0.9967404189285142,0.9989919573627375,0.0022515384342233213,0.7346938775510204,0.851063829787234
G4_p0_w0_variable,G4_p4,-5.0,G4,Agreement,4,0,0,0,0,0,,0.6086956521739131,0.8181818181818181,0.20948616600790504,0.7346938775510204,0.851063829787234
G4_p0_w0_variable,G4_p4,0.0,G4,Global,0,0,0,0,0,0,,0.2785005367253401,0.40532138539096796,0.12682084866562787,0.9545454545454546,1.0
G4_p0_w0_variable,G4_p4,0.0,G4,Event,0,0,0,0,0,0,,0.13519399594570694,0.7748945223770538,0.6397005264313469,0.9545454545454546,1.0
G4_p0_w0_variable,G4_p4,0.0,G4,Combined,0,0,0,0,0,0,,0.261841105081351,0.788782466119153,0.526941361037802,0.9545454545454546,1.0
G4_p0_w0_variable,G4_p4,0.0,G4,Agreement,0,0,0,0,0,0,,0.65,0.8974358974358975,0.24743589743589745,0.9545454545454546,1.0
G4_p0_w0_variable,G4_p4,10.0,G4,Global,0,0,0,0,0,0,,0.00591489537280706,0.010407072077600547,0.004492176704793487,1.0,1.0
G4_p0_w0_variable,G4_p4,10.0,G4,Event,0,0,0,0,0,0,,0.004660025398022686,0.006794888915586719,0.002134863517564033,1.0,1.0
G4_p0_w0_variable,G4_p4,10.0,G4,Combined,0,0,0,0,0,0,,0.00473101562724231,0.00600631878520559,0.0012753031579632798,1.0,1.0
G4_p0_w0_variable,G4_p4,10.0,G4,Agreement,0,0,0,0,0,0,,0.13725490196078427,0.24137931034482762,0.10412440838404335,1.0,1.0
G4_p0_w0_variable,G4_p4,20.0,G4,Global,0,0,0,0,0,0,,0.0037827387571984254,0.0046549683538309305,0.0008722295966325051,1.0,1.0
G4_p0_w0_variable,G4_p4,20.0,G4,Event,0,0,0,0,0,0,,0.001139732386763875,0.0012678826406178493,0.00012815025385397435,1.0,1.0
G4_p0_w0_variable,G4_p4,20.0,G4,Combined,0,0,0,0,0,0,,0.0013175813881286915,0.001400600881880247,8.301949375155563e-05,1.0,1.0
G4_p0_w0_variable,G4_p4,20.0,G4,Agreement,0,0,0,0,0,0,,0.2941176470588235,0.3142857142857143,0.020168067226890796,1.0,1.0
G4_p0_w1_regular,G4_p1,-5.0,G4,Global,4,0,0,0,0,0,,0.9999920976114081,0.9999990195002398,6.921888831779022e-06,0.6086956521739131,0.8
G4_p0_w1_regular,G4_p1,-5.0,G4,Event,4,0,0,0,0,0,,0.975781896278652,0.9991471885595564,0.02336529228090445,0.6086956521739131,0.8
G4_p0_w1_regular,G4_p1,-5.0,G4,Combined,4,0,0,0,0,0,,0.9999322882629453,0.9999986859388875,6.639767594218693e-05,0.6086956521739131,0.8
G4_p0_w1_regular,G4_p1,-5.0,G4,Agreement,4,0,0,0,0,0,,0.5384615384615384,0.6470588235294117,0.10859728506787325,0.6086956521739131,0.8
G4_p0_w1_regular,G4_p1,0.0,G4,Global,3,1,3,0,0,3,0.0,0.9874921497642556,0.9993926409233733,0.011900491159117732,0.8095238095238095,0.95
G4_p0_w1_regular,G4_p1,0.0,G4,Event,3,1,3,1,0,2,0.3333333333333333,0.7976894535111698,0.9555902230643877,0.15790076955321786,0.8095238095238095,0.95
G4_p0_w1_regular,G4_p1,0.0,G4,Combined,3,1,3,0,0,3,0.0,0.9717732695773984,0.9990029282101484,0.027229658632749953,0.8095238095238095,0.95
G4_p0_w1_regular,G4_p1,0.0,G4,Agreement,3,1,3,1,0,2,0.3333333333333333,0.16666666666666663,0.5,0.33333333333333337,0.8095238095238095,0.95
G4_p0_w1_regular,G4_p1,10.0,G4,Global,0,0,0,0,0,0,,0.012503050109859172,0.06345898264833609,0.05095593253847692,1.0,1.0
G4_p0_w1_regular,G4_p1,10.0,G4,Event,0,0,0,0,0,0,,0.001659631075641654,0.008656640309410945,0.006997009233769291,1.0,1.0
G4_p0_w1_regular,G4_p1,10.0,G4,Combined,0,0,0,0,0,0,,0.002190162322321447,0.02208131458014454,0.019891152257823095,1.0,1.0
G4_p0_w1_regular,G4_p1,10.0,G4,Agreement,0,0,0,0,0,0,,0.28358208955223885,0.32352941176470584,0.039947322212466996,1.0,1.0
G4_p0_w1_regular,G4_p1,20.0,G4,Global,0,0,0,0,0,0,,0.005124069878882353,0.007931030605251674,0.0028069607263693204,1.0,1.0
G4_p0_w1_regular,G4_p1,20.0,G4,Event,0,0,0,0,0,0,,0.0009969056133111427,0.0010938203913942158,9.691477808307304e-05,1.0,1.0
G4_p0_w1_regular,G4_p1,20.0,G4,Combined,0,0,0,0,0,0,,0.0012053435130165335,0.001592446185889256,0.00038710267287272245,1.0,1.0
G4_p0_w1_regular,G4_p1,20.0,G4,Agreement,0,0,0,0,0,0,,0.33333333333333337,0.33333333333333337,0.0,1.0,1.0
G4_p0_w1_regular,G4_p2,-5.0,G4,Global,4,0,0,0,0,0,,0.9976682021525138,0.9988632836685593,0.0011950815160454153,0.8181818181818182,0.8837209302325582
G4_p0_w1_regular,G4_p2,-5.0,G4,Event,4,0,0,0,0,0,,0.9347641770185692,0.9669727528659124,0.03220857584734327,0.8181818181818182,0.8837209302325582
G4_p0_w1_regular,G4_p2,-5.0,G4,Combined,4,0,0,0,0,0,,0.997874557500566,0.9985406753400076,0.0006661178394415934,0.8181818181818182,0.8837209302325582
G4_p0_w1_regular,G4_p2,-5.0,G4,Agreement,4,0,0,0,0,0,,0.8378378378378378,0.8888888888888888,0.05105105105105101,0.8181818181818182,0.8837209302325582
G4_p0_w1_regular,G4_p2,0.0,G4,Global,0,0,0,0,0,0,,0.5743255344868886,0.7412716847691685,0.16694615028227988,0.975609756097561,1.0
G4_p0_w1_regular,G4_p2,0.0,G4,Event,0,0,0,0,0,0,,0.030998246997468476,0.17042939917100924,0.13943115217354077,0.975609756097561,1.0
G4_p0_w1_regular,G4_p2,0.0,G4,Combined,0,0,0,0,0,0,,0.36075198535295355,0.693425199414005,0.3326732140610515,0.975609756097561,1.0
G4_p0_w1_regular,G4_p2,0.0,G4,Agreement,0,0,0,0,0,0,,0.8181818181818181,0.8823529411764706,0.06417112299465244,0.975609756097561,1.0
G4_p0_w1_regular,G4_p2,10.0,G4,Global,0,0,0,0,0,0,,0.009355434766834848,0.01874219184220527,0.00938675707537042,1.0,1.0
G4_p0_w1_regular,G4_p2,10.0,G4,Event,0,0,0,0,0,0,,0.0033204154761135697,0.00399309011569606,0.0006726746395824901,1.0,1.0
G4_p0_w1_regular,G4_p2,10.0,G4,Combined,0,0,0,0,0,0,,0.0055286645796235765,0.008855402709166172,0.0033267381295425955,1.0,1.0
G4_p0_w1_regular,G4_p2,10.0,G4,Agreement,0,0,0,0,0,0,,0.13207547169811318,0.22807017543859653,0.09599470374048336,1.0,1.0
G4_p0_w1_regular,G4_p2,20.0,G4,Global,0,0,0,0,0,0,,0.0044089385266178,0.006652174720906048,0.002243236194288248,1.0,1.0
G4_p0_w1_regular,G4_p2,20.0,G4,Event,0,0,0,0,0,0,,0.001083589854222466,0.0011676627967711552,8.40729425486892e-05,1.0,1.0
G4_p0_w1_regular,G4_p2,20.0,G4,Combined,0,0,0,0,0,0,,0.0012651084151729436,0.0016625269402150487,0.00039741852504210514,1.0,1.0
G4_p0_w1_regular,G4_p2,20.0,G4,Agreement,0,0,0,0,0,0,,0.3142857142857143,0.34285714285714286,0.02857142857142858,1.0,1.0
G4_p0_w1_regular,G4_p3,-5.0,G4,Global,0,0,0,0,0,0,,0.12153684867084794,0.7741822484227925,0.6526453997519446,0.95,1.0
G4_p0_w1_regular,G4_p3,-5.0,G4,Event,0,0,0,0,0,0,,0.019499996512950434,0.02616423175245088,0.006664235239500445,0.95,1.0
G4_p0_w1_regular,G4_p3,-5.0,G4,Combined,0,0,0,0,0,0,,0.0173305127448679,0.09185534392694877,0.07452483118208088,0.95,1.0
G4_p0_w1_regular,G4_p3,-5.0,G4,Agreement,0,0,0,0,0,0,,0.07692307692307687,0.1428571428571429,0.06593406593406603,0.95,1.0
G4_p0_w1_regular,G4_p3,0.0,G4,Global,0,0,0,0,0,0,,0.010233237312607718,0.0933727736348446,0.08313953632223688,0.975609756097561,1.0
G4_p0_w1_regular,G4_p3,0.0,G4,Event,0,0,0,0,0,0,,0.0035922946672807283,0.007371019177017265,0.0037787245097365366,0.975609756097561,1.0
G4_p0_w1_regular,G4_p3,0.0,G4,Combined,0,0,0,0,0,0,,0.0022826532228714005,0.015004859254642188,0.012722206031770787,0.975609756097561,1.0
G4_p0_w1_regular,G4_p3,0.0,G4,Agreement,0,0,0,0,0,0,,0.23076923076923073,0.32352941176470584,0.09276018099547512,0.975609756097561,1.0
G4_p0_w1_regular,G4_p3,10.0,G4,Global,0,0,0,0,0,0,,0.006047926296352473,0.010078037952360583,0.004030111656008109,1.0,1.0
G4_p0_w1_regular,G4_p3,10.0,G4,Event,0,0,0,0,0,0,,0.0012043877085789055,0.0014457527075016875,0.00024136499892278194,1.0,1.0
G4_p0_w1_regular,G4_p3,10.0,G4,Combined,0,0,0,0,0,0,,0.0013346565643634562,0.0021089572769454686,0.0007743007125820124,1.0,1.0
G4_p0_w1_regular,G4_p3,10.0,G4,Agreement,0,0,0,0,0,0,,0.323943661971831,0.33333333333333337,0.009389671361502372,1.0,1.0
G4_p0_w1_regular,G4_p3,20.0,G4,Global,0,0,0,0,0,0,,0.005239249180207844,0.005842403420738404,0.0006031542405305597,1.0,1.0
G4_p0_w1_regular,G4_p3,20.0,G4,Event,0,0,0,0,0,0,,0.0009813502116875418,0.0010058270413872755,2.447682969973367e-05,1.0,1.0
G4_p0_w1_regular,G4_p3,20.0,G4,Combined,0,0,0,0,0,0,,0.0012424904669682412,0.001342842133310499,0.00010035166634225789,1.0,1.0
G4_p0_w1_regular,G4_p3,20.0,G4,Agreement,0,0,0,0,0,0,,0.33333333333333337,0.33333333333333337,0.0,1.0,1.0
G4_p0_w1_regular,G4_p4,-5.0,G4,Global,4,0,0,0,0,0,,0.9854721254979701,0.9908000537890105,0.00532792829104034,0.7555555555555555,0.851063829787234
G4_p0_w1_regular,G4_p4,-5.0,G4,Event,4,0,0,0,0,0,,0.9570127230326628,0.9977455085540355,0.040732785521372716,0.7555555555555555,0.851063829787234
G4_p0_w1_regular,G4_p4,-5.0,G4,Combined,4,0,0,0,0,0,,0.9918982608551117,0.9987543606082272,0.006856099753115519,0.7555555555555555,0.851063829787234
G4_p0_w1_regular,G4_p4,-5.0,G4,Agreement,4,0,0,0,0,0,,0.627906976744186,0.7777777777777778,0.14987080103359174,0.7555555555555555,0.851063829787234
G4_p0_w1_regular,G4_p4,0.0,G4,Global,0,0,0,0,0,0,,0.36453015962221436,0.46296797132324735,0.098437811701033,0.9523809523809523,1.0
G4_p0_w1_regular,G4_p4,0.0,G4,Event,0,0,0,0,0,0,,0.12521230566555977,0.7286809711144518,0.6034686654488921,0.9523809523809523,1.0
G4_p0_w1_regular,G4_p4,0.0,G4,Combined,0,0,0,0,0,0,,0.17562303593033207,0.7438425346147955,0.5682194986844635,0.9523809523809523,1.0
G4_p0_w1_regular,G4_p4,0.0,G4,Agreement,0,0,0,0,0,0,,0.6,0.8571428571428572,0.25714285714285723,0.9523809523809523,1.0
G4_p0_w1_regular,G4_p4,10.0,G4,Global,0,0,0,0,0,0,,0.009397618162280135,0.011204944381420313,0.001807326219140178,1.0,1.0
G4_p0_w1_regular,G4_p4,10.0,G4,Event,0,0,0,0,0,0,,0.004672380241898519,0.0061919138801683335,0.0015195336382698146,1.0,1.0
G4_p0_w1_regular,G4_p4,10.0,G4,Combined,0,0,0,0,0,0,,0.0037321591994446345,0.0060698946809083255,0.002337735481463691,1.0,1.0
G4_p0_w1_regular,G4_p4,10.0,G4,Agreement,0,0,0,0,0,0,,0.1785714285714286,0.25806451612903225,0.07949308755760365,1.0,1.0
G4_p0_w1_regular,G4_p4,20.0,G4,Global,0,0,0,0,0,0,,0.004999745538507641,0.005500575496753706,0.0005008299582460645,1.0,1.0
G4_p0_w1_regular,G4_p4,20.0,G4,Event,0,0,0,0,0,0,,0.0012021506008211406,0.0013019237391378512,9.977313831671056e-05,1.0,1.0
G4_p0_w1_regular,G4_p4,20.0,G4,Combined,0,0,0,0,0,0,,0.001224250488454499,0.0014947345615635012,0.00027048407310900223,1.0,1.0
G4_p0_w1_regular,G4_p4,20.0,G4,Agreement,0,0,0,0,0,0,,0.2941176470588235,0.3142857142857143,0.020168067226890796,1.0,1.0
G4_p0_w1_variable,G4_p1,-5.0,G4,Global,4,0,0,0,0,0,,0.9999946919871655,0.999998758066687,4.066079521525268e-06,0.6808510638297872,0.7659574468085106
G4_p0_w1_variable,G4_p1,-5.0,G4,Event,4,0,0,0,0,0,,0.9955994470840841,0.9995398498648977,0.0039404027808136455,0.6808510638297872,0.7659574468085106
G4_p0_w1_variable,G4_p1,-5.0,G4,Combined,4,0,0,0,0,0,,0.9999917072398289,0.9999960936187163,4.386378887444309e-06,0.6808510638297872,0.7659574468085106
G4_p0_w1_variable,G4_p1,-5.0,G4,Agreement,4,0,0,0,0,0,,0.5384615384615384,0.6363636363636364,0.09790209790209792,0.6808510638297872,0.7659574468085106
G4_p0_w1_variable,G4_p1,0.0,G4,Global,4,0,0,0,0,0,,0.9863531454368868,0.9983391048000243,0.01198595936313751,0.8181818181818182,0.926829268292683
G4_p0_w1_variable,G4_p1,0.0,G4,Event,4,0,0,0,0,0,,0.8899861899206819,0.9868370187668796,0.09685082884619767,0.8181818181818182,0.926829268292683
G4_p0_w1_variable,G4_p1,0.0,G4,Combined,4,0,0,0,0,0,,0.9678176447755591,0.999085053256952,0.03126740848139287,0.8181818181818182,0.926829268292683
G4_p0_w1_variable,G4_p1,0.0,G4,Agreement,4,0,0,0,0,0,,0.16666666666666663,0.4736842105263158,0.3070175438596492,0.8181818181818182,0.926829268292683
G4_p0_w1_variable,G4_p1,10.0,G4,Global,0,0,0,0,0,0,,0.006526143602377105,0.019633620387607555,0.01310747678523045,1.0,1.0
G4_p0_w1_variable,G4_p1,10.0,G4,Event,0,0,0,0,0,0,,0.0017121001582920464,0.00258268143559218,0.0008705812773001334,1.0,1.0
G4_p0_w1_variable,G4_p1,10.0,G4,Combined,0,0,0,0,0,0,,0.0016650222958420838,0.0037964429824761813,0.0021314206866340974,1.0,1.0
G4_p0_w1_variable,G4_p1,10.0,G4,Agreement,0,0,0,0,0,0,,0.30434782608695654,0.32352941176470584,0.019181585677749302,1.0,1.0
G4_p0_w1_variable,G4_p1,20.0,G4,Global,0,0,0,0,0,0,,0.0028286913701089903,0.0038327777891413116,0.0010040864190323214,1.0,1.0
G4_p0_w1_variable,G4_p1,20.0,G4,Event,0,0,0,0,0,0,,0.001003440141258849,0.0010485109204475362,4.507077918868723e-05,1.0,1.0
G4_p0_w1_variable,G4_p1,20.0,G4,Combined,0,0,0,0,0,0,,0.0009335780282203901,0.0011103039651210141,0.000176725936900624,1.0,1.0
G4_p0_w1_variable,G4_p1,20.0,G4,Agreement,0,0,0,0,0,0,,0.323943661971831,0.33333333333333337,0.009389671361502372,1.0,1.0
G4_p0_w1_variable,G4_p2,-5.0,G4,Global,4,0,0,0,0,0,,0.998201638916411,0.9988730493995083,0.0006714104830972678,0.8636363636363636,0.9302325581395349
G4_p0_w1_variable,G4_p2,-5.0,G4,Event,4,0,0,0,0,0,,0.9173251016531465,0.9973608095732771,0.0800357079201306,0.8636363636363636,0.9302325581395349
G4_p0_w1_variable,G4_p2,-5.0,G4,Combined,4,0,0,0,0,0,,0.9981560136940196,0.9997817121943641,0.0016256985003444413,0.8636363636363636,0.9302325581395349
G4_p0_w1_variable,G4_p2,-5.0,G4,Agreement,4,0,0,0,0,0,,0.7435897435897436,0.8857142857142857,0.14212454212454206,0.8636363636363636,0.9302325581395349
G4_p0_w1_variable,G4_p2,0.0,G4,Global,1,1,3,0,0,3,0.0,0.5678491335778962,0.7005294359435655,0.1326803023656693,0.926829268292683,1.0
G4_p0_w1_variable,G4_p2,0.0,G4,Event,1,1,3,2,0,1,0.6666666666666666,0.051324501365297634,0.461408043258927,0.41008354189362933,0.926829268292683,1.0
G4_p0_w1_variable,G4_p2,0.0,G4,Combined,1,1,3,3,0,0,1.0,0.5219786860357145,0.8332520130149594,0.3112733269792449,0.926829268292683,1.0
G4_p0_w1_variable,G4_p2,0.0,G4,Agreement,1,1,3,3,0,0,1.0,0.7222222222222222,0.8787878787878788,0.15656565656565657,0.926829268292683,1.0
G4_p0_w1_variable,G4_p2,10.0,G4,Global,0,0,0,0,0,0,,0.006482947300475462,0.009791889377530482,0.00330894207705502,1.0,1.0
G4_p0_w1_variable,G4_p2,10.0,G4,Event,0,0,0,0,0,0,,0.003810928513251061,0.005413018537489621,0.00160209002423856,1.0,1.0
G4_p0_w1_variable,G4_p2,10.0,G4,Combined,0,0,0,0,0,0,,0.004342114788769682,0.008824903702982835,0.004482788914213154,1.0,1.0
G4_p0_w1_variable,G4_p2,10.0,G4,Agreement,0,0,0,0,0,0,,0.14814814814814814,0.19999999999999996,0.051851851851851816,1.0,1.0
G4_p0_w1_variable,G4_p2,20.0,G4,Global,0,0,0,0,0,0,,0.002976438878614234,0.0035660828329778047,0.0005896439543635707,1.0,1.0
G4_p0_w1_variable,G4_p2,20.0,G4,Event,0,0,0,0,0,0,,0.0010808839412740918,0.0011716607392307935,9.077679795670168e-05,1.0,1.0
G4_p0_w1_variable,G4_p2,20.0,G4,Combined,0,0,0,0,0,0,,0.0010789523246058136,0.0012439909534202739,0.0001650386288144603,1.0,1.0
G4_p0_w1_variable,G4_p2,20.0,G4,Agreement,0,0,0,0,0,0,,0.323943661971831,0.34285714285714286,0.018913480885311862,1.0,1.0
G4_p0_w1_variable,G4_p3,-5.0,G4,Global,0,0,0,0,0,0,,0.16939733002246934,0.7831146981994347,0.6137173681769653,0.975609756097561,1.0
G4_p0_w1_variable,G4_p3,-5.0,G4,Event,0,0,0,0,0,0,,0.013078879065418322,0.03897799282108821,0.025899113755669886,0.975609756097561,1.0
G4_p0_w1_variable,G4_p3,-5.0,G4,Combined,0,0,0,0,0,0,,0.01314116870112217,0.16221441300527562,0.14907324430415345,0.975609756097561,1.0
G4_p0_w1_variable,G4_p3,-5.0,G4,Agreement,0,0,0,0,0,0,,0.020408163265306145,0.14814814814814814,0.127739984882842,0.975609756097561,1.0
G4_p0_w1_variable,G4_p3,0.0,G4,Global,0,0,0,0,0,0,,0.011944222784390198,0.09679592205783069,0.0848516992734405,1.0,1.0
G4_p0_w1_variable,G4_p3,0.0,G4,Event,0,0,0,0,0,0,,0.00398882600582453,0.007133982193819822,0.0031451561879952917,1.0,1.0
G4_p0_w1_variable,G4_p3,0.0,G4,Combined,0,0,0,0,0,0,,0.002745799243353962,0.013040082018913376,0.010294282775559414,1.0,1.0
G4_p0_w1_variable,G4_p3,0.0,G4,Agreement,0,0,0,0,0,0,,0.2698412698412699,0.3142857142857143,0.0444444444444444,1.0,1.0
G4_p0_w1_variable,G4_p3,10.0,G4,Global,0,0,0,0,0,0,,0.004403236115115369,0.007078649741549909,0.0026754136264345403,1.0,1.0
G4_p0_w1_variable,G4_p3,10.0,G4,Event,0,0,0,0,0,0,,0.0012542206737324341,0.0015007254857952077,0.0002465048120627736,1.0,1.0
G4_p0_w1_variable,G4_p3,10.0,G4,Combined,0,0,0,0,0,0,,0.0011501755770875872,0.0018459604658329516,0.0006957848887453645,1.0,1.0
G4_p0_w1_variable,G4_p3,10.0,G4,Agreement,0,0,0,0,0,0,,0.323943661971831,0.33333333333333337,0.009389671361502372,1.0,1.0
G4_p0_w1_variable,G4_p3,20.0,G4,Global,0,0,0,0,0,0,,0.0030960005621975127,0.003360907009871866,0.0002649064476743534,1.0,1.0
G4_p0_w1_variable,G4_p3,20.0,G4,Event,0,0,0,0,0,0,,0.0009866165216025381,0.0010304889436104213,4.3872422007883204e-05,1.0,1.0
G4_p0_w1_variable,G4_p3,20.0,G4,Combined,0,0,0,0,0,0,,0.001003710219929948,0.0010114808143937364,7.77059446378835e-06,1.0,1.0
G4_p0_w1_variable,G4_p3,20.0,G4,Agreement,0,0,0,0,0,0,,0.323943661971831,0.33333333333333337,0.009389671361502372,1.0,1.0
G4_p0_w1_variable,G4_p4,-5.0,G4,Global,4,0,0,0,0,0,,0.9692337685433651,0.9889983630566068,0.01976459451324175,0.7906976744186046,0.8636363636363636
G4_p0_w1_variable,G4_p4,-5.0,G4,Event,4,0,0,0,0,0,,0.965573586285497,0.9969181087665601,0.03134452248106301,0.7906976744186046,0.8636363636363636
G4_p0_w1_variable,G4_p4,-5.0,G4,Combined,4,0,0,0,0,0,,0.9744423162292769,0.9991549911280679,0.02471267489879103,0.7906976744186046,0.8636363636363636
G4_p0_w1_variable,G4_p4,-5.0,G4,Agreement,4,0,0,0,0,0,,0.6363636363636364,0.8571428571428572,0.22077922077922085,0.7906976744186046,0.8636363636363636
G4_p0_w1_variable,G4_p4,0.0,G4,Global,0,0,0,0,0,0,,0.22696506076497874,0.48781582274622826,0.2608507619812495,0.9523809523809523,0.975609756097561
G4_p0_w1_variable,G4_p4,0.0,G4,Event,0,0,0,0,0,0,,0.09259310295979763,0.8923026544602884,0.7997095515004908,0.9523809523809523,0.975609756097561
G4_p0_w1_variable,G4_p4,0.0,G4,Combined,0,0,0,0,0,0,,0.09073177920299522,0.855463917986161,0.7647321387831657,0.9523809523809523,0.975609756097561
G4_p0_w1_variable,G4_p4,0.0,G4,Agreement,0,0,0,0,0,0,,0.5609756097560976,0.8048780487804879,0.24390243902439024,0.9523809523809523,0.975609756097561
G4_p0_w1_variable,G4_p4,10.0,G4,Global,0,0,0,0,0,0,,0.006734604352999542,0.009889752635724973,0.0031551482827254307,1.0,1.0
G4_p0_w1_variable,G4_p4,10.0,G4,Event,0,0,0,0,0,0,,0.004244171424071026,0.005250504081088569,0.0010063326570175423,1.0,1.0
G4_p0_w1_variable,G4_p4,10.0,G4,Combined,0,0,0,0,0,0,,0.0029274469544944125,0.005031735963316779,0.002104289008822366,1.0,1.0
G4_p0_w1_variable,G4_p4,10.0,G4,Agreement,0,0,0,0,0,0,,0.14814814814814814,0.2068965517241379,0.05874840357598976,1.0,1.0
G4_p0_w1_variable,G4_p4,20.0,G4,Global,0,0,0,0,0,0,,0.0029475771586665984,0.003401422977865531,0.0004538458191989327,1.0,1.0
G4_p0_w1_variable,G4_p4,20.0,G4,Event,0,0,0,0,0,0,,0.0011658341343640714,0.0012333566370797337,6.752250271566227e-05,1.0,1.0
G4_p0_w1_variable,G4_p4,20.0,G4,Combined,0,0,0,0,0,0,,0.0010298123368859106,0.001247760360603221,0.00021794802371731038,1.0,1.0
G4_p0_w1_variable,G4_p4,20.0,G4,Agreement,0,0,0,0,0,0,,0.28358208955223885,0.3142857142857143,0.030703624733475432,1.0,1.0
G4_p0_w2_regular,G4_p1,-5.0,G4,Global,4,0,0,0,0,0,,0.9999883387730047,0.9999976583897452,9.319616740444125e-06,0.6666666666666666,0.7619047619047619
G4_p0_w2_regular,G4_p1,-5.0,G4,Event,4,0,0,0,0,0,,0.9935085170781385,0.999649533065991,0.006141015987852549,0.6666666666666666,0.7619047619047619
G4_p0_w2_regular,G4_p1,-5.0,G4,Combined,4,0,0,0,0,0,,0.999944008740593,0.9999978538047524,5.384506415939683e-05,0.6666666666666666,0.7619047619047619
G4_p0_w2_regular,G4_p1,-5.0,G4,Agreement,4,0,0,0,0,0,,0.46341463414634143,0.6,0.13658536585365855,0.6666666666666666,0.7619047619047619
G4_p0_w2_regular,G4_p1,0.0,G4,Global,4,0,0,0,0,0,,0.9847515169382322,0.9958891856400399,0.011137668701807768,0.8372093023255814,0.8947368421052632
G4_p0_w2_regular,G4_p1,0.0,G4,Event,4,0,0,0,0,0,,0.8443370658851107,0.9561628370752995,0.11182577119018877,0.8372093023255814,0.8947368421052632
G4_p0_w2_regular,G4_p1,0.0,G4,Combined,4,0,0,0,0,0,,0.9769281316042705,0.9941986373962977,0.017270505792027158,0.8372093023255814,0.8947368421052632
G4_p0_w2_regular,G4_p1,0.0,G4,Agreement,4,0,0,0,0,0,,0.180327868852459,0.33333333333333337,0.15300546448087438,0.8372093023255814,0.8947368421052632
G4_p0_w2_regular,G4_p1,10.0,G4,Global,0,0,0,0,0,0,,0.008843838318053396,0.018540127571206936,0.00969628925315354,1.0,1.0
G4_p0_w2_regular,G4_p1,10.0,G4,Event,0,0,0,0,0,0,,0.0016272878374797805,0.0033741259170843928,0.0017468380796046123,1.0,1.0
G4_p0_w2_regular,G4_p1,10.0,G4,Combined,0,0,0,0,0,0,,0.002166294411157077,0.004605588095541562,0.002439293684384485,1.0,1.0
G4_p0_w2_regular,G4_p1,10.0,G4,Agreement,0,0,0,0,0,0,,0.29230769230769227,0.33333333333333337,0.0410256410256411,1.0,1.0
G4_p0_w2_regular,G4_p1,20.0,G4,Global,0,0,0,0,0,0,,0.00397251705965507,0.005076735086644788,0.0011042180269897183,1.0,1.0
G4_p0_w2_regular,G4_p1,20.0,G4,Event,0,0,0,0,0,0,,0.0009921165109330605,0.0010964926341934663,0.00010437612326040578,1.0,1.0
G4_p0_w2_regular,G4_p1,20.0,G4,Combined,0,0,0,0,0,0,,0.0013304381582580228,0.001528200446862033,0.00019776228860401025,1.0,1.0
G4_p0_w2_regular,G4_p1,20.0,G4,Agreement,0,0,0,0,0,0,,0.33333333333333337,0.33333333333333337,0.0,1.0,1.0
G4_p0_w2_regular,G4_p2,-5.0,G4,Global,4,0,0,0,0,0,,0.998065481490807,0.9990752396474983,0.0010097581566913538,0.7619047619047619,0.926829268292683
G4_p0_w2_regular,G4_p2,-5.0,G4,Event,4,0,0,0,0,0,,0.7433068349607503,0.9891857616294347,0.24587892666868438,0.7619047619047619,0.926829268292683
G4_p0_w2_regular,G4_p2,-5.0,G4,Combined,4,0,0,0,0,0,,0.9939937175725623,0.9997441207213275,0.005750403148765182,0.7619047619047619,0.926829268292683
G4_p0_w2_regular,G4_p2,-5.0,G4,Agreement,4,0,0,0,0,0,,0.7575757575757576,0.9393939393939394,0.18181818181818188,0.7619047619047619,0.926829268292683
G4_p0_w2_regular,G4_p2,0.0,G4,Global,0,0,0,0,0,0,,0.6218729006646526,0.7768339904726119,0.1549610898079593,0.9743589743589743,1.0
G4_p0_w2_regular,G4_p2,0.0,G4,Event,0,0,0,0,0,0,,0.046924817811593,0.2553533041176342,0.2084284863060412,0.9743589743589743,1.0
G4_p0_w2_regular,G4_p2,0.0,G4,Combined,0,0,0,0,0,0,,0.4097872026409298,0.8549815853516191,0.44519438271068923,0.9743589743589743,1.0
G4_p0_w2_regular,G4_p2,0.0,G4,Agreement,0,0,0,0,0,0,,0.8125,0.935483870967742,0.12298387096774199,0.9743589743589743,1.0
G4_p0_w2_regular,G4_p2,10.0,G4,Global,0,0,0,0,0,0,,0.01047397443466109,0.018276878084677425,0.007802903650016334,1.0,1.0
G4_p0_w2_regular,G4_p2,10.0,G4,Event,0,0,0,0,0,0,,0.0034602589842882663,0.005319580246477873,0.0018593212621896065,1.0,1.0
G4_p0_w2_regular,G4_p2,10.0,G4,Combined,0,0,0,0,0,0,,0.00954508173828382,0.01239384978385823,0.0028487680455744104,1.0,1.0
G4_p0_w2_regular,G4_p2,10.0,G4,Agreement,0,0,0,0,0,0,,0.13043478260869568,0.2692307692307693,0.1387959866220736,1.0,1.0
G4_p0_w2_regular,G4_p2,20.0,G4,Global,0,0,0,0,0,0,,0.004505908321259615,0.0056549044251725964,0.0011489961039129817,1.0,1.0
G4_p0_w2_regular,G4_p2,20.0,G4,Event,0,0,0,0,0,0,,0.0010634153240060115,0.0011842684126966046,0.00012085308869059304,1.0,1.0
G4_p0_w2_regular,G4_p2,20.0,G4,Combined,0,0,0,0,0,0,,0.0016585715480243503,0.001876862768521365,0.00021829122049701476,1.0,1.0
G4_p0_w2_regular,G4_p2,20.0,G4,Agreement,0,0,0,0,0,0,,0.32352941176470584,0.3623188405797102,0.038789428815004356,1.0,1.0
G4_p0_w2_regular,G4_p3,-5.0,G4,Global,0,0,0,0,0,0,,0.3818387515198791,0.8789445568990093,0.4971058053791302,0.9743589743589743,1.0
G4_p0_w2_regular,G4_p3,-5.0,G4,Event,0,0,0,0,0,0,,0.02442463163025535,0.033357455820055,0.008932824189799647,0.9743589743589743,1.0
G4_p0_w2_regular,G4_p3,-5.0,G4,Combined,0,0,0,0,0,0,,0.05255835119117991,0.21993952757544197,0.16738117638426206,0.9743589743589743,1.0
G4_p0_w2_regular,G4_p3,-5.0,G4,Agreement,0,0,0,0,0,0,,0.1063829787234043,0.14814814814814814,0.04176516942474384,0.9743589743589743,1.0
G4_p0_w2_regular,G4_p3,0.0,G4,Global,0,0,0,0,0,0,,0.03053112336158788,0.15934103487549442,0.12880991151390653,0.9743589743589743,1.0
G4_p0_w2_regular,G4_p3,0.0,G4,Event,0,0,0,0,0,0,,0.0035794062217941605,0.00898130165724058,0.00540189543544642,0.9743589743589743,1.0
G4_p0_w2_regular,G4_p3,0.0,G4,Combined,0,0,0,0,0,0,,0.005112089835952916,0.02006949231769206,0.014957402481739147,0.9743589743589743,1.0
G4_p0_w2_regular,G4_p3,0.0,G4,Agreement,0,0,0,0,0,0,,0.29230769230769227,0.3529411764705882,0.060633484162895934,0.9743589743589743,1.0
G4_p0_w2_regular,G4_p3,10.0,G4,Global,0,0,0,0,0,0,,0.0072959281168461535,0.01136633807461451,0.004070409957768356,1.0,1.0
G4_p0_w2_regular,G4_p3,10.0,G4,Event,0,0,0,0,0,0,,0.001196584317645849,0.0013690035010988674,0.00017241918345301845,1.0,1.0
G4_p0_w2_regular,G4_p3,10.0,G4,Combined,0,0,0,0,0,0,,0.0018393903176454618,0.0028657433163088203,0.0010263529986633585,1.0,1.0
G4_p0_w2_regular,G4_p3,10.0,G4,Agreement,0,0,0,0,0,0,,0.33333333333333337,0.33333333333333337,0.0,1.0,1.0
G4_p0_w2_regular,G4_p3,20.0,G4,Global,0,0,0,0,0,0,,0.004617126332800056,0.004938354491773958,0.0003212281589739024,1.0,1.0
G4_p0_w2_regular,G4_p3,20.0,G4,Event,0,0,0,0,0,0,,0.0009831471727279988,0.0010096970685551248,2.654989582712608e-05,1.0,1.0
G4_p0_w2_regular,G4_p3,20.0,G4,Combined,0,0,0,0,0,0,,0.0014312879701767313,0.001564714791276937,0.0001334268211002057,1.0,1.0
G4_p0_w2_regular,G4_p3,20.0,G4,Agreement,0,0,0,0,0,0,,0.33333333333333337,0.33333333333333337,0.0,1.0,1.0
G4_p0_w2_regular,G4_p4,-5.0,G4,Global,4,0,0,0,0,0,,0.9792057008901791,0.986916294022085,0.0077105931319059184,0.7555555555555555,0.8780487804878049
G4_p0_w2_regular,G4_p4,-5.0,G4,Event,4,0,0,0,0,0,,0.9829661913918118,0.9940099150142176,0.011043723622405799,0.7555555555555555,0.8780487804878049
G4_p0_w2_regular,G4_p4,-5.0,G4,Combined,4,0,0,0,0,0,,0.9964984586732751,0.998501537200363,0.0020030785270879203,0.7555555555555555,0.8780487804878049
G4_p0_w2_regular,G4_p4,-5.0,G4,Agreement,4,0,0,0,0,0,,0.5555555555555556,0.8666666666666667,0.3111111111111111,0.7555555555555555,0.8780487804878049
G4_p0_w2_regular,G4_p4,0.0,G4,Global,0,0,0,0,0,0,,0.2970235026810843,0.41629656035812,0.11927305767703572,0.95,0.9743589743589743
G4_p0_w2_regular,G4_p4,0.0,G4,Event,0,0,0,0,0,0,,0.12396498323239234,0.6191428902531513,0.4951779070207589,0.95,0.9743589743589743
G4_p0_w2_regular,G4_p4,0.0,G4,Combined,0,0,0,0,0,0,,0.32545247238368236,0.724052374799197,0.3985999024155147,0.95,0.9743589743589743
G4_p0_w2_regular,G4_p4,0.0,G4,Agreement,0,0,0,0,0,0,,0.6585365853658536,0.7948717948717949,0.13633520950594136,0.95,0.9743589743589743
G4_p0_w2_regular,G4_p4,10.0,G4,Global,0,0,0,0,0,0,,0.008220036464818925,0.012939046625958468,0.004719010161139544,1.0,1.0
G4_p0_w2_regular,G4_p4,10.0,G4,Event,0,0,0,0,0,0,,0.0037078822480302713,0.004664912008849929,0.0009570297608196576,1.0,1.0
G4_p0_w2_regular,G4_p4,10.0,G4,Combined,0,0,0,0,0,0,,0.005145319988221422,0.006650410807990148,0.0015050908197687257,1.0,1.0
G4_p0_w2_regular,G4_p4,10.0,G4,Agreement,0,0,0,0,0,0,,0.1636363636363637,0.23076923076923073,0.06713286713286704,1.0,1.0
G4_p0_w2_regular,G4_p4,20.0,G4,Global,0,0,0,0,0,0,,0.004155176056210686,0.005328440261563821,0.001173264205353135,1.0,1.0
G4_p0_w2_regular,G4_p4,20.0,G4,Event,0,0,0,0,0,0,,0.0011376439116317727,0.0011789447618656796,4.130085023390691e-05,1.0,1.0
G4_p0_w2_regular,G4_p4,20.0,G4,Combined,0,0,0,0,0,0,,0.00152056904504448,0.0017359058971413417,0.00021533685209686182,1.0,1.0
G4_p0_w2_regular,G4_p4,20.0,G4,Agreement,0,0,0,0,0,0,,0.303030303030303,0.33333333333333337,0.030303030303030387,1.0,1.0
G4_p0_w2_variable,G4_p1,-5.0,G4,Global,4,0,0,0,0,0,,0.9999821437831907,0.9999970362257796,1.4892442588898547e-05,0.6956521739130435,0.7727272727272727
G4_p0_w2_variable,G4_p1,-5.0,G4,Event,4,0,0,0,0,0,,0.9962885916686628,0.9996446084894594,0.003356016820796559,0.6956521739130435,0.7727272727272727
G4_p0_w2_variable,G4_p1,-5.0,G4,Combined,4,0,0,0,0,0,,0.9999862240974401,0.9999974607705076,1.1236673067460679e-05,0.6956521739130435,0.7727272727272727
G4_p0_w2_variable,G4_p1,-5.0,G4,Agreement,4,0,0,0,0,0,,0.5609756097560976,0.7,0.13902439024390234,0.6956521739130435,0.7727272727272727
G4_p0_w2_variable,G4_p1,0.0,G4,Global,4,0,0,0,0,0,,0.9778025914295617,0.9963018370338956,0.018499245604333914,0.8,0.926829268292683
G4_p0_w2_variable,G4_p1,0.0,G4,Event,4,0,0,0,0,0,,0.6247719849093365,0.9447502630123306,0.31997827810299406,0.8,0.926829268292683
G4_p0_w2_variable,G4_p1,0.0,G4,Combined,4,0,0,0,0,0,,0.9646549118086282,0.9936521635787963,0.028997251770168098,0.8,0.926829268292683
G4_p0_w2_variable,G4_p1,0.0,G4,Agreement,4,0,0,0,0,0,,0.2592592592592593,0.5,0.2407407407407407,0.8,0.926829268292683
G4_p0_w2_variable,G4_p1,10.0,G4,Global,0,0,0,0,0,0,,0.009084801625412649,0.019099519843590478,0.010014718218177829,1.0,1.0
G4_p0_w2_variable,G4_p1,10.0,G4,Event,0,0,0,0,0,0,,0.001622731422858362,0.002447179819042851,0.0008244483961844893,1.0,1.0
G4_p0_w2_variable,G4_p1,10.0,G4,Combined,0,0,0,0,0,0,,0.0027362926330190946,0.008117215278869019,0.005380922645849924,1.0,1.0
G4_p0_w2_variable,G4_p1,10.0,G4,Agreement,0,0,0,0,0,0,,0.28125,0.303030303030303,0.021780303030302983,1.0,1.0
G4_p0_w2_variable,G4_p1,20.0,G4,Global,0,0,0,0,0,0,,0.0035948945790397206,0.004083351965546152,0.0004884573865064318,1.0,1.0
G4_p0_w2_variable,G4_p1,20.0,G4,Event,0,0,0,0,0,0,,0.0010392535165445538,0.0010987378480167406,5.948433147218678e-05,1.0,1.0
G4_p0_w2_variable,G4_p1,20.0,G4,Combined,0,0,0,0,0,0,,0.0017889792635054139,0.0021136952835441635,0.0003247160200387496,1.0,1.0
G4_p0_w2_variable,G4_p1,20.0,G4,Agreement,0,0,0,0,0,0,,0.303030303030303,0.31343283582089554,0.010402532790592556,1.0,1.0
G4_p0_w2_variable,G4_p2,-5.0,G4,Global,4,0,0,0,0,0,,0.9985277171361661,0.9988919904914629,0.00036427335529687355,0.8085106382978723,0.9047619047619048
G4_p0_w2_variable,G4_p2,-5.0,G4,Event,4,0,0,0,0,0,,0.8342853232780125,0.9897618514436715,0.15547652816565893,0.8085106382978723,0.9047619047619048
G4_p0_w2_variable,G4_p2,-5.0,G4,Combined,4,0,0,0,0,0,,0.9967687345174913,0.9997105519296423,0.0029418174121510487,0.8085106382978723,0.9047619047619048
G4_p0_w2_variable,G4_p2,-5.0,G4,Agreement,4,0,0,0,0,0,,0.8181818181818181,0.8787878787878788,0.06060606060606066,0.8085106382978723,0.9047619047619048
G4_p0_w2_variable,G4_p2,0.0,G4,Global,0,0,0,0,0,0,,0.6801915052887071,0.7974538762193429,0.11726237093063585,0.95,1.0
G4_p0_w2_variable,G4_p2,0.0,G4,Event,0,0,0,0,0,0,,0.0782080430322588,0.5170699824563433,0.43886193942408447,0.95,1.0
G4_p0_w2_variable,G4_p2,0.0,G4,Combined,0,0,0,0,0,0,,0.6311131036961688,0.87680673820633,0.24569363451016124,0.95,1.0
G4_p0_w2_variable,G4_p2,0.0,G4,Agreement,0,0,0,0,0,0,,0.6875,0.935483870967742,0.247983870967742,0.95,1.0
G4_p0_w2_variable,G4_p2,10.0,G4,Global,0,0,0,0,0,0,,0.011348302732266892,0.014316635551938768,0.002968332819671876,1.0,1.0
G4_p0_w2_variable,G4_p2,10.0,G4,Event,0,0,0,0,0,0,,0.002965772956639299,0.006392409517281498,0.003426636560642199,1.0,1.0
G4_p0_w2_variable,G4_p2,10.0,G4,Combined,0,0,0,0,0,0,,0.012288103373263136,0.02463755319166742,0.012349449818404286,1.0,1.0
G4_p0_w2_variable,G4_p2,10.0,G4,Agreement,0,0,0,0,0,0,,0.07999999999999996,0.24528301886792447,0.1652830188679245,1.0,1.0
G4_p0_w2_variable,G4_p2,20.0,G4,Global,0,0,0,0,0,0,,0.003899891694914709,0.004300633241377598,0.0004007415464628893,1.0,1.0
G4_p0_w2_variable,G4_p2,20.0,G4,Event,0,0,0,0,0,0,,0.0010857267955543374,0.0013014518176610633,0.0002157250221067259,1.0,1.0
G4_p0_w2_variable,G4_p2,20.0,G4,Combined,0,0,0,0,0,0,,0.0022085890184742798,0.0028108129881410666,0.0006022239696667868,1.0,1.0
G4_p0_w2_variable,G4_p2,20.0,G4,Agreement,0,0,0,0,0,0,,0.29230769230769227,0.33333333333333337,0.0410256410256411,1.0,1.0
G4_p0_w2_variable,G4_p3,-5.0,G4,Global,0,0,0,0,0,0,,0.3187755042548617,0.45649966380157403,0.13772415954671235,0.95,1.0
G4_p0_w2_variable,G4_p3,-5.0,G4,Event,0,0,0,0,0,0,,0.01421188729017736,0.01998306783481581,0.00577118054463845,0.95,1.0
G4_p0_w2_variable,G4_p3,-5.0,G4,Combined,0,0,0,0,0,0,,0.035149867302672326,0.046188889097902586,0.01103902179523026,0.95,1.0
G4_p0_w2_variable,G4_p3,-5.0,G4,Agreement,0,0,0,0,0,0,,0.08333333333333337,0.13207547169811318,0.04874213836477981,0.95,1.0
G4_p0_w2_variable,G4_p3,0.0,G4,Global,0,0,0,0,0,0,,0.024893098689432812,0.0360737336541978,0.011180634964764985,0.975609756097561,1.0
G4_p0_w2_variable,G4_p3,0.0,G4,Event,0,0,0,0,0,0,,0.0027827320360144397,0.006869570297921672,0.004086838261907233,0.975609756097561,1.0
G4_p0_w2_variable,G4_p3,0.0,G4,Combined,0,0,0,0,0,0,,0.005551326029383598,0.012078787363897949,0.006527461334514351,0.975609756097561,1.0
G4_p0_w2_variable,G4_p3,0.0,G4,Agreement,0,0,0,0,0,0,,0.2698412698412699,0.33333333333333337,0.06349206349206349,0.975609756097561,1.0
G4_p0_w2_variable,G4_p3,10.0,G4,Global,0,0,0,0,0,0,,0.00599003383643027,0.006829654676695266,0.0008396208402649957,1.0,1.0
G4_p0_w2_variable,G4_p3,10.0,G4,Event,0,0,0,0,0,0,,0.0010899216413636597,0.0014198791504069063,0.00032995750904324665,1.0,1.0
G4_p0_w2_variable,G4_p3,10.0,G4,Combined,0,0,0,0,0,0,,0.002369752131540912,0.002982985122454899,0.0006132329909139872,1.0,1.0
G4_p0_w2_variable,G4_p3,10.0,G4,Agreement,0,0,0,0,0,0,,0.31343283582089554,0.34328358208955223,0.02985074626865669,1.0,1.0
G4_p0_w2_variable,G4_p3,20.0,G4,Global,0,0,0,0,0,0,,0.0038007862335604913,0.0039030415449687853,0.000102255311408294,1.0,1.0
G4_p0_w2_variable,G4_p3,20.0,G4,Event,0,0,0,0,0,0,,0.0010197893976250738,0.0010482010871085204,2.841168948344657e-05,1.0,1.0
G4_p0_w2_variable,G4_p3,20.0,G4,Combined,0,0,0,0,0,0,,0.0019088901973053085,0.0020170184690114796,0.0001081282717061711,1.0,1.0
G4_p0_w2_variable,G4_p3,20.0,G4,Agreement,0,0,0,0,0,0,,0.31343283582089554,0.31343283582089554,0.0,1.0,1.0
G4_p0_w2_variable,G4_p4,-5.0,G4,Global,4,0,0,0,0,0,,0.9780396615636364,0.9886252834575212,0.010585621893884789,0.7659574468085106,0.9302325581395349
G4_p0_w2_variable,G4_p4,-5.0,G4,Event,4,0,0,0,0,0,,0.8953488729036064,0.9845992756715631,0.0892504027679567,0.7659574468085106,0.9302325581395349
G4_p0_w2_variable,G4_p4,-5.0,G4,Combined,4,0,0,0,0,0,,0.9856787636823535,0.9967843874443273,0.01110562376197377,0.7659574468085106,0.9302325581395349
G4_p0_w2_variable,G4_p4,-5.0,G4,Agreement,4,0,0,0,0,0,,0.627906976744186,0.8,0.172093023255814,0.7659574468085106,0.9302325581395349
G4_p0_w2_variable,G4_p4,0.0,G4,Global,1,1,3,2,0,1,0.6666666666666666,0.3172067716014425,0.40834320536725754,0.09113643376581504,0.9090909090909091,1.0
G4_p0_w2_variable,G4_p4,0.0,G4,Event,1,1,3,3,0,0,1.0,0.13151418850740462,0.8124031590369011,0.6808889705294965,0.9090909090909091,1.0
G4_p0_w2_variable,G4_p4,0.0,G4,Combined,1,1,3,3,0,0,1.0,0.3680811823050196,0.8789061156533073,0.5108249333482877,0.9090909090909091,1.0
G4_p0_w2_variable,G4_p4,0.0,G4,Agreement,1,1,3,0,0,3,0.0,0.6,0.7297297297297297,0.12972972972972974,0.9090909090909091,1.0
G4_p0_w2_variable,G4_p4,10.0,G4,Global,0,0,0,0,0,0,,0.007192109484535375,0.013168534703005271,0.005976425218469896,1.0,1.0
G4_p0_w2_variable,G4_p4,10.0,G4,Event,0,0,0,0,0,0,,0.0041135555653318235,0.005770872892165133,0.0016573173268333097,1.0,1.0
G4_p0_w2_variable,G4_p4,10.0,G4,Combined,0,0,0,0,0,0,,0.007282928773090255,0.009405930736580798,0.002123001963490543,1.0,1.0
G4_p0_w2_variable,G4_p4,10.0,G4,Agreement,0,0,0,0,0,0,,0.14814814814814814,0.2786885245901639,0.13054037644201577,1.0,1.0
G4_p0_w2_variable,G4_p4,20.0,G4,Global,0,0,0,0,0,0,,0.0036174219107508857,0.00472481004003752,0.0011073881292866339,1.0,1.0
G4_p0_w2_variable,G4_p4,20.0,G4,Event,0,0,0,0,0,0,,0.0011536532574342286,0.0012515766424874102,9.792338505318159e-05,1.0,1.0
G4_p0_w2_variable,G4_p4,20.0,G4,Combined,0,0,0,0,0,0,,0.002132572510973317,0.0023627912697942767,0.00023021875882095954,1.0,1.0
G4_p0_w2_variable,G4_p4,20.0,G4,Agreement,0,0,0,0,0,0,,0.29230769230769227,0.31343283582089554,0.02112514351320327,1.0,1.0
G4_p0_w3_regular,G4_p1,-5.0,G4,Global,4,0,0,0,0,0,,0.9999878623962819,0.9999984096847152,1.0547288433304658e-05,0.5714285714285714,0.7111111111111111
G4_p0_w3_regular,G4_p1,-5.0,G4,Event,4,0,0,0,0,0,,0.9971429959128305,0.999794669056618,0.0026516731437874475,0.5714285714285714,0.7111111111111111
G4_p0_w3_regular,G4_p1,-5.0,G4,Combined,4,0,0,0,0,0,,0.99993162230801,0.9999991994233249,6.757711531490962e-05,0.5714285714285714,0.7111111111111111
G4_p0_w3_regular,G4_p1,-5.0,G4,Agreement,4,0,0,0,0,0,,0.6,0.6818181818181819,0.0818181818181819,0.5714285714285714,0.7111111111111111
G4_p0_w3_regular,G4_p1,0.0,G4,Global,4,0,0,0,0,0,,0.9862435248057607,0.9962084384551875,0.009964913649426754,0.8,0.8636363636363636
G4_p0_w3_regular,G4_p1,0.0,G4,Event,4,0,0,0,0,0,,0.891331437215406,0.9419330061252474,0.050601568909841466,0.8,0.8636363636363636
G4_p0_w3_regular,G4_p1,0.0,G4,Combined,4,0,0,0,0,0,,0.97427484030403,0.9882977333132822,0.01402289300925219,0.8,0.8636363636363636
G4_p0_w3_regular,G4_p1,0.0,G4,Agreement,4,0,0,0,0,0,,0.25806451612903225,0.5263157894736843,0.26825127334465204,0.8,0.8636363636363636
G4_p0_w3_regular,G4_p1,10.0,G4,Global,0,0,0,0,0,0,,0.008398025770378334,0.015468604171833433,0.007070578401455099,1.0,1.0
G4_p0_w3_regular,G4_p1,10.0,G4,Event,0,0,0,0,0,0,,0.002014168366554337,0.0025142236290994742,0.0005000552625451372,1.0,1.0
G4_p0_w3_regular,G4_p1,10.0,G4,Combined,0,0,0,0,0,0,,0.0016169438722107212,0.0019237732893674204,0.00030682941715669916,1.0,1.0
G4_p0_w3_regular,G4_p1,10.0,G4,Agreement,0,0,0,0,0,0,,0.25373134328358204,0.34246575342465757,0.08873441014107553,1.0,1.0
G4_p0_w3_regular,G4_p1,20.0,G4,Global,0,0,0,0,0,0,,0.0040098073007347745,0.009252280974736049,0.005242473674001274,1.0,1.0
G4_p0_w3_regular,G4_p1,20.0,G4,Event,0,0,0,0,0,0,,0.0010093971080313573,0.001071981593149705,6.25844851183477e-05,1.0,1.0
G4_p0_w3_regular,G4_p1,20.0,G4,Combined,0,0,0,0,0,0,,0.0007745162618321387,0.001276927280776275,0.0005024110189441363,1.0,1.0
G4_p0_w3_regular,G4_p1,20.0,G4,Agreement,0,0,0,0,0,0,,0.31506849315068497,0.33333333333333337,0.0182648401826484,1.0,1.0
G4_p0_w3_regular,G4_p2,-5.0,G4,Global,3,1,3,0,0,3,0.0,0.9986244958798864,0.9989069085753305,0.00028241269544404535,0.8260869565217391,0.9545454545454546
G4_p0_w3_regular,G4_p2,-5.0,G4,Event,3,1,3,2,0,1,0.6666666666666666,0.8291343329593113,0.9801444078379054,0.15101007487859408,0.8260869565217391,0.9545454545454546
G4_p0_w3_regular,G4_p2,-5.0,G4,Combined,3,1,3,3,0,0,1.0,0.9947803382495869,0.9989282278409619,0.00414788959137502,0.8260869565217391,0.9545454545454546
G4_p0_w3_regular,G4_p2,-5.0,G4,Agreement,3,1,3,2,0,1,0.6666666666666666,0.7435897435897436,0.8857142857142857,0.14212454212454206,0.8260869565217391,0.9545454545454546
G4_p0_w3_regular,G4_p2,0.0,G4,Global,0,0,0,0,0,0,,0.6265905797079218,0.709265718978403,0.0826751392704812,0.9545454545454546,1.0
G4_p0_w3_regular,G4_p2,0.0,G4,Event,0,0,0,0,0,0,,0.06473877837835328,0.6452092197580935,0.5804704413797402,0.9545454545454546,1.0
G4_p0_w3_regular,G4_p2,0.0,G4,Combined,0,0,0,0,0,0,,0.37890430606453096,0.8721427023492602,0.4932383962847292,0.9545454545454546,1.0
G4_p0_w3_regular,G4_p2,0.0,G4,Agreement,0,0,0,0,0,0,,0.6923076923076923,0.9393939393939394,0.24708624708624716,0.9545454545454546,1.0
G4_p0_w3_regular,G4_p2,10.0,G4,Global,0,0,0,0,0,0,,0.007434215481404018,0.01850705775107543,0.011072842269671413,1.0,1.0
G4_p0_w3_regular,G4_p2,10.0,G4,Event,0,0,0,0,0,0,,0.003970644859033495,0.004126059110826938,0.0001554142517934433,1.0,1.0
G4_p0_w3_regular,G4_p2,10.0,G4,Combined,0,0,0,0,0,0,,0.0040534404525221415,0.006703389526549556,0.002649949074027415,1.0,1.0
G4_p0_w3_regular,G4_p2,10.0,G4,Agreement,0,0,0,0,0,0,,0.1071428571428571,0.2542372881355932,0.1470944309927361,1.0,1.0
G4_p0_w3_regular,G4_p2,20.0,G4,Global,0,0,0,0,0,0,,0.00455179913840631,0.007790121081156897,0.0032383219427505865,1.0,1.0
G4_p0_w3_regular,G4_p2,20.0,G4,Event,0,0,0,0,0,0,,0.00111904934345286,0.001168894376177132,4.9845032724272044e-05,1.0,1.0
G4_p0_w3_regular,G4_p2,20.0,G4,Combined,0,0,0,0,0,0,,0.0010018284803968052,0.0012550614476355406,0.00025323296723873544,1.0,1.0
G4_p0_w3_regular,G4_p2,20.0,G4,Agreement,0,0,0,0,0,0,,0.31506849315068497,0.33333333333333337,0.0182648401826484,1.0,1.0
G4_p0_w3_regular,G4_p3,-5.0,G4,Global,1,1,3,2,0,1,0.6666666666666666,0.19486080849075077,0.5354638216909066,0.3406030132001558,0.9302325581395349,0.9767441860465116
G4_p0_w3_regular,G4_p3,-5.0,G4,Event,1,1,3,3,0,0,1.0,0.01764446970088243,0.08640116931502848,0.06875669961414604,0.9302325581395349,0.9767441860465116
G4_p0_w3_regular,G4_p3,-5.0,G4,Combined,1,1,3,3,0,0,1.0,0.012085914001253173,0.09723306742965217,0.085147153428399,0.9302325581395349,0.9767441860465116
G4_p0_w3_regular,G4_p3,-5.0,G4,Agreement,1,1,3,1,0,2,0.3333333333333333,0.05660377358490565,0.15384615384615385,0.0972423802612482,0.9302325581395349,0.9767441860465116
G4_p0_w3_regular,G4_p3,0.0,G4,Global,0,0,0,0,0,0,,0.019345208499378343,0.0552570034257419,0.03591179492636355,0.9767441860465116,1.0
G4_p0_w3_regular,G4_p3,0.0,G4,Event,0,0,0,0,0,0,,0.004646002093404813,0.009892995629189131,0.005246993535784318,0.9767441860465116,1.0
G4_p0_w3_regular,G4_p3,0.0,G4,Combined,0,0,0,0,0,0,,0.002633231736546112,0.009326466216695289,0.006693234480149177,0.9767441860465116,1.0
G4_p0_w3_regular,G4_p3,0.0,G4,Agreement,0,0,0,0,0,0,,0.1578947368421053,0.28358208955223885,0.12568735271013354,0.9767441860465116,1.0
G4_p0_w3_regular,G4_p3,10.0,G4,Global,0,0,0,0,0,0,,0.010087564663930454,0.011596986380576461,0.0015094217166460068,1.0,1.0
G4_p0_w3_regular,G4_p3,10.0,G4,Event,0,0,0,0,0,0,,0.0011536189076671332,0.0014225592205738644,0.0002689403129067312,1.0,1.0
G4_p0_w3_regular,G4_p3,10.0,G4,Combined,0,0,0,0,0,0,,0.0012815323416321878,0.0015669916025991318,0.0002854592609669441,1.0,1.0
G4_p0_w3_regular,G4_p3,10.0,G4,Agreement,0,0,0,0,0,0,,0.31506849315068497,0.36,0.04493150684931502,1.0,1.0
G4_p0_w3_regular,G4_p3,20.0,G4,Global,0,0,0,0,0,0,,0.008339007424038446,0.009611326313511593,0.0012723188894731476,1.0,1.0
G4_p0_w3_regular,G4_p3,20.0,G4,Event,0,0,0,0,0,0,,0.0009849318362419417,0.0009987863864840507,1.3854550242109031e-05,1.0,1.0
G4_p0_w3_regular,G4_p3,20.0,G4,Combined,0,0,0,0,0,0,,0.0012101950750853022,0.0013169703556557618,0.00010677528057045959,1.0,1.0
G4_p0_w3_regular,G4_p3,20.0,G4,Agreement,0,0,0,0,0,0,,0.33333333333333337,0.33333333333333337,0.0,1.0,1.0
G4_p0_w3_regular,G4_p4,-5.0,G4,Global,4,0,0,0,0,0,,0.9807727056536593,0.9904721807218785,0.009699475068219221,0.7755102040816326,0.851063829787234
G4_p0_w3_regular,G4_p4,-5.0,G4,Event,4,0,0,0,0,0,,0.9817929002632035,0.9925280462879018,0.010735146024698272,0.7755102040816326,0.851063829787234
G4_p0_w3_regular,G4_p4,-5.0,G4,Combined,4,0,0,0,0,0,,0.9931528795025758,0.9988378161328819,0.005684936630306114,0.7755102040816326,0.851063829787234
G4_p0_w3_regular,G4_p4,-5.0,G4,Agreement,4,0,0,0,0,0,,0.6170212765957447,0.8636363636363636,0.24661508704061896,0.7755102040816326,0.851063829787234
G4_p0_w3_regular,G4_p4,0.0,G4,Global,1,1,3,0,0,3,0.0,0.3883230250036154,0.45824084119104097,0.0699178161874256,0.9333333333333333,1.0
G4_p0_w3_regular,G4_p4,0.0,G4,Event,1,1,3,1,0,2,0.3333333333333333,0.3000614445671839,0.7931419988340994,0.4930805542669155,0.9333333333333333,1.0
G4_p0_w3_regular,G4_p4,0.0,G4,Combined,1,1,3,2,0,1,0.6666666666666666,0.5768840385100051,0.7674641928073472,0.1905801542973421,0.9333333333333333,1.0
G4_p0_w3_regular,G4_p4,0.0,G4,Agreement,1,1,3,0,0,3,0.0,0.6888888888888889,0.8095238095238095,0.12063492063492065,0.9333333333333333,1.0
G4_p0_w3_regular,G4_p4,10.0,G4,Global,0,0,0,0,0,0,,0.008750411299661094,0.010919535796979926,0.0021691244973188317,1.0,1.0
G4_p0_w3_regular,G4_p4,10.0,G4,Event,0,0,0,0,0,0,,0.00420772302970161,0.005366021578110163,0.0011582985484085533,1.0,1.0
G4_p0_w3_regular,G4_p4,10.0,G4,Combined,0,0,0,0,0,0,,0.0029211101268023297,0.005339241001723299,0.0024181308749209695,1.0,1.0
G4_p0_w3_regular,G4_p4,10.0,G4,Agreement,0,0,0,0,0,0,,0.1428571428571429,0.18644067796610164,0.04358353510895874,1.0,1.0
G4_p0_w3_regular,G4_p4,20.0,G4,Global,0,0,0,0,0,0,,0.003960493679003574,0.007051153247879999,0.003090659568876425,1.0,1.0
G4_p0_w3_regular,G4_p4,20.0,G4,Event,0,0,0,0,0,0,,0.0011972211710184495,0.0012324884937378047,3.526732271935521e-05,1.0,1.0
G4_p0_w3_regular,G4_p4,20.0,G4,Combined,0,0,0,0,0,0,,0.000937774851925003,0.0012673403446292867,0.0003295654927042837,1.0,1.0
G4_p0_w3_regular,G4_p4,20.0,G4,Agreement,0,0,0,0,0,0,,0.295774647887324,0.3055555555555556,0.009780907668231587,1.0,1.0
G4_p0_w3_variable,G4_p1,-5.0,G4,Global,4,0,0,0,0,0,,0.9999944789394581,0.9999978557439189,3.37680446071964e-06,0.625,0.6923076923076923
G4_p0_w3_variable,G4_p1,-5.0,G4,Event,4,0,0,0,0,0,,0.998937145633225,0.9998408635399061,0.0009037179066810896,0.625,0.6923076923076923
G4_p0_w3_variable,G4_p1,-5.0,G4,Combined,4,0,0,0,0,0,,0.9999710673366555,0.9999992646014023,2.819726474678763e-05,0.625,0.6923076923076923
G4_p0_w3_variable,G4_p1,-5.0,G4,Agreement,4,0,0,0,0,0,,0.5714285714285714,0.7,0.12857142857142856,0.625,0.6923076923076923
G4_p0_w3_variable,G4_p1,0.0,G4,Global,4,0,0,0,0,0,,0.9934494838395364,0.9975972873647472,0.004147803525210825,0.84,0.88
G4_p0_w3_variable,G4_p1,0.0,G4,Event,4,0,0,0,0,0,,0.9193769360331254,0.9905842618934126,0.07120732586028722,0.84,0.88
G4_p0_w3_variable,G4_p1,0.0,G4,Combined,4,0,0,0,0,0,,0.983863597239374,0.9977696105880028,0.013906013348628843,0.84,0.88
G4_p0_w3_variable,G4_p1,0.0,G4,Agreement,4,0,0,0,0,0,,0.37037037037037035,0.5909090909090908,0.22053872053872048,0.84,0.88
G4_p0_w3_variable,G4_p1,10.0,G4,Global,0,0,0,0,0,0,,0.007897687729839328,0.012531673422322547,0.0046339856924832185,1.0,1.0
G4_p0_w3_variable,G4_p1,10.0,G4,Event,0,0,0,0,0,0,,0.002652606305666001,0.003927009222170669,0.0012744029165046686,1.0,1.0
G4_p0_w3_variable,G4_p1,10.0,G4,Combined,0,0,0,0,0,0,,0.0014636598410777211,0.002715337401259742,0.0012516775601820209,1.0,1.0
G4_p0_w3_variable,G4_p1,10.0,G4,Agreement,0,0,0,0,0,0,,0.22388059701492535,0.2647058823529411,0.04082528533801577,1.0,1.0
G4_p0_w3_variable,G4_p1,20.0,G4,Global,0,0,0,0,0,0,,0.00199901458803957,0.002563516053146604,0.0005645014651070339,1.0,1.0
G4_p0_w3_variable,G4_p1,20.0,G4,Event,0,0,0,0,0,0,,0.0011453707670621115,0.0012182894584134459,7.291869135133441e-05,1.0,1.0
G4_p0_w3_variable,G4_p1,20.0,G4,Combined,0,0,0,0,0,0,,0.00046984927994305647,0.000642696097481933,0.00017284681753887654,1.0,1.0
G4_p0_w3_variable,G4_p1,20.0,G4,Agreement,0,0,0,0,0,0,,0.28767123287671237,0.30666666666666664,0.018995433789954275,1.0,1.0
G4_p0_w3_variable,G4_p2,-5.0,G4,Global,3,1,3,1,0,2,0.3333333333333333,0.9991313512793668,0.999533384123788,0.00040203284442119624,0.88,0.9787234042553191
G4_p0_w3_variable,G4_p2,-5.0,G4,Event,3,1,3,2,0,1,0.6666666666666666,0.8109541285158693,0.9423907228223325,0.13143659430646315,0.88,0.9787234042553191
G4_p0_w3_variable,G4_p2,-5.0,G4,Combined,3,1,3,2,0,1,0.6666666666666666,0.9953559656436166,0.9987614705483383,0.00340550490472169,0.88,0.9787234042553191
G4_p0_w3_variable,G4_p2,-5.0,G4,Agreement,3,1,3,3,0,0,1.0,0.8285714285714285,0.8888888888888888,0.060317460317460325,0.88,0.9787234042553191
G4_p0_w3_variable,G4_p2,0.0,G4,Global,0,0,0,0,0,0,,0.6910819330060707,0.8345807201967815,0.14349878719071085,0.9583333333333334,1.0
G4_p0_w3_variable,G4_p2,0.0,G4,Event,0,0,0,0,0,0,,0.07228834522917059,0.44769409542713806,0.37540575019796746,0.9583333333333334,1.0
G4_p0_w3_variable,G4_p2,0.0,G4,Combined,0,0,0,0,0,0,,0.5017525528239266,0.7935755014092142,0.29182294858528757,0.9583333333333334,1.0
G4_p0_w3_variable,G4_p2,0.0,G4,Agreement,0,0,0,0,0,0,,0.7777777777777778,0.9411764705882353,0.1633986928104575,0.9583333333333334,1.0
G4_p0_w3_variable,G4_p2,10.0,G4,Global,0,0,0,0,0,0,,0.009877753795316007,0.013441784053940328,0.003564030258624321,1.0,1.0
G4_p0_w3_variable,G4_p2,10.0,G4,Event,0,0,0,0,0,0,,0.0041729024646141935,0.004978976885246041,0.0008060744206318474,1.0,1.0
G4_p0_w3_variable,G4_p2,10.0,G4,Combined,0,0,0,0,0,0,,0.003490099517586518,0.006915258835702268,0.0034251593181157504,1.0,1.0
G4_p0_w3_variable,G4_p2,10.0,G4,Agreement,0,0,0,0,0,0,,0.09090909090909094,0.18644067796610164,0.0955315870570107,1.0,1.0
G4_p0_w3_variable,G4_p2,20.0,G4,Global,0,0,0,0,0,0,,0.001990755919084625,0.002437783259917801,0.00044702734083317593,1.0,1.0
G4_p0_w3_variable,G4_p2,20.0,G4,Event,0,0,0,0,0,0,,0.001221178187083136,0.001295363175935987,7.418498885285109e-05,1.0,1.0
G4_p0_w3_variable,G4_p2,20.0,G4,Combined,0,0,0,0,0,0,,0.0005739374951323458,0.000739642541739311,0.00016570504660696518,1.0,1.0
G4_p0_w3_variable,G4_p2,20.0,G4,Agreement,0,0,0,0,0,0,,0.28767123287671237,0.3055555555555556,0.017884322678843212,1.0,1.0
G4_p0_w3_variable,G4_p3,-5.0,G4,Global,0,0,0,0,0,0,,0.20874502901834224,0.7194544919174445,0.5107094628991022,0.9565217391304348,1.0
G4_p0_w3_variable,G4_p3,-5.0,G4,Event,0,0,0,0,0,0,,0.01708008950387859,0.03836913772392714,0.021289048220048547,0.9565217391304348,1.0
G4_p0_w3_variable,G4_p3,-5.0,G4,Combined,0,0,0,0,0,0,,0.013769442983446166,0.07984071602965366,0.0660712730462075,0.9565217391304348,1.0
G4_p0_w3_variable,G4_p3,-5.0,G4,Agreement,0,0,0,0,0,0,,0.038461538461538436,0.17647058823529416,0.13800904977375572,0.9565217391304348,1.0
G4_p0_w3_variable,G4_p3,0.0,G4,Global,0,0,0,0,0,0,,0.01310567470315002,0.08027365051660365,0.06716797581345363,0.9787234042553191,1.0
G4_p0_w3_variable,G4_p3,0.0,G4,Event,0,0,0,0,0,0,,0.006727893167297487,0.008304022963286695,0.0015761297959892076,0.9787234042553191,1.0
G4_p0_w3_variable,G4_p3,0.0,G4,Combined,0,0,0,0,0,0,,0.0027003578751735218,0.008640590117897601,0.00594023224272408,0.9787234042553191,1.0
G4_p0_w3_variable,G4_p3,0.0,G4,Agreement,0,0,0,0,0,0,,0.13793103448275867,0.21739130434782605,0.07946026986506738,0.9787234042553191,1.0
G4_p0_w3_variable,G4_p3,10.0,G4,Global,0,0,0,0,0,0,,0.002687870385463979,0.007426749031107965,0.004738878645643986,1.0,1.0
G4_p0_w3_variable,G4_p3,10.0,G4,Event,0,0,0,0,0,0,,0.001423475019995042,0.001666529985051905,0.0002430549650568629,1.0,1.0
G4_p0_w3_variable,G4_p3,10.0,G4,Combined,0,0,0,0,0,0,,0.0006549687568270764,0.0011928152241361607,0.0005378464673090843,1.0,1.0
G4_p0_w3_variable,G4_p3,10.0,G4,Agreement,0,0,0,0,0,0,,0.29729729729729726,0.30666666666666664,0.009369369369369385,1.0,1.0
G4_p0_w3_variable,G4_p3,20.0,G4,Global,0,0,0,0,0,0,,0.0013979123952453018,0.0017262028197258135,0.0003282904244805117,1.0,1.0
G4_p0_w3_variable,G4_p3,20.0,G4,Event,0,0,0,0,0,0,,0.0010734839140081887,0.0010970791817871862,2.3595267778997496e-05,1.0,1.0
G4_p0_w3_variable,G4_p3,20.0,G4,Combined,0,0,0,0,0,0,,0.000388351038094858,0.00044462856545079125,5.627752735593326e-05,1.0,1.0
G4_p0_w3_variable,G4_p3,20.0,G4,Agreement,0,0,0,0,0,0,,0.30666666666666664,0.30666666666666664,0.0,1.0,1.0
G4_p0_w3_variable,G4_p4,-5.0,G4,Global,4,0,0,0,0,0,,0.9842873990680526,0.9933229517603425,0.009035552692289839,0.8,0.9387755102040817
G4_p0_w3_variable,G4_p4,-5.0,G4,Event,4,0,0,0,0,0,,0.9774504267327645,0.9960513948424491,0.01860096810968459,0.8,0.9387755102040817
G4_p0_w3_variable,G4_p4,-5.0,G4,Combined,4,0,0,0,0,0,,0.9866016162443382,0.9991123110312132,0.012510694786875054,0.8,0.9387755102040817
G4_p0_w3_variable,G4_p4,-5.0,G4,Agreement,4,0,0,0,0,0,,0.6444444444444444,0.8181818181818181,0.17373737373737375,0.8,0.9387755102040817
G4_p0_w3_variable,G4_p4,0.0,G4,Global,0,0,0,0,0,0,,0.34318948890845435,0.5630245670917445,0.21983507818329018,0.9565217391304348,1.0
G4_p0_w3_variable,G4_p4,0.0,G4,Event,0,0,0,0,0,0,,0.1531646443879428,0.8658763186460204,0.7127116742580777,0.9565217391304348,1.0
G4_p0_w3_variable,G4_p4,0.0,G4,Combined,0,0,0,0,0,0,,0.33693590015924035,0.793388296789598,0.45645239663035764,0.9565217391304348,1.0
G4_p0_w3_variable,G4_p4,0.0,G4,Agreement,0,0,0,0,0,0,,0.6744186046511628,0.8666666666666667,0.19224806201550393,0.9565217391304348,1.0
G4_p0_w3_variable,G4_p4,10.0,G4,Global,0,0,0,0,0,0,,0.006748281708483707,0.010917246791497384,0.004168965083013677,1.0,1.0
G4_p0_w3_variable,G4_p4,10.0,G4,Event,0,0,0,0,0,0,,0.003641184151252713,0.007902296116851134,0.004261111965598421,1.0,1.0
G4_p0_w3_variable,G4_p4,10.0,G4,Combined,0,0,0,0,0,0,,0.0034492480873417183,0.003748362389412147,0.00029911430207042863,1.0,1.0
G4_p0_w3_variable,G4_p4,10.0,G4,Agreement,0,0,0,0,0,0,,0.1578947368421053,0.22807017543859653,0.07017543859649122,1.0,1.0
G4_p0_w3_variable,G4_p4,20.0,G4,Global,0,0,0,0,0,0,,0.0017524277456875644,0.001951525398322603,0.00019909765263503854,1.0,1.0
G4_p0_w3_variable,G4_p4,20.0,G4,Event,0,0,0,0,0,0,,0.0012823532598773182,0.0013346594676260707,5.2306207748752456e-05,1.0,1.0
G4_p0_w3_variable,G4_p4,20.0,G4,Combined,0,0,0,0,0,0,,0.0005004463899680397,0.0005890034193299456,8.855702936190588e-05,1.0,1.0
G4_p0_w3_variable,G4_p4,20.0,G4,Agreement,0,0,0,0,0,0,,0.2676056338028169,0.2777777777777778,0.010172143974960912,1.0,1.0
G4_p5_w0_regular,G4_p1,-5.0,G4,Global,4,0,0,0,0,0,,0.9999775350518356,0.9999917792025202,1.4244150684628032e-05,0.6956521739130435,0.75
G4_p5_w0_regular,G4_p1,-5.0,G4,Event,4,0,0,0,0,0,,0.9918117283673229,0.9979249928804257,0.00611326451310279,0.6956521739130435,0.75
G4_p5_w0_regular,G4_p1,-5.0,G4,Combined,4,0,0,0,0,0,,0.9997973168330385,0.9999665369022691,0.00016922006923059119,0.6956521739130435,0.75
G4_p5_w0_regular,G4_p1,-5.0,G4,Agreement,4,0,0,0,0,0,,0.6,0.6170212765957447,0.017021276595744705,0.6956521739130435,0.75
G4_p5_w0_regular,G4_p1,0.0,G4,Global,4,0,0,0,0,0,,0.9316963023283736,0.9784915107718916,0.04679520844351792,0.9090909090909091,0.9333333333333333
G4_p5_w0_regular,G4_p1,0.0,G4,Event,4,0,0,0,0,0,,0.601767782779349,0.9268325175526587,0.32506473477330977,0.9090909090909091,0.9333333333333333
G4_p5_w0_regular,G4_p1,0.0,G4,Combined,4,0,0,0,0,0,,0.8777879848974154,0.934235316655933,0.05644733175851757,0.9090909090909091,0.9333333333333333
G4_p5_w0_regular,G4_p1,0.0,G4,Agreement,4,0,0,0,0,0,,0.3076923076923077,0.5121951219512195,0.2045028142589118,0.9090909090909091,0.9333333333333333
G4_p5_w0_regular,G4_p1,10.0,G4,Global,0,0,0,0,0,0,,0.0006658203465622654,0.0013739369980560994,0.000708116651493834,1.0,1.0
G4_p5_w0_regular,G4_p1,10.0,G4,Event,0,0,0,0,0,0,,0.0038458712071560465,0.004377834383652991,0.0005319631764969445,1.0,1.0
G4_p5_w0_regular,G4_p1,10.0,G4,Combined,0,0,0,0,0,0,,0.0006671497718441346,0.0012033076894972196,0.0005361579176530849,1.0,1.0
G4_p5_w0_regular,G4_p1,10.0,G4,Agreement,0,0,0,0,0,0,,0.038461538461538436,0.09090909090909094,0.0524475524475525,1.0,1.0
G4_p5_w0_regular,G4_p1,20.0,G4,Global,0,0,0,0,0,0,,0.00025806725351210563,0.00031848325974209783,6.04160062299922e-05,1.0,1.0
G4_p5_w0_regular,G4_p1,20.0,G4,Event,0,0,0,0,0,0,,0.001979074622875683,0.002006364601008729,2.7289978133046133e-05,1.0,1.0
G4_p5_w0_regular,G4_p1,20.0,G4,Combined,0,0,0,0,0,0,,0.00028787736096631166,0.0003797879640617133,9.191060309540164e-05,1.0,1.0
G4_p5_w0_regular,G4_p1,20.0,G4,Agreement,0,0,0,0,0,0,,0.0,0.0,0.0,1.0,1.0
G4_p5_w0_regular,G4_p2,-5.0,G4,Global,4,0,0,0,0,0,,0.9962508853475651,0.9977107899834117,0.001459904635846554,0.8888888888888888,0.9361702127659575
G4_p5_w0_regular,G4_p2,-5.0,G4,Event,4,0,0,0,0,0,,0.47476962387231103,0.9582084441746315,0.48343882030232044,0.8888888888888888,0.9361702127659575
G4_p5_w0_regular,G4_p2,-5.0,G4,Combined,4,0,0,0,0,0,,0.9851489390352643,0.997754037154152,0.012605098118887659,0.8888888888888888,0.9361702127659575
G4_p5_w0_regular,G4_p2,-5.0,G4,Agreement,4,0,0,0,0,0,,0.7837837837837838,0.8285714285714285,0.04478764478764474,0.8888888888888888,0.9361702127659575
G4_p5_w0_regular,G4_p2,0.0,G4,Global,0,0,0,0,0,0,,0.3224241464118665,0.4920099917864403,0.16958584537457377,1.0,1.0
G4_p5_w0_regular,G4_p2,0.0,G4,Event,0,0,0,0,0,0,,0.028164338827381227,0.04803193790324402,0.01986759907586279,1.0,1.0
G4_p5_w0_regular,G4_p2,0.0,G4,Combined,0,0,0,0,0,0,,0.2425695854895226,0.36856148627931856,0.12599190078979597,1.0,1.0
G4_p5_w0_regular,G4_p2,0.0,G4,Agreement,0,0,0,0,0,0,,0.8285714285714285,0.875,0.046428571428571486,1.0,1.0
G4_p5_w0_regular,G4_p2,10.0,G4,Global,0,0,0,0,0,0,,0.0016514987728606448,0.0026791762574066434,0.0010276774845459987,1.0,1.0
G4_p5_w0_regular,G4_p2,10.0,G4,Event,0,0,0,0,0,0,,0.0034854275437363426,0.004654908853333382,0.0011694813095970398,1.0,1.0
G4_p5_w0_regular,G4_p2,10.0,G4,Combined,0,0,0,0,0,0,,0.0021188630470112715,0.003296553948080673,0.0011776909010694013,1.0,1.0
G4_p5_w0_regular,G4_p2,10.0,G4,Agreement,0,0,0,0,0,0,,0.07407407407407407,0.12727272727272732,0.053198653198653245,1.0,1.0
G4_p5_w0_regular,G4_p2,20.0,G4,Global,0,0,0,0,0,0,,0.000322292905345551,0.00045113991580086275,0.00012884701045531177,1.0,1.0
G4_p5_w0_regular,G4_p2,20.0,G4,Event,0,0,0,0,0,0,,0.0019319424184257676,0.0021466028070566507,0.0002146603886308831,1.0,1.0
G4_p5_w0_regular,G4_p2,20.0,G4,Combined,0,0,0,0,0,0,,0.0004279621062761485,0.0005172854959710493,8.932338969490079e-05,1.0,1.0
G4_p5_w0_regular,G4_p2,20.0,G4,Agreement,0,0,0,0,0,0,,0.0,0.03703703703703709,0.03703703703703709,1.0,1.0
G4_p5_w0_regular,G4_p3,-5.0,G4,Global,0,0,0,0,0,0,,0.11927532549785215,0.32915648659420677,0.20988116109635463,0.9545454545454546,1.0
G4_p5_w0_regular,G4_p3,-5.0,G4,Event,0,0,0,0,0,0,,0.014071209082015866,0.017053008090952494,0.0029817990089366277,0.9545454545454546,1.0
G4_p5_w0_regular,G4_p3,-5.0,G4,Combined,0,0,0,0,0,0,,0.011365677669718898,0.024691131237606644,0.013325453567887747,0.9545454545454546,1.0
G4_p5_w0_regular,G4_p3,-5.0,G4,Agreement,0,0,0,0,0,0,,0.018867924528301883,0.054545454545454564,0.03567753001715268,0.9545454545454546,1.0
G4_p5_w0_regular,G4_p3,0.0,G4,Global,0,0,0,0,0,0,,0.006489654929485231,0.018545045018363654,0.012055390088878423,1.0,1.0
G4_p5_w0_regular,G4_p3,0.0,G4,Event,0,0,0,0,0,0,,0.004096168003623375,0.006785056239754518,0.002688888236131143,1.0,1.0
G4_p5_w0_regular,G4_p3,0.0,G4,Combined,0,0,0,0,0,0,,0.0017673616468153492,0.0050449427532352036,0.0032775811064198546,1.0,1.0
G4_p5_w0_regular,G4_p3,0.0,G4,Agreement,0,0,0,0,0,0,,0.018867924528301883,0.05660377358490565,0.037735849056603765,1.0,1.0
G4_p5_w0_regular,G4_p3,10.0,G4,Global,0,0,0,0,0,0,,0.0007522475949026479,0.0011727657962984771,0.0004205182013958292,1.0,1.0
G4_p5_w0_regular,G4_p3,10.0,G4,Event,0,0,0,0,0,0,,0.0021614574812119395,0.0022355588301433654,7.410134893142588e-05,1.0,1.0
G4_p5_w0_regular,G4_p3,10.0,G4,Combined,0,0,0,0,0,0,,0.0004884118125758125,0.0006629075066220805,0.00017449569404626793,1.0,1.0
G4_p5_w0_regular,G4_p3,10.0,G4,Agreement,0,0,0,0,0,0,,0.0,0.018867924528301883,0.018867924528301883,1.0,1.0
G4_p5_w0_regular,G4_p3,20.0,G4,Global,0,0,0,0,0,0,,0.00027564263840242726,0.00029751078546564827,2.1868147063221004e-05,1.0,1.0
G4_p5_w0_regular,G4_p3,20.0,G4,Event,0,0,0,0,0,0,,0.0018799308150180606,0.0018847255143549155,4.794699336854941e-06,1.0,1.0
G4_p5_w0_regular,G4_p3,20.0,G4,Combined,0,0,0,0,0,0,,0.00029701425293880777,0.0003062292136739429,9.21496073513512e-06,1.0,1.0
G4_p5_w0_regular,G4_p3,20.0,G4,Agreement,0,0,0,0,0,0,,0.0,0.0,0.0,1.0,1.0
G4_p5_w0_regular,G4_p4,-5.0,G4,Global,4,0,0,0,0,0,,0.9549424167075428,0.9763489011433674,0.021406484435824602,0.8936170212765957,0.9090909090909091
G4_p5_w0_regular,G4_p4,-5.0,G4,Event,4,0,0,0,0,0,,0.9297799771257608,0.9730470857386889,0.04326710861292815,0.8936170212765957,0.9090909090909091
G4_p5_w0_regular,G4_p4,-5.0,G4,Combined,4,0,0,0,0,0,,0.950383568157245,0.9840256181768857,0.03364205001964071,0.8936170212765957,0.9090909090909091
G4_p5_w0_regular,G4_p4,-5.0,G4,Agreement,4,0,0,0,0,0,,0.7446808510638299,0.8048780487804879,0.06019719771665799,0.8936170212765957,0.9090909090909091
G4_p5_w0_regular,G4_p4,0.0,G4,Global,0,0,0,0,0,0,,0.12187674861394796,0.25512537744154967,0.13324862882760172,0.9777777777777777,1.0
G4_p5_w0_regular,G4_p4,0.0,G4,Event,0,0,0,0,0,0,,0.06013070459286617,0.2888617419976921,0.22873103740482592,0.9777777777777777,1.0
G4_p5_w0_regular,G4_p4,0.0,G4,Combined,0,0,0,0,0,0,,0.10956222275224115,0.2606942490407593,0.15113202628851813,0.9777777777777777,1.0
G4_p5_w0_regular,G4_p4,0.0,G4,Agreement,0,0,0,0,0,0,,0.5652173913043479,0.6818181818181819,0.11660079051383399,0.9777777777777777,1.0
G4_p5_w0_regular,G4_p4,10.0,G4,Global,0,0,0,0,0,0,,0.0009501023461176242,0.00265942188165263,0.001709319535535006,1.0,1.0
G4_p5_w0_regular,G4_p4,10.0,G4,Event,0,0,0,0,0,0,,0.004303070666232034,0.004709830133399227,0.0004067594671671934,1.0,1.0
G4_p5_w0_regular,G4_p4,10.0,G4,Combined,0,0,0,0,0,0,,0.0010448804770495142,0.0018442174077626572,0.0007993369307131429,1.0,1.0
G4_p5_w0_regular,G4_p4,10.0,G4,Agreement,0,0,0,0,0,0,,0.018867924528301883,0.07407407407407407,0.05520614954577219,1.0,1.0
G4_p5_w0_regular,G4_p4,20.0,G4,Global,0,0,0,0,0,0,,0.0002913732964931648,0.000430453621049003,0.00013908032455583818,1.0,1.0
G4_p5_w0_regular,G4_p4,20.0,G4,Event,0,0,0,0,0,0,,0.002080690604709505,0.0021338467884708303,5.315618376132512e-05,1.0,1.0
G4_p5_w0_regular,G4_p4,20.0,G4,Combined,0,0,0,0,0,0,,0.0003448465891227126,0.0004321004531315543,8.725386400884171e-05,1.0,1.0
G4_p5_w0_regular,G4_p4,20.0,G4,Agreement,0,0,0,0,0,0,,0.0,0.0,0.0,1.0,1.0
G4_p5_w0_variable,G4_p1,-5.0,G4,Global,4,0,0,0,0,0,,0.9999831645735398,0.9999943398093525,1.1175235812732609e-05,0.7083333333333334,0.7755102040816326
G4_p5_w0_variable,G4_p1,-5.0,G4,Event,4,0,0,0,0,0,,0.9714600449352594,0.9938710363902483,0.022410991454988927,0.7083333333333334,0.7755102040816326
G4_p5_w0_variable,G4_p1,-5.0,G4,Combined,4,0,0,0,0,0,,0.9992350145454433,0.9998898127752996,0.0006547982298563682,0.7083333333333334,0.7755102040816326
G4_p5_w0_variable,G4_p1,-5.0,G4,Agreement,4,0,0,0,0,0,,0.6086956521739131,0.6818181818181819,0.0731225296442688,0.7083333333333334,0.7755102040816326
G4_p5_w0_variable,G4_p1,0.0,G4,Global,3,1,3,2,0,1,0.6666666666666666,0.9510449358874704,0.9819745513912583,0.03092961550378792,0.8695652173913043,0.9583333333333334
G4_p5_w0_variable,G4_p1,0.0,G4,Event,3,1,3,1,0,2,0.3333333333333333,0.28418088113550055,0.9111964760358079,0.6270155949003073,0.8695652173913043,0.9583333333333334
G4_p5_w0_variable,G4_p1,0.0,G4,Combined,3,1,3,0,0,3,0.0,0.7954224612623148,0.9646516985165267,0.1692292372542119,0.8695652173913043,0.9583333333333334
G4_p5_w0_variable,G4_p1,0.0,G4,Agreement,3,1,3,2,0,1,0.6666666666666666,0.2222222222222222,0.42307692307692313,0.20085470085470092,0.8695652173913043,0.9583333333333334
G4_p5_w0_variable,G4_p1,10.0,G4,Global,0,0,0,0,0,0,,0.0013687567835627748,0.0018793024622540677,0.0005105456786912929,0.9787234042553191,1.0
G4_p5_w0_variable,G4_p1,10.0,G4,Event,0,0,0,0,0,0,,0.003317305137031284,0.005477768676237658,0.002160463539206374,0.9787234042553191,1.0
G4_p5_w0_variable,G4_p1,10.0,G4,Combined,0,0,0,0,0,0,,0.0006920959643613885,0.0015997630297191047,0.0009076670653577162,0.9787234042553191,1.0
G4_p5_w0_variable,G4_p1,10.0,G4,Agreement,0,0,0,0,0,0,,0.05084745762711862,0.08771929824561409,0.036871840618495466,0.9787234042553191,1.0
G4_p5_w0_variable,G4_p1,20.0,G4,Global,0,0,0,0,0,0,,0.00039098358501109563,0.00044095555764688205,4.997197263578642e-05,1.0,1.0
G4_p5_w0_variable,G4_p1,20.0,G4,Event,0,0,0,0,0,0,,0.0019827294897759922,0.0021182694334199097,0.0001355399436439174,1.0,1.0
G4_p5_w0_variable,G4_p1,20.0,G4,Combined,0,0,0,0,0,0,,0.00028448210005272605,0.00036505621059992205,8.0574110547196e-05,1.0,1.0
G4_p5_w0_variable,G4_p1,20.0,G4,Agreement,0,0,0,0,0,0,,0.0,0.0,0.0,1.0,1.0
G4_p5_w0_variable,G4_p2,-5.0,G4,Global,4,0,0,0,0,0,,0.9981152134028108,0.9988395201083915,0.0007243067055806574,0.92,0.9361702127659575
G4_p5_w0_variable,G4_p2,-5.0,G4,Event,4,0,0,0,0,0,,0.3121636563369272,0.9916822075372368,0.6795185512003096,0.92,0.9361702127659575
G4_p5_w0_variable,G4_p2,-5.0,G4,Combined,4,0,0,0,0,0,,0.9778744246901656,0.9993748183707252,0.02150039368055956,0.92,0.9361702127659575
G4_p5_w0_variable,G4_p2,-5.0,G4,Agreement,4,0,0,0,0,0,,0.7297297297297297,0.8947368421052632,0.16500711237553345,0.92,0.9361702127659575
G4_p5_w0_variable,G4_p2,0.0,G4,Global,0,0,0,0,0,0,,0.524029039611191,0.685191249879208,0.16116221026801703,1.0,1.0
G4_p5_w0_variable,G4_p2,0.0,G4,Event,0,0,0,0,0,0,,0.01674950703237387,0.048473765171476994,0.03172425813910312,1.0,1.0
G4_p5_w0_variable,G4_p2,0.0,G4,Combined,0,0,0,0,0,0,,0.21889895822774785,0.43594971077576994,0.21705075254802209,1.0,1.0
G4_p5_w0_variable,G4_p2,0.0,G4,Agreement,0,0,0,0,0,0,,0.7222222222222222,0.8888888888888888,0.16666666666666663,1.0,1.0
G4_p5_w0_variable,G4_p2,10.0,G4,Global,0,0,0,0,0,0,,0.002605095256098583,0.00418865330490616,0.001583558048807577,1.0,1.0
G4_p5_w0_variable,G4_p2,10.0,G4,Event,0,0,0,0,0,0,,0.00377620740642952,0.00500611875491422,0.0012299113484847,1.0,1.0
G4_p5_w0_variable,G4_p2,10.0,G4,Combined,0,0,0,0,0,0,,0.0019421374714340917,0.0038278343567259847,0.001885696885291893,1.0,1.0
G4_p5_w0_variable,G4_p2,10.0,G4,Agreement,0,0,0,0,0,0,,0.06896551724137934,0.11475409836065575,0.04578858111927642,1.0,1.0
G4_p5_w0_variable,G4_p2,20.0,G4,Global,0,0,0,0,0,0,,0.00047419122856967653,0.0005322687654581232,5.80775368884467e-05,1.0,1.0
G4_p5_w0_variable,G4_p2,20.0,G4,Event,0,0,0,0,0,0,,0.0019658518708329433,0.0021855677336445256,0.00021971586281158226,1.0,1.0
G4_p5_w0_variable,G4_p2,20.0,G4,Combined,0,0,0,0,0,0,,0.00037238334845735656,0.00043904106619878526,6.66577177414287e-05,1.0,1.0
G4_p5_w0_variable,G4_p2,20.0,G4,Agreement,0,0,0,0,0,0,,0.0,0.0357142857142857,0.0357142857142857,1.0,1.0
G4_p5_w0_variable,G4_p3,-5.0,G4,Global,0,0,0,0,0,0,,0.16226897742423654,0.4129039341415477,0.2506349567173112,0.9565217391304348,1.0
G4_p5_w0_variable,G4_p3,-5.0,G4,Event,0,0,0,0,0,0,,0.015469543541338537,0.024786956525534802,0.009317412984196265,0.9565217391304348,1.0
G4_p5_w0_variable,G4_p3,-5.0,G4,Combined,0,0,0,0,0,0,,0.015271854598625999,0.027870906498536303,0.012599051899910304,0.9565217391304348,1.0
G4_p5_w0_variable,G4_p3,-5.0,G4,Agreement,0,0,0,0,0,0,,0.033333333333333326,0.052631578947368474,0.019298245614035148,0.9565217391304348,1.0
G4_p5_w0_variable,G4_p3,0.0,G4,Global,0,0,0,0,0,0,,0.008859552217528602,0.02351922158265355,0.014659669365124948,0.9787234042553191,1.0
G4_p5_w0_variable,G4_p3,0.0,G4,Event,0,0,0,0,0,0,,0.004976805374215689,0.006977693134332964,0.0020008877601172754,0.9787234042553191,1.0
G4_p5_w0_variable,G4_p3,0.0,G4,Combined,0,0,0,0,0,0,,0.002455721185204267,0.0038292269988217313,0.0013735058136174643,0.9787234042553191,1.0
G4_p5_w0_variable,G4_p3,0.0,G4,Agreement,0,0,0,0,0,0,,0.03448275862068961,0.052631578947368474,0.01814882032667886,0.9787234042553191,1.0
G4_p5_w0_variable,G4_p3,10.0,G4,Global,0,0,0,0,0,0,,0.0010874969996041712,0.001484263333038079,0.0003967663334339079,1.0,1.0
G4_p5_w0_variable,G4_p3,10.0,G4,Event,0,0,0,0,0,0,,0.002241253874871363,0.002381026538184641,0.00013977266331327782,1.0,1.0
G4_p5_w0_variable,G4_p3,10.0,G4,Combined,0,0,0,0,0,0,,0.0005090815389952755,0.0005766912455012643,6.760970650598885e-05,1.0,1.0
G4_p5_w0_variable,G4_p3,10.0,G4,Agreement,0,0,0,0,0,0,,0.0,0.01754385964912286,0.01754385964912286,1.0,1.0
G4_p5_w0_variable,G4_p3,20.0,G4,Global,0,0,0,0,0,0,,0.0004069548990900378,0.0004238716710327111,1.6916771942673315e-05,1.0,1.0
G4_p5_w0_variable,G4_p3,20.0,G4,Event,0,0,0,0,0,0,,0.0019430009319100037,0.0019777428177075247,3.474188579752108e-05,1.0,1.0
G4_p5_w0_variable,G4_p3,20.0,G4,Combined,0,0,0,0,0,0,,0.00029557198437931597,0.00031352934785120113,1.7957363471885163e-05,1.0,1.0
G4_p5_w0_variable,G4_p3,20.0,G4,Agreement,0,0,0,0,0,0,,0.0,0.0,0.0,1.0,1.0
G4_p5_w0_variable,G4_p4,-5.0,G4,Global,4,0,0,0,0,0,,0.9617010687205397,0.986274828684739,0.024573759964199304,0.8301886792452831,0.88
G4_p5_w0_variable,G4_p4,-5.0,G4,Event,4,0,0,0,0,0,,0.970721904745578,0.9971807575442102,0.02645885279863225,0.8301886792452831,0.88
G4_p5_w0_variable,G4_p4,-5.0,G4,Combined,4,0,0,0,0,0,,0.9871334979915836,0.9985072015960232,0.011373703604439678,0.8301886792452831,0.88
G4_p5_w0_variable,G4_p4,-5.0,G4,Agreement,4,0,0,0,0,0,,0.6363636363636364,0.782608695652174,0.1462450592885376,0.8301886792452831,0.88
G4_p5_w0_variable,G4_p4,0.0,G4,Global,0,0,0,0,0,0,,0.1523293066651804,0.3552792931112776,0.20294998644609719,0.9583333333333334,1.0
G4_p5_w0_variable,G4_p4,0.0,G4,Event,0,0,0,0,0,0,,0.1623964416267115,0.2873702145922825,0.12497377296557102,0.9583333333333334,1.0
G4_p5_w0_variable,G4_p4,0.0,G4,Combined,0,0,0,0,0,0,,0.20083067380105998,0.3219936237664276,0.12116294996536761,0.9583333333333334,1.0
G4_p5_w0_variable,G4_p4,0.0,G4,Agreement,0,0,0,0,0,0,,0.5348837209302326,0.7872340425531915,0.2523503216229589,0.9583333333333334,1.0
G4_p5_w0_variable,G4_p4,10.0,G4,Global,0,0,0,0,0,0,,0.001512141194821762,0.0022523282129912154,0.0007401870181694534,1.0,1.0
G4_p5_w0_variable,G4_p4,10.0,G4,Event,0,0,0,0,0,0,,0.00421495912215906,0.00563769502970408,0.0014227359075450205,1.0,1.0
G4_p5_w0_variable,G4_p4,10.0,G4,Combined,0,0,0,0,0,0,,0.001188107479710056,0.0017602977340688759,0.0005721902543588198,1.0,1.0
G4_p5_w0_variable,G4_p4,10.0,G4,Agreement,0,0,0,0,0,0,,0.01754385964912286,0.0847457627118644,0.06720190306274154,1.0,1.0
G4_p5_w0_variable,G4_p4,20.0,G4,Global,0,0,0,0,0,0,,0.0003934154888505925,0.0004652286015480088,7.181311269741634e-05,1.0,1.0
G4_p5_w0_variable,G4_p4,20.0,G4,Event,0,0,0,0,0,0,,0.0021081885676409976,0.002165667014747945,5.7478447106947515e-05,1.0,1.0
G4_p5_w0_variable,G4_p4,20.0,G4,Combined,0,0,0,0,0,0,,0.0003206217590622781,0.0003576549024231183,3.703314336084019e-05,1.0,1.0
G4_p5_w0_variable,G4_p4,20.0,G4,Agreement,0,0,0,0,0,0,,0.0,0.01754385964912286,0.01754385964912286,1.0,1.0
G4_p5_w1_regular,G4_p1,-5.0,G4,Global,4,0,0,0,0,0,,0.9999903813186296,0.9999964647692469,6.083450617255792e-06,0.7317073170731707,0.782608695652174
G4_p5_w1_regular,G4_p1,-5.0,G4,Event,4,0,0,0,0,0,,0.9929255276890405,0.9991125943532558,0.006187066664215313,0.7317073170731707,0.782608695652174
G4_p5_w1_regular,G4_p1,-5.0,G4,Combined,4,0,0,0,0,0,,0.9999646180692733,0.9999952503023355,3.063223306221108e-05,0.7317073170731707,0.782608695652174
G4_p5_w1_regular,G4_p1,-5.0,G4,Agreement,4,0,0,0,0,0,,0.5675675675675675,0.6888888888888889,0.12132132132132134,0.7317073170731707,0.782608695652174
G4_p5_w1_regular,G4_p1,0.0,G4,Global,4,0,0,0,0,0,,0.9685754969071931,0.9954245372435706,0.026849040336377472,0.8181818181818182,0.9473684210526315
G4_p5_w1_regular,G4_p1,0.0,G4,Event,4,0,0,0,0,0,,0.7741588701625676,0.9293943046655387,0.15523543450297117,0.8181818181818182,0.9473684210526315
G4_p5_w1_regular,G4_p1,0.0,G4,Combined,4,0,0,0,0,0,,0.9191824955560983,0.9942803802748038,0.07509788471870549,0.8181818181818182,0.9473684210526315
G4_p5_w1_regular,G4_p1,0.0,G4,Agreement,4,0,0,0,0,0,,0.15254237288135597,0.2558139534883721,0.10327158060701613,0.8181818181818182,0.9473684210526315
G4_p5_w1_regular,G4_p1,10.0,G4,Global,0,0,0,0,0,0,,0.008471680894424351,0.0161899333490495,0.00771825245462515,1.0,1.0
G4_p5_w1_regular,G4_p1,10.0,G4,Event,0,0,0,0,0,0,,0.0023469304400949623,0.004031227571570899,0.0016842971314759369,1.0,1.0
G4_p5_w1_regular,G4_p1,10.0,G4,Combined,0,0,0,0,0,0,,0.0015003391477230743,0.005223433851448185,0.003723094703725111,1.0,1.0
G4_p5_w1_regular,G4_p1,10.0,G4,Agreement,0,0,0,0,0,0,,0.021276595744680882,0.08333333333333337,0.06205673758865249,1.0,1.0
G4_p5_w1_regular,G4_p1,20.0,G4,Global,0,0,0,0,0,0,,0.003300432929198482,0.003749733518608147,0.0004493005894096653,1.0,1.0
G4_p5_w1_regular,G4_p1,20.0,G4,Event,0,0,0,0,0,0,,0.0018928346480257979,0.001995133518694203,0.00010229887066840523,1.0,1.0
G4_p5_w1_regular,G4_p1,20.0,G4,Combined,0,0,0,0,0,0,,0.001011591030136315,0.0013008226220453448,0.00028923159190902986,1.0,1.0
G4_p5_w1_regular,G4_p1,20.0,G4,Agreement,0,0,0,0,0,0,,0.0,0.0,0.0,1.0,1.0
G4_p5_w1_regular,G4_p2,-5.0,G4,Global,3,1,3,0,0,3,0.0,0.9919290023305236,0.9968679712192724,0.004938968888748785,0.8571428571428571,0.95
G4_p5_w1_regular,G4_p2,-5.0,G4,Event,3,1,3,2,0,1,0.6666666666666666,0.8023511045683016,0.9598781638000868,0.15752705923178523,0.8571428571428571,0.95
G4_p5_w1_regular,G4_p2,-5.0,G4,Combined,3,1,3,2,0,1,0.6666666666666666,0.9924937859674163,0.9970556309423231,0.004561844974906748,0.8571428571428571,0.95
G4_p5_w1_regular,G4_p2,-5.0,G4,Agreement,3,1,3,3,0,0,1.0,0.696969696969697,0.8823529411764706,0.18538324420677355,0.8571428571428571,0.95
G4_p5_w1_regular,G4_p2,0.0,G4,Global,0,0,0,0,0,0,,0.3293883181431382,0.5000992164986542,0.170710898355516,1.0,1.0
G4_p5_w1_regular,G4_p2,0.0,G4,Event,0,0,0,0,0,0,,0.04254287361751069,0.40699794769653197,0.3644550740790213,1.0,1.0
G4_p5_w1_regular,G4_p2,0.0,G4,Combined,0,0,0,0,0,0,,0.2762990884102516,0.6615436040262186,0.385244515615967,1.0,1.0
G4_p5_w1_regular,G4_p2,0.0,G4,Agreement,0,0,0,0,0,0,,0.8709677419354839,0.9375,0.06653225806451613,1.0,1.0
G4_p5_w1_regular,G4_p2,10.0,G4,Global,0,0,0,0,0,0,,0.007925112940508478,0.011998517106019586,0.0040734041655111075,1.0,1.0
G4_p5_w1_regular,G4_p2,10.0,G4,Event,0,0,0,0,0,0,,0.0032352731109981333,0.0053503502446266915,0.0021150771336285582,1.0,1.0
G4_p5_w1_regular,G4_p2,10.0,G4,Combined,0,0,0,0,0,0,,0.004320191395111255,0.006364869686880904,0.0020446782917696495,1.0,1.0
G4_p5_w1_regular,G4_p2,10.0,G4,Agreement,0,0,0,0,0,0,,0.10204081632653061,0.16000000000000003,0.05795918367346942,1.0,1.0
G4_p5_w1_regular,G4_p2,20.0,G4,Global,0,0,0,0,0,0,,0.003269202123681177,0.0038529263874123665,0.0005837242637311895,1.0,1.0
G4_p5_w1_regular,G4_p2,20.0,G4,Event,0,0,0,0,0,0,,0.0018991243719965307,0.0022221668434464423,0.0003230424714499116,1.0,1.0
G4_p5_w1_regular,G4_p2,20.0,G4,Combined,0,0,0,0,0,0,,0.0012480556822444147,0.001333693717276401,8.563803503198629e-05,1.0,1.0
G4_p5_w1_regular,G4_p2,20.0,G4,Agreement,0,0,0,0,0,0,,0.0,0.061224489795918324,0.061224489795918324,1.0,1.0
G4_p5_w1_regular,G4_p3,-5.0,G4,Global,0,0,0,0,0,0,,0.3144513022465954,0.8459136215236612,0.5314623192770658,0.9743589743589743,1.0
G4_p5_w1_regular,G4_p3,-5.0,G4,Event,0,0,0,0,0,0,,0.013825552119710463,0.041831001342418885,0.028005449222708423,0.9743589743589743,1.0
G4_p5_w1_regular,G4_p3,-5.0,G4,Combined,0,0,0,0,0,0,,0.021420503460193665,0.13606922115281914,0.11464871769262547,0.9743589743589743,1.0
G4_p5_w1_regular,G4_p3,-5.0,G4,Agreement,0,0,0,0,0,0,,0.020408163265306145,0.06382978723404253,0.04342162396873639,0.9743589743589743,1.0
G4_p5_w1_regular,G4_p3,0.0,G4,Global,0,0,0,0,0,0,,0.03002199248526233,0.14490687976646877,0.11488488728120644,0.9743589743589743,1.0
G4_p5_w1_regular,G4_p3,0.0,G4,Event,0,0,0,0,0,0,,0.005173485994261597,0.011103936481350152,0.0059304504870885556,0.9743589743589743,1.0
G4_p5_w1_regular,G4_p3,0.0,G4,Combined,0,0,0,0,0,0,,0.004872564729827516,0.017549953047699966,0.012677388317872448,0.9743589743589743,1.0
G4_p5_w1_regular,G4_p3,0.0,G4,Agreement,0,0,0,0,0,0,,0.021276595744680882,0.08333333333333337,0.06205673758865249,0.9743589743589743,1.0
G4_p5_w1_regular,G4_p3,10.0,G4,Global,0,0,0,0,0,0,,0.006693926933064052,0.010440001910525194,0.0037460749774611427,1.0,1.0
G4_p5_w1_regular,G4_p3,10.0,G4,Event,0,0,0,0,0,0,,0.0022476832280083395,0.0025388103219179696,0.00029112709390963004,1.0,1.0
G4_p5_w1_regular,G4_p3,10.0,G4,Combined,0,0,0,0,0,0,,0.0016322459742073119,0.002551327829264745,0.000919081855057433,1.0,1.0
G4_p5_w1_regular,G4_p3,10.0,G4,Agreement,0,0,0,0,0,0,,0.0,0.021276595744680882,0.021276595744680882,1.0,1.0
G4_p5_w1_regular,G4_p3,20.0,G4,Global,0,0,0,0,0,0,,0.0033554850481636108,0.0036634518096110126,0.0003079667614474019,1.0,1.0
G4_p5_w1_regular,G4_p3,20.0,G4,Event,0,0,0,0,0,0,,0.0018408575512994863,0.001926154765797127,8.529721449764059e-05,1.0,1.0
G4_p5_w1_regular,G4_p3,20.0,G4,Combined,0,0,0,0,0,0,,0.0010669350376629858,0.0011488550786462842,8.192004098329844e-05,1.0,1.0
G4_p5_w1_regular,G4_p3,20.0,G4,Agreement,0,0,0,0,0,0,,0.0,0.021276595744680882,0.021276595744680882,1.0,1.0
G4_p5_w1_regular,G4_p4,-5.0,G4,Global,4,0,0,0,0,0,,0.9482750878862055,0.96031048232889,0.012035394442684533,0.8095238095238095,0.9047619047619048
G4_p5_w1_regular,G4_p4,-5.0,G4,Event,4,0,0,0,0,0,,0.8320257013716816,0.9852711201644185,0.1532454187927369,0.8095238095238095,0.9047619047619048
G4_p5_w1_regular,G4_p4,-5.0,G4,Combined,4,0,0,0,0,0,,0.9512298808175812,0.9956444848314218,0.044414604013840564,0.8095238095238095,0.9047619047619048
G4_p5_w1_regular,G4_p4,-5.0,G4,Agreement,4,0,0,0,0,0,,0.7560975609756098,0.9024390243902439,0.14634146341463417,0.8095238095238095,0.9047619047619048
G4_p5_w1_regular,G4_p4,0.0,G4,Global,0,0,0,0,0,0,,0.1787282538465055,0.23541284186493458,0.05668458801842907,0.95,1.0
G4_p5_w1_regular,G4_p4,0.0,G4,Event,0,0,0,0,0,0,,0.05433967298949112,0.4716929148746762,0.4173532418851851,0.95,1.0
G4_p5_w1_regular,G4_p4,0.0,G4,Combined,0,0,0,0,0,0,,0.15050195424723825,0.5149023128739547,0.3644003586267165,0.95,1.0
G4_p5_w1_regular,G4_p4,0.0,G4,Agreement,0,0,0,0,0,0,,0.6190476190476191,0.7073170731707317,0.0882694541231126,0.95,1.0
G4_p5_w1_regular,G4_p4,10.0,G4,Global,0,0,0,0,0,0,,0.0070009820614268985,0.008111506656686827,0.001110524595259929,1.0,1.0
G4_p5_w1_regular,G4_p4,10.0,G4,Event,0,0,0,0,0,0,,0.0041491909746602315,0.005254938443289455,0.0011057474686292238,1.0,1.0
G4_p5_w1_regular,G4_p4,10.0,G4,Combined,0,0,0,0,0,0,,0.00344684380086755,0.003604005683469012,0.00015716188260146181,1.0,1.0
G4_p5_w1_regular,G4_p4,10.0,G4,Agreement,0,0,0,0,0,0,,0.061224489795918324,0.13725490196078427,0.07603041216486595,1.0,1.0
G4_p5_w1_regular,G4_p4,20.0,G4,Global,0,0,0,0,0,0,,0.0033629411933288533,0.0034144449503568505,5.15037570279972e-05,1.0,1.0
G4_p5_w1_regular,G4_p4,20.0,G4,Event,0,0,0,0,0,0,,0.0020302062398210225,0.0021066002282965185,7.639398847549602e-05,1.0,1.0
G4_p5_w1_regular,G4_p4,20.0,G4,Combined,0,0,0,0,0,0,,0.0011855494092736527,0.0012355350433349381,4.998563406128547e-05,1.0,1.0
G4_p5_w1_regular,G4_p4,20.0,G4,Agreement,0,0,0,0,0,0,,0.0,0.021276595744680882,0.021276595744680882,1.0,1.0
G4_p5_w1_variable,G4_p1,-5.0,G4,Global,4,0,0,0,0,0,,0.9999889912796238,0.9999994526481316,1.0461368507796998e-05,0.6046511627906976,0.8372093023255814
G4_p5_w1_variable,G4_p1,-5.0,G4,Event,4,0,0,0,0,0,,0.9760579638626043,0.998712267742745,0.02265430388014067,0.6046511627906976,0.8372093023255814
G4_p5_w1_variable,G4_p1,-5.0,G4,Combined,4,0,0,0,0,0,,0.9998938415557245,0.9999994828976442,0.00010564134191970442,0.6046511627906976,0.8372093023255814
G4_p5_w1_variable,G4_p1,-5.0,G4,Agreement,4,0,0,0,0,0,,0.55,0.6585365853658536,0.10853658536585353,0.6046511627906976,0.8372093023255814
G4_p5_w1_variable,G4_p1,0.0,G4,Global,2,1,4,4,0,0,1.0,0.9631777436394631,0.9991260121631741,0.035948268523711024,0.926829268292683,0.9743589743589743
G4_p5_w1_variable,G4_p1,0.0,G4,Event,2,1,4,3,0,1,0.75,0.24610090860096576,0.9238004855362772,0.6776995769353115,0.926829268292683,0.9743589743589743
G4_p5_w1_variable,G4_p1,0.0,G4,Combined,2,1,4,4,0,0,1.0,0.8898147648404997,0.9983769929629696,0.10856222812246985,0.926829268292683,0.9743589743589743
G4_p5_w1_variable,G4_p1,0.0,G4,Agreement,2,1,4,2,0,2,0.5,0.2075471698113207,0.26530612244897955,0.057758952637658845,0.926829268292683,0.9743589743589743
G4_p5_w1_variable,G4_p1,10.0,G4,Global,0,0,0,0,0,0,,0.007137541072796989,0.029002822992500874,0.021865281919703886,1.0,1.0
G4_p5_w1_variable,G4_p1,10.0,G4,Event,0,0,0,0,0,0,,0.002386130774344635,0.003549145656905141,0.001163014882560506,1.0,1.0
G4_p5_w1_variable,G4_p1,10.0,G4,Combined,0,0,0,0,0,0,,0.0017953185524843484,0.006196896079166377,0.004401577526682028,1.0,1.0
G4_p5_w1_variable,G4_p1,10.0,G4,Agreement,0,0,0,0,0,0,,0.021276595744680882,0.08333333333333337,0.06205673758865249,1.0,1.0
G4_p5_w1_variable,G4_p1,20.0,G4,Global,0,0,0,0,0,0,,0.003030908678456207,0.004061061629430271,0.0010301529509740641,1.0,1.0
G4_p5_w1_variable,G4_p1,20.0,G4,Event,0,0,0,0,0,0,,0.0018572049267225697,0.002014347042850189,0.00015714211612761955,1.0,1.0
G4_p5_w1_variable,G4_p1,20.0,G4,Combined,0,0,0,0,0,0,,0.0012438190152792156,0.0015247675628095399,0.0002809485475303243,1.0,1.0
G4_p5_w1_variable,G4_p1,20.0,G4,Agreement,0,0,0,0,0,0,,0.0,0.021276595744680882,0.021276595744680882,1.0,1.0
G4_p5_w1_variable,G4_p2,-5.0,G4,Global,3,1,3,0,0,3,0.0,0.9960675060231133,0.9974728445068182,0.0014053384837048322,0.9,0.95
G4_p5_w1_variable,G4_p2,-5.0,G4,Event,3,1,3,3,0,0,1.0,0.7551440486532538,0.9419194343119306,0.1867753856586768,0.9,0.95
G4_p5_w1_variable,G4_p2,-5.0,G4,Combined,3,1,3,3,0,0,1.0,0.9890183554033746,0.9981011319177714,0.009082776514396818,0.9,0.95
G4_p5_w1_variable,G4_p2,-5.0,G4,Agreement,3,1,3,0,0,3,0.0,0.7777777777777778,0.8787878787878788,0.101010101010101,0.9,0.95
G4_p5_w1_variable,G4_p2,0.0,G4,Global,0,0,0,0,0,0,,0.4891542293260778,0.5977331740286937,0.10857894470261592,1.0,1.0
G4_p5_w1_variable,G4_p2,0.0,G4,Event,0,0,0,0,0,0,,0.013894268975427209,0.062285674916323676,0.04839140594089647,1.0,1.0
G4_p5_w1_variable,G4_p2,0.0,G4,Combined,0,0,0,0,0,0,,0.1782703396815149,0.4471794960264746,0.2689091563449597,1.0,1.0
G4_p5_w1_variable,G4_p2,0.0,G4,Agreement,0,0,0,0,0,0,,0.8125,0.8787878787878788,0.06628787878787878,1.0,1.0
G4_p5_w1_variable,G4_p2,10.0,G4,Global,0,0,0,0,0,0,,0.00927980539331516,0.015670191537307233,0.006390386143992073,1.0,1.0
G4_p5_w1_variable,G4_p2,10.0,G4,Event,0,0,0,0,0,0,,0.003038502221003192,0.005272554696310752,0.0022340524753075596,1.0,1.0
G4_p5_w1_variable,G4_p2,10.0,G4,Combined,0,0,0,0,0,0,,0.00621845767330365,0.0090096126963489,0.0027911550230452506,1.0,1.0
G4_p5_w1_variable,G4_p2,10.0,G4,Agreement,0,0,0,0,0,0,,0.12,0.1428571428571429,0.02285714285714291,1.0,1.0
G4_p5_w1_variable,G4_p2,20.0,G4,Global,0,0,0,0,0,0,,0.003209221142927483,0.004010104210675053,0.0008008830677475702,1.0,1.0
G4_p5_w1_variable,G4_p2,20.0,G4,Event,0,0,0,0,0,0,,0.001960408369472014,0.002173174682503294,0.0002127663130312798,1.0,1.0
G4_p5_w1_variable,G4_p2,20.0,G4,Combined,0,0,0,0,0,0,,0.0015832675006772418,0.0016530924408139603,6.982494013671849e-05,1.0,1.0
G4_p5_w1_variable,G4_p2,20.0,G4,Agreement,0,0,0,0,0,0,,0.021276595744680882,0.04166666666666663,0.020390070921985748,1.0,1.0
G4_p5_w1_variable,G4_p3,-5.0,G4,Global,0,0,0,0,0,0,,0.19097668902571138,0.7455023361771025,0.5545256471513911,0.9743589743589743,1.0
G4_p5_w1_variable,G4_p3,-5.0,G4,Event,0,0,0,0,0,0,,0.01162051763802272,0.02519571620600625,0.01357519856798353,0.9743589743589743,1.0
G4_p5_w1_variable,G4_p3,-5.0,G4,Combined,0,0,0,0,0,0,,0.01916437084114148,0.1407873625015803,0.12162299166043883,0.9743589743589743,1.0
G4_p5_w1_variable,G4_p3,-5.0,G4,Agreement,0,0,0,0,0,0,,0.0,0.0980392156862745,0.0980392156862745,0.9743589743589743,1.0
G4_p5_w1_variable,G4_p3,0.0,G4,Global,0,0,0,0,0,0,,0.01613894445289862,0.1010052930877006,0.08486634863480198,1.0,1.0
G4_p5_w1_variable,G4_p3,0.0,G4,Event,0,0,0,0,0,0,,0.0048537229998333745,0.0063527647976965775,0.001499041797863203,1.0,1.0
G4_p5_w1_variable,G4_p3,0.0,G4,Combined,0,0,0,0,0,0,,0.004822354061020123,0.01741293210976025,0.012590578048740125,1.0,1.0
G4_p5_w1_variable,G4_p3,0.0,G4,Agreement,0,0,0,0,0,0,,0.021276595744680882,0.08333333333333337,0.06205673758865249,1.0,1.0
G4_p5_w1_variable,G4_p3,10.0,G4,Global,0,0,0,0,0,0,,0.0055644900196166166,0.008532232595284463,0.0029677425756678465,1.0,1.0
G4_p5_w1_variable,G4_p3,10.0,G4,Event,0,0,0,0,0,0,,0.002188706952412881,0.0026722563392626362,0.00048354938684975514,1.0,1.0
G4_p5_w1_variable,G4_p3,10.0,G4,Combined,0,0,0,0,0,0,,0.0020130690155592615,0.0027301981460522554,0.000717129130492994,1.0,1.0
G4_p5_w1_variable,G4_p3,10.0,G4,Agreement,0,0,0,0,0,0,,0.0,0.021276595744680882,0.021276595744680882,1.0,1.0
G4_p5_w1_variable,G4_p3,20.0,G4,Global,0,0,0,0,0,0,,0.003097444381631643,0.00318633522243182,8.88908408001772e-05,1.0,1.0
G4_p5_w1_variable,G4_p3,20.0,G4,Event,0,0,0,0,0,0,,0.001886834098941181,0.0019299292580753327,4.309515913415176e-05,1.0,1.0
G4_p5_w1_variable,G4_p3,20.0,G4,Combined,0,0,0,0,0,0,,0.001259950337269591,0.0013462257872729857,8.62754500033946e-05,1.0,1.0
G4_p5_w1_variable,G4_p3,20.0,G4,Agreement,0,0,0,0,0,0,,0.0,0.0,0.0,1.0,1.0
G4_p5_w1_variable,G4_p4,-5.0,G4,Global,4,0,0,0,0,0,,0.9509520953947388,0.978530716046783,0.027578620652044195,0.8372093023255814,0.9047619047619048
G4_p5_w1_variable,G4_p4,-5.0,G4,Event,4,0,0,0,0,0,,0.9496318207419799,0.9764834464338755,0.026851625691895586,0.8372093023255814,0.9047619047619048
G4_p5_w1_variable,G4_p4,-5.0,G4,Combined,4,0,0,0,0,0,,0.9819666010072885,0.9948508280276522,0.012884227020363737,0.8372093023255814,0.9047619047619048
G4_p5_w1_variable,G4_p4,-5.0,G4,Agreement,4,0,0,0,0,0,,0.5454545454545454,0.8695652173913043,0.3241106719367589,0.8372093023255814,0.9047619047619048
G4_p5_w1_variable,G4_p4,0.0,G4,Global,0,0,0,0,0,0,,0.20204872610845756,0.35410974275213464,0.15206101664367708,0.95,1.0
G4_p5_w1_variable,G4_p4,0.0,G4,Event,0,0,0,0,0,0,,0.09957579716567197,0.2174204377804426,0.11784464061477062,0.95,1.0
G4_p5_w1_variable,G4_p4,0.0,G4,Combined,0,0,0,0,0,0,,0.19074041949606407,0.5157217400652392,0.3249813205691751,0.95,1.0
G4_p5_w1_variable,G4_p4,0.0,G4,Agreement,0,0,0,0,0,0,,0.55,0.7619047619047619,0.21190476190476182,0.95,1.0
G4_p5_w1_variable,G4_p4,10.0,G4,Global,0,0,0,0,0,0,,0.007598141014114015,0.01104222256238966,0.0034440815482756452,1.0,1.0
G4_p5_w1_variable,G4_p4,10.0,G4,Event,0,0,0,0,0,0,,0.0036726090669924123,0.005385115407875169,0.0017125063408827564,1.0,1.0
G4_p5_w1_variable,G4_p4,10.0,G4,Combined,0,0,0,0,0,0,,0.0032409666409913738,0.008089757917655165,0.004848791276663791,1.0,1.0
G4_p5_w1_variable,G4_p4,10.0,G4,Agreement,0,0,0,0,0,0,,0.0980392156862745,0.17647058823529416,0.07843137254901966,1.0,1.0
G4_p5_w1_variable,G4_p4,20.0,G4,Global,0,0,0,0,0,0,,0.0032977999798321027,0.0036139941600571764,0.0003161941802250737,1.0,1.0
G4_p5_w1_variable,G4_p4,20.0,G4,Event,0,0,0,0,0,0,,0.0019152086942963874,0.002129340668734262,0.00021413197443787457,1.0,1.0
G4_p5_w1_variable,G4_p4,20.0,G4,Combined,0,0,0,0,0,0,,0.0013332290348015649,0.001644347246283475,0.0003111182114819101,1.0,1.0
G4_p5_w1_variable,G4_p4,20.0,G4,Agreement,0,0,0,0,0,0,,0.0,0.04166666666666663,0.04166666666666663,1.0,1.0
G4_p5_w2_regular,G4_p1,-5.0,G4,Global,4,0,0,0,0,0,,0.9999597023478543,0.9999930048658667,3.3302518012479077e-05,0.6818181818181818,0.7727272727272727
G4_p5_w2_regular,G4_p1,-5.0,G4,Event,4,0,0,0,0,0,,0.9892102744724044,0.9995176654118078,0.01030739093940336,0.6818181818181818,0.7727272727272727
G4_p5_w2_regular,G4_p1,-5.0,G4,Combined,4,0,0,0,0,0,,0.9999032581704588,0.9999869692986533,8.371112819449689e-05,0.6818181818181818,0.7727272727272727
G4_p5_w2_regular,G4_p1,-5.0,G4,Agreement,4,0,0,0,0,0,,0.5609756097560976,0.7,0.13902439024390234,0.6818181818181818,0.7727272727272727
G4_p5_w2_regular,G4_p1,0.0,G4,Global,4,0,0,0,0,0,,0.9261865229468722,0.9851480198617276,0.058961496914855416,0.8717948717948718,0.9
G4_p5_w2_regular,G4_p1,0.0,G4,Event,4,0,0,0,0,0,,0.8987691896235815,0.9538594805678894,0.05509029094430784,0.8717948717948718,0.9
G4_p5_w2_regular,G4_p1,0.0,G4,Combined,4,0,0,0,0,0,,0.9606967288429629,0.9765753954492534,0.01587866660629056,0.8717948717948718,0.9
G4_p5_w2_regular,G4_p1,0.0,G4,Agreement,4,0,0,0,0,0,,0.1428571428571429,0.29166666666666663,0.14880952380952372,0.8717948717948718,0.9
G4_p5_w2_regular,G4_p1,10.0,G4,Global,0,0,0,0,0,0,,0.005882122742291184,0.01046360745155623,0.004581484709265045,1.0,1.0
G4_p5_w2_regular,G4_p1,10.0,G4,Event,0,0,0,0,0,0,,0.0028950427934486727,0.003792876505422559,0.0008978337119738863,1.0,1.0
G4_p5_w2_regular,G4_p1,10.0,G4,Combined,0,0,0,0,0,0,,0.0014305885003972174,0.0026791935863008393,0.001248605085903622,1.0,1.0
G4_p5_w2_regular,G4_p1,10.0,G4,Agreement,0,0,0,0,0,0,,0.021276595744680882,0.07999999999999996,0.05872340425531908,1.0,1.0
G4_p5_w2_regular,G4_p1,20.0,G4,Global,0,0,0,0,0,0,,0.003184819958540691,0.0037366054567250884,0.0005517854981843973,1.0,1.0
G4_p5_w2_regular,G4_p1,20.0,G4,Event,0,0,0,0,0,0,,0.0019294291466462631,0.0019719209860835974,4.249183943733428e-05,1.0,1.0
G4_p5_w2_regular,G4_p1,20.0,G4,Combined,0,0,0,0,0,0,,0.0010351218295492205,0.0011877972331371957,0.00015267540358797523,1.0,1.0
G4_p5_w2_regular,G4_p1,20.0,G4,Agreement,0,0,0,0,0,0,,0.0,0.0,0.0,1.0,1.0
G4_p5_w2_regular,G4_p2,-5.0,G4,Global,4,0,0,0,0,0,,0.9969594127710372,0.9982620629352673,0.0013026501642301458,0.9047619047619048,0.926829268292683
G4_p5_w2_regular,G4_p2,-5.0,G4,Event,4,0,0,0,0,0,,0.7932094892544622,0.9866102103480756,0.1934007210936134,0.9047619047619048,0.926829268292683
G4_p5_w2_regular,G4_p2,-5.0,G4,Combined,4,0,0,0,0,0,,0.9912756270313352,0.9992066580037867,0.007931030972451514,0.9047619047619048,0.926829268292683
G4_p5_w2_regular,G4_p2,-5.0,G4,Agreement,4,0,0,0,0,0,,0.7777777777777778,1.0,0.2222222222222222,0.9047619047619048,0.926829268292683
G4_p5_w2_regular,G4_p2,0.0,G4,Global,0,0,0,0,0,0,,0.5348158411275077,0.709107039391669,0.17429119826416128,1.0,1.0
G4_p5_w2_regular,G4_p2,0.0,G4,Event,0,0,0,0,0,0,,0.018707748545552225,0.32239395395507353,0.3036862054095213,1.0,1.0
G4_p5_w2_regular,G4_p2,0.0,G4,Combined,0,0,0,0,0,0,,0.19260761147125094,0.6082421496123948,0.4156345381411438,1.0,1.0
G4_p5_w2_regular,G4_p2,0.0,G4,Agreement,0,0,0,0,0,0,,0.7575757575757576,0.9333333333333333,0.17575757575757578,1.0,1.0
G4_p5_w2_regular,G4_p2,10.0,G4,Global,0,0,0,0,0,0,,0.011893343222462773,0.015542707255142193,0.0036493640326794204,1.0,1.0
G4_p5_w2_regular,G4_p2,10.0,G4,Event,0,0,0,0,0,0,,0.002986576215926552,0.005429744357646607,0.002443168141720055,1.0,1.0
G4_p5_w2_regular,G4_p2,10.0,G4,Combined,0,0,0,0,0,0,,0.004367166171865041,0.007379525280707566,0.0030123591088425253,1.0,1.0
G4_p5_w2_regular,G4_p2,10.0,G4,Agreement,0,0,0,0,0,0,,0.10204081632653061,0.16000000000000003,0.05795918367346942,1.0,1.0
G4_p5_w2_regular,G4_p2,20.0,G4,Global,0,0,0,0,0,0,,0.003291700260519291,0.003966590788623618,0.0006748905281043268,1.0,1.0
G4_p5_w2_regular,G4_p2,20.0,G4,Event,0,0,0,0,0,0,,0.001890865979316143,0.002076746219555372,0.00018588024023922915,1.0,1.0
G4_p5_w2_regular,G4_p2,20.0,G4,Combined,0,0,0,0,0,0,,0.00125218304305932,0.001339786429450443,8.760338639112299e-05,1.0,1.0
G4_p5_w2_regular,G4_p2,20.0,G4,Agreement,0,0,0,0,0,0,,0.021276595744680882,0.061224489795918324,0.03994789405123744,1.0,1.0
G4_p5_w2_regular,G4_p3,-5.0,G4,Global,1,1,3,0,0,3,0.0,0.15685745488410985,0.794010071341398,0.6371526164572882,0.9473684210526315,1.0
G4_p5_w2_regular,G4_p3,-5.0,G4,Event,1,1,3,3,0,0,1.0,0.014083534297948898,0.027720556111445596,0.013637021813496698,0.9473684210526315,1.0
G4_p5_w2_regular,G4_p3,-5.0,G4,Combined,1,1,3,0,0,3,0.0,0.021986558451538102,0.06767842847202366,0.04569187002048555,0.9473684210526315,1.0
G4_p5_w2_regular,G4_p3,-5.0,G4,Agreement,1,1,3,2,1,0,0.8333333333333334,0.061224489795918324,0.08333333333333337,0.022108843537415046,0.9473684210526315,1.0
G4_p5_w2_regular,G4_p3,0.0,G4,Global,0,0,0,0,0,0,,0.017885889902819644,0.13274411147972662,0.11485822157690698,0.9743589743589743,1.0
G4_p5_w2_regular,G4_p3,0.0,G4,Event,0,0,0,0,0,0,,0.005577702148879883,0.013804302609264463,0.00822660046038458,0.9743589743589743,1.0
G4_p5_w2_regular,G4_p3,0.0,G4,Combined,0,0,0,0,0,0,,0.003792409716601644,0.018873375830036367,0.015080966113434723,0.9743589743589743,1.0
G4_p5_w2_regular,G4_p3,0.0,G4,Agreement,0,0,0,0,0,0,,0.021276595744680882,0.08333333333333337,0.06205673758865249,0.9743589743589743,1.0
G4_p5_w2_regular,G4_p3,10.0,G4,Global,0,0,0,0,0,0,,0.007780450560141619,0.012306478221236372,0.004526027661094753,1.0,1.0
G4_p5_w2_regular,G4_p3,10.0,G4,Event,0,0,0,0,0,0,,0.0020441165209043664,0.0025691972232960722,0.0005250807023917058,1.0,1.0
G4_p5_w2_regular,G4_p3,10.0,G4,Combined,0,0,0,0,0,0,,0.001644156382408543,0.002499320666692702,0.0008551642842841592,1.0,1.0
G4_p5_w2_regular,G4_p3,10.0,G4,Agreement,0,0,0,0,0,0,,0.0,0.04347826086956519,0.04347826086956519,1.0,1.0
G4_p5_w2_regular,G4_p3,20.0,G4,Global,0,0,0,0,0,0,,0.0037895313085353237,0.0039511902032958665,0.00016165889476054286,1.0,1.0
G4_p5_w2_regular,G4_p3,20.0,G4,Event,0,0,0,0,0,0,,0.0018493568204249486,0.0019272130503751334,7.785622995018482e-05,1.0,1.0
G4_p5_w2_regular,G4_p3,20.0,G4,Combined,0,0,0,0,0,0,,0.001179229852844385,0.0012427582302050604,6.352837736067546e-05,1.0,1.0
G4_p5_w2_regular,G4_p3,20.0,G4,Agreement,0,0,0,0,0,0,,0.0,0.021276595744680882,0.021276595744680882,1.0,1.0
G4_p5_w2_regular,G4_p4,-5.0,G4,Global,4,0,0,0,0,0,,0.9428801447675373,0.97995728108906,0.03707713632152265,0.7727272727272727,0.8571428571428571
G4_p5_w2_regular,G4_p4,-5.0,G4,Event,4,0,0,0,0,0,,0.9830355535360794,0.9964734277633469,0.013437874227267499,0.7727272727272727,0.8571428571428571
G4_p5_w2_regular,G4_p4,-5.0,G4,Combined,4,0,0,0,0,0,,0.99402195268353,0.997786700768895,0.0037647480853649773,0.7727272727272727,0.8571428571428571
G4_p5_w2_regular,G4_p4,-5.0,G4,Agreement,4,0,0,0,0,0,,0.6744186046511628,0.8181818181818181,0.14376321353065535,0.7727272727272727,0.8571428571428571
G4_p5_w2_regular,G4_p4,0.0,G4,Global,0,0,0,0,0,0,,0.18198362680530722,0.35782261835152057,0.17583899154621335,0.95,1.0
G4_p5_w2_regular,G4_p4,0.0,G4,Event,0,0,0,0,0,0,,0.05992454394444252,0.5113170999811929,0.4513925560367504,0.95,1.0
G4_p5_w2_regular,G4_p4,0.0,G4,Combined,0,0,0,0,0,0,,0.15376489598093632,0.5389303656089856,0.3851654696280492,0.95,1.0
G4_p5_w2_regular,G4_p4,0.0,G4,Agreement,0,0,0,0,0,0,,0.627906976744186,0.8421052631578947,0.21419828641370864,0.95,1.0
G4_p5_w2_regular,G4_p4,10.0,G4,Global,0,0,0,0,0,0,,0.0066499464160741225,0.01369042911380354,0.0070404826977294175,1.0,1.0
G4_p5_w2_regular,G4_p4,10.0,G4,Event,0,0,0,0,0,0,,0.0034920036600672995,0.005373608472126401,0.0018816048120591012,1.0,1.0
G4_p5_w2_regular,G4_p4,10.0,G4,Combined,0,0,0,0,0,0,,0.00255556402824279,0.004582980980190098,0.002027416951947308,1.0,1.0
G4_p5_w2_regular,G4_p4,10.0,G4,Agreement,0,0,0,0,0,0,,0.0980392156862745,0.1923076923076923,0.0942684766214178,1.0,1.0
G4_p5_w2_regular,G4_p4,20.0,G4,Global,0,0,0,0,0,0,,0.0030926096026839384,0.004267100463449008,0.0011744908607650693,1.0,1.0
G4_p5_w2_regular,G4_p4,20.0,G4,Event,0,0,0,0,0,0,,0.0018871764614388808,0.002114661711929275,0.0002274852504903942,1.0,1.0
G4_p5_w2_regular,G4_p4,20.0,G4,Combined,0,0,0,0,0,0,,0.001141251170260501,0.0013171600052009366,0.0001759088349404356,1.0,1.0
G4_p5_w2_regular,G4_p4,20.0,G4,Agreement,0,0,0,0,0,0,,0.021276595744680882,0.061224489795918324,0.03994789405123744,1.0,1.0
G4_p5_w2_variable,G4_p1,-5.0,G4,Global,4,0,0,0,0,0,,0.9999638876517976,0.9999968176165804,3.292996478287957e-05,0.7441860465116279,0.7906976744186046
G4_p5_w2_variable,G4_p1,-5.0,G4,Event,4,0,0,0,0,0,,0.9890672696739413,0.9953784308070753,0.006311161133134013,0.7441860465116279,0.7906976744186046
G4_p5_w2_variable,G4_p1,-5.0,G4,Combined,4,0,0,0,0,0,,0.9997137631155044,0.9999955738016152,0.00028181068611077276,0.7441860465116279,0.7906976744186046
G4_p5_w2_variable,G4_p1,-5.0,G4,Agreement,4,0,0,0,0,0,,0.5384615384615384,0.7073170731707317,0.16885553470919323,0.7441860465116279,0.7906976744186046
G4_p5_w2_variable,G4_p1,0.0,G4,Global,3,1,3,3,0,0,1.0,0.9407178734502039,0.99391711537634,0.05319924192613612,0.8571428571428571,0.95
G4_p5_w2_variable,G4_p1,0.0,G4,Event,3,1,3,3,0,0,1.0,0.869135847036599,0.9287243481141135,0.059588501077514566,0.8571428571428571,0.95
G4_p5_w2_variable,G4_p1,0.0,G4,Combined,3,1,3,3,0,0,1.0,0.8855872164305125,0.9845610556730653,0.09897383924255276,0.8571428571428571,0.95
G4_p5_w2_variable,G4_p1,0.0,G4,Agreement,3,1,3,1,0,2,0.3333333333333333,0.11111111111111116,0.23076923076923073,0.11965811965811957,0.8571428571428571,0.95
G4_p5_w2_variable,G4_p1,10.0,G4,Global,0,0,0,0,0,0,,0.004272429210088743,0.006937496087083146,0.002665066876994403,1.0,1.0
G4_p5_w2_variable,G4_p1,10.0,G4,Event,0,0,0,0,0,0,,0.0029249907895307534,0.004893383113129675,0.0019683923235989218,1.0,1.0
G4_p5_w2_variable,G4_p1,10.0,G4,Combined,0,0,0,0,0,0,,0.001467467947027321,0.0028999329548556906,0.0014324650078283696,1.0,1.0
G4_p5_w2_variable,G4_p1,10.0,G4,Agreement,0,0,0,0,0,0,,0.021276595744680882,0.07999999999999996,0.05872340425531908,1.0,1.0
G4_p5_w2_variable,G4_p1,20.0,G4,Global,0,0,0,0,0,0,,0.00217352843696609,0.0026450756670819823,0.00047154723011589217,1.0,1.0
G4_p5_w2_variable,G4_p1,20.0,G4,Event,0,0,0,0,0,0,,0.0019409754278120652,0.0020004783811705703,5.950295335850511e-05,1.0,1.0
G4_p5_w2_variable,G4_p1,20.0,G4,Combined,0,0,0,0,0,0,,0.0010267319790688509,0.0011737679032798585,0.00014703592421100764,1.0,1.0
G4_p5_w2_variable,G4_p1,20.0,G4,Agreement,0,0,0,0,0,0,,0.0,0.0,0.0,1.0,1.0
G4_p5_w2_variable,G4_p2,-5.0,G4,Global,2,1,4,1,0,3,0.25,0.9952910641998439,0.9970720418476293,0.0017809776477853978,0.8780487804878049,0.95
G4_p5_w2_variable,G4_p2,-5.0,G4,Event,2,1,4,4,0,0,1.0,0.7256335544440702,0.9792919932634627,0.25365843881939254,0.8780487804878049,0.95
G4_p5_w2_variable,G4_p2,-5.0,G4,Combined,2,1,4,4,0,0,1.0,0.9833347462341594,0.9985405939443313,0.01520584771017186,0.8780487804878049,0.95
G4_p5_w2_variable,G4_p2,-5.0,G4,Agreement,2,1,4,2,0,2,0.5,0.7647058823529411,0.8823529411764706,0.11764705882352944,0.8780487804878049,0.95
G4_p5_w2_variable,G4_p2,0.0,G4,Global,0,0,0,0,0,0,,0.3997549150699748,0.5511211467657813,0.15136623169580649,1.0,1.0
G4_p5_w2_variable,G4_p2,0.0,G4,Event,0,0,0,0,0,0,,0.013210607120358849,0.1779942948980791,0.16478368777772026,1.0,1.0
G4_p5_w2_variable,G4_p2,0.0,G4,Combined,0,0,0,0,0,0,,0.1795340454751576,0.3615799287270304,0.18204588325187276,1.0,1.0
G4_p5_w2_variable,G4_p2,0.0,G4,Agreement,0,0,0,0,0,0,,0.7333333333333334,0.935483870967742,0.2021505376344086,1.0,1.0
G4_p5_w2_variable,G4_p2,10.0,G4,Global,0,0,0,0,0,0,,0.006314298241433545,0.008813220777491903,0.002498922536058357,1.0,1.0
G4_p5_w2_variable,G4_p2,10.0,G4,Event,0,0,0,0,0,0,,0.003271513192836256,0.005229783446971266,0.0019582702541350106,1.0,1.0
G4_p5_w2_variable,G4_p2,10.0,G4,Combined,0,0,0,0,0,0,,0.0032928308877207737,0.006026930259608169,0.0027340993718873953,1.0,1.0
G4_p5_w2_variable,G4_p2,10.0,G4,Agreement,0,0,0,0,0,0,,0.07999999999999996,0.16000000000000003,0.08000000000000007,1.0,1.0
G4_p5_w2_variable,G4_p2,20.0,G4,Global,0,0,0,0,0,0,,0.002205929026320015,0.002531697294335262,0.0003257682680152473,1.0,1.0
G4_p5_w2_variable,G4_p2,20.0,G4,Event,0,0,0,0,0,0,,0.002035881605010252,0.0021596730855584475,0.00012379148054819525,1.0,1.0
G4_p5_w2_variable,G4_p2,20.0,G4,Combined,0,0,0,0,0,0,,0.0011441677296854245,0.0012428704116109143,9.870268192548981e-05,1.0,1.0
G4_p5_w2_variable,G4_p2,20.0,G4,Agreement,0,0,0,0,0,0,,0.021276595744680882,0.021276595744680882,0.0,1.0,1.0
G4_p5_w2_variable,G4_p3,-5.0,G4,Global,0,0,0,0,0,0,,0.2529470588140751,0.751966749013489,0.49901969019941395,0.9743589743589743,1.0
G4_p5_w2_variable,G4_p3,-5.0,G4,Event,0,0,0,0,0,0,,0.01495020025774903,0.0271999899381385,0.012249789680389471,0.9743589743589743,1.0
G4_p5_w2_variable,G4_p3,-5.0,G4,Combined,0,0,0,0,0,0,,0.022988838509756415,0.12951301612823857,0.10652417761848215,0.9743589743589743,1.0
G4_p5_w2_variable,G4_p3,-5.0,G4,Agreement,0,0,0,0,0,0,,0.020408163265306145,0.07999999999999996,0.059591836734693815,0.9743589743589743,1.0
G4_p5_w2_variable,G4_p3,0.0,G4,Global,0,0,0,0,0,0,,0.023931919941903836,0.0969145824917942,0.07298266254989036,1.0,1.0
G4_p5_w2_variable,G4_p3,0.0,G4,Event,0,0,0,0,0,0,,0.005176665773778223,0.00703071915298926,0.0018540533792110363,1.0,1.0
G4_p5_w2_variable,G4_p3,0.0,G4,Combined,0,0,0,0,0,0,,0.0045448966527257125,0.01595879691877796,0.011413900266052247,1.0,1.0
G4_p5_w2_variable,G4_p3,0.0,G4,Agreement,0,0,0,0,0,0,,0.04166666666666663,0.08333333333333337,0.04166666666666674,1.0,1.0
G4_p5_w2_variable,G4_p3,10.0,G4,Global,0,0,0,0,0,0,,0.006384162951628924,0.00801616147498365,0.0016319985233547267,1.0,1.0
G4_p5_w2_variable,G4_p3,10.0,G4,Event,0,0,0,0,0,0,,0.0020257287190908455,0.002722926914923718,0.0006971981958328725,1.0,1.0
G4_p5_w2_variable,G4_p3,10.0,G4,Combined,0,0,0,0,0,0,,0.001669216295302689,0.0027935774995459903,0.0011243612042433012,1.0,1.0
G4_p5_w2_variable,G4_p3,10.0,G4,Agreement,0,0,0,0,0,0,,0.0,0.021276595744680882,0.021276595744680882,1.0,1.0
G4_p5_w2_variable,G4_p3,20.0,G4,Global,0,0,0,0,0,0,,0.0026254812980857855,0.0026821549558426897,5.6673657756904205e-05,1.0,1.0
G4_p5_w2_variable,G4_p3,20.0,G4,Event,0,0,0,0,0,0,,0.001875056712901765,0.0019344005887085279,5.9343875806762945e-05,1.0,1.0
G4_p5_w2_variable,G4_p3,20.0,G4,Combined,0,0,0,0,0,0,,0.0011481235697533574,0.0012482525177466295,0.0001001289479932721,1.0,1.0
G4_p5_w2_variable,G4_p3,20.0,G4,Agreement,0,0,0,0,0,0,,0.0,0.0,0.0,1.0,1.0
G4_p5_w2_variable,G4_p4,-5.0,G4,Global,4,0,0,0,0,0,,0.9316406991812662,0.9633640733280813,0.03172337414681503,0.7906976744186046,0.8837209302325582
G4_p5_w2_variable,G4_p4,-5.0,G4,Event,4,0,0,0,0,0,,0.9568134850757707,0.9964018382391459,0.03958835316337517,0.7906976744186046,0.8837209302325582
G4_p5_w2_variable,G4_p4,-5.0,G4,Combined,4,0,0,0,0,0,,0.9728844796163507,0.9982915313988663,0.025407051782515566,0.7906976744186046,0.8837209302325582
G4_p5_w2_variable,G4_p4,-5.0,G4,Agreement,4,0,0,0,0,0,,0.6521739130434783,0.8181818181818181,0.16600790513833985,0.7906976744186046,0.8837209302325582
G4_p5_w2_variable,G4_p4,0.0,G4,Global,0,0,0,0,0,0,,0.11401887805564562,0.2518699738238816,0.13785109576823598,0.9743589743589743,1.0
G4_p5_w2_variable,G4_p4,0.0,G4,Event,0,0,0,0,0,0,,0.04130008508046706,0.7182294040788063,0.6769293189983393,0.9743589743589743,1.0
G4_p5_w2_variable,G4_p4,0.0,G4,Combined,0,0,0,0,0,0,,0.1188365222815151,0.6584555794278626,0.5396190571463475,0.9743589743589743,1.0
G4_p5_w2_variable,G4_p4,0.0,G4,Agreement,0,0,0,0,0,0,,0.6744186046511628,0.9487179487179487,0.2742993440667859,0.9743589743589743,1.0
G4_p5_w2_variable,G4_p4,10.0,G4,Global,0,0,0,0,0,0,,0.005400848296065751,0.008563483328252504,0.003162635032186753,1.0,1.0
G4_p5_w2_variable,G4_p4,10.0,G4,Event,0,0,0,0,0,0,,0.0036478062603459128,0.004668385757454273,0.0010205794971083599,1.0,1.0
G4_p5_w2_variable,G4_p4,10.0,G4,Combined,0,0,0,0,0,0,,0.002181207071438129,0.00399084237996805,0.0018096353085299208,1.0,1.0
G4_p5_w2_variable,G4_p4,10.0,G4,Agreement,0,0,0,0,0,0,,0.0980392156862745,0.16981132075471694,0.07177210506844245,1.0,1.0
G4_p5_w2_variable,G4_p4,20.0,G4,Global,0,0,0,0,0,0,,0.002262150268666056,0.0027999064328644726,0.0005377561641984165,1.0,1.0
G4_p5_w2_variable,G4_p4,20.0,G4,Event,0,0,0,0,0,0,,0.0019426160022133745,0.0021149356056407013,0.00017231960342732676,1.0,1.0
G4_p5_w2_variable,G4_p4,20.0,G4,Combined,0,0,0,0,0,0,,0.0011321386263574034,0.001379829946894076,0.0002476913205366725,1.0,1.0
G4_p5_w2_variable,G4_p4,20.0,G4,Agreement,0,0,0,0,0,0,,0.021276595744680882,0.04166666666666663,0.020390070921985748,1.0,1.0
G4_p5_w3_regular,G4_p1,-5.0,G4,Global,4,0,0,0,0,0,,0.9999754549528496,0.9999930507819125,1.7595829062910795e-05,0.7391304347826086,0.8717948717948718
G4_p5_w3_regular,G4_p1,-5.0,G4,Event,4,0,0,0,0,0,,0.9888459169056372,0.9989030617013299,0.010057144795692752,0.7391304347826086,0.8717948717948718
G4_p5_w3_regular,G4_p1,-5.0,G4,Combined,4,0,0,0,0,0,,0.9998720843407719,0.999988697807645,0.00011661346687308338,0.7391304347826086,0.8717948717948718
G4_p5_w3_regular,G4_p1,-5.0,G4,Agreement,4,0,0,0,0,0,,0.5348837209302326,0.6744186046511628,0.13953488372093015,0.7391304347826086,0.8717948717948718
G4_p5_w3_regular,G4_p1,0.0,G4,Global,3,1,3,1,0,2,0.3333333333333333,0.9369299014584017,0.9780383114402748,0.04110840998187304,0.8837209302325582,1.0
G4_p5_w3_regular,G4_p1,0.0,G4,Event,3,1,3,3,0,0,1.0,0.36399763107153005,0.9266480517962259,0.5626504207246958,0.8837209302325582,1.0
G4_p5_w3_regular,G4_p1,0.0,G4,Combined,3,1,3,3,0,0,1.0,0.8704521360447028,0.9759685605430001,0.10551642449829723,0.8837209302325582,1.0
G4_p5_w3_regular,G4_p1,0.0,G4,Agreement,3,1,3,0,1,2,0.16666666666666666,0.1228070175438597,0.25,0.1271929824561403,0.8837209302325582,1.0
G4_p5_w3_regular,G4_p1,10.0,G4,Global,0,0,0,0,0,0,,0.008504157363816739,0.014825395085128156,0.006321237721311417,1.0,1.0
G4_p5_w3_regular,G4_p1,10.0,G4,Event,0,0,0,0,0,0,,0.002366461912512384,0.005558831822765784,0.0031923699102533996,1.0,1.0
G4_p5_w3_regular,G4_p1,10.0,G4,Combined,0,0,0,0,0,0,,0.0017752999351775569,0.005883142090872164,0.004107842155694607,1.0,1.0
G4_p5_w3_regular,G4_p1,10.0,G4,Agreement,0,0,0,0,0,0,,0.04166666666666663,0.0980392156862745,0.056372549019607865,1.0,1.0
G4_p5_w3_regular,G4_p1,20.0,G4,Global,0,0,0,0,0,0,,0.005500277663248862,0.0066409793990375564,0.0011407017357886948,1.0,1.0
G4_p5_w3_regular,G4_p1,20.0,G4,Event,0,0,0,0,0,0,,0.001692338081100077,0.0020460151649350864,0.0003536770838350094,1.0,1.0
G4_p5_w3_regular,G4_p1,20.0,G4,Combined,0,0,0,0,0,0,,0.0015003040059803157,0.002034300003946682,0.0005339959979663664,1.0,1.0
G4_p5_w3_regular,G4_p1,20.0,G4,Agreement,0,0,0,0,0,0,,0.021276595744680882,0.061224489795918324,0.03994789405123744,1.0,1.0
G4_p5_w3_regular,G4_p2,-5.0,G4,Global,3,1,3,2,0,1,0.6666666666666666,0.9962689964534699,0.9979057589973191,0.0016367625438492572,0.8571428571428571,0.95
G4_p5_w3_regular,G4_p2,-5.0,G4,Event,3,1,3,2,0,1,0.6666666666666666,0.908594521961747,0.9842804310262836,0.07568590906453665,0.8571428571428571,0.95
G4_p5_w3_regular,G4_p2,-5.0,G4,Combined,3,1,3,2,0,1,0.6666666666666666,0.9964026517030461,0.9989287031269197,0.002526051423873632,0.8571428571428571,0.95
G4_p5_w3_regular,G4_p2,-5.0,G4,Agreement,3,1,3,1,0,2,0.3333333333333333,0.7647058823529411,0.8285714285714285,0.06386554621848739,0.8571428571428571,0.95
G4_p5_w3_regular,G4_p2,0.0,G4,Global,0,0,0,0,0,0,,0.5189733887807566,0.6835102902407946,0.16453690146003797,1.0,1.0
G4_p5_w3_regular,G4_p2,0.0,G4,Event,0,0,0,0,0,0,,0.017760762702735532,0.052146976180065314,0.034386213477329786,1.0,1.0
G4_p5_w3_regular,G4_p2,0.0,G4,Combined,0,0,0,0,0,0,,0.23186424340060285,0.4008316740376741,0.16896743063707126,1.0,1.0
G4_p5_w3_regular,G4_p2,0.0,G4,Agreement,0,0,0,0,0,0,,0.8709677419354839,0.935483870967742,0.06451612903225812,1.0,1.0
G4_p5_w3_regular,G4_p2,10.0,G4,Global,0,0,0,0,0,0,,0.012535146085388292,0.022872103706447038,0.010336957621058745,1.0,1.0
G4_p5_w3_regular,G4_p2,10.0,G4,Event,0,0,0,0,0,0,,0.003547284894037255,0.004456128559747711,0.0009088436657104558,1.0,1.0
G4_p5_w3_regular,G4_p2,10.0,G4,Combined,0,0,0,0,0,0,,0.005164100906709006,0.00781235149516059,0.002648250588451584,1.0,1.0
G4_p5_w3_regular,G4_p2,10.0,G4,Agreement,0,0,0,0,0,0,,0.13725490196078427,0.13725490196078427,0.0,1.0,1.0
G4_p5_w3_regular,G4_p2,20.0,G4,Global,0,0,0,0,0,0,,0.0044431529643802195,0.007929425144387768,0.0034862721800075483,1.0,1.0
G4_p5_w3_regular,G4_p2,20.0,G4,Event,0,0,0,0,0,0,,0.001676150175901593,0.0019247580258975987,0.00024860784999600574,1.0,1.0
G4_p5_w3_regular,G4_p2,20.0,G4,Combined,0,0,0,0,0,0,,0.001496089692157364,0.0019362439179875718,0.00044015422583020794,1.0,1.0
G4_p5_w3_regular,G4_p2,20.0,G4,Agreement,0,0,0,0,0,0,,0.061224489795918324,0.11538461538461542,0.054160125588697094,1.0,1.0
G4_p5_w3_regular,G4_p3,-5.0,G4,Global,0,0,0,0,0,0,,0.24092255667814436,0.8264707437346682,0.5855481870565239,0.9743589743589743,1.0
G4_p5_w3_regular,G4_p3,-5.0,G4,Event,0,0,0,0,0,0,,0.0135560032439929,0.03521369191232025,0.021657688668327353,0.9743589743589743,1.0
G4_p5_w3_regular,G4_p3,-5.0,G4,Combined,0,0,0,0,0,0,,0.021191100946125228,0.1334635016529894,0.11227240070686417,0.9743589743589743,1.0
G4_p5_w3_regular,G4_p3,-5.0,G4,Agreement,0,0,0,0,0,0,,0.061224489795918324,0.08333333333333337,0.022108843537415046,0.9743589743589743,1.0
G4_p5_w3_regular,G4_p3,0.0,G4,Global,0,0,0,0,0,0,,0.0263577918198991,0.15646030690019005,0.13010251508029097,1.0,1.0
G4_p5_w3_regular,G4_p3,0.0,G4,Event,0,0,0,0,0,0,,0.004793078651776833,0.007036348768711944,0.0022432701169351112,1.0,1.0
G4_p5_w3_regular,G4_p3,0.0,G4,Combined,0,0,0,0,0,0,,0.005027370241977555,0.015608056134513864,0.010580685892536308,1.0,1.0
G4_p5_w3_regular,G4_p3,0.0,G4,Agreement,0,0,0,0,0,0,,0.04166666666666663,0.12,0.07833333333333337,1.0,1.0
G4_p5_w3_regular,G4_p3,10.0,G4,Global,0,0,0,0,0,0,,0.010678282362266981,0.016882980057701617,0.0062046976954346356,1.0,1.0
G4_p5_w3_regular,G4_p3,10.0,G4,Event,0,0,0,0,0,0,,0.0021186513880943818,0.0025756957829901382,0.0004570443948957565,1.0,1.0
G4_p5_w3_regular,G4_p3,10.0,G4,Combined,0,0,0,0,0,0,,0.0024936012319891716,0.0038128010537971688,0.0013191998218079972,1.0,1.0
G4_p5_w3_regular,G4_p3,10.0,G4,Agreement,0,0,0,0,0,0,,0.021276595744680882,0.04166666666666663,0.020390070921985748,1.0,1.0
G4_p5_w3_regular,G4_p3,20.0,G4,Global,0,0,0,0,0,0,,0.006167836004627287,0.006532115669551852,0.0003642796649245654,1.0,1.0
G4_p5_w3_regular,G4_p3,20.0,G4,Event,0,0,0,0,0,0,,0.001816543094101907,0.001928750957249077,0.00011220786314717008,1.0,1.0
G4_p5_w3_regular,G4_p3,20.0,G4,Combined,0,0,0,0,0,0,,0.001759584482030458,0.0018959757752769072,0.00013639129324644907,1.0,1.0
G4_p5_w3_regular,G4_p3,20.0,G4,Agreement,0,0,0,0,0,0,,0.0,0.021276595744680882,0.021276595744680882,1.0,1.0
G4_p5_w3_regular,G4_p4,-5.0,G4,Global,4,0,0,0,0,0,,0.9369225868979134,0.9728747380373306,0.03595215113941719,0.7906976744186046,0.926829268292683
G4_p5_w3_regular,G4_p4,-5.0,G4,Event,4,0,0,0,0,0,,0.9401620417246483,0.989872049810136,0.049710008085487645,0.7906976744186046,0.926829268292683
G4_p5_w3_regular,G4_p4,-5.0,G4,Combined,4,0,0,0,0,0,,0.9687363212279789,0.9955810907577025,0.02684476952972359,0.7906976744186046,0.926829268292683
G4_p5_w3_regular,G4_p4,-5.0,G4,Agreement,4,0,0,0,0,0,,0.6666666666666667,0.7674418604651163,0.10077519379844957,0.7906976744186046,0.926829268292683
G4_p5_w3_regular,G4_p4,0.0,G4,Global,0,0,0,0,0,0,,0.1708892941061693,0.31621370128822257,0.14532440718205328,0.9743589743589743,1.0
G4_p5_w3_regular,G4_p4,0.0,G4,Event,0,0,0,0,0,0,,0.03226814981197584,0.7107853469599414,0.6785171971479657,0.9743589743589743,1.0
G4_p5_w3_regular,G4_p4,0.0,G4,Combined,0,0,0,0,0,0,,0.09489344713585797,0.6834688225573121,0.5885753754214541,0.9743589743589743,1.0
G4_p5_w3_regular,G4_p4,0.0,G4,Agreement,0,0,0,0,0,0,,0.6,0.7297297297297297,0.12972972972972974,0.9743589743589743,1.0
G4_p5_w3_regular,G4_p4,10.0,G4,Global,0,0,0,0,0,0,,0.010355048179992773,0.015485019308972857,0.005129971128980084,1.0,1.0
G4_p5_w3_regular,G4_p4,10.0,G4,Event,0,0,0,0,0,0,,0.003938408790759282,0.005051878431031977,0.0011134696402726948,1.0,1.0
G4_p5_w3_regular,G4_p4,10.0,G4,Combined,0,0,0,0,0,0,,0.0038909634232008766,0.006117434380939874,0.0022264709577389974,1.0,1.0
G4_p5_w3_regular,G4_p4,10.0,G4,Agreement,0,0,0,0,0,0,,0.061224489795918324,0.13725490196078427,0.07603041216486595,1.0,1.0
G4_p5_w3_regular,G4_p4,20.0,G4,Global,0,0,0,0,0,0,,0.006263851788831354,0.0068599324514883086,0.0005960806626569542,1.0,1.0
G4_p5_w3_regular,G4_p4,20.0,G4,Event,0,0,0,0,0,0,,0.0018767628203655322,0.0020796084989467105,0.00020284567858117834,1.0,1.0
G4_p5_w3_regular,G4_p4,20.0,G4,Combined,0,0,0,0,0,0,,0.0018536020006835036,0.0020858714869885497,0.00023226948630504615,1.0,1.0
G4_p5_w3_regular,G4_p4,20.0,G4,Agreement,0,0,0,0,0,0,,0.021276595744680882,0.061224489795918324,0.03994789405123744,1.0,1.0
G4_p5_w3_variable,G4_p1,-5.0,G4,Global,4,0,0,0,0,0,,0.9999822736063269,0.9999953838189335,1.3110212606637361e-05,0.6808510638297872,0.8181818181818182
G4_p5_w3_variable,G4_p1,-5.0,G4,Event,4,0,0,0,0,0,,0.9849646927701502,0.9977552823512031,0.012790589581052947,0.6808510638297872,0.8181818181818182
G4_p5_w3_variable,G4_p1,-5.0,G4,Combined,4,0,0,0,0,0,,0.9995172731646988,0.9999810480504795,0.0004637748857806434,0.6808510638297872,0.8181818181818182
G4_p5_w3_variable,G4_p1,-5.0,G4,Agreement,4,0,0,0,0,0,,0.6097560975609756,0.6744186046511628,0.06466250709018717,0.6808510638297872,0.8181818181818182
G4_p5_w3_variable,G4_p1,0.0,G4,Global,3,1,3,3,0,0,1.0,0.9684289644118143,0.9880124734230242,0.019583509011209976,0.8717948717948718,0.975609756097561
G4_p5_w3_variable,G4_p1,0.0,G4,Event,3,1,3,3,0,0,1.0,0.24117312362022772,0.9294997139291766,0.6883265903089489,0.8717948717948718,0.975609756097561
G4_p5_w3_variable,G4_p1,0.0,G4,Combined,3,1,3,3,0,0,1.0,0.7920812422864959,0.966934070793463,0.17485282850696715,0.8717948717948718,0.975609756097561
G4_p5_w3_variable,G4_p1,0.0,G4,Agreement,3,1,3,3,0,0,1.0,0.1923076923076923,0.4358974358974359,0.2435897435897436,0.8717948717948718,0.975609756097561
G4_p5_w3_variable,G4_p1,10.0,G4,Global,0,0,0,0,0,0,,0.008992634875014158,0.017411657973456892,0.008419023098442734,1.0,1.0
G4_p5_w3_variable,G4_p1,10.0,G4,Event,0,0,0,0,0,0,,0.0021984463568502123,0.004254380441806426,0.0020559340849562137,1.0,1.0
G4_p5_w3_variable,G4_p1,10.0,G4,Combined,0,0,0,0,0,0,,0.002257667545554001,0.00351048305775786,0.0012528155122038592,1.0,1.0
G4_p5_w3_variable,G4_p1,10.0,G4,Agreement,0,0,0,0,0,0,,0.040000000000000036,0.11111111111111116,0.07111111111111112,1.0,1.0
G4_p5_w3_variable,G4_p1,20.0,G4,Global,0,0,0,0,0,0,,0.0043147133049403295,0.0051973890735049506,0.0008826757685646211,1.0,1.0
G4_p5_w3_variable,G4_p1,20.0,G4,Event,0,0,0,0,0,0,,0.001813991723358354,0.001979401642029774,0.00016540991867142,1.0,1.0
G4_p5_w3_variable,G4_p1,20.0,G4,Combined,0,0,0,0,0,0,,0.0013729034755977302,0.0015457008012077155,0.0001727973256099853,1.0,1.0
G4_p5_w3_variable,G4_p1,20.0,G4,Agreement,0,0,0,0,0,0,,0.0,0.020408163265306145,0.020408163265306145,1.0,1.0
G4_p5_w3_variable,G4_p2,-5.0,G4,Global,2,1,4,3,0,1,0.75,0.9959740651392398,0.9981525478180643,0.002178482678824478,0.8837209302325582,0.9523809523809523
G4_p5_w3_variable,G4_p2,-5.0,G4,Event,2,1,4,4,0,0,1.0,0.8397173853611978,0.9683011087034016,0.1285837233422038,0.8837209302325582,0.9523809523809523
G4_p5_w3_variable,G4_p2,-5.0,G4,Combined,2,1,4,4,0,0,1.0,0.9917296077626071,0.9979690399973961,0.006239432234788955,0.8837209302325582,0.9523809523809523
G4_p5_w3_variable,G4_p2,-5.0,G4,Agreement,2,1,4,0,0,4,0.0,0.7575757575757576,1.0,0.24242424242424243,0.8837209302325582,0.9523809523809523
G4_p5_w3_variable,G4_p2,0.0,G4,Global,0,0,0,0,0,0,,0.45785667510783773,0.6894545157384689,0.2315978406306312,0.975609756097561,1.0
G4_p5_w3_variable,G4_p2,0.0,G4,Event,0,0,0,0,0,0,,0.018051006460797818,0.41184042591446957,0.39378941945367174,0.975609756097561,1.0
G4_p5_w3_variable,G4_p2,0.0,G4,Combined,0,0,0,0,0,0,,0.16609901129817903,0.6730133694560192,0.5069143581578401,0.975609756097561,1.0
G4_p5_w3_variable,G4_p2,0.0,G4,Agreement,0,0,0,0,0,0,,0.7058823529411764,0.8709677419354839,0.16508538899430747,0.975609756097561,1.0
G4_p5_w3_variable,G4_p2,10.0,G4,Global,0,0,0,0,0,0,,0.008563121340915011,0.019148125977180065,0.010585004636265053,1.0,1.0
G4_p5_w3_variable,G4_p2,10.0,G4,Event,0,0,0,0,0,0,,0.0038656104157319218,0.004420771594516246,0.0005551611787843239,1.0,1.0
G4_p5_w3_variable,G4_p2,10.0,G4,Combined,0,0,0,0,0,0,,0.004718255032230886,0.0074103534290448575,0.002692098396813972,1.0,1.0
G4_p5_w3_variable,G4_p2,10.0,G4,Agreement,0,0,0,0,0,0,,0.07692307692307687,0.13725490196078427,0.0603318250377074,1.0,1.0
G4_p5_w3_variable,G4_p2,20.0,G4,Global,0,0,0,0,0,0,,0.004100407304648652,0.004956626551565925,0.0008562192469172732,1.0,1.0
G4_p5_w3_variable,G4_p2,20.0,G4,Event,0,0,0,0,0,0,,0.0018968306594391775,0.002001509607404273,0.0001046789479650955,1.0,1.0
G4_p5_w3_variable,G4_p2,20.0,G4,Combined,0,0,0,0,0,0,,0.0013446758997823199,0.001598859544317941,0.0002541836445356211,1.0,1.0
G4_p5_w3_variable,G4_p2,20.0,G4,Agreement,0,0,0,0,0,0,,0.040000000000000036,0.061224489795918324,0.02122448979591829,1.0,1.0
G4_p5_w3_variable,G4_p3,-5.0,G4,Global,0,0,0,0,0,0,,0.1755151303833433,0.42559490611447665,0.2500797757311334,0.975609756097561,1.0
G4_p5_w3_variable,G4_p3,-5.0,G4,Event,0,0,0,0,0,0,,0.010539121630889948,0.023181145387805253,0.012642023756915305,0.975609756097561,1.0
G4_p5_w3_variable,G4_p3,-5.0,G4,Combined,0,0,0,0,0,0,,0.01793076468577722,0.026976141692161677,0.009045377006384456,0.975609756097561,1.0
G4_p5_w3_variable,G4_p3,-5.0,G4,Agreement,0,0,0,0,0,0,,0.040000000000000036,0.07999999999999996,0.039999999999999925,0.975609756097561,1.0
G4_p5_w3_variable,G4_p3,0.0,G4,Global,0,0,0,0,0,0,,0.016443639787656634,0.04079765893538754,0.024354019147730905,0.975609756097561,1.0
G4_p5_w3_variable,G4_p3,0.0,G4,Event,0,0,0,0,0,0,,0.004612741577235216,0.008989736928973605,0.004376995351738388,0.975609756097561,1.0
G4_p5_w3_variable,G4_p3,0.0,G4,Combined,0,0,0,0,0,0,,0.0030713848723673137,0.006159916795746915,0.0030885319233796013,0.975609756097561,1.0
G4_p5_w3_variable,G4_p3,0.0,G4,Agreement,0,0,0,0,0,0,,0.038461538461538436,0.0980392156862745,0.05957767722473606,0.975609756097561,1.0
G4_p5_w3_variable,G4_p3,10.0,G4,Global,0,0,0,0,0,0,,0.0069618921226321665,0.009032955101725205,0.0020710629790930387,1.0,1.0
G4_p5_w3_variable,G4_p3,10.0,G4,Event,0,0,0,0,0,0,,0.0020899535136711758,0.002412091764081577,0.0003221382504104012,1.0,1.0
G4_p5_w3_variable,G4_p3,10.0,G4,Combined,0,0,0,0,0,0,,0.0017550788741857316,0.0020981435601193144,0.00034306468593358285,1.0,1.0
G4_p5_w3_variable,G4_p3,10.0,G4,Agreement,0,0,0,0,0,0,,0.0,0.020408163265306145,0.020408163265306145,1.0,1.0
G4_p5_w3_variable,G4_p3,20.0,G4,Global,0,0,0,0,0,0,,0.004513988698605624,0.004697854116300114,0.00018386541769449018,1.0,1.0
G4_p5_w3_variable,G4_p3,20.0,G4,Event,0,0,0,0,0,0,,0.0017955986635691736,0.0018917769563110151,9.617829274184155e-05,1.0,1.0
G4_p5_w3_variable,G4_p3,20.0,G4,Combined,0,0,0,0,0,0,,0.001417250989056342,0.0014606295854415526,4.33785963852107e-05,1.0,1.0
G4_p5_w3_variable,G4_p3,20.0,G4,Agreement,0,0,0,0,0,0,,0.0,0.020408163265306145,0.020408163265306145,1.0,1.0
G4_p5_w3_variable,G4_p4,-5.0,G4,Global,4,0,0,0,0,0,,0.9413929705965391,0.977107789380242,0.03571481878370286,0.7659574468085106,0.9302325581395349
G4_p5_w3_variable,G4_p4,-5.0,G4,Event,4,0,0,0,0,0,,0.7541393591509186,0.99506456422869,0.2409252050777715,0.7659574468085106,0.9302325581395349
G4_p5_w3_variable,G4_p4,-5.0,G4,Combined,4,0,0,0,0,0,,0.8805883024099452,0.9998644271560795,0.11927612474613425,0.7659574468085106,0.9302325581395349
G4_p5_w3_variable,G4_p4,-5.0,G4,Agreement,4,0,0,0,0,0,,0.6521739130434783,0.9090909090909091,0.2569169960474308,0.7659574468085106,0.9302325581395349
G4_p5_w3_variable,G4_p4,0.0,G4,Global,0,0,0,0,0,0,,0.15482531557061396,0.37051851210352055,0.21569319653290658,0.9523809523809523,1.0
G4_p5_w3_variable,G4_p4,0.0,G4,Event,0,0,0,0,0,0,,0.06894719091143464,0.8663886663036103,0.7974414753921757,0.9523809523809523,1.0
G4_p5_w3_variable,G4_p4,0.0,G4,Combined,0,0,0,0,0,0,,0.07579073543116385,0.800967229553214,0.7251764941220501,0.9523809523809523,1.0
G4_p5_w3_variable,G4_p4,0.0,G4,Agreement,0,0,0,0,0,0,,0.6363636363636364,0.9,0.26363636363636367,0.9523809523809523,1.0
G4_p5_w3_variable,G4_p4,10.0,G4,Global,0,0,0,0,0,0,,0.007989902047598689,0.012070012821959776,0.004080110774361087,1.0,1.0
G4_p5_w3_variable,G4_p4,10.0,G4,Event,0,0,0,0,0,0,,0.004926704464129743,0.00753563119935896,0.002608926735229217,1.0,1.0
G4_p5_w3_variable,G4_p4,10.0,G4,Combined,0,0,0,0,0,0,,0.002930279769804248,0.006130675218215438,0.00320039544841119,1.0,1.0
G4_p5_w3_variable,G4_p4,10.0,G4,Agreement,0,0,0,0,0,0,,0.09433962264150941,0.1428571428571429,0.04851752021563349,1.0,1.0
G4_p5_w3_variable,G4_p4,20.0,G4,Global,0,0,0,0,0,0,,0.004534100004038301,0.004876181791693652,0.0003420817876553508,1.0,1.0
G4_p5_w3_variable,G4_p4,20.0,G4,Event,0,0,0,0,0,0,,0.0017139370687620289,0.002040568804927191,0.000326631736165162,1.0,1.0
G4_p5_w3_variable,G4_p4,20.0,G4,Combined,0,0,0,0,0,0,,0.001254154013751167,0.0016528706505636423,0.0003987166368124753,1.0,1.0
G4_p5_w3_variable,G4_p4,20.0,G4,Agreement,0,0,0,0,0,0,,0.05882352941176472,0.11111111111111116,0.05228758169934644,1.0,1.0
