target,residual,snr_db,min_f1,max_f1,f1_range,straddles_failure,amplitude_f1_range,noise_rms_relative_range
G1_p0_w0_regular,G1_p1,20.0,1.0,1.0,0.0,0,0.0,0.0
G1_p0_w0_regular,G1_p1,10.0,1.0,1.0,0.0,0,0.0,1.3131332387108485e-16
G1_p0_w0_regular,G1_p1,0.0,0.9302325581395349,1.0,0.06976744186046513,1,0.06349206349206349,0.0
G1_p0_w0_regular,G1_p1,-5.0,0.6818181818181818,0.8372093023255814,0.15539112050739967,0,0.1594202898550725,1.8680942408297822e-16
G1_p0_w0_regular,G1_p2,20.0,1.0,1.0,0.0,0,0.0,0.0
G1_p0_w0_regular,G1_p2,10.0,1.0,1.0,0.0,0,0.0,1.3131332386504526e-16
G1_p0_w0_regular,G1_p2,0.0,0.926829268292683,0.975609756097561,0.04878048780487798,1,0.024390243902439046,0.0
G1_p0_w0_regular,G1_p2,-5.0,0.8372093023255814,0.9523809523809523,0.11517165005537089,1,0.026713124274099886,1.8680942407438614e-16
G1_p0_w0_regular,G1_p3,20.0,1.0,1.0,0.0,0,0.0,0.0
G1_p0_w0_regular,G1_p3,10.0,1.0,1.0,0.0,0,0.0,0.0
G1_p0_w0_regular,G1_p3,0.0,1.0,1.0,0.0,0,0.0,0.0
G1_p0_w0_regular,G1_p3,-5.0,0.9090909090909091,0.9523809523809523,0.04329004329004327,1,0.082815734989648,0.0
G1_p0_w0_regular,G1_p4,20.0,1.0,1.0,0.0,0,0.0,0.0
G1_p0_w0_regular,G1_p4,10.0,0.975609756097561,1.0,0.024390243902439046,0,0.024390243902439046,0.0
G1_p0_w0_regular,G1_p4,0.0,0.7555555555555555,0.8181818181818182,0.0626262626262627,0,0.1260981912144703,0.0
G1_p0_w0_regular,G1_p4,-5.0,0.1935483870967742,0.3333333333333333,0.13978494623655913,0,0.0889787664307381,0.0
G1_p0_w0_regular,G2_p1,20.0,1.0,1.0,0.0,0,0.0,0.0
G1_p0_w0_regular,G2_p1,10.0,1.0,1.0,0.0,0,0.0,1.3131332387101213e-16
G1_p0_w0_regular,G2_p1,0.0,0.8636363636363636,1.0,0.13636363636363635,1,0.1707317073170732,0.0
G1_p0_w0_regular,G2_p1,-5.0,0.7619047619047619,0.8780487804878049,0.11614401858304302,0,0.11614401858304302,0.0
G1_p0_w0_regular,G2_p2,20.0,1.0,1.0,0.0,0,0.0,2.0762459526749506e-16
G1_p0_w0_regular,G2_p2,10.0,1.0,1.0,0.0,0,0.0,0.0
G1_p0_w0_regular,G2_p2,0.0,0.95,0.975609756097561,0.025609756097561,0,0.023228803716608626,1.6609967621399605e-16
G1_p0_w0_regular,G2_p2,-5.0,0.8571428571428571,0.9523809523809523,0.09523809523809523,1,0.09523809523809523,1.868094240717329e-16
G1_p0_w0_regular,G2_p3,20.0,1.0,1.0,0.0,0,0.0,0.0
G1_p0_w0_regular,G2_p3,10.0,1.0,1.0,0.0,0,0.0,1.313133238675872e-16
G1_p0_w0_regular,G2_p3,0.0,0.9523809523809523,1.0,0.04761904761904767,0,0.06976744186046513,1.660996762195705e-16
G1_p0_w0_regular,G2_p3,-5.0,0.7727272727272727,0.8888888888888888,0.11616161616161613,0,0.114975845410628,0.0
G1_p0_w0_regular,G2_p4,20.0,1.0,1.0,0.0,0,0.0,2.0762459526652962e-16
G1_p0_w0_regular,G2_p4,10.0,0.9523809523809523,1.0,0.04761904761904767,0,0.06976744186046513,0.0
G1_p0_w0_regular,G2_p4,0.0,0.7142857142857143,0.8636363636363636,0.14935064935064934,0,0.11099365750528545,0.0
G1_p0_w0_regular,G2_p4,-5.0,0.25806451612903225,0.375,0.11693548387096775,0,0.08510638297872342,1.8680942407086425e-16
G1_p0_w0_regular,G3_p1,20.0,1.0,1.0,0.0,0,0.0,2.0762459528123645e-16
G1_p0_w0_regular,G3_p1,10.0,1.0,1.0,0.0,0,0.024390243902439046,0.0
G1_p0_w0_regular,G3_p1,0.0,0.8095238095238095,0.9302325581395349,0.12070874861572534,0,0.0793650793650793,0.0
G1_p0_w0_regular,G3_p1,-5.0,0.6341463414634146,0.8372093023255814,0.2030629608621668,0,0.18351063829787229,0.0
G1_p0_w0_regular,G3_p2,20.0,1.0,1.0,0.0,0,0.0,2.076245952642629e-16
G1_p0_w0_regular,G3_p2,10.0,1.0,1.0,0.0,0,0.0,1.3131332386113606e-16
G1_p0_w0_regular,G3_p2,0.0,1.0,1.0,0.0,0,0.0,0.0
G1_p0_w0_regular,G3_p2,-5.0,1.0,1.0,0.0,0,0.0,1.8680942406882477e-16
G1_p0_w0_regular,G3_p3,20.0,1.0,1.0,0.0,0,0.0,2.0762459526715408e-16
G1_p0_w0_regular,G3_p3,10.0,1.0,1.0,0.0,0,0.0,0.0
G1_p0_w0_regular,G3_p3,0.0,1.0,1.0,0.0,0,0.0,0.0
G1_p0_w0_regular,G3_p3,-5.0,1.0,1.0,0.0,0,0.0,0.0
G1_p0_w0_regular,G3_p4,20.0,1.0,1.0,0.0,0,0.0,2.0762459527042494e-16
G1_p0_w0_regular,G3_p4,10.0,1.0,1.0,0.0,0,0.0,0.0
G1_p0_w0_regular,G3_p4,0.0,0.9523809523809523,1.0,0.04761904761904767,0,0.04761904761904767,0.0
G1_p0_w0_regular,G3_p4,-5.0,0.8636363636363636,0.9302325581395349,0.06659619450317122,0,0.10414560161779574,0.0
G1_p0_w0_regular,G4_p1,20.0,1.0,1.0,0.0,0,0.0,0.0
G1_p0_w0_regular,G4_p1,10.0,0.9523809523809523,1.0,0.04761904761904767,0,0.024390243902439046,0.0
G1_p0_w0_regular,G4_p1,0.0,0.8372093023255814,1.0,0.16279069767441856,1,0.18181818181818177,1.66099676225625e-16
G1_p0_w0_regular,G4_p1,-5.0,0.5909090909090909,0.8333333333333334,0.24242424242424243,0,0.3566362715298885,0.0
G1_p0_w0_regular,G4_p2,20.0,1.0,1.0,0.0,0,0.0,0.0
G1_p0_w0_regular,G4_p2,10.0,1.0,1.0,0.0,0,0.0,1.3131332386517542e-16
G1_p0_w0_regular,G4_p2,0.0,0.9523809523809523,0.975609756097561,0.023228803716608626,0,0.04537719795802608,0.0
G1_p0_w0_regular,G4_p2,-5.0,0.8,0.9523809523809523,0.15238095238095228,1,0.1229314420803782,0.0
G1_p0_w0_regular,G4_p3,20.0,1.0,1.0,0.0,0,0.0,0.0
G1_p0_w0_regular,G4_p3,10.0,1.0,1.0,0.0,0,0.0,1.3131332386192026e-16
G1_p0_w0_regular,G4_p3,0.0,0.975609756097561,1.0,0.024390243902439046,0,0.024390243902439046,0.0
G1_p0_w0_regular,G4_p3,-5.0,0.975609756097561,1.0,0.024390243902439046,0,0.024390243902439046,0.0
G1_p0_w0_regular,G4_p4,20.0,1.0,1.0,0.0,0,0.0,0.0
G1_p0_w0_regular,G4_p4,10.0,1.0,1.0,0.0,0,0.0,0.0
G1_p0_w0_regular,G4_p4,0.0,0.9047619047619048,0.975609756097561,0.07084785133565619,1,0.025551684088269355,0.0
G1_p0_w0_regular,G4_p4,-5.0,0.7083333333333334,0.851063829787234,0.14273049645390068,0,0.06737588652482274,1.868094240747702e-16
G1_p0_w0_variable,G1_p1,20.0,1.0,1.0,0.0,0,0.0,0.0
G1_p0_w0_variable,G1_p1,10.0,1.0,1.0,0.0,0,0.0,1.3121857225890902e-16
G1_p0_w0_variable,G1_p1,0.0,0.8888888888888888,0.975609756097561,0.08672086720867211,1,0.08672086720867211,0.0
G1_p0_w0_variable,G1_p1,-5.0,0.7111111111111111,0.8085106382978723,0.09739952718676115,0,0.1098466105888174,0.0
G1_p0_w0_variable,G1_p2,20.0,1.0,1.0,0.0,0,0.0,0.0
G1_p0_w0_variable,G1_p2,10.0,1.0,1.0,0.0,0,0.0,0.0
G1_p0_w0_variable,G1_p2,0.0,0.975609756097561,1.0,0.024390243902439046,0,0.04761904761904767,0.0
G1_p0_w0_variable,G1_p2,-5.0,0.8837209302325582,0.975609756097561,0.0918888258650028,1,0.06659619450317122,0.0
G1_p0_w0_variable,G1_p3,20.0,1.0,1.0,0.0,0,0.0,0.0
G1_p0_w0_variable,G1_p3,10.0,1.0,1.0,0.0,0,0.0,0.0
G1_p0_w0_variable,G1_p3,0.0,1.0,1.0,0.0,0,0.04761904761904767,1.659798238541777e-16
G1_p0_w0_variable,G1_p3,-5.0,0.8837209302325582,0.9523809523809523,0.06866002214839417,1,0.11904761904761896,0.0
G1_p0_w0_variable,G1_p4,20.0,1.0,1.0,0.0,0,0.0,0.0
G1_p0_w0_variable,G1_p4,10.0,0.9523809523809523,1.0,0.04761904761904767,0,0.04761904761904767,0.0
G1_p0_w0_variable,G1_p4,0.0,0.7906976744186046,0.9047619047619048,0.11406423034330015,0,0.2091097308488613,1.6597982385003236e-16
G1_p0_w0_variable,G1_p4,-5.0,0.06666666666666667,0.6060606060606061,0.5393939393939394,0,0.14589371980676336,0.0
G1_p0_w0_variable,G2_p1,20.0,1.0,1.0,0.0,0,0.0,0.0
G1_p0_w0_variable,G2_p1,10.0,1.0,1.0,0.0,0,0.024390243902439046,0.0
G1_p0_w0_variable,G2_p1,0.0,0.8780487804878049,0.9523809523809523,0.07433217189314745,1,0.09302325581395343,1.6597982386132336e-16
G1_p0_w0_variable,G2_p1,-5.0,0.72,0.8,0.08000000000000007,0,0.07884972170686455,1.8667462821007464e-16
G1_p0_w0_variable,G2_p2,20.0,1.0,1.0,0.0,0,0.0,2.074747798142798e-16
G1_p0_w0_variable,G2_p2,10.0,1.0,1.0,0.0,0,0.0,0.0
G1_p0_w0_variable,G2_p2,0.0,0.926829268292683,0.975609756097561,0.04878048780487798,1,0.04878048780487798,1.6597982385142382e-16
G1_p0_w0_variable,G2_p2,-5.0,0.8780487804878049,0.9302325581395349,0.05218377765172999,0,0.025369978858350906,1.8667462819894076e-16
G1_p0_w0_variable,G2_p3,20.0,1.0,1.0,0.0,0,0.0,2.0747477982124284e-16
G1_p0_w0_variable,G2_p3,10.0,1.0,1.0,0.0,0,0.0,0.0
G1_p0_w0_variable,G2_p3,0.0,0.9090909090909091,0.975609756097561,0.0665188470066519,1,0.09090909090909094,0.0
G1_p0_w0_variable,G2_p3,-5.0,0.8085106382978723,0.9047619047619048,0.09625126646403248,0,0.10033444816053505,0.0
G1_p0_w0_variable,G2_p4,20.0,1.0,1.0,0.0,0,0.0,0.0
G1_p0_w0_variable,G2_p4,10.0,0.975609756097561,1.0,0.024390243902439046,0,0.04761904761904767,1.312185722503999e-16
G1_p0_w0_variable,G2_p4,0.0,0.75,0.8372093023255814,0.08720930232558144,0,0.0816537467700259,0.0
G1_p0_w0_variable,G2_p4,-5.0,0.25806451612903225,0.3125,0.05443548387096775,0,0.14562647754137126,0.0
G1_p0_w0_variable,G3_p1,20.0,1.0,1.0,0.0,0,0.0,2.0747477982801129e-16
G1_p0_w0_variable,G3_p1,10.0,1.0,1.0,0.0,0,0.024390243902439046,0.0
G1_p0_w0_variable,G3_p1,0.0,0.8372093023255814,0.9047619047619048,0.06755260243632333,0,0.03927648578811371,1.65979823862409e-16
G1_p0_w0_variable,G3_p1,-5.0,0.6666666666666666,0.7441860465116279,0.07751937984496127,0,0.0888888888888889,0.0
G1_p0_w0_variable,G3_p2,20.0,1.0,1.0,0.0,0,0.0,0.0
G1_p0_w0_variable,G3_p2,10.0,1.0,1.0,0.0,0,0.0,0.0
G1_p0_w0_variable,G3_p2,0.0,1.0,1.0,0.0,0,0.0,0.0
G1_p0_w0_variable,G3_p2,-5.0,1.0,1.0,0.0,0,0.0,0.0
G1_p0_w0_variable,G3_p3,20.0,1.0,1.0,0.0,0,0.0,2.0747477981393904e-16
G1_p0_w0_variable,G3_p3,10.0,1.0,1.0,0.0,0,0.0,0.0
G1_p0_w0_variable,G3_p3,0.0,1.0,1.0,0.0,0,0.0,0.0
G1_p0_w0_variable,G3_p3,-5.0,1.0,1.0,0.0,0,0.0,1.8667462819863421e-16
G1_p0_w0_variable,G3_p4,20.0,1.0,1.0,0.0,0,0.0,0.0
G1_p0_w0_variable,G3_p4,10.0,1.0,1.0,0.0,0,0.0,0.0
G1_p0_w0_variable,G3_p4,0.0,0.975609756097561,1.0,0.024390243902439046,0,0.04761904761904767,0.0
G1_p0_w0_variable,G3_p4,-5.0,0.8837209302325582,0.9523809523809523,0.06866002214839417,1,0.08874458874458868,0.0
G1_p0_w0_variable,G4_p1,20.0,1.0,1.0,0.0,0,0.0,0.0
G1_p0_w0_variable,G4_p1,10.0,1.0,1.0,0.0,0,0.0,1.3121857226019694e-16
G1_p0_w0_variable,G4_p1,0.0,0.8372093023255814,0.8888888888888888,0.0516795865633074,0,0.07188160676532762,0.0
G1_p0_w0_variable,G4_p1,-5.0,0.6222222222222222,0.7272727272727273,0.10505050505050506,0,0.09639600521059488,0.0
G1_p0_w0_variable,G4_p2,20.0,1.0,1.0,0.0,0,0.0,2.0747477981743222e-16
G1_p0_w0_variable,G4_p2,10.0,1.0,1.0,0.0,0,0.0,0.0
G1_p0_w0_variable,G4_p2,0.0,0.9523809523809523,1.0,0.04761904761904767,0,0.04537719795802608,0.0
G1_p0_w0_variable,G4_p2,-5.0,0.8181818181818182,0.926829268292683,0.10864745011086474,0,0.10414560161779574,0.0
G1_p0_w0_variable,G4_p3,20.0,1.0,1.0,0.0,0,0.0,0.0
G1_p0_w0_variable,G4_p3,10.0,1.0,1.0,0.0,0,0.0,1.3121857224975104e-16
G1_p0_w0_variable,G4_p3,0.0,0.975609756097561,1.0,0.024390243902439046,0,0.024390243902439046,1.6597982384983125e-16
G1_p0_w0_variable,G4_p3,-5.0,0.975609756097561,1.0,0.024390243902439046,0,0.025609756097561,1.8667462819714963e-16
G1_p0_w0_variable,G4_p4,20.0,1.0,1.0,0.0,0,0.0,0.0
G1_p0_w0_variable,G4_p4,10.0,1.0,1.0,0.0,0,0.0,0.0
G1_p0_w0_variable,G4_p4,0.0,0.9523809523809523,1.0,0.04761904761904767,0,0.06976744186046513,0.0
G1_p0_w0_variable,G4_p4,-5.0,0.7916666666666666,0.8780487804878049,0.08638211382113825,0,0.06956521739130428,0.0
G1_p0_w1_regular,G1_p1,20.0,1.0,1.0,0.0,0,0.0,0.0
G1_p0_w1_regular,G1_p1,10.0,1.0,1.0,0.0,0,0.0,0.0
G1_p0_w1_regular,G1_p1,0.0,0.926829268292683,0.9743589743589743,0.047529706066291366,1,0.04523809523809519,0.0
G1_p0_w1_regular,G1_p1,-5.0,0.7317073170731707,0.7906976744186046,0.0589903573454339,0,0.1705426356589148,0.0
G1_p0_w1_regular,G1_p2,20.0,1.0,1.0,0.0,0,0.0,0.0
G1_p0_w1_regular,G1_p2,10.0,1.0,1.0,0.0,0,0.0,0.0
G1_p0_w1_regular,G1_p2,0.0,0.9743589743589743,1.0,0.02564102564102566,0,0.02564102564102566,0.0
G1_p0_w1_regular,G1_p2,-5.0,0.85,0.95,0.09999999999999998,1,0.07549361207897798,0.0
G1_p0_w1_regular,G1_p3,20.0,1.0,1.0,0.0,0,0.0,2.0831485170850796e-16
G1_p0_w1_regular,G1_p3,10.0,1.0,1.0,0.0,0,0.0,0.0
G1_p0_w1_regular,G1_p3,0.0,0.9743589743589743,1.0,0.02564102564102566,0,0.02564102564102566,0.0
G1_p0_w1_regular,G1_p3,-5.0,0.8780487804878049,1.0,0.12195121951219512,1,0.09631019387116946,0.0
G1_p0_w1_regular,G1_p4,20.0,1.0,1.0,0.0,0,0.0,0.0
G1_p0_w1_regular,G1_p4,10.0,0.95,1.0,0.050000000000000044,0,0.050000000000000044,1.3174988036453023e-16
G1_p0_w1_regular,G1_p4,0.0,0.7441860465116279,0.8571428571428571,0.1129568106312292,0,0.1428571428571428,0.0
G1_p0_w1_regular,G1_p4,-5.0,0.1875,0.45161290322580644,0.26411290322580644,0,0.1202020202020202,0.0
G1_p0_w1_regular,G2_p1,20.0,1.0,1.0,0.0,0,0.0,0.0
G1_p0_w1_regular,G2_p1,10.0,1.0,1.0,0.0,0,0.02564102564102566,0.0
G1_p0_w1_regular,G2_p1,0.0,0.8837209302325582,1.0,0.11627906976744184,1,0.11627906976744184,0.0
G1_p0_w1_regular,G2_p1,-5.0,0.7317073170731707,0.95,0.21829268292682924,1,0.19047619047619047,1.8743047963461867e-16
G1_p0_w1_regular,G2_p2,20.0,1.0,1.0,0.0,0,0.0,2.0831485170505167e-16
G1_p0_w1_regular,G2_p2,10.0,1.0,1.0,0.0,0,0.0,0.0
G1_p0_w1_regular,G2_p2,0.0,0.9743589743589743,0.9743589743589743,0.0,0,0.0,0.0
G1_p0_w1_regular,G2_p2,-5.0,0.9,0.9743589743589743,0.07435897435897432,1,0.09631019387116946,0.0
G1_p0_w1_regular,G2_p3,20.0,1.0,1.0,0.0,0,0.0,0.0
G1_p0_w1_regular,G2_p3,10.0,1.0,1.0,0.0,0,0.0,2.634997607401128e-16
G1_p0_w1_regular,G2_p3,0.0,0.95,1.0,0.050000000000000044,0,0.07317073170731703,1.6665188136963434e-16
G1_p0_w1_regular,G2_p3,-5.0,0.7111111111111111,0.95,0.23888888888888882,1,0.12244897959183665,0.0
G1_p0_w1_regular,G2_p4,20.0,1.0,1.0,0.0,0,0.0,0.0
G1_p0_w1_regular,G2_p4,10.0,0.95,1.0,0.050000000000000044,0,0.07317073170731703,0.0
G1_p0_w1_regular,G2_p4,0.0,0.6341463414634146,0.8,0.1658536585365854,0,0.18095238095238098,0.0
G1_p0_w1_regular,G2_p4,-5.0,0.1875,0.42424242424242425,0.23674242424242425,0,0.1940133037694013,0.0
G1_p0_w1_regular,G3_p1,20.0,1.0,1.0,0.0,0,0.0,0.0
G1_p0_w1_regular,G3_p1,10.0,1.0,1.0,0.0,0,0.02564102564102566,1.3174988037435445e-16
G1_p0_w1_regular,G3_p1,0.0,0.8717948717948718,0.95,0.07820512820512815,1,0.09999999999999998,0.0
G1_p0_w1_regular,G3_p1,-5.0,0.7142857142857143,0.7804878048780488,0.0662020905923345,0,0.07610993657505283,0.0
G1_p0_w1_regular,G3_p2,20.0,1.0,1.0,0.0,0,0.0,0.0
G1_p0_w1_regular,G3_p2,10.0,1.0,1.0,0.0,0,0.0,1.317498803635838e-16
G1_p0_w1_regular,G3_p2,0.0,1.0,1.0,0.0,0,0.0,3.3330376272289415e-16
G1_p0_w1_regular,G3_p2,-5.0,1.0,1.0,0.0,0,0.0,0.0
G1_p0_w1_regular,G3_p3,20.0,1.0,1.0,0.0,0,0.0,0.0
G1_p0_w1_regular,G3_p3,10.0,1.0,1.0,0.0,0,0.0,0.0
G1_p0_w1_regular,G3_p3,0.0,0.9743589743589743,1.0,0.02564102564102566,0,0.02564102564102566,0.0
G1_p0_w1_regular,G3_p3,-5.0,0.9743589743589743,1.0,0.02564102564102566,0,0.050000000000000044,0.0
G1_p0_w1_regular,G3_p4,20.0,1.0,1.0,0.0,0,0.0,0.0
G1_p0_w1_regular,G3_p4,10.0,1.0,1.0,0.0,0,0.0,0.0
G1_p0_w1_regular,G3_p4,0.0,0.9743589743589743,1.0,0.02564102564102566,0,0.050000000000000044,0.0
G1_p0_w1_regular,G3_p4,-5.0,0.8780487804878049,0.926829268292683,0.04878048780487809,0,0.04761904761904767,0.0
G1_p0_w1_regular,G4_p1,20.0,1.0,1.0,0.0,0,0.0,0.0
G1_p0_w1_regular,G4_p1,10.0,1.0,1.0,0.0,0,0.02564102564102566,0.0
G1_p0_w1_regular,G4_p1,0.0,0.8205128205128205,0.85,0.029487179487179493,0,0.0990675990675991,0.0
G1_p0_w1_regular,G4_p1,-5.0,0.6222222222222222,0.7391304347826086,0.11690821256038642,0,0.08796764408493418,0.0
G1_p0_w1_regular,G4_p2,20.0,1.0,1.0,0.0,0,0.0,0.0
G1_p0_w1_regular,G4_p2,10.0,1.0,1.0,0.0,0,0.0,0.0
G1_p0_w1_regular,G4_p2,0.0,0.9230769230769231,0.9743589743589743,0.05128205128205121,1,0.023170731707316983,1.6665188136657351e-16
G1_p0_w1_regular,G4_p2,-5.0,0.8,0.9047619047619048,0.10476190476190472,0,0.12215320910973082,0.0
G1_p0_w1_regular,G4_p3,20.0,1.0,1.0,0.0,0,0.0,0.0
G1_p0_w1_regular,G4_p3,10.0,1.0,1.0,0.0,0,0.0,1.317498803643706e-16
G1_p0_w1_regular,G4_p3,0.0,0.9743589743589743,1.0,0.02564102564102566,0,0.02564102564102566,1.6665188136244232e-16
G1_p0_w1_regular,G4_p3,-5.0,0.9743589743589743,1.0,0.02564102564102566,0,0.026990553306342813,1.874304796216413e-16
G1_p0_w1_regular,G4_p4,20.0,1.0,1.0,0.0,0,0.0,0.0
G1_p0_w1_regular,G4_p4,10.0,1.0,1.0,0.0,0,0.0,1.3174988036777683e-16
G1_p0_w1_regular,G4_p4,0.0,0.926829268292683,0.9743589743589743,0.047529706066291366,1,0.024358974358974383,0.0
G1_p0_w1_regular,G4_p4,-5.0,0.7391304347826086,0.8444444444444444,0.1053140096618358,0,0.13636363636363635,0.0
G1_p0_w1_variable,G1_p1,20.0,1.0,1.0,0.0,0,0.0,0.0
G1_p0_w1_variable,G1_p1,10.0,1.0,1.0,0.0,0,0.0,0.0
G1_p0_w1_variable,G1_p1,0.0,0.9047619047619048,0.9743589743589743,0.06959706959706957,1,0.04523809523809519,0.0
G1_p0_w1_variable,G1_p1,-5.0,0.6829268292682927,0.8571428571428571,0.17421602787456436,0,0.1777777777777778,0.0
G1_p0_w1_variable,G1_p2,20.0,1.0,1.0,0.0,0,0.0,2.0823119411018804e-16
G1_p0_w1_variable,G1_p2,10.0,1.0,1.0,0.0,0,0.0,0.0
G1_p0_w1_variable,G1_p2,0.0,0.9743589743589743,1.0,0.02564102564102566,0,0.024358974358974383,1.6658495528815043e-16
G1_p0_w1_variable,G1_p2,-5.0,0.8,0.926829268292683,0.12682926829268293,0,0.14634146341463417,0.0
G1_p0_w1_variable,G1_p3,20.0,1.0,1.0,0.0,0,0.0,0.0
G1_p0_w1_variable,G1_p3,10.0,1.0,1.0,0.0,0,0.0,1.316969706572812e-16
G1_p0_w1_variable,G1_p3,0.0,1.0,1.0,0.0,0,0.0,0.0
G1_p0_w1_variable,G1_p3,-5.0,0.8636363636363636,0.9743589743589743,0.11072261072261069,1,0.08238482384823853,0.0
G1_p0_w1_variable,G1_p4,20.0,1.0,1.0,0.0,0,0.0,0.0
G1_p0_w1_variable,G1_p4,10.0,0.95,1.0,0.050000000000000044,0,0.050000000000000044,1.3169697065399202e-16
G1_p0_w1_variable,G1_p4,0.0,0.7441860465116279,0.85,0.10581395348837208,0,0.07399577167019034,0.0
G1_p0_w1_variable,G1_p4,-5.0,0.13333333333333333,0.4444444444444444,0.3111111111111111,0,0.19565217391304346,0.0
G1_p0_w1_variable,G2_p1,20.0,1.0,1.0,0.0,0,0.0,0.0
G1_p0_w1_variable,G2_p1,10.0,1.0,1.0,0.0,0,0.0,0.0
G1_p0_w1_variable,G2_p1,0.0,0.8947368421052632,0.9047619047619048,0.010025062656641603,0,0.02195121951219514,1.665849552957201e-16
G1_p0_w1_variable,G2_p1,-5.0,0.6666666666666666,0.8372093023255814,0.1705426356589148,0,0.1658536585365854,0.0
G1_p0_w1_variable,G2_p2,20.0,1.0,1.0,0.0,0,0.0,0.0
G1_p0_w1_variable,G2_p2,10.0,1.0,1.0,0.0,0,0.0,0.0
G1_p0_w1_variable,G2_p2,0.0,0.9230769230769231,1.0,0.07692307692307687,1,0.052631578947368474,0.0
G1_p0_w1_variable,G2_p2,-5.0,0.9,0.95,0.04999999999999993,1,0.04999999999999993,1.873552090243661e-16
G1_p0_w1_variable,G2_p3,20.0,1.0,1.0,0.0,0,0.0,0.0
G1_p0_w1_variable,G2_p3,10.0,1.0,1.0,0.0,0,0.0,1.31696970659516e-16
G1_p0_w1_variable,G2_p3,0.0,0.9743589743589743,1.0,0.02564102564102566,0,0.024358974358974383,1.6658495529137515e-16
G1_p0_w1_variable,G2_p3,-5.0,0.7441860465116279,0.8372093023255814,0.09302325581395354,0,0.12765957446808507,0.0
G1_p0_w1_variable,G2_p4,20.0,1.0,1.0,0.0,0,0.0,2.0823119410626225e-16
G1_p0_w1_variable,G2_p4,10.0,0.95,1.0,0.050000000000000044,0,0.050000000000000044,1.3169697065448375e-16
G1_p0_w1_variable,G2_p4,0.0,0.6976744186046512,0.9047619047619048,0.2070874861572536,0,0.13636363636363646,0.0
G1_p0_w1_variable,G2_p4,-5.0,0.06666666666666667,0.4375,0.37083333333333335,0,0.14589371980676336,0.0
G1_p0_w1_variable,G3_p1,20.0,1.0,1.0,0.0,0,0.0,0.0
G1_p0_w1_variable,G3_p1,10.0,0.9743589743589743,1.0,0.02564102564102566,0,0.02564102564102566,0.0
G1_p0_w1_variable,G3_p1,0.0,0.7906976744186046,0.9047619047619048,0.11406423034330015,0,0.12215320910973082,0.0
G1_p0_w1_variable,G3_p1,-5.0,0.5853658536585366,0.7555555555555555,0.17018970189701899,0,0.11363636363636365,1.8735520903676605e-16
G1_p0_w1_variable,G3_p2,20.0,1.0,1.0,0.0,0,0.0,2.0823119410398895e-16
G1_p0_w1_variable,G3_p2,10.0,1.0,1.0,0.0,0,0.0,1.3169697065304596e-16
G1_p0_w1_variable,G3_p2,0.0,1.0,1.0,0.0,0,0.0,1.6658495528319116e-16
G1_p0_w1_variable,G3_p2,-5.0,1.0,1.0,0.0,0,0.0,0.0
G1_p0_w1_variable,G3_p3,20.0,1.0,1.0,0.0,0,0.0,0.0
G1_p0_w1_variable,G3_p3,10.0,1.0,1.0,0.0,0,0.0,1.3169697065487984e-16
G1_p0_w1_variable,G3_p3,0.0,1.0,1.0,0.0,0,0.0,1.6658495528551083e-16
G1_p0_w1_variable,G3_p3,-5.0,0.9743589743589743,1.0,0.02564102564102566,0,0.02564102564102566,0.0
G1_p0_w1_variable,G3_p4,20.0,1.0,1.0,0.0,0,0.0,0.0
G1_p0_w1_variable,G3_p4,10.0,1.0,1.0,0.0,0,0.0,0.0
G1_p0_w1_variable,G3_p4,0.0,0.9473684210526315,1.0,0.052631578947368474,1,0.050000000000000044,0.0
G1_p0_w1_variable,G3_p4,-5.0,0.8372093023255814,0.926829268292683,0.08961996596710153,0,0.046511627906976716,0.0
G1_p0_w1_variable,G4_p1,20.0,1.0,1.0,0.0,0,0.0,0.0
G1_p0_w1_variable,G4_p1,10.0,0.9743589743589743,1.0,0.02564102564102566,0,0.0,0.0
G1_p0_w1_variable,G4_p1,0.0,0.8292682926829268,0.8780487804878049,0.04878048780487809,0,0.10532150776053217,0.0
G1_p0_w1_variable,G4_p1,-5.0,0.65,0.7727272727272727,0.12272727272727268,0,0.1462450592885376,1.8735520903748323e-16
G1_p0_w1_variable,G4_p2,20.0,1.0,1.0,0.0,0,0.0,2.0823119411039447e-16
G1_p0_w1_variable,G4_p2,10.0,1.0,1.0,0.0,0,0.0,0.0
G1_p0_w1_variable,G4_p2,0.0,0.926829268292683,1.0,0.07317073170731703,1,0.047529706066291366,1.6658495528831558e-16
G1_p0_w1_variable,G4_p2,-5.0,0.7391304347826086,0.8095238095238095,0.07039337474120089,0,0.03492063492063491,1.873552090272129e-16
G1_p0_w1_variable,G4_p3,20.0,1.0,1.0,0.0,0,0.0,0.0
G1_p0_w1_variable,G4_p3,10.0,1.0,1.0,0.0,0,0.0,1.3169697065383247e-16
G1_p0_w1_variable,G4_p3,0.0,0.9743589743589743,1.0,0.02564102564102566,0,0.02564102564102566,1.665849552841861e-16
G1_p0_w1_variable,G4_p3,-5.0,0.9473684210526315,0.9743589743589743,0.026990553306342813,1,0.026990553306342813,0.0
G1_p0_w1_variable,G4_p4,20.0,1.0,1.0,0.0,0,0.0,0.0
G1_p0_w1_variable,G4_p4,10.0,1.0,1.0,0.0,0,0.0,1.3169697065723735e-16
G1_p0_w1_variable,G4_p4,0.0,0.9047619047619048,0.9743589743589743,0.06959706959706957,1,0.11627906976744184,1.665849552884929e-16
G1_p0_w1_variable,G4_p4,-5.0,0.7391304347826086,0.8837209302325582,0.1445904954499495,0,0.1053140096618358,1.8735520902741228e-16
G1_p0_w2_regular,G1_p1,20.0,1.0,1.0,0.0,0,0.0,2.0857221929756613e-16
G1_p0_w2_regular,G1_p1,10.0,1.0,1.0,0.0,0,0.0,0.0
G1_p0_w2_regular,G1_p1,0.0,0.9302325581395349,1.0,0.06976744186046513,1,0.06349206349206349,0.0
G1_p0_w2_regular,G1_p1,-5.0,0.7391304347826086,0.8444444444444444,0.1053140096618358,0,0.0444444444444444,1.876620451162967e-16
G1_p0_w2_regular,G1_p2,20.0,1.0,1.0,0.0,0,0.0,0.0
G1_p0_w2_regular,G1_p2,10.0,1.0,1.0,0.0,0,0.0,0.0
G1_p0_w2_regular,G1_p2,0.0,0.975609756097561,0.975609756097561,0.0,0,0.023228803716608626,0.0
G1_p0_w2_regular,G1_p2,-5.0,0.8571428571428571,0.975609756097561,0.11846689895470386,1,0.051948051948051965,0.0
G1_p0_w2_regular,G1_p3,20.0,1.0,1.0,0.0,0,0.0,2.085722192884713e-16
G1_p0_w2_regular,G1_p3,10.0,1.0,1.0,0.0,0,0.0,0.0
G1_p0_w2_regular,G1_p3,0.0,1.0,1.0,0.0,0,0.0,0.0
G1_p0_w2_regular,G1_p3,-5.0,0.9302325581395349,0.9523809523809523,0.022148394241417457,1,0.02114164904862581,0.0
G1_p0_w2_regular,G1_p4,20.0,1.0,1.0,0.0,0,0.0,0.0
G1_p0_w2_regular,G1_p4,10.0,0.9523809523809523,1.0,0.04761904761904767,0,0.0,0.0
G1_p0_w2_regular,G1_p4,0.0,0.7727272727272727,0.8571428571428571,0.08441558441558439,0,0.0888888888888889,0.0
G1_p0_w2_regular,G1_p4,-5.0,0.06451612903225806,0.29411764705882354,0.22960151802656548,0,0.06215213358070493,0.0
G1_p0_w2_regular,G2_p1,20.0,1.0,1.0,0.0,0,0.0,0.0
G1_p0_w2_regular,G2_p1,10.0,1.0,1.0,0.0,0,0.024390243902439046,0.0
G1_p0_w2_regular,G2_p1,0.0,0.8372093023255814,0.975609756097561,0.13840045377197951,1,0.14227642276422758,0.0
G1_p0_w2_regular,G2_p1,-5.0,0.7317073170731707,0.975609756097561,0.24390243902439024,1,0.19323671497584538,0.0
G1_p0_w2_regular,G2_p2,20.0,1.0,1.0,0.0,0,0.0,0.0
G1_p0_w2_regular,G2_p2,10.0,1.0,1.0,0.0,0,0.0,0.0
G1_p0_w2_regular,G2_p2,0.0,0.95,1.0,0.050000000000000044,0,0.025609756097561,0.0
G1_p0_w2_regular,G2_p2,-5.0,0.8837209302325582,0.9302325581395349,0.046511627906976716,0,0.11197339246119731,1.8766204510500005e-16
G1_p0_w2_regular,G2_p3,20.0,1.0,1.0,0.0,0,0.0,0.0
G1_p0_w2_regular,G2_p3,10.0,1.0,1.0,0.0,0,0.0,2.638253078395462e-16
G1_p0_w2_regular,G2_p3,0.0,0.9302325581395349,1.0,0.06976744186046513,1,0.06976744186046513,0.0
G1_p0_w2_regular,G2_p3,-5.0,0.8181818181818182,0.9523809523809523,0.1341991341991341,1,0.11956521739130432,0.0
G1_p0_w2_regular,G2_p4,20.0,1.0,1.0,0.0,0,0.0,2.0857221928404084e-16
G1_p0_w2_regular,G2_p4,10.0,0.9523809523809523,1.0,0.04761904761904767,0,0.04761904761904767,0.0
G1_p0_w2_regular,G2_p4,0.0,0.7142857142857143,0.8837209302325582,0.16943521594684385,0,0.10808080808080811,0.0
G1_p0_w2_regular,G2_p4,-5.0,0.13333333333333333,0.48484848484848486,0.35151515151515156,0,0.08611111111111114,0.0
G1_p0_w2_regular,G3_p1,20.0,1.0,1.0,0.0,0,0.0,0.0
G1_p0_w2_regular,G3_p1,10.0,1.0,1.0,0.0,0,0.024390243902439046,1.3191265392407646e-16
G1_p0_w2_regular,G3_p1,0.0,0.8444444444444444,0.926829268292683,0.08238482384823853,0,0.03927648578811371,0.0
G1_p0_w2_regular,G3_p1,-5.0,0.6363636363636364,0.8292682926829268,0.19290465631929044,0,0.20948616600790515,0.0
G1_p0_w2_regular,G3_p2,20.0,1.0,1.0,0.0,0,0.0,0.0
G1_p0_w2_regular,G3_p2,10.0,1.0,1.0,0.0,0,0.0,0.0
G1_p0_w2_regular,G3_p2,0.0,1.0,1.0,0.0,0,0.0,1.6685777542541109e-16
G1_p0_w2_regular,G3_p2,-5.0,1.0,1.0,0.0,0,0.0,1.876620451020787e-16
G1_p0_w2_regular,G3_p3,20.0,1.0,1.0,0.0,0,0.0,0.0
G1_p0_w2_regular,G3_p3,10.0,1.0,1.0,0.0,0,0.0,2.638253078302587e-16
G1_p0_w2_regular,G3_p3,0.0,1.0,1.0,0.0,0,0.0,1.6685777542773455e-16
G1_p0_w2_regular,G3_p3,-5.0,0.975609756097561,1.0,0.024390243902439046,0,0.024390243902439046,0.0
G1_p0_w2_regular,G3_p4,20.0,1.0,1.0,0.0,0,0.0,2.0857221928795398e-16
G1_p0_w2_regular,G3_p4,10.0,1.0,1.0,0.0,0,0.0,2.638253078344149e-16
G1_p0_w2_regular,G3_p4,0.0,0.975609756097561,1.0,0.024390243902439046,0,0.024390243902439046,1.668577754303632e-16
G1_p0_w2_regular,G3_p4,-5.0,0.8837209302325582,0.9302325581395349,0.046511627906976716,0,0.06866002214839417,0.0
G1_p0_w2_regular,G4_p1,20.0,1.0,1.0,0.0,0,0.0,2.0857221929961325e-16
G1_p0_w2_regular,G4_p1,10.0,1.0,1.0,0.0,0,0.0,1.3191265392458142e-16
G1_p0_w2_regular,G4_p1,0.0,0.8095238095238095,1.0,0.19047619047619047,1,0.2272727272727273,0.0
G1_p0_w2_regular,G4_p1,-5.0,0.6511627906976745,0.8947368421052632,0.2435740514075887,0,0.11594202898550732,0.0
G1_p0_w2_regular,G4_p2,20.0,1.0,1.0,0.0,0,0.0,0.0
G1_p0_w2_regular,G4_p2,10.0,1.0,1.0,0.0,0,0.0,0.0
G1_p0_w2_regular,G4_p2,0.0,0.975609756097561,1.0,0.024390243902439046,0,0.024390243902439046,0.0
G1_p0_w2_regular,G4_p2,-5.0,0.8636363636363636,0.9302325581395349,0.06659619450317122,0,0.07070707070707061,0.0
G1_p0_w2_regular,G4_p3,20.0,1.0,1.0,0.0,0,0.0,0.0
G1_p0_w2_regular,G4_p3,10.0,1.0,1.0,0.0,0,0.0,0.0
G1_p0_w2_regular,G4_p3,0.0,0.975609756097561,1.0,0.024390243902439046,0,0.024390243902439046,1.6685777542640761e-16
G1_p0_w2_regular,G4_p3,-5.0,0.975609756097561,1.0,0.024390243902439046,0,0.024390243902439046,0.0
G1_p0_w2_regular,G4_p4,20.0,1.0,1.0,0.0,0,0.0,0.0
G1_p0_w2_regular,G4_p4,10.0,1.0,1.0,0.0,0,0.0,0.0
G1_p0_w2_regular,G4_p4,0.0,0.9302325581395349,0.975609756097561,0.04537719795802608,1,0.04537719795802608,0.0
G1_p0_w2_regular,G4_p4,-5.0,0.8085106382978723,0.8695652173913043,0.06105457909343204,0,0.07777777777777783,0.0
G1_p0_w2_variable,G1_p1,20.0,1.0,1.0,0.0,0,0.0,0.0
G1_p0_w2_variable,G1_p1,10.0,1.0,1.0,0.0,0,0.0,0.0
G1_p0_w2_variable,G1_p1,0.0,0.9090909090909091,1.0,0.09090909090909094,1,0.11111111111111116,0.0
G1_p0_w2_variable,G1_p1,-5.0,0.7755102040816326,0.8095238095238095,0.03401360544217691,0,0.19047619047619047,0.0
G1_p0_w2_variable,G1_p2,20.0,1.0,1.0,0.0,0,0.0,0.0
G1_p0_w2_variable,G1_p2,10.0,1.0,1.0,0.0,0,0.0,0.0
G1_p0_w2_variable,G1_p2,0.0,0.95,1.0,0.050000000000000044,0,0.025609756097561,0.0
G1_p0_w2_variable,G1_p2,-5.0,0.8095238095238095,0.95,0.14047619047619042,1,0.13613159387407836,0.0
G1_p0_w2_variable,G1_p3,20.0,1.0,1.0,0.0,0,0.0,0.0
G1_p0_w2_variable,G1_p3,10.0,1.0,1.0,0.0,0,0.0,1.2859906489150735e-16
G1_p0_w2_variable,G1_p3,0.0,1.0,1.0,0.0,0,0.024390243902439046,0.0
G1_p0_w2_variable,G1_p3,-5.0,0.8695652173913043,0.975609756097561,0.10604453870625663,1,0.082815734989648,1.829480553974615e-16
G1_p0_w2_variable,G1_p4,20.0,1.0,1.0,0.0,0,0.0,0.0
G1_p0_w2_variable,G1_p4,10.0,0.975609756097561,1.0,0.024390243902439046,0,0.024390243902439046,0.0
G1_p0_w2_variable,G1_p4,0.0,0.7441860465116279,0.8571428571428571,0.1129568106312292,0,0.10581395348837208,1.6266638000592035e-16
G1_p0_w2_variable,G1_p4,-5.0,0.06666666666666667,0.3870967741935484,0.3204301075268817,0,0.12337662337662336,1.8294805539289227e-16
G1_p0_w2_variable,G2_p1,20.0,1.0,1.0,0.0,0,0.0,2.0333297502123246e-16
G1_p0_w2_variable,G2_p1,10.0,1.0,1.0,0.0,0,0.0,0.0
G1_p0_w2_variable,G2_p1,0.0,0.8780487804878049,0.926829268292683,0.04878048780487809,0,0.08961996596710153,1.62666380016986e-16
G1_p0_w2_variable,G2_p1,-5.0,0.6818181818181818,0.8571428571428571,0.17532467532467533,0,0.15239980207817905,0.0
G1_p0_w2_variable,G2_p2,20.0,1.0,1.0,0.0,0,0.0,0.0
G1_p0_w2_variable,G2_p2,10.0,1.0,1.0,0.0,0,0.0,0.0
G1_p0_w2_variable,G2_p2,0.0,0.975609756097561,0.975609756097561,0.0,0,0.0,0.0
G1_p0_w2_variable,G2_p2,-5.0,0.8780487804878049,0.975609756097561,0.09756097560975607,1,0.11846689895470386,1.8294805539442604e-16
G1_p0_w2_variable,G2_p3,20.0,1.0,1.0,0.0,0,0.0,0.0
G1_p0_w2_variable,G2_p3,10.0,1.0,1.0,0.0,0,0.0,1.2859906489368956e-16
G1_p0_w2_variable,G2_p3,0.0,0.95,1.0,0.050000000000000044,0,0.04761904761904767,0.0
G1_p0_w2_variable,G2_p3,-5.0,0.7619047619047619,0.9047619047619048,0.1428571428571429,0,0.10476190476190472,1.8294805540056594e-16
G1_p0_w2_variable,G2_p4,20.0,1.0,1.0,0.0,0,0.0,0.0
G1_p0_w2_variable,G2_p4,10.0,0.9523809523809523,1.0,0.04761904761904767,0,0.04761904761904767,1.2859906488877567e-16
G1_p0_w2_variable,G2_p4,0.0,0.7619047619047619,0.8,0.03809523809523818,0,0.08225108225108224,0.0
G1_p0_w2_variable,G2_p4,-5.0,0.06666666666666667,0.4375,0.37083333333333335,0,0.07114624505928857,0.0
G1_p0_w2_variable,G3_p1,20.0,1.0,1.0,0.0,0,0.0,0.0
G1_p0_w2_variable,G3_p1,10.0,1.0,1.0,0.0,0,0.0,1.2859906489788484e-16
G1_p0_w2_variable,G3_p1,0.0,0.8095238095238095,0.8372093023255814,0.027685492801771905,0,0.05627705627705637,0.0
G1_p0_w2_variable,G3_p1,-5.0,0.5581395348837209,0.7727272727272727,0.21458773784355178,0,0.1581868640148012,1.8294805540653422e-16
G1_p0_w2_variable,G3_p2,20.0,1.0,1.0,0.0,0,0.0,0.0
G1_p0_w2_variable,G3_p2,10.0,1.0,1.0,0.0,0,0.0,0.0
G1_p0_w2_variable,G3_p2,0.0,1.0,1.0,0.0,0,0.0,1.6266638000475178e-16
G1_p0_w2_variable,G3_p2,-5.0,1.0,1.0,0.0,0,0.0,1.8294805539157805e-16
G1_p0_w2_variable,G3_p3,20.0,1.0,1.0,0.0,0,0.0,0.0
G1_p0_w2_variable,G3_p3,10.0,1.0,1.0,0.0,0,0.0,1.2859906488916248e-16
G1_p0_w2_variable,G3_p3,0.0,1.0,1.0,0.0,0,0.024390243902439046,0.0
G1_p0_w2_variable,G3_p3,-5.0,0.95,1.0,0.050000000000000044,0,0.050000000000000044,0.0
G1_p0_w2_variable,G3_p4,20.0,1.0,1.0,0.0,0,0.0,0.0
G1_p0_w2_variable,G3_p4,10.0,1.0,1.0,0.0,0,0.0,0.0
G1_p0_w2_variable,G3_p4,0.0,0.975609756097561,1.0,0.024390243902439046,0,0.04761904761904767,0.0
G1_p0_w2_variable,G3_p4,-5.0,0.7727272727272727,0.9090909090909091,0.13636363636363635,0,0.0888888888888888,0.0
G1_p0_w2_variable,G4_p1,20.0,1.0,1.0,0.0,0,0.0,2.0333297502334077e-16
G1_p0_w2_variable,G4_p1,10.0,0.975609756097561,1.0,0.024390243902439046,0,0.024390243902439046,0.0
G1_p0_w2_variable,G4_p1,0.0,0.8095238095238095,0.9047619047619048,0.09523809523809523,0,0.06852497096399535,0.0
G1_p0_w2_variable,G4_p1,-5.0,0.5777777777777777,0.7142857142857143,0.13650793650793658,0,0.10973084886128359,1.829480554072346e-16
G1_p0_w2_variable,G4_p2,20.0,1.0,1.0,0.0,0,0.0,0.0
G1_p0_w2_variable,G4_p2,10.0,1.0,1.0,0.0,0,0.0,0.0
G1_p0_w2_variable,G4_p2,0.0,0.9523809523809523,1.0,0.04761904761904767,0,0.04761904761904767,0.0
G1_p0_w2_variable,G4_p2,-5.0,0.8260869565217391,0.926829268292683,0.10074231177094384,0,0.07575757575757569,0.0
G1_p0_w2_variable,G4_p3,20.0,1.0,1.0,0.0,0,0.0,0.0
G1_p0_w2_variable,G4_p3,10.0,1.0,1.0,0.0,0,0.0,1.2859906488813977e-16
G1_p0_w2_variable,G4_p3,0.0,0.975609756097561,1.0,0.024390243902439046,0,0.024390243902439046,1.6266638000572328e-16
G1_p0_w2_variable,G4_p3,-5.0,0.975609756097561,1.0,0.024390243902439046,0,0.024390243902439046,0.0
G1_p0_w2_variable,G4_p4,20.0,1.0,1.0,0.0,0,0.0,0.0
G1_p0_w2_variable,G4_p4,10.0,1.0,1.0,0.0,0,0.0,1.2859906489146453e-16
G1_p0_w2_variable,G4_p4,0.0,0.9090909090909091,1.0,0.09090909090909094,1,0.0665188470066519,0.0
G1_p0_w2_variable,G4_p4,-5.0,0.7111111111111111,0.8695652173913043,0.15845410628019319,0,0.08333333333333337,0.0
G1_p0_w3_regular,G1_p1,20.0,1.0,1.0,0.0,0,0.0,2.136504211739097e-16
G1_p0_w3_regular,G1_p1,10.0,1.0,1.0,0.0,0,0.0,0.0
G1_p0_w3_regular,G1_p1,0.0,0.95,0.9743589743589743,0.024358974358974383,0,0.047529706066291366,0.0
G1_p0_w3_regular,G1_p1,-5.0,0.6521739130434783,0.8372093023255814,0.18503538928210317,0,0.17391304347826086,0.0
G1_p0_w3_regular,G1_p2,20.0,1.0,1.0,0.0,0,0.0,2.1365042116408317e-16
G1_p0_w3_regular,G1_p2,10.0,1.0,1.0,0.0,0,0.0,0.0
G1_p0_w3_regular,G1_p2,0.0,0.95,1.0,0.050000000000000044,0,0.050000000000000044,0.0
G1_p0_w3_regular,G1_p2,-5.0,0.8292682926829268,0.9,0.07073170731707323,0,0.11730545876887344,0.0
G1_p0_w3_regular,G1_p3,20.0,1.0,1.0,0.0,0,0.0,0.0
G1_p0_w3_regular,G1_p3,10.0,1.0,1.0,0.0,0,0.0,1.351243907868719e-16
G1_p0_w3_regular,G1_p3,0.0,1.0,1.0,0.0,0,0.02564102564102566,1.709203369316748e-16
G1_p0_w3_regular,G1_p3,-5.0,0.9230769230769231,0.9743589743589743,0.05128205128205121,1,0.0662790697674418,0.0
G1_p0_w3_regular,G1_p4,20.0,1.0,1.0,0.0,0,0.0,0.0
G1_p0_w3_regular,G1_p4,10.0,0.9743589743589743,1.0,0.02564102564102566,0,0.02564102564102566,0.0
G1_p0_w3_regular,G1_p4,0.0,0.75,0.926829268292683,0.17682926829268297,0,0.1657722122838402,0.0
G1_p0_w3_regular,G1_p4,-5.0,0.21428571428571427,0.4375,0.22321428571428573,0,0.05681818181818177,0.0
G1_p0_w3_regular,G2_p1,20.0,1.0,1.0,0.0,0,0.0,0.0
G1_p0_w3_regular,G2_p1,10.0,1.0,1.0,0.0,0,0.02564102564102566,1.351243907926892e-16
G1_p0_w3_regular,G2_p1,0.0,0.8947368421052632,0.9743589743589743,0.07962213225371118,1,0.07557354925775972,0.0
G1_p0_w3_regular,G2_p1,-5.0,0.7,0.8,0.10000000000000009,0,0.14883720930232558,0.0
G1_p0_w3_regular,G2_p2,20.0,1.0,1.0,0.0,0,0.0,2.1365042116104864e-16
G1_p0_w3_regular,G2_p2,10.0,1.0,1.0,0.0,0,0.0,0.0
G1_p0_w3_regular,G2_p2,0.0,0.9230769230769231,0.9743589743589743,0.05128205128205121,1,0.05128205128205121,0.0
G1_p0_w3_regular,G2_p2,-5.0,0.9,0.9743589743589743,0.07435897435897432,1,0.09631019387116946,1.9223113754108847e-16
G1_p0_w3_regular,G2_p3,20.0,1.0,1.0,0.0,0,0.0,2.1365042116821892e-16
G1_p0_w3_regular,G2_p3,10.0,1.0,1.0,0.0,0,0.0,0.0
G1_p0_w3_regular,G2_p3,0.0,0.9743589743589743,1.0,0.02564102564102566,0,0.02564102564102566,0.0
G1_p0_w3_regular,G2_p3,-5.0,0.8,0.8571428571428571,0.05714285714285705,0,0.13015873015873014,0.0
G1_p0_w3_regular,G2_p4,20.0,1.0,1.0,0.0,0,0.0,0.0
G1_p0_w3_regular,G2_p4,10.0,0.95,1.0,0.050000000000000044,0,0.050000000000000044,0.0
G1_p0_w3_regular,G2_p4,0.0,0.7619047619047619,0.8,0.03809523809523818,0,0.1352549889135255,0.0
G1_p0_w3_regular,G2_p4,-5.0,0.20689655172413793,0.3870967741935484,0.18020022246941045,0,0.16565656565656572,0.0
G1_p0_w3_regular,G3_p1,20.0,1.0,1.0,0.0,0,0.0,0.0
G1_p0_w3_regular,G3_p1,10.0,0.9743589743589743,1.0,0.02564102564102566,0,0.02564102564102566,0.0
G1_p0_w3_regular,G3_p1,0.0,0.85,0.9743589743589743,0.12435897435897436,1,0.11730545876887344,1.709203369401511e-16
G1_p0_w3_regular,G3_p1,-5.0,0.6363636363636364,0.7619047619047619,0.1255411255411255,0,0.19130434782608696,0.0
G1_p0_w3_regular,G3_p2,20.0,1.0,1.0,0.0,0,0.0,2.1365042115772275e-16
G1_p0_w3_regular,G3_p2,10.0,1.0,1.0,0.0,0,0.0,0.0
G1_p0_w3_regular,G3_p2,0.0,1.0,1.0,0.0,0,0.0,0.0
G1_p0_w3_regular,G3_p2,-5.0,1.0,1.0,0.0,0,0.0,0.0
G1_p0_w3_regular,G3_p3,20.0,1.0,1.0,0.0,0,0.0,2.136504211606978e-16
G1_p0_w3_regular,G3_p3,10.0,1.0,1.0,0.0,0,0.0,0.0
G1_p0_w3_regular,G3_p3,0.0,0.9743589743589743,1.0,0.02564102564102566,0,0.02564102564102566,0.0
G1_p0_w3_regular,G3_p3,-5.0,0.9473684210526315,1.0,0.052631578947368474,1,0.052631578947368474,0.0
G1_p0_w3_regular,G3_p4,20.0,1.0,1.0,0.0,0,0.0,2.136504211640636e-16
G1_p0_w3_regular,G3_p4,10.0,1.0,1.0,0.0,0,0.0,2.702487815730735e-16
G1_p0_w3_regular,G3_p4,0.0,0.95,1.0,0.050000000000000044,0,0.050000000000000044,0.0
G1_p0_w3_regular,G3_p4,-5.0,0.8780487804878049,0.9743589743589743,0.09631019387116946,1,0.0662790697674418,1.9223113754380114e-16
G1_p0_w3_regular,G4_p1,20.0,1.0,1.0,0.0,0,0.0,0.0
G1_p0_w3_regular,G4_p1,10.0,0.9743589743589743,1.0,0.02564102564102566,0,0.050000000000000044,1.3512439079409028e-16
G1_p0_w3_regular,G4_p1,0.0,0.7906976744186046,0.926829268292683,0.13613159387407836,0,0.06852497096399535,0.0
G1_p0_w3_regular,G4_p1,-5.0,0.5777777777777777,0.7555555555555555,0.1777777777777778,0,0.134479271991911,0.0
G1_p0_w3_regular,G4_p2,20.0,1.0,1.0,0.0,0,0.0,0.0
G1_p0_w3_regular,G4_p2,10.0,1.0,1.0,0.0,0,0.0,1.351243907866831e-16
G1_p0_w3_regular,G4_p2,0.0,0.95,1.0,0.050000000000000044,0,0.050000000000000044,0.0
G1_p0_w3_regular,G4_p2,-5.0,0.8,0.95,0.1499999999999999,1,0.1880952380952381,0.0
G1_p0_w3_regular,G4_p3,20.0,1.0,1.0,0.0,0,0.0,0.0
G1_p0_w3_regular,G4_p3,10.0,1.0,1.0,0.0,0,0.0,0.0
G1_p0_w3_regular,G4_p3,0.0,0.9743589743589743,1.0,0.02564102564102566,0,0.02564102564102566,0.0
G1_p0_w3_regular,G4_p3,-5.0,0.9743589743589743,1.0,0.02564102564102566,0,0.02564102564102566,0.0
G1_p0_w3_regular,G4_p4,20.0,1.0,1.0,0.0,0,0.0,0.0
G1_p0_w3_regular,G4_p4,10.0,1.0,1.0,0.0,0,0.0,1.351243907868269e-16
G1_p0_w3_regular,G4_p4,0.0,0.95,0.9743589743589743,0.024358974358974383,0,0.023170731707316983,0.0
G1_p0_w3_regular,G4_p4,-5.0,0.7083333333333334,0.8636363636363636,0.15530303030303028,0,0.09444444444444444,1.9223113754421394e-16
G1_p0_w3_variable,G1_p1,20.0,1.0,1.0,0.0,0,0.0,2.087730499534147e-16
G1_p0_w3_variable,G1_p1,10.0,1.0,1.0,0.0,0,0.0,0.0
G1_p0_w3_variable,G1_p1,0.0,0.926829268292683,0.975609756097561,0.04878048780487798,1,0.04537719795802608,0.0
G1_p0_w3_variable,G1_p1,-5.0,0.7272727272727273,0.8444444444444444,0.11717171717171715,0,0.19328165374676998,0.0
G1_p0_w3_variable,G1_p2,20.0,1.0,1.0,0.0,0,0.0,0.0
G1_p0_w3_variable,G1_p2,10.0,1.0,1.0,0.0,0,0.0,1.3203967037650705e-16
G1_p0_w3_variable,G1_p2,0.0,0.95,1.0,0.050000000000000044,0,0.04761904761904767,1.6701843995504993e-16
G1_p0_w3_variable,G1_p2,-5.0,0.8571428571428571,0.926829268292683,0.06968641114982588,0,0.11205073995771664,0.0
G1_p0_w3_variable,G1_p3,20.0,1.0,1.0,0.0,0,0.0,0.0
G1_p0_w3_variable,G1_p3,10.0,1.0,1.0,0.0,0,0.0,0.0
G1_p0_w3_variable,G1_p3,0.0,0.975609756097561,1.0,0.024390243902439046,0,0.024390243902439046,0.0
G1_p0_w3_variable,G1_p3,-5.0,0.8888888888888888,0.9523809523809523,0.06349206349206349,1,0.04134366925064603,0.0
G1_p0_w3_variable,G1_p4,20.0,1.0,1.0,0.0,0,0.0,2.0877304993909696e-16
G1_p0_w3_variable,G1_p4,10.0,0.9523809523809523,1.0,0.04761904761904767,0,0.04761904761904767,0.0
G1_p0_w3_variable,G1_p4,0.0,0.7555555555555555,0.9047619047619048,0.14920634920634923,0,0.0705314009661836,0.0
G1_p0_w3_variable,G1_p4,-5.0,0.1935483870967742,0.3888888888888889,0.1953405017921147,0,0.057170542635658905,1.8784274170685236e-16
G1_p0_w3_variable,G2_p1,20.0,1.0,1.0,0.0,0,0.0,0.0
G1_p0_w3_variable,G2_p1,10.0,1.0,1.0,0.0,0,0.0,1.3203967038250695e-16
G1_p0_w3_variable,G2_p1,0.0,0.8837209302325582,0.975609756097561,0.0918888258650028,1,0.10793650793650789,1.6701843996263924e-16
G1_p0_w3_variable,G2_p1,-5.0,0.7142857142857143,0.8636363636363636,0.14935064935064934,0,0.0888888888888889,0.0
G1_p0_w3_variable,G2_p2,20.0,1.0,1.0,0.0,0,0.0,2.0877304994084712e-16
G1_p0_w3_variable,G2_p2,10.0,1.0,1.0,0.0,0,0.0,0.0
G1_p0_w3_variable,G2_p2,0.0,0.95,1.0,0.050000000000000044,0,0.050000000000000044,1.6701843995267775e-16
G1_p0_w3_variable,G2_p2,-5.0,0.8571428571428571,0.975609756097561,0.11846689895470386,1,0.14634146341463417,1.8784274170842708e-16
G1_p0_w3_variable,G2_p3,20.0,1.0,1.0,0.0,0,0.0,0.0
G1_p0_w3_variable,G2_p3,10.0,1.0,1.0,0.0,0,0.0,1.3203967037906305e-16
G1_p0_w3_variable,G2_p3,0.0,0.9523809523809523,1.0,0.04761904761904767,0,0.06976744186046513,1.6701843995828305e-16
G1_p0_w3_variable,G2_p3,-5.0,0.76,0.8372093023255814,0.07720930232558143,0,0.109750566893424,0.0
G1_p0_w3_variable,G2_p4,20.0,1.0,1.0,0.0,0,0.0,0.0
G1_p0_w3_variable,G2_p4,10.0,0.975609756097561,1.0,0.024390243902439046,0,0.04761904761904767,0.0
G1_p0_w3_variable,G2_p4,0.0,0.6511627906976745,0.8444444444444444,0.19328165374676998,0,0.19328165374676998,0.0
G1_p0_w3_variable,G2_p4,-5.0,0.12121212121212122,0.4117647058823529,0.2905525846702317,0,0.19826086956521738,0.0
G1_p0_w3_variable,G3_p1,20.0,1.0,1.0,0.0,0,0.0,0.0
G1_p0_w3_variable,G3_p1,10.0,0.975609756097561,1.0,0.024390243902439046,0,0.024390243902439046,1.3203967038337058e-16
G1_p0_w3_variable,G3_p1,0.0,0.8181818181818182,0.95,0.13181818181818172,1,0.07867494824016563,1.6701843996373166e-16
G1_p0_w3_variable,G3_p1,-5.0,0.55,0.8444444444444444,0.2944444444444444,0,0.14562647754137126,1.8784274172085925e-16
G1_p0_w3_variable,G3_p2,20.0,1.0,1.0,0.0,0,0.0,0.0
G1_p0_w3_variable,G3_p2,10.0,1.0,1.0,0.0,0,0.0,1.320396703725762e-16
G1_p0_w3_variable,G3_p2,0.0,1.0,1.0,0.0,0,0.0,1.6701843995007776e-16
G1_p0_w3_variable,G3_p2,-5.0,1.0,1.0,0.0,0,0.0,0.0
G1_p0_w3_variable,G3_p3,20.0,1.0,1.0,0.0,0,0.0,2.087730499405043e-16
G1_p0_w3_variable,G3_p3,10.0,1.0,1.0,0.0,0,0.0,1.3203967037441484e-16
G1_p0_w3_variable,G3_p3,0.0,1.0,1.0,0.0,0,0.0,1.6701843995240345e-16
G1_p0_w3_variable,G3_p3,-5.0,1.0,1.0,0.0,0,0.024390243902439046,0.0
G1_p0_w3_variable,G3_p4,20.0,1.0,1.0,0.0,0,0.0,2.0877304994379325e-16
G1_p0_w3_variable,G3_p4,10.0,1.0,1.0,0.0,0,0.0,0.0
G1_p0_w3_variable,G3_p4,0.0,0.9523809523809523,1.0,0.04761904761904767,0,0.04761904761904767,0.0
G1_p0_w3_variable,G3_p4,-5.0,0.8372093023255814,0.9302325581395349,0.09302325581395343,0,0.045454545454545414,0.0
G1_p0_w3_variable,G4_p1,20.0,1.0,1.0,0.0,0,0.0,0.0
G1_p0_w3_variable,G4_p1,10.0,1.0,1.0,0.0,0,0.024390243902439046,0.0
G1_p0_w3_variable,G4_p1,0.0,0.8095238095238095,0.9047619047619048,0.09523809523809523,0,0.10808080808080811,0.0
G1_p0_w3_variable,G4_p1,-5.0,0.5777777777777777,0.8,0.22222222222222232,0,0.11413043478260865,0.0
G1_p0_w3_variable,G4_p2,20.0,1.0,1.0,0.0,0,0.0,2.0877304994401933e-16
G1_p0_w3_variable,G4_p2,10.0,1.0,1.0,0.0,0,0.0,0.0
G1_p0_w3_variable,G4_p2,0.0,0.975609756097561,1.0,0.024390243902439046,0,0.023228803716608626,1.670184399552155e-16
G1_p0_w3_variable,G4_p2,-5.0,0.8571428571428571,0.9047619047619048,0.04761904761904767,0,0.04347826086956519,0.0
G1_p0_w3_variable,G4_p3,20.0,1.0,1.0,0.0,0,0.0,0.0
G1_p0_w3_variable,G4_p3,10.0,1.0,1.0,0.0,0,0.0,0.0
G1_p0_w3_variable,G4_p3,0.0,1.0,1.0,0.0,0,0.024390243902439046,1.670184399510752e-16
G1_p0_w3_variable,G4_p3,-5.0,0.95,1.0,0.050000000000000044,0,0.050000000000000044,0.0
G1_p0_w3_variable,G4_p4,20.0,1.0,1.0,0.0,0,0.0,0.0
G1_p0_w3_variable,G4_p4,10.0,1.0,1.0,0.0,0,0.0,0.0
G1_p0_w3_variable,G4_p4,0.0,0.9302325581395349,0.975609756097561,0.04537719795802608,1,0.023228803716608626,0.0
G1_p0_w3_variable,G4_p4,-5.0,0.782608695652174,0.851063829787234,0.0684551341350601,0,0.13106382978723408,1.878427417114812e-16
G1_p5_w0_regular,G1_p1,20.0,1.0,1.0,0.0,0,0.0,0.0
G1_p5_w0_regular,G1_p1,10.0,1.0,1.0,0.0,0,0.0,1.4625531779033487e-16
G1_p5_w0_regular,G1_p1,0.0,0.9545454545454546,1.0,0.045454545454545414,0,0.06370070778564207,0.0
G1_p5_w0_regular,G1_p1,-5.0,0.8,0.8837209302325582,0.08372093023255811,0,0.09940720474236209,0.0
G1_p5_w0_regular,G1_p2,20.0,1.0,1.0,0.0,0,0.0,0.0
G1_p5_w0_regular,G1_p2,10.0,1.0,1.0,0.0,0,0.0,1.4625531778360803e-16
G1_p5_w0_regular,G1_p2,0.0,0.9545454545454546,1.0,0.045454545454545414,0,0.045454545454545414,1.8499996964317233e-16
G1_p5_w0_regular,G1_p2,-5.0,0.8837209302325582,0.9545454545454546,0.07082452431289643,1,0.04961240310077519,0.0
G1_p5_w0_regular,G1_p3,20.0,1.0,1.0,0.0,0,0.0,1.156249810272589e-16
G1_p5_w0_regular,G1_p3,10.0,1.0,1.0,0.0,0,0.0,1.462553177839574e-16
G1_p5_w0_regular,G1_p3,0.0,1.0,1.0,0.0,0,0.0,1.8499996964361422e-16
G1_p5_w0_regular,G1_p3,-5.0,0.9767441860465116,0.9767441860465116,0.0,0,0.06666666666666665,2.0806625617912874e-16
G1_p5_w0_regular,G1_p4,20.0,1.0,1.0,0.0,0,0.0,0.0
G1_p5_w0_regular,G1_p4,10.0,0.9767441860465116,1.0,0.023255813953488413,0,0.0,0.0
G1_p5_w0_regular,G1_p4,0.0,0.75,0.8372093023255814,0.08720930232558144,0,0.09767891682785301,1.8499996963899383e-16
G1_p5_w0_regular,G1_p4,-5.0,0.17142857142857143,0.6341463414634146,0.4627177700348432,0,0.07509881422924902,2.080662561739323e-16
G1_p5_w0_regular,G2_p1,20.0,1.0,1.0,0.0,0,0.0,0.0
G1_p5_w0_regular,G2_p1,10.0,1.0,1.0,0.0,0,0.0,1.462553177902539e-16
G1_p5_w0_regular,G2_p1,0.0,0.9090909090909091,1.0,0.09090909090909094,1,0.04341085271317824,0.0
G1_p5_w0_regular,G2_p1,-5.0,0.8095238095238095,0.8571428571428571,0.04761904761904756,0,0.1264822134387351,2.0806625618808633e-16
G1_p5_w0_regular,G2_p2,20.0,1.0,1.0,0.0,0,0.0,1.1562498102534046e-16
G1_p5_w0_regular,G2_p2,10.0,1.0,1.0,0.0,0,0.0,0.0
G1_p5_w0_regular,G2_p2,0.0,0.9523809523809523,1.0,0.04761904761904767,0,0.04761904761904767,0.0
G1_p5_w0_regular,G2_p2,-5.0,0.9302325581395349,0.9523809523809523,0.022148394241417457,1,0.046511627906976716,0.0
G1_p5_w0_regular,G2_p3,20.0,1.0,1.0,0.0,0,0.0,1.1562498102922094e-16
G1_p5_w0_regular,G2_p3,10.0,1.0,1.0,0.0,0,0.0,1.4625531778643923e-16
G1_p5_w0_regular,G2_p3,0.0,0.975609756097561,1.0,0.024390243902439046,0,0.04341085271317824,1.849999696467535e-16
G1_p5_w0_regular,G2_p3,-5.0,0.8,0.9333333333333333,0.1333333333333333,0,0.12137681159420288,0.0
G1_p5_w0_regular,G2_p4,20.0,1.0,1.0,0.0,0,0.0,0.0
G1_p5_w0_regular,G2_p4,10.0,0.9767441860465116,1.0,0.023255813953488413,0,0.0,0.0
G1_p5_w0_regular,G2_p4,0.0,0.7555555555555555,0.8695652173913043,0.11400966183574879,0,0.06105457909343204,1.8499996963968453e-16
G1_p5_w0_regular,G2_p4,-5.0,0.25806451612903225,0.36363636363636365,0.1055718475073314,0,0.1377551020408163,2.0806625617470907e-16
G1_p5_w0_regular,G3_p1,20.0,1.0,1.0,0.0,0,0.0,0.0
G1_p5_w0_regular,G3_p1,10.0,0.9767441860465116,1.0,0.023255813953488413,0,0.023255813953488413,0.0
G1_p5_w0_regular,G3_p1,0.0,0.8837209302325582,0.9767441860465116,0.09302325581395343,1,0.09740259740259749,0.0
G1_p5_w0_regular,G3_p1,-5.0,0.6818181818181818,0.8085106382978723,0.12669245647969052,0,0.15551839464882944,0.0
G1_p5_w0_regular,G3_p2,20.0,1.0,1.0,0.0,0,0.0,1.1562498102354053e-16
G1_p5_w0_regular,G3_p2,10.0,1.0,1.0,0.0,0,0.0,1.46255317779254e-16
G1_p5_w0_regular,G3_p2,0.0,1.0,1.0,0.0,0,0.0,1.8499996963766483e-16
G1_p5_w0_regular,G3_p2,-5.0,1.0,1.0,0.0,0,0.0,0.0
G1_p5_w0_regular,G3_p3,20.0,1.0,1.0,0.0,0,0.0,0.0
G1_p5_w0_regular,G3_p3,10.0,1.0,1.0,0.0,0,0.0,1.4625531778129056e-16
G1_p5_w0_regular,G3_p3,0.0,1.0,1.0,0.0,0,0.0,0.0
G1_p5_w0_regular,G3_p3,-5.0,0.9767441860465116,1.0,0.023255813953488413,0,0.023255813953488413,0.0
G1_p5_w0_regular,G3_p4,20.0,1.0,1.0,0.0,0,0.0,1.156249810269721e-16
G1_p5_w0_regular,G3_p4,10.0,1.0,1.0,0.0,0,0.0,1.4625531778359462e-16
G1_p5_w0_regular,G3_p4,0.0,0.9767441860465116,1.0,0.023255813953488413,0,0.023255813953488413,0.0
G1_p5_w0_regular,G3_p4,-5.0,0.9090909090909091,0.9545454545454546,0.045454545454545525,1,0.06565656565656575,0.0
G1_p5_w0_regular,G4_p1,20.0,1.0,1.0,0.0,0,0.0,0.0
G1_p5_w0_regular,G4_p1,10.0,1.0,1.0,0.0,0,0.0,1.4625531779177038e-16
G1_p5_w0_regular,G4_p1,0.0,0.8936170212765957,0.9302325581395349,0.03661553686293917,0,0.06464646464646462,1.8499996965349694e-16
G1_p5_w0_regular,G4_p1,-5.0,0.7083333333333334,0.8636363636363636,0.15530303030303028,0,0.14273049645390068,0.0
G1_p5_w0_regular,G4_p2,20.0,1.0,1.0,0.0,0,0.0,1.1562498102709733e-16
G1_p5_w0_regular,G4_p2,10.0,1.0,1.0,0.0,0,0.0,1.4625531778375304e-16
G1_p5_w0_regular,G4_p2,0.0,1.0,1.0,0.0,0,0.023255813953488413,0.0
G1_p5_w0_regular,G4_p2,-5.0,0.8888888888888888,0.9767441860465116,0.08785529715762275,1,0.08498023715415026,0.0
G1_p5_w0_regular,G4_p3,20.0,1.0,1.0,0.0,0,0.0,0.0
G1_p5_w0_regular,G4_p3,10.0,1.0,1.0,0.0,0,0.0,1.4625531778012748e-16
G1_p5_w0_regular,G4_p3,0.0,1.0,1.0,0.0,0,0.0,0.0
G1_p5_w0_regular,G4_p3,-5.0,0.9523809523809523,1.0,0.04761904761904767,0,0.02436323366555926,2.0806625617368015e-16
G1_p5_w0_regular,G4_p4,20.0,1.0,1.0,0.0,0,0.0,0.0
G1_p5_w0_regular,G4_p4,10.0,1.0,1.0,0.0,0,0.0,0.0
G1_p5_w0_regular,G4_p4,0.0,0.9767441860465116,1.0,0.023255813953488413,0,0.045454545454545414,0.0
G1_p5_w0_regular,G4_p4,-5.0,0.8695652173913043,0.9302325581395349,0.06066734074823055,0,0.04255319148936165,2.0806625617905947e-16
G1_p5_w0_variable,G1_p1,20.0,1.0,1.0,0.0,0,0.0,0.0
G1_p5_w0_variable,G1_p1,10.0,1.0,1.0,0.0,0,0.0,0.0
G1_p5_w0_variable,G1_p1,0.0,0.9777777777777777,1.0,0.022222222222222254,0,0.04347826086956519,0.0
G1_p5_w0_variable,G1_p1,-5.0,0.8085106382978723,0.8936170212765957,0.08510638297872342,0,0.06648936170212771,0.0
G1_p5_w0_variable,G1_p2,20.0,1.0,1.0,0.0,0,0.0,1.1786708560329759e-16
G1_p5_w0_variable,G1_p2,10.0,1.0,1.0,0.0,0,0.0,1.490913806689848e-16
G1_p5_w0_variable,G1_p2,0.0,0.9333333333333333,1.0,0.06666666666666665,1,0.06382978723404253,1.885873369652762e-16
G1_p5_w0_variable,G1_p2,-5.0,0.8444444444444444,0.9361702127659575,0.09172576832151302,0,0.04444444444444451,0.0
G1_p5_w0_variable,G1_p3,20.0,1.0,1.0,0.0,0,0.0,0.0
G1_p5_w0_variable,G1_p3,10.0,1.0,1.0,0.0,0,0.0,0.0
G1_p5_w0_variable,G1_p3,0.0,1.0,1.0,0.0,0,0.0,0.0
G1_p5_w0_variable,G1_p3,-5.0,0.9130434782608695,1.0,0.08695652173913049,1,0.06382978723404253,0.0
G1_p5_w0_variable,G1_p4,20.0,1.0,1.0,0.0,0,0.0,1.178670856006354e-16
G1_p5_w0_variable,G1_p4,10.0,1.0,1.0,0.0,0,0.022222222222222254,0.0
G1_p5_w0_variable,G1_p4,0.0,0.782608695652174,0.875,0.09239130434782605,0,0.09361702127659566,0.0
G1_p5_w0_variable,G1_p4,-5.0,0.29411764705882354,0.55,0.2558823529411765,0,0.06999999999999995,0.0
G1_p5_w0_variable,G2_p1,20.0,1.0,1.0,0.0,0,0.0,0.0
G1_p5_w0_variable,G2_p1,10.0,1.0,1.0,0.0,0,0.0,0.0
G1_p5_w0_variable,G2_p1,0.0,0.9130434782608695,0.9777777777777777,0.06473429951690823,1,0.06473429951690823,0.0
G1_p5_w0_variable,G2_p1,-5.0,0.8085106382978723,0.8571428571428571,0.04863221884498481,0,0.06826241134751765,2.1210090597598248e-16
G1_p5_w0_variable,G2_p2,20.0,1.0,1.0,0.0,0,0.0,0.0
G1_p5_w0_variable,G2_p2,10.0,1.0,1.0,0.0,0,0.0,0.0
G1_p5_w0_variable,G2_p2,0.0,0.9777777777777777,1.0,0.022222222222222254,0,0.022222222222222254,0.0
G1_p5_w0_variable,G2_p2,-5.0,0.9333333333333333,0.9777777777777777,0.0444444444444444,1,0.06473429951690823,0.0
G1_p5_w0_variable,G2_p3,20.0,1.0,1.0,0.0,0,0.0,1.1786708560557927e-16
G1_p5_w0_variable,G2_p3,10.0,1.0,1.0,0.0,0,0.0,1.490913806718709e-16
G1_p5_w0_variable,G2_p3,0.0,0.9565217391304348,1.0,0.04347826086956519,0,0.04347826086956519,0.0
G1_p5_w0_variable,G2_p3,-5.0,0.8888888888888888,0.9361702127659575,0.047281323877068626,0,0.09377664109121908,2.1210090597045044e-16
G1_p5_w0_variable,G2_p4,20.0,1.0,1.0,0.0,0,0.0,1.1786708560107544e-16
G1_p5_w0_variable,G2_p4,10.0,0.9777777777777777,1.0,0.022222222222222254,0,0.022222222222222254,1.4909138066617397e-16
G1_p5_w0_variable,G2_p4,0.0,0.7727272727272727,0.8333333333333334,0.06060606060606066,0,0.07608695652173914,1.8858733696172075e-16
G1_p5_w0_variable,G2_p4,-5.0,0.1875,0.34285714285714286,0.15535714285714286,0,0.09608843537414968,2.121009059623459e-16
G1_p5_w0_variable,G3_p1,20.0,1.0,1.0,0.0,0,0.0,1.1786708560942442e-16
G1_p5_w0_variable,G3_p1,10.0,1.0,1.0,0.0,0,0.0,1.490913806767347e-16
G1_p5_w0_variable,G3_p1,0.0,0.8888888888888888,0.9130434782608695,0.024154589371980673,0,0.01942645698427381,0.0
G1_p5_w0_variable,G3_p1,-5.0,0.7272727272727273,0.8936170212765957,0.1663442940038684,0,0.10799319727891155,2.1210090597736976e-16
G1_p5_w0_variable,G3_p2,20.0,1.0,1.0,0.0,0,0.0,1.1786708559978866e-16
G1_p5_w0_variable,G3_p2,10.0,1.0,1.0,0.0,0,0.0,0.0
G1_p5_w0_variable,G3_p2,0.0,1.0,1.0,0.0,0,0.0,1.8858733695966187e-16
G1_p5_w0_variable,G3_p2,-5.0,1.0,1.0,0.0,0,0.0,2.1210090596003033e-16
G1_p5_w0_variable,G3_p3,20.0,1.0,1.0,0.0,0,0.0,1.1786708560142993e-16
G1_p5_w0_variable,G3_p3,10.0,1.0,1.0,0.0,0,0.0,1.490913806666224e-16
G1_p5_w0_variable,G3_p3,0.0,1.0,1.0,0.0,0,0.0,1.8858733696228794e-16
G1_p5_w0_variable,G3_p3,-5.0,0.9777777777777777,1.0,0.022222222222222254,0,0.022222222222222254,0.0
G1_p5_w0_variable,G3_p4,20.0,1.0,1.0,0.0,0,0.0,1.178670856032868e-16
G1_p5_w0_variable,G3_p4,10.0,1.0,1.0,0.0,0,0.0,1.4909138066897113e-16
G1_p5_w0_variable,G3_p4,0.0,0.9777777777777777,1.0,0.022222222222222254,0,0.06382978723404253,0.0
G1_p5_w0_variable,G3_p4,-5.0,0.875,0.9565217391304348,0.08152173913043481,1,0.061170212765957466,0.0
G1_p5_w0_variable,G4_p1,20.0,1.0,1.0,0.0,0,0.0,0.0
G1_p5_w0_variable,G4_p1,10.0,1.0,1.0,0.0,0,0.0,0.0
G1_p5_w0_variable,G4_p1,0.0,0.8333333333333334,0.9545454545454546,0.12121212121212122,1,0.14166666666666672,0.0
G1_p5_w0_variable,G4_p1,-5.0,0.6521739130434783,0.7555555555555555,0.10338164251207727,0,0.09333333333333338,2.1210090597818175e-16
G1_p5_w0_variable,G4_p2,20.0,1.0,1.0,0.0,0,0.0,0.0
G1_p5_w0_variable,G4_p2,10.0,1.0,1.0,0.0,0,0.0,0.0
G1_p5_w0_variable,G4_p2,0.0,1.0,1.0,0.0,0,0.022222222222222254,0.0
G1_p5_w0_variable,G4_p2,-5.0,0.8936170212765957,0.9565217391304348,0.06290471785383911,1,0.07902735562310037,2.121009059665549e-16
G1_p5_w0_variable,G4_p3,20.0,1.0,1.0,0.0,0,0.0,1.178670856004926e-16
G1_p5_w0_variable,G4_p3,10.0,1.0,1.0,0.0,0,0.0,0.0
G1_p5_w0_variable,G4_p3,0.0,0.9777777777777777,1.0,0.022222222222222254,0,0.022222222222222254,0.0
G1_p5_w0_variable,G4_p3,-5.0,0.9545454545454546,1.0,0.045454545454545414,0,0.02323232323232316,0.0
G1_p5_w0_variable,G4_p4,20.0,1.0,1.0,0.0,0,0.0,0.0
G1_p5_w0_variable,G4_p4,10.0,1.0,1.0,0.0,0,0.0,0.0
G1_p5_w0_variable,G4_p4,0.0,0.9565217391304348,1.0,0.04347826086956519,0,0.04347826086956519,1.8858733696566387e-16
G1_p5_w0_variable,G4_p4,-5.0,0.8333333333333334,0.9565217391304348,0.12318840579710144,1,0.07342511472674174,2.1210090596678064e-16
G1_p5_w1_regular,G1_p1,20.0,1.0,1.0,0.0,0,0.0,1.1166350933542384e-16
G1_p5_w1_regular,G1_p1,10.0,1.0,1.0,0.0,0,0.0,1.412444084109656e-16
G1_p5_w1_regular,G1_p1,0.0,0.9523809523809523,0.975609756097561,0.023228803716608626,0,0.06349206349206349,0.0
G1_p5_w1_regular,G1_p1,-5.0,0.8181818181818182,0.8444444444444444,0.02626262626262621,0,0.1229314420803782,0.0
G1_p5_w1_regular,G1_p2,20.0,1.0,1.0,0.0,0,0.0,1.1166350933028801e-16
G1_p5_w1_regular,G1_p2,10.0,1.0,1.0,0.0,0,0.0,1.4124440840446926e-16
G1_p5_w1_regular,G1_p2,0.0,0.975609756097561,0.975609756097561,0.0,0,0.023228803716608626,1.7866161492846083e-16
G1_p5_w1_regular,G1_p2,-5.0,0.8837209302325582,0.975609756097561,0.0918888258650028,1,0.11197339246119731,2.00937618599037e-16
G1_p5_w1_regular,G1_p3,20.0,1.0,1.0,0.0,0,0.0,0.0
G1_p5_w1_regular,G1_p3,10.0,1.0,1.0,0.0,0,0.0,0.0
G1_p5_w1_regular,G1_p3,0.0,1.0,1.0,0.0,0,0.0,1.786616149288876e-16
G1_p5_w1_regular,G1_p3,-5.0,0.926829268292683,1.0,0.07317073170731703,1,0.08874458874458868,0.0
G1_p5_w1_regular,G1_p4,20.0,1.0,1.0,0.0,0,0.0,1.116635093277659e-16
G1_p5_w1_regular,G1_p4,10.0,0.975609756097561,1.0,0.024390243902439046,0,0.024390243902439046,0.0
G1_p5_w1_regular,G1_p4,0.0,0.7727272727272727,0.9302325581395349,0.15750528541226216,0,0.17467700258397933,0.0
G1_p5_w1_regular,G1_p4,-5.0,0.24242424242424243,0.36363636363636365,0.12121212121212122,0,0.13055555555555554,0.0
G1_p5_w1_regular,G2_p1,20.0,1.0,1.0,0.0,0,0.0,1.11663509335362e-16
G1_p5_w1_regular,G2_p1,10.0,1.0,1.0,0.0,0,0.0,1.4124440841088743e-16
G1_p5_w1_regular,G2_p1,0.0,0.85,1.0,0.15000000000000002,1,0.14634146341463417,0.0
G1_p5_w1_regular,G2_p1,-5.0,0.7804878048780488,0.851063829787234,0.07057602490918524,0,0.08905380333951762,0.0
G1_p5_w1_regular,G2_p2,20.0,1.0,1.0,0.0,0,0.0,1.11663509328702e-16
G1_p5_w1_regular,G2_p2,10.0,1.0,1.0,0.0,0,0.0,0.0
G1_p5_w1_regular,G2_p2,0.0,0.95,1.0,0.050000000000000044,0,0.024390243902439046,0.0
G1_p5_w1_regular,G2_p2,-5.0,0.9302325581395349,0.975609756097561,0.04537719795802608,1,0.07084785133565619,0.0
G1_p5_w1_regular,G2_p3,20.0,1.0,1.0,0.0,0,0.0,0.0
G1_p5_w1_regular,G2_p3,10.0,1.0,1.0,0.0,0,0.0,0.0
G1_p5_w1_regular,G2_p3,0.0,0.975609756097561,1.0,0.024390243902439046,0,0.024390243902439046,1.7866161493191932e-16
G1_p5_w1_regular,G2_p3,-5.0,0.8444444444444444,0.975609756097561,0.1311653116531165,1,0.08037825059101655,0.0
G1_p5_w1_regular,G2_p4,20.0,1.0,1.0,0.0,0,0.0,0.0
G1_p5_w1_regular,G2_p4,10.0,0.975609756097561,1.0,0.024390243902439046,0,0.06976744186046513,1.4124440840180636e-16
G1_p5_w1_regular,G2_p4,0.0,0.7555555555555555,0.8444444444444444,0.0888888888888889,0,0.10808080808080811,1.786616149250925e-16
G1_p5_w1_regular,G2_p4,-5.0,0.12903225806451613,0.36363636363636365,0.23460410557184752,0,0.11536643026004734,0.0
G1_p5_w1_regular,G3_p1,20.0,1.0,1.0,0.0,0,0.0,0.0
G1_p5_w1_regular,G3_p1,10.0,1.0,1.0,0.0,0,0.024390243902439046,0.0
G1_p5_w1_regular,G3_p1,0.0,0.8292682926829268,0.95,0.12073170731707317,1,0.11730545876887344,1.7866161493774781e-16
G1_p5_w1_regular,G3_p1,-5.0,0.7619047619047619,0.8292682926829268,0.06736353077816493,0,0.07659574468085106,0.0
G1_p5_w1_regular,G3_p2,20.0,1.0,1.0,0.0,0,0.0,1.1166350932696375e-16
G1_p5_w1_regular,G3_p2,10.0,1.0,1.0,0.0,0,0.0,0.0
G1_p5_w1_regular,G3_p2,0.0,1.0,1.0,0.0,0,0.0,1.78661614923142e-16
G1_p5_w1_regular,G3_p2,-5.0,1.0,1.0,0.0,0,0.0,2.009376185930551e-16
G1_p5_w1_regular,G3_p3,20.0,1.0,1.0,0.0,0,0.0,1.1166350932851865e-16
G1_p5_w1_regular,G3_p3,10.0,1.0,1.0,0.0,0,0.0,0.0
G1_p5_w1_regular,G3_p3,0.0,1.0,1.0,0.0,0,0.0,0.0
G1_p5_w1_regular,G3_p3,-5.0,0.975609756097561,1.0,0.024390243902439046,0,0.024390243902439046,0.0
G1_p5_w1_regular,G3_p4,20.0,1.0,1.0,0.0,0,0.0,1.1166350933027776e-16
G1_p5_w1_regular,G3_p4,10.0,1.0,1.0,0.0,0,0.0,0.0
G1_p5_w1_regular,G3_p4,0.0,0.9523809523809523,1.0,0.04761904761904767,0,0.04761904761904767,0.0
G1_p5_w1_regular,G3_p4,-5.0,0.8888888888888888,0.9302325581395349,0.04134366925064603,0,0.08874458874458868,0.0
G1_p5_w1_regular,G4_p1,20.0,1.0,1.0,0.0,0,0.0,0.0
G1_p5_w1_regular,G4_p1,10.0,1.0,1.0,0.0,0,0.0,0.0
G1_p5_w1_regular,G4_p1,0.0,0.85,0.9,0.050000000000000044,0,0.028048780487804903,1.786616149384317e-16
G1_p5_w1_regular,G4_p1,-5.0,0.6808510638297872,0.8372093023255814,0.15635823849579422,0,0.13055555555555554,4.018752372205023e-16
G1_p5_w1_regular,G4_p2,20.0,1.0,1.0,0.0,0,0.0,0.0
G1_p5_w1_regular,G4_p2,10.0,1.0,1.0,0.0,0,0.0,0.0
G1_p5_w1_regular,G4_p2,0.0,0.975609756097561,1.0,0.024390243902439046,0,0.024390243902439046,0.0
G1_p5_w1_regular,G4_p2,-5.0,0.8636363636363636,0.9523809523809523,0.08874458874458868,1,0.14762386248736092,0.0
G1_p5_w1_regular,G4_p3,20.0,1.0,1.0,0.0,0,0.0,0.0
G1_p5_w1_regular,G4_p3,10.0,1.0,1.0,0.0,0,0.0,0.0
G1_p5_w1_regular,G4_p3,0.0,0.975609756097561,1.0,0.024390243902439046,0,0.024390243902439046,0.0
G1_p5_w1_regular,G4_p3,-5.0,0.95,0.975609756097561,0.025609756097561,0,0.025609756097561,0.0
G1_p5_w1_regular,G4_p4,20.0,1.0,1.0,0.0,0,0.0,0.0
G1_p5_w1_regular,G4_p4,10.0,1.0,1.0,0.0,0,0.0,1.412444084047596e-16
G1_p5_w1_regular,G4_p4,0.0,0.975609756097561,0.975609756097561,0.0,0,0.04761904761904767,1.786616149288281e-16
G1_p5_w1_regular,G4_p4,-5.0,0.723404255319149,0.8837209302325582,0.16031667491340917,0,0.18055555555555547,0.0
G1_p5_w1_variable,G1_p1,20.0,1.0,1.0,0.0,0,0.0,0.0
G1_p5_w1_variable,G1_p1,10.0,1.0,1.0,0.0,0,0.0,0.0
G1_p5_w1_variable,G1_p1,0.0,0.926829268292683,1.0,0.07317073170731703,1,0.09523809523809523,0.0
G1_p5_w1_variable,G1_p1,-5.0,0.7727272727272727,0.8095238095238095,0.03679653679653683,0,0.13386273397617698,0.0
G1_p5_w1_variable,G1_p2,20.0,1.0,1.0,0.0,0,0.0,1.1149748688837368e-16
G1_p5_w1_variable,G1_p2,10.0,1.0,1.0,0.0,0,0.0,0.0
G1_p5_w1_variable,G1_p2,0.0,0.95,1.0,0.050000000000000044,0,0.050000000000000044,1.783959790213979e-16
G1_p5_w1_variable,G1_p2,-5.0,0.8780487804878049,0.95,0.07195121951219507,1,0.06931964056482665,2.0063886250304518e-16
G1_p5_w1_variable,G1_p3,20.0,1.0,1.0,0.0,0,0.0,0.0
G1_p5_w1_variable,G1_p3,10.0,1.0,1.0,0.0,0,0.0,0.0
G1_p5_w1_variable,G1_p3,0.0,1.0,1.0,0.0,0,0.02564102564102566,1.7839597902182405e-16
G1_p5_w1_variable,G1_p3,-5.0,0.926829268292683,0.9743589743589743,0.047529706066291366,1,0.047529706066291366,0.0
G1_p5_w1_variable,G1_p4,20.0,1.0,1.0,0.0,0,0.0,2.229949737717107e-16
G1_p5_w1_variable,G1_p4,10.0,0.9743589743589743,1.0,0.02564102564102566,0,0.050000000000000044,1.410344047776229e-16
G1_p5_w1_variable,G1_p4,0.0,0.7619047619047619,0.8095238095238095,0.04761904761904767,0,0.04761904761904767,1.7839597901736854e-16
G1_p5_w1_variable,G1_p4,-5.0,0.21428571428571427,0.47058823529411764,0.25630252100840334,0,0.19047619047619047,2.0063886249851354e-16
G1_p5_w1_variable,G2_p1,20.0,1.0,1.0,0.0,0,0.0,1.1149748689344011e-16
G1_p5_w1_variable,G2_p1,10.0,1.0,1.0,0.0,0,0.0,1.4103440478721694e-16
G1_p5_w1_variable,G2_p1,0.0,0.9,0.9743589743589743,0.07435897435897432,1,0.09523809523809523,0.0
G1_p5_w1_variable,G2_p1,-5.0,0.6842105263157895,0.8372093023255814,0.15299877600979195,0,0.055335968379446654,0.0
G1_p5_w1_variable,G2_p2,20.0,1.0,1.0,0.0,0,0.0,0.0
G1_p5_w1_variable,G2_p2,10.0,1.0,1.0,0.0,0,0.0,0.0
G1_p5_w1_variable,G2_p2,0.0,0.9473684210526315,1.0,0.052631578947368474,1,0.050000000000000044,1.7839597901886412e-16
G1_p5_w1_variable,G2_p2,-5.0,0.8947368421052632,0.9743589743589743,0.07962213225371118,1,0.10256410256410253,2.0063886250019554e-16
G1_p5_w1_variable,G2_p3,20.0,1.0,1.0,0.0,0,0.0,1.1149748689053203e-16
G1_p5_w1_variable,G2_p3,10.0,1.0,1.0,0.0,0,0.0,1.4103440478353846e-16
G1_p5_w1_variable,G2_p3,0.0,0.9743589743589743,1.0,0.02564102564102566,0,0.07317073170731703,0.0
G1_p5_w1_variable,G2_p3,-5.0,0.8444444444444444,0.8837209302325582,0.03927648578811371,0,0.09625126646403248,2.006388625069291e-16
G1_p5_w1_variable,G2_p4,20.0,1.0,1.0,0.0,0,0.0,1.114974868862716e-16
G1_p5_w1_variable,G2_p4,10.0,1.0,1.0,0.0,0,0.050000000000000044,0.0
G1_p5_w1_variable,G2_p4,0.0,0.6829268292682927,0.8571428571428571,0.17421602787456436,0,0.20598006644518263,0.0
G1_p5_w1_variable,G2_p4,-5.0,0.07407407407407407,0.3870967741935484,0.3130227001194743,0,0.039433771486349856,0.0
G1_p5_w1_variable,G3_p1,20.0,1.0,1.0,0.0,0,0.0,1.114974868941694e-16
G1_p5_w1_variable,G3_p1,10.0,1.0,1.0,0.0,0,0.02564102564102566,0.0
G1_p5_w1_variable,G3_p1,0.0,0.8780487804878049,1.0,0.12195121951219512,1,0.14509068167604755,0.0
G1_p5_w1_variable,G3_p1,-5.0,0.7142857142857143,0.7906976744186046,0.07641196013289031,0,0.05827937095282143,2.0063886251347458e-16
G1_p5_w1_variable,G3_p2,20.0,1.0,1.0,0.0,0,0.0,0.0
G1_p5_w1_variable,G3_p2,10.0,1.0,1.0,0.0,0,0.0,0.0
G1_p5_w1_variable,G3_p2,0.0,1.0,1.0,0.0,0,0.0,0.0
G1_p5_w1_variable,G3_p2,-5.0,1.0,1.0,0.0,0,0.0,2.0063886249707212e-16
G1_p5_w1_variable,G3_p3,20.0,1.0,1.0,0.0,0,0.0,1.1149748688660695e-16
G1_p5_w1_variable,G3_p3,10.0,1.0,1.0,0.0,0,0.0,1.4103440477857361e-16
G1_p5_w1_variable,G3_p3,0.0,1.0,1.0,0.0,0,0.0,0.0
G1_p5_w1_variable,G3_p3,-5.0,0.9743589743589743,1.0,0.02564102564102566,0,0.02564102564102566,2.0063886249986602e-16
G1_p5_w1_variable,G3_p4,20.0,1.0,1.0,0.0,0,0.0,1.1149748688836345e-16
G1_p5_w1_variable,G3_p4,10.0,1.0,1.0,0.0,0,0.0,0.0
G1_p5_w1_variable,G3_p4,0.0,0.9743589743589743,1.0,0.02564102564102566,0,0.050000000000000044,0.0
G1_p5_w1_variable,G3_p4,-5.0,0.8780487804878049,0.9473684210526315,0.06931964056482665,0,0.06279069767441858,0.0
G1_p5_w1_variable,G4_p1,20.0,1.0,1.0,0.0,0,0.0,1.1149748689459624e-16
G1_p5_w1_variable,G4_p1,10.0,1.0,1.0,0.0,0,0.0,1.4103440478867932e-16
G1_p5_w1_variable,G4_p1,0.0,0.8095238095238095,0.8837209302325582,0.07419712070874862,0,0.07171717171717173,1.7839597903135396e-16
G1_p5_w1_variable,G4_p1,-5.0,0.6190476190476191,0.75,0.13095238095238093,0,0.12196382428940566,0.0
G1_p5_w1_variable,G4_p2,20.0,1.0,1.0,0.0,0,0.0,0.0
G1_p5_w1_variable,G4_p2,10.0,1.0,1.0,0.0,0,0.0,1.4103440478094816e-16
G1_p5_w1_variable,G4_p2,0.0,0.9743589743589743,1.0,0.02564102564102566,0,0.050000000000000044,0.0
G1_p5_w1_variable,G4_p2,-5.0,0.8571428571428571,0.9047619047619048,0.04761904761904767,0,0.02657807308970106,2.0063886250324412e-16
G1_p5_w1_variable,G4_p3,20.0,1.0,1.0,0.0,0,0.0,0.0
G1_p5_w1_variable,G4_p3,10.0,1.0,1.0,0.0,0,0.0,0.0
G1_p5_w1_variable,G4_p3,0.0,0.9743589743589743,1.0,0.02564102564102566,0,0.02564102564102566,0.0
G1_p5_w1_variable,G4_p3,-5.0,0.9473684210526315,1.0,0.052631578947368474,1,0.02564102564102566,0.0
G1_p5_w1_variable,G4_p4,20.0,1.0,1.0,0.0,0,0.0,0.0
G1_p5_w1_variable,G4_p4,10.0,1.0,1.0,0.0,0,0.0,0.0
G1_p5_w1_variable,G4_p4,0.0,0.95,1.0,0.050000000000000044,0,0.047529706066291366,0.0
G1_p5_w1_variable,G4_p4,-5.0,0.6956521739130435,0.8292682926829268,0.13361611876988333,0,0.1053140096618358,2.0063886250345765e-16
G1_p5_w2_regular,G1_p1,20.0,1.0,1.0,0.0,0,0.0,0.0
G1_p5_w2_regular,G1_p1,10.0,1.0,1.0,0.0,0,0.0,0.0
G1_p5_w2_regular,G1_p1,0.0,0.9230769230769231,1.0,0.07692307692307687,1,0.072972972972973,1.8385604157407978e-16
G1_p5_w2_regular,G1_p1,-5.0,0.7619047619047619,0.9230769230769231,0.16117216117216127,0,0.08809523809523812,0.0
G1_p5_w2_regular,G1_p2,20.0,1.0,1.0,0.0,0,0.0,1.149100259785147e-16
G1_p5_w2_regular,G1_p2,10.0,1.0,1.0,0.0,0,0.0,1.4535096323249005e-16
G1_p5_w2_regular,G1_p2,0.0,0.9473684210526315,1.0,0.052631578947368474,1,0.052631578947368474,0.0
G1_p5_w2_regular,G1_p2,-5.0,0.8947368421052632,0.972972972972973,0.07823613086770986,1,0.0498960498960499,0.0
G1_p5_w2_regular,G1_p3,20.0,1.0,1.0,0.0,0,0.0,0.0
G1_p5_w2_regular,G1_p3,10.0,1.0,1.0,0.0,0,0.0,0.0
G1_p5_w2_regular,G1_p3,0.0,1.0,1.0,0.0,0,0.0,1.838560415660627e-16
G1_p5_w2_regular,G1_p3,-5.0,0.9473684210526315,0.972972972972973,0.0256045519203415,1,0.023076923076923106,0.0
G1_p5_w2_regular,G1_p4,20.0,1.0,1.0,0.0,0,0.0,0.0
G1_p5_w2_regular,G1_p4,10.0,0.9473684210526315,1.0,0.052631578947368474,1,0.052631578947368474,0.0
G1_p5_w2_regular,G1_p4,0.0,0.7368421052631579,0.8780487804878049,0.14120667522464703,0,0.14120667522464703,0.0
G1_p5_w2_regular,G1_p4,-5.0,0.2,0.48484848484848486,0.28484848484848485,0,0.15882019285309135,2.067797001118588e-16
G1_p5_w2_regular,G2_p1,20.0,1.0,1.0,0.0,0,0.0,1.1491002598373622e-16
G1_p5_w2_regular,G2_p1,10.0,1.0,1.0,0.0,0,0.0,0.0
G1_p5_w2_regular,G2_p1,0.0,0.8947368421052632,0.972972972972973,0.07823613086770986,1,0.10117810117810122,1.8385604157397792e-16
G1_p5_w2_regular,G2_p1,-5.0,0.75,0.85,0.09999999999999998,0,0.11184939091915835,2.0677970012592538e-16
G1_p5_w2_regular,G2_p2,20.0,1.0,1.0,0.0,0,0.0,0.0
G1_p5_w2_regular,G2_p2,10.0,1.0,1.0,0.0,0,0.0,1.4535096323042565e-16
G1_p5_w2_regular,G2_p2,0.0,0.9444444444444444,1.0,0.05555555555555558,1,0.028528528528528607,0.0
G1_p5_w2_regular,G2_p2,-5.0,0.8717948717948718,0.918918918918919,0.047124047124047164,0,0.10117810117810122,0.0
G1_p5_w2_regular,G2_p3,20.0,1.0,1.0,0.0,0,0.0,0.0
G1_p5_w2_regular,G2_p3,10.0,1.0,1.0,0.0,0,0.0,0.0
G1_p5_w2_regular,G2_p3,0.0,0.918918918918919,1.0,0.08108108108108103,1,0.10526315789473684,1.8385604156918258e-16
G1_p5_w2_regular,G2_p3,-5.0,0.8292682926829268,0.8717948717948718,0.04252657911194502,0,0.0810971973762672,0.0
G1_p5_w2_regular,G2_p4,20.0,1.0,1.0,0.0,0,0.0,1.149100259763483e-16
G1_p5_w2_regular,G2_p4,10.0,0.972972972972973,1.0,0.027027027027026973,0,0.07692307692307687,2.9070192645949953e-16
G1_p5_w2_regular,G2_p4,0.0,0.7368421052631579,0.8292682926829268,0.09242618741976893,0,0.12543554006968638,1.838560415621573e-16
G1_p5_w2_regular,G2_p4,-5.0,0.27586206896551724,0.3448275862068966,0.06896551724137934,0,0.19367588932806323,0.0
G1_p5_w2_regular,G3_p1,20.0,1.0,1.0,0.0,0,0.0,1.149100259844878e-16
G1_p5_w2_regular,G3_p1,10.0,0.972972972972973,1.0,0.027027027027026973,0,0.027027027027026973,0.0
G1_p5_w2_regular,G3_p1,0.0,0.8292682926829268,0.9473684210526315,0.11810012836970474,0,0.09380863039399634,1.8385604157518054e-16
G1_p5_w2_regular,G3_p1,-5.0,0.65,0.7894736842105263,0.1394736842105263,0,0.1107419712070874,2.0677970012727786e-16
G1_p5_w2_regular,G3_p2,20.0,1.0,1.0,0.0,0,0.0,2.298200519501876e-16
G1_p5_w2_regular,G3_p2,10.0,1.0,1.0,0.0,0,0.0,2.907019264563259e-16
G1_p5_w2_regular,G3_p2,0.0,1.0,1.0,0.0,0,0.0,0.0
G1_p5_w2_regular,G3_p2,-5.0,1.0,1.0,0.0,0,0.0,2.067797001103734e-16
G1_p5_w2_regular,G3_p3,20.0,1.0,1.0,0.0,0,0.0,0.0
G1_p5_w2_regular,G3_p3,10.0,1.0,1.0,0.0,0,0.0,2.9070192646037384e-16
G1_p5_w2_regular,G3_p3,0.0,0.972972972972973,1.0,0.027027027027026973,0,0.027027027027026973,0.0
G1_p5_w2_regular,G3_p3,-5.0,0.972972972972973,1.0,0.027027027027026973,0,0.027027027027026973,0.0
G1_p5_w2_regular,G3_p4,20.0,1.0,1.0,0.0,0,0.0,1.1491002597850415e-16
G1_p5_w2_regular,G3_p4,10.0,1.0,1.0,0.0,0,0.0,0.0
G1_p5_w2_regular,G3_p4,0.0,0.9473684210526315,1.0,0.052631578947368474,1,0.052631578947368474,0.0
G1_p5_w2_regular,G3_p4,-5.0,0.85,0.9,0.050000000000000044,0,0.044736842105263186,0.0
G1_p5_w2_regular,G4_p1,20.0,1.0,1.0,0.0,0,0.0,0.0
G1_p5_w2_regular,G4_p1,10.0,1.0,1.0,0.0,0,0.0,1.4535096324060193e-16
G1_p5_w2_regular,G4_p1,0.0,0.85,0.9,0.050000000000000044,0,0.07179487179487176,0.0
G1_p5_w2_regular,G4_p1,-5.0,0.631578947368421,0.8181818181818182,0.18660287081339721,0,0.11594202898550732,0.0
G1_p5_w2_regular,G4_p2,20.0,1.0,1.0,0.0,0,0.0,1.149100259786286e-16
G1_p5_w2_regular,G4_p2,10.0,1.0,1.0,0.0,0,0.0,1.4535096323263411e-16
G1_p5_w2_regular,G4_p2,0.0,1.0,1.0,0.0,0,0.052631578947368474,1.8385604156580576e-16
G1_p5_w2_regular,G4_p2,-5.0,0.8095238095238095,0.9473684210526315,0.137844611528822,0,0.08735110606920027,2.0677970011673424e-16
G1_p5_w2_regular,G4_p3,20.0,1.0,1.0,0.0,0,0.0,1.1491002597578006e-16
G1_p5_w2_regular,G4_p3,10.0,1.0,1.0,0.0,0,0.0,1.45350963229031e-16
G1_p5_w2_regular,G4_p3,0.0,0.972972972972973,1.0,0.027027027027026973,0,0.027027027027026973,0.0
G1_p5_w2_regular,G4_p3,-5.0,0.972972972972973,1.0,0.027027027027026973,0,0.05555555555555558,2.0677970011160835e-16
G1_p5_w2_regular,G4_p4,20.0,1.0,1.0,0.0,0,0.0,1.1491002597875092e-16
G1_p5_w2_regular,G4_p4,10.0,1.0,1.0,0.0,0,0.0,1.4535096323278883e-16
G1_p5_w2_regular,G4_p4,0.0,0.9473684210526315,1.0,0.052631578947368474,1,0.052631578947368474,0.0
G1_p5_w2_regular,G4_p4,-5.0,0.7804878048780488,0.8571428571428571,0.07665505226480829,0,0.03679653679653683,2.067797001169543e-16
G1_p5_w2_variable,G1_p1,20.0,1.0,1.0,0.0,0,0.0,0.0
G1_p5_w2_variable,G1_p1,10.0,1.0,1.0,0.0,0,0.0,0.0
G1_p5_w2_variable,G1_p1,0.0,0.926829268292683,0.9743589743589743,0.047529706066291366,1,0.022067363530778206,1.797080057513456e-16
G1_p5_w2_variable,G1_p1,-5.0,0.8,0.9047619047619048,0.10476190476190472,0,0.08658008658008653,2.0211447620305314e-16
G1_p5_w2_variable,G1_p2,20.0,1.0,1.0,0.0,0,0.0,1.1231750358942507e-16
G1_p5_w2_variable,G1_p2,10.0,1.0,1.0,0.0,0,0.0,1.4207165297868827e-16
G1_p5_w2_variable,G1_p2,0.0,0.9473684210526315,1.0,0.052631578947368474,1,0.050000000000000044,0.0
G1_p5_w2_variable,G1_p2,-5.0,0.8421052631578947,0.9,0.05789473684210533,0,0.057535959974984396,0.0
G1_p5_w2_variable,G1_p3,20.0,1.0,1.0,0.0,0,0.0,1.1231750358969338e-16
G1_p5_w2_variable,G1_p3,10.0,1.0,1.0,0.0,0,0.0,0.0
G1_p5_w2_variable,G1_p3,0.0,1.0,1.0,0.0,0,0.0,1.797080057435094e-16
G1_p5_w2_variable,G1_p3,-5.0,0.926829268292683,0.9743589743589743,0.047529706066291366,1,0.021040974529346612,0.0
G1_p5_w2_variable,G1_p4,20.0,1.0,1.0,0.0,0,0.0,0.0
G1_p5_w2_variable,G1_p4,10.0,0.9743589743589743,1.0,0.02564102564102566,0,0.02564102564102566,0.0
G1_p5_w2_variable,G1_p4,0.0,0.7441860465116279,0.8780487804878049,0.13386273397617698,0,0.15946843853820591,0.0
G1_p5_w2_variable,G1_p4,-5.0,0.25,0.6486486486486487,0.3986486486486487,0,0.20750988142292492,0.0
G1_p5_w2_variable,G2_p1,20.0,1.0,1.0,0.0,0,0.0,2.246350071890576e-16
G1_p5_w2_variable,G2_p1,10.0,1.0,1.0,0.0,0,0.0,0.0
G1_p5_w2_variable,G2_p1,0.0,0.8947368421052632,0.9743589743589743,0.07962213225371118,1,0.11072261072261069,0.0
G1_p5_w2_variable,G2_p1,-5.0,0.782608695652174,0.8571428571428571,0.07453416149068315,0,0.15946843853820591,0.0
G1_p5_w2_variable,G2_p2,20.0,1.0,1.0,0.0,0,0.0,0.0
G1_p5_w2_variable,G2_p2,10.0,1.0,1.0,0.0,0,0.0,0.0
G1_p5_w2_variable,G2_p2,0.0,0.9473684210526315,1.0,0.052631578947368474,1,0.052631578947368474,0.0
G1_p5_w2_variable,G2_p2,-5.0,0.9,0.9743589743589743,0.07435897435897432,1,0.07435897435897432,2.0211447619088641e-16
G1_p5_w2_variable,G2_p3,20.0,1.0,1.0,0.0,0,0.0,1.123175035915993e-16
G1_p5_w2_variable,G2_p3,10.0,1.0,1.0,0.0,0,0.0,1.4207165298143847e-16
G1_p5_w2_variable,G2_p3,0.0,0.9743589743589743,1.0,0.02564102564102566,0,0.07317073170731703,1.7970800574655886e-16
G1_p5_w2_variable,G2_p3,-5.0,0.7619047619047619,0.8636363636363636,0.10173160173160178,0,0.11099365750528545,0.0
G1_p5_w2_variable,G2_p4,20.0,1.0,1.0,0.0,0,0.0,1.1231750358730757e-16
G1_p5_w2_variable,G2_p4,10.0,0.9743589743589743,1.0,0.02564102564102566,0,0.050000000000000044,1.420716529760098e-16
G1_p5_w2_variable,G2_p4,0.0,0.7441860465116279,0.85,0.10581395348837208,0,0.13571428571428568,1.797080057396921e-16
G1_p5_w2_variable,G2_p4,-5.0,0.4117647058823529,0.5142857142857142,0.10252100840336131,0,0.09206349206349207,0.0
G1_p5_w2_variable,G3_p1,20.0,1.0,1.0,0.0,0,0.0,0.0
G1_p5_w2_variable,G3_p1,10.0,0.9743589743589743,1.0,0.02564102564102566,0,0.02564102564102566,0.0
G1_p5_w2_variable,G3_p1,0.0,0.8780487804878049,0.9743589743589743,0.09631019387116946,1,0.09631019387116946,0.0
G1_p5_w2_variable,G3_p1,-5.0,0.6341463414634146,0.7692307692307693,0.13508442776735463,0,0.1070707070707071,2.0211447620426318e-16
G1_p5_w2_variable,G3_p2,20.0,1.0,1.0,0.0,0,0.0,1.1231750358608136e-16
G1_p5_w2_variable,G3_p2,10.0,1.0,1.0,0.0,0,0.0,0.0
G1_p5_w2_variable,G3_p2,0.0,1.0,1.0,0.0,0,0.0,0.0
G1_p5_w2_variable,G3_p2,-5.0,1.0,1.0,0.0,0,0.0,0.0
G1_p5_w2_variable,G3_p3,20.0,1.0,1.0,0.0,0,0.0,0.0
G1_p5_w2_variable,G3_p3,10.0,1.0,1.0,0.0,0,0.0,0.0
G1_p5_w2_variable,G3_p3,0.0,1.0,1.0,0.0,0,0.02564102564102566,0.0
G1_p5_w2_variable,G3_p3,-5.0,0.9743589743589743,1.0,0.02564102564102566,0,0.02564102564102566,0.0
G1_p5_w2_variable,G3_p4,20.0,1.0,1.0,0.0,0,0.0,0.0
G1_p5_w2_variable,G3_p4,10.0,1.0,1.0,0.0,0,0.0,0.0
G1_p5_w2_variable,G3_p4,0.0,0.9743589743589743,1.0,0.02564102564102566,0,0.050000000000000044,0.0
G1_p5_w2_variable,G3_p4,-5.0,0.8205128205128205,0.926829268292683,0.10631644777986249,0,0.05503439649781117,0.0
G1_p5_w2_variable,G4_p1,20.0,1.0,1.0,0.0,0,0.0,1.1231750359569338e-16
G1_p5_w2_variable,G4_p1,10.0,1.0,1.0,0.0,0,0.0,1.4207165298661714e-16
G1_p5_w2_variable,G4_p1,0.0,0.8108108108108109,0.8636363636363636,0.05282555282555279,0,0.09302325581395354,1.7970800575310941e-16
G1_p5_w2_variable,G4_p1,-5.0,0.6511627906976745,0.7555555555555555,0.10439276485788107,0,0.042553191489361764,0.0
G1_p5_w2_variable,G4_p2,20.0,1.0,1.0,0.0,0,0.0,1.1231750358953642e-16
G1_p5_w2_variable,G4_p2,10.0,1.0,1.0,0.0,0,0.0,1.4207165297882914e-16
G1_p5_w2_variable,G4_p2,0.0,1.0,1.0,0.0,0,0.02564102564102566,0.0
G1_p5_w2_variable,G4_p2,-5.0,0.8717948717948718,0.95,0.07820512820512815,1,0.08961996596710153,2.0211447619395747e-16
G1_p5_w2_variable,G4_p3,20.0,1.0,1.0,0.0,0,0.0,1.1231750358675214e-16
G1_p5_w2_variable,G4_p3,10.0,1.0,1.0,0.0,0,0.0,0.0
G1_p5_w2_variable,G4_p3,0.0,0.9743589743589743,1.0,0.02564102564102566,0,0.02564102564102566,0.0
G1_p5_w2_variable,G4_p3,-5.0,0.9743589743589743,1.0,0.02564102564102566,0,0.052631578947368474,0.0
G1_p5_w2_variable,G4_p4,20.0,1.0,1.0,0.0,0,0.0,1.1231750358965596e-16
G1_p5_w2_variable,G4_p4,10.0,1.0,1.0,0.0,0,0.0,2.841433059579607e-16
G1_p5_w2_variable,G4_p4,0.0,0.95,1.0,0.050000000000000044,0,0.024358974358974383,0.0
G1_p5_w2_variable,G4_p4,-5.0,0.7111111111111111,0.8444444444444444,0.1333333333333333,0,0.09523809523809523,0.0
G1_p5_w3_regular,G1_p1,20.0,1.0,1.0,0.0,0,0.0,1.174981527100641e-16
G1_p5_w3_regular,G1_p1,10.0,1.0,1.0,0.0,0,0.0,0.0
G1_p5_w3_regular,G1_p1,0.0,0.9230769230769231,1.0,0.07692307692307687,1,0.072972972972973,1.8799704433610256e-16
G1_p5_w3_regular,G1_p1,-5.0,0.7317073170731707,0.8947368421052632,0.16302952503209245,0,0.11614401858304302,0.0
G1_p5_w3_regular,G1_p2,20.0,1.0,1.0,0.0,0,0.0,0.0
G1_p5_w3_regular,G1_p2,10.0,1.0,1.0,0.0,0,0.0,0.0
G1_p5_w3_regular,G1_p2,0.0,0.9473684210526315,1.0,0.052631578947368474,1,0.052631578947368474,0.0
G1_p5_w3_regular,G1_p2,-5.0,0.8717948717948718,0.9473684210526315,0.07557354925775972,0,0.07557354925775972,0.0
G1_p5_w3_regular,G1_p3,20.0,1.0,1.0,0.0,0,0.0,1.174981527049406e-16
G1_p5_w3_regular,G1_p3,10.0,1.0,1.0,0.0,0,0.0,0.0
G1_p5_w3_regular,G1_p3,0.0,1.0,1.0,0.0,0,0.0,0.0
G1_p5_w3_regular,G1_p3,-5.0,0.9230769230769231,0.972972972972973,0.0498960498960499,1,0.09022556390977443,2.1143701407844577e-16
G1_p5_w3_regular,G1_p4,20.0,1.0,1.0,0.0,0,0.0,0.0
G1_p5_w3_regular,G1_p4,10.0,1.0,1.0,0.0,0,0.027027027027026973,1.4862471336024266e-16
G1_p5_w3_regular,G1_p4,0.0,0.717948717948718,0.8292682926829268,0.11131957473420884,0,0.15714285714285714,0.0
G1_p5_w3_regular,G1_p4,-5.0,0.35294117647058826,0.4,0.047058823529411764,0,0.09523809523809523,2.1143701407316506e-16
G1_p5_w3_regular,G2_p1,20.0,1.0,1.0,0.0,0,0.0,0.0
G1_p5_w3_regular,G2_p1,10.0,1.0,1.0,0.0,0,0.0,0.0
G1_p5_w3_regular,G2_p1,0.0,0.85,0.972972972972973,0.12297297297297305,1,0.09736842105263155,1.8799704433599848e-16
G1_p5_w3_regular,G2_p1,-5.0,0.7,0.8292682926829268,0.12926829268292683,0,0.23835920177383585,0.0
G1_p5_w3_regular,G2_p2,20.0,1.0,1.0,0.0,0,0.0,0.0
G1_p5_w3_regular,G2_p2,10.0,1.0,1.0,0.0,0,0.0,0.0
G1_p5_w3_regular,G2_p2,0.0,0.9444444444444444,1.0,0.05555555555555558,1,0.05405405405405406,1.8799704432478576e-16
G1_p5_w3_regular,G2_p2,-5.0,0.8648648648648649,0.918918918918919,0.05405405405405406,0,0.07264957264957261,0.0
G1_p5_w3_regular,G2_p3,20.0,1.0,1.0,0.0,0,0.0,0.0
G1_p5_w3_regular,G2_p3,10.0,1.0,1.0,0.0,0,0.0,1.4862471336647664e-16
G1_p5_w3_regular,G2_p3,0.0,0.9473684210526315,1.0,0.052631578947368474,1,0.052631578947368474,1.8799704433109512e-16
G1_p5_w3_regular,G2_p3,-5.0,0.8181818181818182,0.9230769230769231,0.1048951048951049,0,0.07453416149068315,0.0
G1_p5_w3_regular,G2_p4,20.0,1.0,1.0,0.0,0,0.0,2.3499630540488946e-16
G1_p5_w3_regular,G2_p4,10.0,1.0,1.0,0.0,0,0.052631578947368474,0.0
G1_p5_w3_regular,G2_p4,0.0,0.7567567567567568,0.8780487804878049,0.12129202373104808,0,0.11926058437686349,1.879970443239116e-16
G1_p5_w3_regular,G2_p4,-5.0,0.27586206896551724,0.48484848484848486,0.20898641588296762,0,0.19978858350951367,0.0
G1_p5_w3_regular,G3_p1,20.0,1.0,1.0,0.0,0,0.0,1.1749815271076758e-16
G1_p5_w3_regular,G3_p1,10.0,1.0,1.0,0.0,0,0.027027027027026973,0.0
G1_p5_w3_regular,G3_p1,0.0,0.85,0.9230769230769231,0.07307692307692315,0,0.09380863039399634,0.0
G1_p5_w3_regular,G3_p1,-5.0,0.6829268292682927,0.8095238095238095,0.1265969802555168,0,0.13858093126385806,0.0
G1_p5_w3_regular,G3_p2,20.0,1.0,1.0,0.0,0,0.0,0.0
G1_p5_w3_regular,G3_p2,10.0,1.0,1.0,0.0,0,0.0,1.48624713359175e-16
G1_p5_w3_regular,G3_p2,0.0,1.0,1.0,0.0,0,0.0,1.879970443218592e-16
G1_p5_w3_regular,G3_p2,-5.0,1.0,1.0,0.0,0,0.0,2.1143701407164614e-16
G1_p5_w3_regular,G3_p3,20.0,1.0,1.0,0.0,0,0.0,0.0
G1_p5_w3_regular,G3_p3,10.0,1.0,1.0,0.0,0,0.0,1.4862471336124456e-16
G1_p5_w3_regular,G3_p3,0.0,1.0,1.0,0.0,0,0.0,1.8799704432447697e-16
G1_p5_w3_regular,G3_p3,-5.0,0.972972972972973,1.0,0.027027027027026973,0,0.027027027027026973,2.1143701407459036e-16
G1_p5_w3_regular,G3_p4,20.0,1.0,1.0,0.0,0,0.0,1.1749815270464915e-16
G1_p5_w3_regular,G3_p4,10.0,1.0,1.0,0.0,0,0.0,1.4862471336358593e-16
G1_p5_w3_regular,G3_p4,0.0,0.9444444444444444,1.0,0.05555555555555558,1,0.027027027027026973,0.0
G1_p5_w3_regular,G3_p4,-5.0,0.9,0.972972972972973,0.072972972972973,1,0.061776061776061875,0.0
G1_p5_w3_regular,G4_p1,20.0,1.0,1.0,0.0,0,0.0,1.1749815271121736e-16
G1_p5_w3_regular,G4_p1,10.0,1.0,1.0,0.0,0,0.027027027027026973,0.0
G1_p5_w3_regular,G4_p1,0.0,0.8717948717948718,0.9230769230769231,0.05128205128205132,0,0.1105263157894737,0.0
G1_p5_w3_regular,G4_p1,-5.0,0.6190476190476191,0.8292682926829268,0.21022067363530772,0,0.23835920177383585,2.1143701408974078e-16
G1_p5_w3_regular,G4_p2,20.0,1.0,1.0,0.0,0,0.0,0.0
G1_p5_w3_regular,G4_p2,10.0,1.0,1.0,0.0,0,0.0,0.0
G1_p5_w3_regular,G4_p2,0.0,1.0,1.0,0.0,0,0.027027027027026973,0.0
G1_p5_w3_regular,G4_p2,-5.0,0.8717948717948718,0.9473684210526315,0.07557354925775972,0,0.07307692307692315,0.0
G1_p5_w3_regular,G4_p3,20.0,1.0,1.0,0.0,0,0.0,0.0
G1_p5_w3_regular,G4_p3,10.0,1.0,1.0,0.0,0,0.0,0.0
G1_p5_w3_regular,G4_p3,0.0,0.972972972972973,1.0,0.027027027027026973,0,0.027027027027026973,0.0
G1_p5_w3_regular,G4_p3,-5.0,0.972972972972973,1.0,0.027027027027026973,0,0.027027027027026973,2.1143701407290893e-16
G1_p5_w3_regular,G4_p4,20.0,1.0,1.0,0.0,0,0.0,1.1749815270490144e-16
G1_p5_w3_regular,G4_p4,10.0,1.0,1.0,0.0,0,0.0,0.0
G1_p5_w3_regular,G4_p4,0.0,0.972972972972973,1.0,0.027027027027026973,0,0.027027027027026973,0.0
G1_p5_w3_regular,G4_p4,-5.0,0.8,0.8780487804878049,0.07804878048780484,0,0.06644518272425248,0.0
G1_p5_w3_variable,G1_p1,20.0,1.0,1.0,0.0,0,0.0,1.148489787987596e-16
G1_p5_w3_variable,G1_p1,10.0,1.0,1.0,0.0,0,0.0,1.4527374397938777e-16
G1_p5_w3_variable,G1_p1,0.0,0.9047619047619048,1.0,0.09523809523809523,1,0.1299145299145299,0.0
G1_p5_w3_variable,G1_p1,-5.0,0.7391304347826086,0.9047619047619048,0.16563146997929612,0,0.1445904954499495,2.0666984619024893e-16
G1_p5_w3_variable,G1_p2,20.0,1.0,1.0,0.0,0,0.0,1.1484897879347725e-16
G1_p5_w3_variable,G1_p2,10.0,1.0,1.0,0.0,0,0.0,1.4527374397270607e-16
G1_p5_w3_variable,G1_p2,0.0,0.9473684210526315,1.0,0.052631578947368474,1,0.026990553306342813,0.0
G1_p5_w3_variable,G1_p2,-5.0,0.85,0.926829268292683,0.076829268292683,0,0.04878048780487809,0.0
G1_p5_w3_variable,G1_p3,20.0,1.0,1.0,0.0,0,0.0,1.1484897879375163e-16
G1_p5_w3_variable,G1_p3,10.0,1.0,1.0,0.0,0,0.0,0.0
G1_p5_w3_variable,G1_p3,0.0,1.0,1.0,0.0,0,0.02564102564102566,0.0
G1_p5_w3_variable,G1_p3,-5.0,0.95,1.0,0.050000000000000044,0,0.09523809523809523,0.0
G1_p5_w3_variable,G1_p4,20.0,1.0,1.0,0.0,0,0.0,0.0
G1_p5_w3_variable,G1_p4,10.0,1.0,1.0,0.0,0,0.02564102564102566,0.0
G1_p5_w3_variable,G1_p4,0.0,0.7441860465116279,0.8571428571428571,0.1129568106312292,0,0.11945031712473575,0.0
G1_p5_w3_variable,G1_p4,-5.0,0.25806451612903225,0.5641025641025641,0.30603804797353185,0,0.04444444444444451,0.0
G1_p5_w3_variable,G2_p1,20.0,1.0,1.0,0.0,0,0.0,1.1484897879869603e-16
G1_p5_w3_variable,G2_p1,10.0,1.0,1.0,0.0,0,0.0,0.0
G1_p5_w3_variable,G2_p1,0.0,0.9,0.95,0.04999999999999993,1,0.04999999999999993,0.0
G1_p5_w3_variable,G2_p1,-5.0,0.7441860465116279,0.9047619047619048,0.16057585825027687,0,0.1070707070707071,0.0
G1_p5_w3_variable,G2_p2,20.0,1.0,1.0,0.0,0,0.0,0.0
G1_p5_w3_variable,G2_p2,10.0,1.0,1.0,0.0,0,0.0,0.0
G1_p5_w3_variable,G2_p2,0.0,0.9743589743589743,1.0,0.02564102564102566,0,0.02564102564102566,0.0
G1_p5_w3_variable,G2_p2,-5.0,0.8421052631578947,0.9743589743589743,0.13225371120107965,1,0.07962213225371118,2.0666984617780805e-16
G1_p5_w3_variable,G2_p3,20.0,1.0,1.0,0.0,0,0.0,0.0
G1_p5_w3_variable,G2_p3,10.0,1.0,1.0,0.0,0,0.0,1.4527374397551823e-16
G1_p5_w3_variable,G2_p3,0.0,1.0,1.0,0.0,0,0.050000000000000044,1.8375836607312084e-16
G1_p5_w3_variable,G2_p3,-5.0,0.75,0.95,0.19999999999999996,1,0.2543478260869565,0.0
G1_p5_w3_variable,G2_p4,20.0,1.0,1.0,0.0,0,0.0,0.0
G1_p5_w3_variable,G2_p4,10.0,0.9743589743589743,1.0,0.02564102564102566,0,0.07317073170731703,0.0
G1_p5_w3_variable,G2_p4,0.0,0.7727272727272727,0.8095238095238095,0.03679653679653683,0,0.045454545454545525,1.8375836606609927e-16
G1_p5_w3_variable,G2_p4,-5.0,0.21428571428571427,0.6486486486486487,0.4343629343629344,0,0.1462450592885376,0.0
G1_p5_w3_variable,G3_p1,20.0,1.0,1.0,0.0,0,0.0,0.0
G1_p5_w3_variable,G3_p1,10.0,1.0,1.0,0.0,0,0.02564102564102566,0.0
G1_p5_w3_variable,G3_p1,0.0,0.8571428571428571,0.95,0.09285714285714286,1,0.06968641114982588,0.0
G1_p5_w3_variable,G3_p1,-5.0,0.6511627906976745,0.9047619047619048,0.2535991140642303,0,0.2149870801033592,0.0
G1_p5_w3_variable,G3_p2,20.0,1.0,1.0,0.0,0,0.0,1.148489787900582e-16
G1_p5_w3_variable,G3_p2,10.0,1.0,1.0,0.0,0,0.0,1.452737439683812e-16
G1_p5_w3_variable,G3_p2,0.0,1.0,1.0,0.0,0,0.0,0.0
G1_p5_w3_variable,G3_p2,-5.0,1.0,1.0,0.0,0,0.0,0.0
G1_p5_w3_variable,G3_p3,20.0,1.0,1.0,0.0,0,0.0,1.1484897879165745e-16
G1_p5_w3_variable,G3_p3,10.0,1.0,1.0,0.0,0,0.0,1.4527374397040415e-16
G1_p5_w3_variable,G3_p3,0.0,1.0,1.0,0.0,0,0.0,0.0
G1_p5_w3_variable,G3_p3,-5.0,0.9743589743589743,1.0,0.02564102564102566,0,0.02564102564102566,0.0
G1_p5_w3_variable,G3_p4,20.0,1.0,1.0,0.0,0,0.0,0.0
G1_p5_w3_variable,G3_p4,10.0,1.0,1.0,0.0,0,0.0,0.0
G1_p5_w3_variable,G3_p4,0.0,0.9743589743589743,1.0,0.02564102564102566,0,0.02564102564102566,1.8375836606954679e-16
G1_p5_w3_variable,G3_p4,-5.0,0.8095238095238095,0.9743589743589743,0.1648351648351648,1,0.09523809523809523,0.0
G1_p5_w3_variable,G4_p1,20.0,1.0,1.0,0.0,0,0.0,1.1484897879988687e-16
G1_p5_w3_variable,G4_p1,10.0,1.0,1.0,0.0,0,0.0,0.0
G1_p5_w3_variable,G4_p1,0.0,0.8292682926829268,0.95,0.12073170731707317,1,0.10864745011086474,0.0
G1_p5_w3_variable,G4_p1,-5.0,0.6956521739130435,0.7906976744186046,0.09504550050556115,0,0.032151300236406555,0.0
G1_p5_w3_variable,G4_p2,20.0,1.0,1.0,0.0,0,0.0,1.1484897879359114e-16
G1_p5_w3_variable,G4_p2,10.0,1.0,1.0,0.0,0,0.0,0.0
G1_p5_w3_variable,G4_p2,0.0,0.95,1.0,0.050000000000000044,0,0.050000000000000044,0.0
G1_p5_w3_variable,G4_p2,-5.0,0.8372093023255814,0.95,0.11279069767441852,1,0.10864745011086474,0.0
G1_p5_w3_variable,G4_p3,20.0,1.0,1.0,0.0,0,0.0,1.148489787907441e-16
G1_p5_w3_variable,G4_p3,10.0,1.0,1.0,0.0,0,0.0,1.452737439692488e-16
G1_p5_w3_variable,G4_p3,0.0,0.9743589743589743,1.0,0.02564102564102566,0,0.02564102564102566,1.837583660651906e-16
G1_p5_w3_variable,G4_p3,-5.0,0.9230769230769231,1.0,0.07692307692307687,1,0.02564102564102566,0.0
G1_p5_w3_variable,G4_p4,20.0,1.0,1.0,0.0,0,0.0,1.1484897879371337e-16
G1_p5_w3_variable,G4_p4,10.0,1.0,1.0,0.0,0,0.0,0.0
G1_p5_w3_variable,G4_p4,0.0,0.95,1.0,0.050000000000000044,0,0.07317073170731703,0.0
G1_p5_w3_variable,G4_p4,-5.0,0.7619047619047619,0.8837209302325582,0.12181616832779629,0,0.0636363636363636,0.0
G2_p0_w0_regular,G1_p1,20.0,1.0,1.0,0.0,0,0.0,0.0
G2_p0_w0_regular,G1_p1,10.0,1.0,1.0,0.0,0,0.0,0.0
G2_p0_w0_regular,G1_p1,0.0,0.9333333333333333,0.9767441860465116,0.04341085271317824,1,0.08695652173913049,1.6811098182718692e-16
G2_p0_w0_regular,G1_p1,-5.0,0.72,0.9047619047619048,0.1847619047619048,0,0.1768707482993197,0.0
G2_p0_w0_regular,G1_p2,20.0,1.0,1.0,0.0,0,0.0,2.101387272743185e-16
G2_p0_w0_regular,G1_p2,10.0,1.0,1.0,0.0,0,0.0,2.6580680111831723e-16
G2_p0_w0_regular,G1_p2,0.0,0.9767441860465116,1.0,0.023255813953488413,0,0.023255813953488413,1.6811098181945485e-16
G2_p0_w0_regular,G1_p2,-5.0,0.9090909090909091,0.9545454545454546,0.045454545454545525,1,0.045454545454545525,0.0
G2_p0_w0_regular,G1_p3,20.0,1.0,1.0,0.0,0,0.0,0.0
G2_p0_w0_regular,G1_p3,10.0,1.0,1.0,0.0,0,0.0,0.0
G2_p0_w0_regular,G1_p3,0.0,1.0,1.0,0.0,0,0.023255813953488413,0.0
G2_p0_w0_regular,G1_p3,-5.0,0.9333333333333333,0.9767441860465116,0.04341085271317824,1,0.021212121212121238,0.0
G2_p0_w0_regular,G1_p4,20.0,1.0,1.0,0.0,0,0.0,0.0
G2_p0_w0_regular,G1_p4,10.0,0.9767441860465116,1.0,0.023255813953488413,0,0.023255813953488413,0.0
G2_p0_w0_regular,G1_p4,0.0,0.7555555555555555,0.8444444444444444,0.0888888888888889,0,0.1333333333333333,0.0
G2_p0_w0_regular,G1_p4,-5.0,0.2857142857142857,0.5,0.2142857142857143,0,0.05990338164251208,0.0
G2_p0_w0_regular,G2_p1,20.0,1.0,1.0,0.0,0,0.0,0.0
G2_p0_w0_regular,G2_p1,10.0,1.0,1.0,0.0,0,0.0,0.0
G2_p0_w0_regular,G2_p1,0.0,0.9130434782608695,1.0,0.08695652173913049,1,0.1063829787234043,0.0
G2_p0_w0_regular,G2_p1,-5.0,0.8076923076923077,0.9523809523809523,0.14468864468864462,1,0.2267441860465116,0.0
G2_p0_w0_regular,G2_p2,20.0,1.0,1.0,0.0,0,0.0,2.1013872727133393e-16
G2_p0_w0_regular,G2_p2,10.0,1.0,1.0,0.0,0,0.0,1.32903400557271e-16
G2_p0_w0_regular,G2_p2,0.0,0.9767441860465116,1.0,0.023255813953488413,0,0.023255813953488413,0.0
G2_p0_w0_regular,G2_p2,-5.0,0.8837209302325582,0.9767441860465116,0.09302325581395343,1,0.06765327695560253,0.0
G2_p0_w0_regular,G2_p3,20.0,1.0,1.0,0.0,0,0.0,2.1013872727838637e-16
G2_p0_w0_regular,G2_p3,10.0,1.0,1.0,0.0,0,0.0,1.3290340056173136e-16
G2_p0_w0_regular,G2_p3,0.0,0.9767441860465116,1.0,0.023255813953488413,0,0.0,0.0
G2_p0_w0_regular,G2_p3,-5.0,0.8636363636363636,0.9130434782608695,0.049407114624505866,0,0.09948979591836737,1.8907150459446585e-16
G2_p0_w0_regular,G2_p4,20.0,1.0,1.0,0.0,0,0.0,0.0
G2_p0_w0_regular,G2_p4,10.0,1.0,1.0,0.0,0,0.023255813953488413,0.0
G2_p0_w0_regular,G2_p4,0.0,0.7906976744186046,0.8260869565217391,0.03538928210313452,0,0.08695652173913049,0.0
G2_p0_w0_regular,G2_p4,-5.0,0.25806451612903225,0.6,0.3419354838709677,0,0.15726179463459755,0.0
G2_p0_w0_regular,G3_p1,20.0,1.0,1.0,0.0,0,0.0,2.1013872728524167e-16
G2_p0_w0_regular,G3_p1,10.0,1.0,1.0,0.0,0,0.023255813953488413,1.3290340056606707e-16
G2_p0_w0_regular,G3_p1,0.0,0.875,1.0,0.125,1,0.10174418604651159,0.0
G2_p0_w0_regular,G3_p1,-5.0,0.7272727272727273,0.8837209302325582,0.15644820295983086,0,0.14023210831721467,0.0
G2_p0_w0_regular,G3_p2,20.0,1.0,1.0,0.0,0,0.0,0.0
G2_p0_w0_regular,G3_p2,10.0,1.0,1.0,0.0,0,0.0,1.3290340055520206e-16
G2_p0_w0_regular,G3_p2,0.0,1.0,1.0,0.0,0,0.0,3.3622196362890035e-16
G2_p0_w0_regular,G3_p2,-5.0,1.0,1.0,0.0,0,0.0,1.890715045851771e-16
G2_p0_w0_regular,G3_p3,20.0,1.0,1.0,0.0,0,0.0,0.0
G2_p0_w0_regular,G3_p3,10.0,1.0,1.0,0.0,0,0.0,0.0
G2_p0_w0_regular,G3_p3,0.0,1.0,1.0,0.0,0,0.0,0.0
G2_p0_w0_regular,G3_p3,-5.0,0.9767441860465116,1.0,0.023255813953488413,0,0.023255813953488413,1.8907150458780993e-16
G2_p0_w0_regular,G3_p4,20.0,1.0,1.0,0.0,0,0.0,0.0
G2_p0_w0_regular,G3_p4,10.0,1.0,1.0,0.0,0,0.0,0.0
G2_p0_w0_regular,G3_p4,0.0,0.9545454545454546,1.0,0.045454545454545414,0,0.045454545454545414,0.0
G2_p0_w0_regular,G3_p4,-5.0,0.9333333333333333,0.9545454545454546,0.021212121212121238,1,0.020289855072463836,0.0
G2_p0_w0_regular,G4_p1,20.0,1.0,1.0,0.0,0,0.0,0.0
G2_p0_w0_regular,G4_p1,10.0,1.0,1.0,0.0,0,0.0,0.0
G2_p0_w0_regular,G4_p1,0.0,0.8260869565217391,0.9523809523809523,0.1262939958592132,1,0.1607142857142857,0.0
G2_p0_w0_regular,G4_p1,-5.0,0.6808510638297872,0.8837209302325582,0.20286986640277094,0,0.13893653516295035,0.0
G2_p0_w0_regular,G4_p2,20.0,1.0,1.0,0.0,0,0.0,0.0
G2_p0_w0_regular,G4_p2,10.0,1.0,1.0,0.0,0,0.0,1.329034005592904e-16
G2_p0_w0_regular,G4_p2,0.0,0.9767441860465116,1.0,0.023255813953488413,0,0.023255813953488413,1.681109818196215e-16
G2_p0_w0_regular,G4_p2,-5.0,0.8444444444444444,0.8936170212765957,0.04917257683215126,0,0.08695652173913038,0.0
G2_p0_w0_regular,G4_p3,20.0,1.0,1.0,0.0,0,0.0,0.0
G2_p0_w0_regular,G4_p3,10.0,1.0,1.0,0.0,0,0.0,1.329034005559958e-16
G2_p0_w0_regular,G4_p3,0.0,0.9767441860465116,1.0,0.023255813953488413,0,0.023255813953488413,0.0
G2_p0_w0_regular,G4_p3,-5.0,0.9523809523809523,1.0,0.04761904761904767,0,0.04761904761904767,1.8907150458630634e-16
G2_p0_w0_regular,G4_p4,20.0,1.0,1.0,0.0,0,0.0,0.0
G2_p0_w0_regular,G4_p4,10.0,1.0,1.0,0.0,0,0.0,0.0
G2_p0_w0_regular,G4_p4,0.0,0.9545454545454546,1.0,0.045454545454545414,0,0.045454545454545414,0.0
G2_p0_w0_regular,G4_p4,-5.0,0.7916666666666666,0.8372093023255814,0.04554263565891481,0,0.0888888888888888,1.8907150459119451e-16
G2_p0_w0_variable,G1_p1,20.0,1.0,1.0,0.0,0,0.0,0.0
G2_p0_w0_variable,G1_p1,10.0,1.0,1.0,0.0,0,0.0,1.328214394127878e-16
G2_p0_w0_variable,G1_p1,0.0,0.975609756097561,1.0,0.024390243902439046,0,0.04761904761904767,0.0
G2_p0_w0_variable,G1_p1,-5.0,0.8292682926829268,0.9047619047619048,0.07549361207897798,0,0.05411255411255411,0.0
G2_p0_w0_variable,G1_p2,20.0,1.0,1.0,0.0,0,0.0,0.0
G2_p0_w0_variable,G1_p2,10.0,1.0,1.0,0.0,0,0.0,0.0
G2_p0_w0_variable,G1_p2,0.0,0.926829268292683,1.0,0.07317073170731703,1,0.07317073170731703,1.6800730825085944e-16
G2_p0_w0_variable,G1_p2,-5.0,0.9047619047619048,0.9302325581395349,0.025470653377630104,0,0.04761904761904756,0.0
G2_p0_w0_variable,G1_p3,20.0,1.0,1.0,0.0,0,0.0,0.0
G2_p0_w0_variable,G1_p3,10.0,1.0,1.0,0.0,0,0.0,0.0
G2_p0_w0_variable,G1_p3,0.0,1.0,1.0,0.0,0,0.0,0.0
G2_p0_w0_variable,G1_p3,-5.0,0.9090909090909091,1.0,0.09090909090909094,1,0.0665188470066519,3.7790980945470985e-16
G2_p0_w0_variable,G1_p4,20.0,1.0,1.0,0.0,0,0.0,0.0
G2_p0_w0_variable,G1_p4,10.0,0.975609756097561,1.0,0.024390243902439046,0,0.024390243902439046,0.0
G2_p0_w0_variable,G1_p4,0.0,0.7727272727272727,0.8837209302325582,0.11099365750528545,0,0.09090909090909094,0.0
G2_p0_w0_variable,G1_p4,-5.0,0.1935483870967742,0.55,0.35645161290322586,0,0.06424697538589907,0.0
G2_p0_w0_variable,G2_p1,20.0,1.0,1.0,0.0,0,0.0,0.0
G2_p0_w0_variable,G2_p1,10.0,1.0,1.0,0.0,0,0.0,0.0
G2_p0_w0_variable,G2_p1,0.0,0.9090909090909091,0.95,0.040909090909090895,1,0.08043478260869563,0.0
G2_p0_w0_variable,G2_p1,-5.0,0.72,0.8780487804878049,0.1580487804878049,0,0.20984813621721132,1.8895490473548969e-16
G2_p0_w0_variable,G2_p2,20.0,1.0,1.0,0.0,0,0.0,2.100091353105915e-16
G2_p0_w0_variable,G2_p2,10.0,1.0,1.0,0.0,0,0.0,0.0
G2_p0_w0_variable,G2_p2,0.0,0.975609756097561,1.0,0.024390243902439046,0,0.024390243902439046,0.0
G2_p0_w0_variable,G2_p2,-5.0,0.9047619047619048,0.9523809523809523,0.04761904761904756,1,0.06866002214839417,0.0
G2_p0_w0_variable,G2_p3,20.0,1.0,1.0,0.0,0,0.0,2.100091353176396e-16
G2_p0_w0_variable,G2_p3,10.0,1.0,1.0,0.0,0,0.0,1.3282143940925e-16
G2_p0_w0_variable,G2_p3,0.0,0.9523809523809523,1.0,0.04761904761904767,0,0.04761904761904767,0.0
G2_p0_w0_variable,G2_p3,-5.0,0.8444444444444444,0.975609756097561,0.1311653116531165,1,0.13856589147286824,1.8895490473056133e-16
G2_p0_w0_variable,G2_p4,20.0,1.0,1.0,0.0,0,0.0,0.0
G2_p0_w0_variable,G2_p4,10.0,1.0,1.0,0.0,0,0.024390243902439046,1.3282143940417476e-16
G2_p0_w0_variable,G2_p4,0.0,0.6829268292682927,0.8181818181818182,0.1352549889135255,0,0.13953488372093015,0.0
G2_p0_w0_variable,G2_p4,-5.0,0.1935483870967742,0.42105263157894735,0.22750424448217316,0,0.16666666666666663,0.0
G2_p0_w0_variable,G3_p1,20.0,1.0,1.0,0.0,0,0.0,0.0
G2_p0_w0_variable,G3_p1,10.0,0.975609756097561,1.0,0.024390243902439046,0,0.024390243902439046,2.65642878827166e-16
G2_p0_w0_variable,G3_p1,0.0,0.8636363636363636,0.9302325581395349,0.06659619450317122,0,0.10414560161779574,0.0
G2_p0_w0_variable,G3_p1,-5.0,0.6956521739130435,0.8260869565217391,0.13043478260869568,0,0.10249433106575967,1.8895490473672553e-16
G2_p0_w0_variable,G3_p2,20.0,1.0,1.0,0.0,0,0.0,2.100091353073223e-16
G2_p0_w0_variable,G3_p2,10.0,1.0,1.0,0.0,0,0.0,0.0
G2_p0_w0_variable,G3_p2,0.0,1.0,1.0,0.0,0,0.0,0.0
G2_p0_w0_variable,G3_p2,-5.0,1.0,1.0,0.0,0,0.0,0.0
G2_p0_w0_variable,G3_p3,20.0,1.0,1.0,0.0,0,0.0,0.0
G2_p0_w0_variable,G3_p3,10.0,1.0,1.0,0.0,0,0.0,0.0
G2_p0_w0_variable,G3_p3,0.0,1.0,1.0,0.0,0,0.0,0.0
G2_p0_w0_variable,G3_p3,-5.0,0.975609756097561,1.0,0.024390243902439046,0,0.024390243902439046,0.0
G2_p0_w0_variable,G3_p4,20.0,1.0,1.0,0.0,0,0.0,2.1000913531355502e-16
G2_p0_w0_variable,G3_p4,10.0,1.0,1.0,0.0,0,0.0,0.0
G2_p0_w0_variable,G3_p4,0.0,1.0,1.0,0.0,0,0.024390243902439046,0.0
G2_p0_w0_variable,G3_p4,-5.0,0.8571428571428571,0.9302325581395349,0.07308970099667778,0,0.08300395256916993,0.0
G2_p0_w0_variable,G4_p1,20.0,1.0,1.0,0.0,0,0.0,0.0
G2_p0_w0_variable,G4_p1,10.0,1.0,1.0,0.0,0,0.024390243902439046,0.0
G2_p0_w0_variable,G4_p1,0.0,0.8695652173913043,0.95,0.08043478260869563,1,0.11666666666666659,1.6800730826023574e-16
G2_p0_w0_variable,G4_p1,-5.0,0.6666666666666666,0.8,0.13333333333333341,0,0.15433403805496826,0.0
G2_p0_w0_variable,G4_p2,20.0,1.0,1.0,0.0,0,0.0,2.100091353137825e-16
G2_p0_w0_variable,G4_p2,10.0,1.0,1.0,0.0,0,0.0,1.3282143940681054e-16
G2_p0_w0_variable,G4_p2,0.0,1.0,1.0,0.0,0,0.0,0.0
G2_p0_w0_variable,G4_p2,-5.0,0.8372093023255814,0.9302325581395349,0.09302325581395343,0,0.06956521739130428,1.8895490472709083e-16
G2_p0_w0_variable,G4_p3,20.0,1.0,1.0,0.0,0,0.0,0.0
G2_p0_w0_variable,G4_p3,10.0,1.0,1.0,0.0,0,0.0,0.0
G2_p0_w0_variable,G4_p3,0.0,0.975609756097561,1.0,0.024390243902439046,0,0.024390243902439046,0.0
G2_p0_w0_variable,G4_p3,-5.0,0.95,1.0,0.050000000000000044,0,0.050000000000000044,0.0
G2_p0_w0_variable,G4_p4,20.0,1.0,1.0,0.0,0,0.0,0.0
G2_p0_w0_variable,G4_p4,10.0,1.0,1.0,0.0,0,0.0,1.328214394069519e-16
G2_p0_w0_variable,G4_p4,0.0,0.9523809523809523,0.975609756097561,0.023228803716608626,0,0.023228803716608626,0.0
G2_p0_w0_variable,G4_p4,-5.0,0.8085106382978723,0.8636363636363636,0.05512572533849136,0,0.08695652173913038,1.8895490472729197e-16
G2_p0_w1_regular,G1_p1,20.0,1.0,1.0,0.0,0,0.0,0.0
G2_p0_w1_regular,G1_p1,10.0,1.0,1.0,0.0,0,0.0,0.0
G2_p0_w1_regular,G1_p1,0.0,0.975609756097561,1.0,0.024390243902439046,0,0.09090909090909094,0.0
G2_p0_w1_regular,G1_p1,-5.0,0.8,0.9047619047619048,0.10476190476190472,0,0.11406423034330015,0.0
G2_p0_w1_regular,G1_p2,20.0,1.0,1.0,0.0,0,0.0,0.0
G2_p0_w1_regular,G1_p2,10.0,1.0,1.0,0.0,0,0.0,1.360324311082704e-16
G2_p0_w1_regular,G1_p2,0.0,0.975609756097561,1.0,0.024390243902439046,0,0.023228803716608626,0.0
G2_p0_w1_regular,G1_p2,-5.0,0.8571428571428571,0.9302325581395349,0.07308970099667778,0,0.07308970099667778,0.0
G2_p0_w1_regular,G1_p3,20.0,1.0,1.0,0.0,0,0.0,0.0
G2_p0_w1_regular,G1_p3,10.0,1.0,1.0,0.0,0,0.0,2.7206486221719074e-16
G2_p0_w1_regular,G1_p3,0.0,1.0,1.0,0.0,0,0.024390243902439046,1.7206892718124206e-16
G2_p0_w1_regular,G1_p3,-5.0,0.9302325581395349,1.0,0.06976744186046513,1,0.04329004329004327,1.9352293707036269e-16
G2_p0_w1_regular,G1_p4,20.0,1.0,1.0,0.0,0,0.0,0.0
G2_p0_w1_regular,G1_p4,10.0,0.975609756097561,1.0,0.024390243902439046,0,0.04761904761904767,0.0
G2_p0_w1_regular,G1_p4,0.0,0.7619047619047619,0.8636363636363636,0.10173160173160178,0,0.045454545454545525,0.0
G2_p0_w1_regular,G1_p4,-5.0,0.1935483870967742,0.45714285714285713,0.26359447004608294,0,0.125,1.9352293706552943e-16
G2_p0_w1_regular,G2_p1,20.0,1.0,1.0,0.0,0,0.0,0.0
G2_p0_w1_regular,G2_p1,10.0,1.0,1.0,0.0,0,0.0,1.3603243111445175e-16
G2_p0_w1_regular,G2_p1,0.0,0.8095238095238095,0.9523809523809523,0.1428571428571428,1,0.07188160676532762,0.0
G2_p0_w1_regular,G2_p1,-5.0,0.7,0.7916666666666666,0.09166666666666667,0,0.03659574468085103,0.0
G2_p0_w1_regular,G2_p2,20.0,1.0,1.0,0.0,0,0.0,2.1508615897298395e-16
G2_p0_w1_regular,G2_p2,10.0,1.0,1.0,0.0,0,0.0,1.3603243110633834e-16
G2_p0_w1_regular,G2_p2,0.0,0.975609756097561,1.0,0.024390243902439046,0,0.024390243902439046,0.0
G2_p0_w1_regular,G2_p2,-5.0,0.9302325581395349,1.0,0.06976744186046513,1,0.06976744186046513,0.0
G2_p0_w1_regular,G2_p3,20.0,1.0,1.0,0.0,0,0.0,0.0
G2_p0_w1_regular,G2_p3,10.0,1.0,1.0,0.0,0,0.0,0.0
G2_p0_w1_regular,G2_p3,0.0,0.975609756097561,1.0,0.024390243902439046,0,0.04761904761904767,1.7206892718416193e-16
G2_p0_w1_regular,G2_p3,-5.0,0.7317073170731707,0.9090909090909091,0.17738359201773835,0,0.1333333333333333,0.0
G2_p0_w1_regular,G2_p4,20.0,1.0,1.0,0.0,0,0.0,0.0
G2_p0_w1_regular,G2_p4,10.0,0.975609756097561,1.0,0.024390243902439046,0,0.04761904761904767,0.0
G2_p0_w1_regular,G2_p4,0.0,0.7142857142857143,0.8444444444444444,0.13015873015873014,0,0.11945031712473575,0.0
G2_p0_w1_regular,G2_p4,-5.0,0.06666666666666667,0.6341463414634146,0.567479674796748,0,0.1859389454209065,0.0
G2_p0_w1_regular,G3_p1,20.0,1.0,1.0,0.0,0,0.0,2.150861589872192e-16
G2_p0_w1_regular,G3_p1,10.0,0.975609756097561,1.0,0.024390243902439046,0,0.024390243902439046,0.0
G2_p0_w1_regular,G3_p1,0.0,0.8444444444444444,0.95,0.10555555555555551,1,0.08238482384823853,0.0
G2_p0_w1_regular,G3_p1,-5.0,0.7083333333333334,0.7916666666666666,0.08333333333333326,0,0.12434741338395816,0.0
G2_p0_w1_regular,G3_p2,20.0,1.0,1.0,0.0,0,0.0,2.1508615896963563e-16
G2_p0_w1_regular,G3_p2,10.0,1.0,1.0,0.0,0,0.0,0.0
G2_p0_w1_regular,G3_p2,0.0,1.0,1.0,0.0,0,0.0,0.0
G2_p0_w1_regular,G3_p2,-5.0,1.0,1.0,0.0,0,0.0,0.0
G2_p0_w1_regular,G3_p3,20.0,1.0,1.0,0.0,0,0.0,0.0
G2_p0_w1_regular,G3_p3,10.0,1.0,1.0,0.0,0,0.0,1.3603243110611495e-16
G2_p0_w1_regular,G3_p3,0.0,1.0,1.0,0.0,0,0.0,0.0
G2_p0_w1_regular,G3_p3,-5.0,0.975609756097561,1.0,0.024390243902439046,0,0.024390243902439046,0.0
G2_p0_w1_regular,G3_p4,20.0,1.0,1.0,0.0,0,0.0,0.0
G2_p0_w1_regular,G3_p4,10.0,1.0,1.0,0.0,0,0.0,0.0
G2_p0_w1_regular,G3_p4,0.0,0.975609756097561,1.0,0.024390243902439046,0,0.04761904761904767,0.0
G2_p0_w1_regular,G3_p4,-5.0,0.8780487804878049,0.9302325581395349,0.05218377765172999,0,0.051948051948051965,1.935229370698827e-16
G2_p0_w1_regular,G4_p1,20.0,1.0,1.0,0.0,0,0.0,2.150861589880425e-16
G2_p0_w1_regular,G4_p1,10.0,1.0,1.0,0.0,0,0.0,1.3603243111586223e-16
G2_p0_w1_regular,G4_p1,0.0,0.851063829787234,1.0,0.14893617021276595,1,0.16666666666666663,0.0
G2_p0_w1_regular,G4_p1,-5.0,0.6511627906976745,0.95,0.2988372093023255,1,0.3614718614718614,1.9352293708070073e-16
G2_p0_w1_regular,G4_p2,20.0,1.0,1.0,0.0,0,0.0,0.0
G2_p0_w1_regular,G4_p2,10.0,1.0,1.0,0.0,0,0.0,0.0
G2_p0_w1_regular,G4_p2,0.0,0.975609756097561,1.0,0.024390243902439046,0,0.06976744186046513,0.0
G2_p0_w1_regular,G4_p2,-5.0,0.8372093023255814,0.9090909090909091,0.07188160676532762,0,0.10360777058279369,1.935229370700923e-16
G2_p0_w1_regular,G4_p3,20.0,1.0,1.0,0.0,0,0.0,0.0
G2_p0_w1_regular,G4_p3,10.0,1.0,1.0,0.0,0,0.0,0.0
G2_p0_w1_regular,G4_p3,0.0,0.975609756097561,1.0,0.024390243902439046,0,0.024390243902439046,3.441378543534723e-16
G2_p0_w1_regular,G4_p3,-5.0,0.95,1.0,0.050000000000000044,0,0.024390243902439046,1.9352293706529494e-16
G2_p0_w1_regular,G4_p4,20.0,1.0,1.0,0.0,0,0.0,2.1508615897648097e-16
G2_p0_w1_regular,G4_p4,10.0,1.0,1.0,0.0,0,0.0,0.0
G2_p0_w1_regular,G4_p4,0.0,0.9302325581395349,0.975609756097561,0.04537719795802608,1,0.04537719795802608,0.0
G2_p0_w1_regular,G4_p4,-5.0,0.8260869565217391,0.8695652173913043,0.04347826086956519,0,0.04347826086956519,1.9352293707029827e-16
G2_p0_w1_variable,G1_p1,20.0,1.0,1.0,0.0,0,0.0,0.0
G2_p0_w1_variable,G1_p1,10.0,1.0,1.0,0.0,0,0.0,0.0
G2_p0_w1_variable,G1_p1,0.0,0.9302325581395349,0.9767441860465116,0.046511627906976716,1,0.046511627906976716,1.6840067349459606e-16
G2_p0_w1_variable,G1_p1,-5.0,0.7272727272727273,0.851063829787234,0.12379110251450676,0,0.08905380333951762,1.8939731579179684e-16
G2_p0_w1_variable,G1_p2,20.0,1.0,1.0,0.0,0,0.0,0.0
G2_p0_w1_variable,G1_p2,10.0,1.0,1.0,0.0,0,0.0,0.0
G2_p0_w1_variable,G1_p2,0.0,0.9767441860465116,1.0,0.023255813953488413,0,0.045454545454545414,0.0
G2_p0_w1_variable,G1_p2,-5.0,0.8837209302325582,0.9302325581395349,0.046511627906976716,0,0.049407114624505866,0.0
G2_p0_w1_variable,G1_p3,20.0,1.0,1.0,0.0,0,0.0,2.1050084185906616e-16
G2_p0_w1_variable,G1_p3,10.0,1.0,1.0,0.0,0,0.0,0.0
G2_p0_w1_variable,G1_p3,0.0,1.0,1.0,0.0,0,0.0,1.684006734872529e-16
G2_p0_w1_variable,G1_p3,-5.0,0.9130434782608695,0.9767441860465116,0.06370070778564207,1,0.041501976284585074,1.8939731578353819e-16
G2_p0_w1_variable,G1_p4,20.0,1.0,1.0,0.0,0,0.0,2.1050084185380884e-16
G2_p0_w1_variable,G1_p4,10.0,1.0,1.0,0.0,0,0.023255813953488413,1.3313242192818736e-16
G2_p0_w1_variable,G1_p4,0.0,0.782608695652174,0.8444444444444444,0.061835748792270495,0,0.11400966183574879,1.6840067348304707e-16
G2_p0_w1_variable,G1_p4,-5.0,0.1875,0.3125,0.125,0,0.14184397163120566,1.8939731577880793e-16
G2_p0_w1_variable,G2_p1,20.0,1.0,1.0,0.0,0,0.0,0.0
G2_p0_w1_variable,G2_p1,10.0,1.0,1.0,0.0,0,0.0,1.3313242193724388e-16
G2_p0_w1_variable,G2_p1,0.0,0.8888888888888888,1.0,0.11111111111111116,1,0.1063829787234043,1.684006734945028e-16
G2_p0_w1_variable,G2_p1,-5.0,0.7692307692307693,0.8571428571428571,0.08791208791208782,0,0.11160176635889207,1.8939731579169198e-16
G2_p0_w1_variable,G2_p2,20.0,1.0,1.0,0.0,0,0.0,0.0
G2_p0_w1_variable,G2_p2,10.0,1.0,1.0,0.0,0,0.0,2.662648438586069e-16
G2_p0_w1_variable,G2_p2,0.0,0.9767441860465116,1.0,0.023255813953488413,0,0.023255813953488413,1.6840067348445886e-16
G2_p0_w1_variable,G2_p2,-5.0,0.8372093023255814,0.9767441860465116,0.13953488372093015,1,0.09302325581395343,0.0
G2_p0_w1_variable,G2_p3,20.0,1.0,1.0,0.0,0,0.0,2.1050084186263815e-16
G2_p0_w1_variable,G2_p3,10.0,1.0,1.0,0.0,0,0.0,0.0
G2_p0_w1_variable,G2_p3,0.0,0.9302325581395349,1.0,0.06976744186046513,1,0.045454545454545414,1.6840067349011055e-16
G2_p0_w1_variable,G2_p3,-5.0,0.8333333333333334,0.9333333333333333,0.09999999999999998,0,0.03623188405797095,1.893973157867521e-16
G2_p0_w1_variable,G2_p4,20.0,1.0,1.0,0.0,0,0.0,2.1050084185459475e-16
G2_p0_w1_variable,G2_p4,10.0,0.9523809523809523,1.0,0.04761904761904767,0,0.023255813953488413,1.331324219286844e-16
G2_p0_w1_variable,G2_p4,0.0,0.7727272727272727,0.8,0.027272727272727337,0,0.05335968379446643,0.0
G2_p0_w1_variable,G2_p4,-5.0,0.25,0.46153846153846156,0.21153846153846156,0,0.13721233174120706,1.8939731577951502e-16
G2_p0_w1_variable,G3_p1,20.0,1.0,1.0,0.0,0,0.0,0.0
G2_p0_w1_variable,G3_p1,10.0,1.0,1.0,0.0,0,0.023255813953488413,0.0
G2_p0_w1_variable,G3_p1,0.0,0.8181818181818182,0.9523809523809523,0.1341991341991341,1,0.1262939958592132,0.0
G2_p0_w1_variable,G3_p1,-5.0,0.6818181818181818,0.8372093023255814,0.15539112050739967,0,0.12244897959183665,1.8939731579293076e-16
G2_p0_w1_variable,G3_p2,20.0,1.0,1.0,0.0,0,0.0,0.0
G2_p0_w1_variable,G3_p2,10.0,1.0,1.0,0.0,0,0.0,0.0
G2_p0_w1_variable,G3_p2,0.0,1.0,1.0,0.0,0,0.0,0.0
G2_p0_w1_variable,G3_p2,-5.0,1.0,1.0,0.0,0,0.0,0.0
G2_p0_w1_variable,G3_p3,20.0,1.0,1.0,0.0,0,0.0,0.0
G2_p0_w1_variable,G3_p3,10.0,1.0,1.0,0.0,0,0.0,1.3313242192908479e-16
G2_p0_w1_variable,G3_p3,0.0,0.9767441860465116,1.0,0.023255813953488413,0,0.023255813953488413,0.0
G2_p0_w1_variable,G3_p3,-5.0,0.9767441860465116,1.0,0.023255813953488413,0,0.023255813953488413,0.0
G2_p0_w1_variable,G3_p4,20.0,1.0,1.0,0.0,0,0.0,0.0
G2_p0_w1_variable,G3_p4,10.0,1.0,1.0,0.0,0,0.0,0.0
G2_p0_w1_variable,G3_p4,0.0,0.9767441860465116,1.0,0.023255813953488413,0,0.023255813953488413,1.6840067348683523e-16
G2_p0_w1_variable,G3_p4,-5.0,0.9130434782608695,0.9545454545454546,0.041501976284585074,1,0.060928433268858884,1.893973157830684e-16
G2_p0_w1_variable,G4_p1,20.0,1.0,1.0,0.0,0,0.0,0.0
G2_p0_w1_variable,G4_p1,10.0,1.0,1.0,0.0,0,0.0,0.0
G2_p0_w1_variable,G4_p1,0.0,0.8444444444444444,0.9047619047619048,0.060317460317460325,0,0.09625126646403248,1.684006734962489e-16
G2_p0_w1_variable,G4_p1,-5.0,0.6086956521739131,0.75,0.14130434782608692,0,0.0682011935208866,1.8939731579365584e-16
G2_p0_w1_variable,G4_p2,20.0,1.0,1.0,0.0,0,0.0,0.0
G2_p0_w1_variable,G4_p2,10.0,1.0,1.0,0.0,0,0.0,0.0
G2_p0_w1_variable,G4_p2,0.0,0.9545454545454546,1.0,0.045454545454545414,0,0.06666666666666665,0.0
G2_p0_w1_variable,G4_p2,-5.0,0.851063829787234,0.8936170212765957,0.04255319148936165,0,0.09999999999999998,1.8939731578327355e-16
G2_p0_w1_variable,G4_p3,20.0,1.0,1.0,0.0,0,0.0,0.0
G2_p0_w1_variable,G4_p3,10.0,1.0,1.0,0.0,0,0.0,1.3313242192802606e-16
G2_p0_w1_variable,G4_p3,0.0,0.9767441860465116,1.0,0.023255813953488413,0,0.023255813953488413,1.6840067348284305e-16
G2_p0_w1_variable,G4_p3,-5.0,0.9767441860465116,1.0,0.023255813953488413,0,0.023255813953488413,0.0
G2_p0_w1_variable,G4_p4,20.0,1.0,1.0,0.0,0,0.0,0.0
G2_p0_w1_variable,G4_p4,10.0,1.0,1.0,0.0,0,0.0,0.0
G2_p0_w1_variable,G4_p4,0.0,0.9545454545454546,1.0,0.045454545454545414,0,0.06666666666666665,0.0
G2_p0_w1_variable,G4_p4,-5.0,0.8163265306122449,0.9090909090909091,0.09276437847866414,0,0.04081632653061218,0.0
G2_p0_w2_regular,G1_p1,20.0,1.0,1.0,0.0,0,0.0,2.1257760319833774e-16
G2_p0_w2_regular,G1_p1,10.0,1.0,1.0,0.0,0,0.0,1.3444588112924834e-16
G2_p0_w2_regular,G1_p1,0.0,0.975609756097561,1.0,0.024390243902439046,0,0.04761904761904767,0.0
G2_p0_w2_regular,G1_p1,-5.0,0.75,0.9,0.15000000000000002,0,0.10581395348837208,0.0
G2_p0_w2_regular,G1_p2,20.0,1.0,1.0,0.0,0,0.0,0.0
G2_p0_w2_regular,G1_p2,10.0,1.0,1.0,0.0,0,0.0,1.3444588112306466e-16
G2_p0_w2_regular,G1_p2,0.0,0.926829268292683,1.0,0.07317073170731703,1,0.050000000000000044,1.700620825508484e-16
G2_p0_w2_regular,G1_p2,-5.0,0.8372093023255814,0.9302325581395349,0.09302325581395343,0,0.1341991341991341,1.9126587373254927e-16
G2_p0_w2_regular,G1_p3,20.0,1.0,1.0,0.0,0,0.0,0.0
G2_p0_w2_regular,G1_p3,10.0,1.0,1.0,0.0,0,0.0,0.0
G2_p0_w2_regular,G1_p3,0.0,1.0,1.0,0.0,0,0.024390243902439046,1.7006208255125465e-16
G2_p0_w2_regular,G1_p3,-5.0,0.9523809523809523,1.0,0.04761904761904767,0,0.02114164904862581,0.0
G2_p0_w2_regular,G1_p4,20.0,1.0,1.0,0.0,0,0.0,2.1257760318375915e-16
G2_p0_w2_regular,G1_p4,10.0,0.975609756097561,1.0,0.024390243902439046,0,0.024390243902439046,0.0
G2_p0_w2_regular,G1_p4,0.0,0.7272727272727273,0.8837209302325582,0.15644820295983086,0,0.124505928853755,0.0
G2_p0_w2_regular,G1_p4,-5.0,0.24242424242424243,0.46153846153846156,0.21911421911421913,0,0.10083256244218308,0.0
G2_p0_w2_regular,G2_p1,20.0,1.0,1.0,0.0,0,0.0,2.1257760319822003e-16
G2_p0_w2_regular,G2_p1,10.0,1.0,1.0,0.0,0,0.0,0.0
G2_p0_w2_regular,G2_p1,0.0,0.8780487804878049,0.95,0.07195121951219507,1,0.08043478260869563,0.0
G2_p0_w2_regular,G2_p1,-5.0,0.7804878048780488,0.8181818181818182,0.037694013303769425,0,0.14184397163120566,0.0
G2_p0_w2_regular,G2_p2,20.0,1.0,1.0,0.0,0,0.0,0.0
G2_p0_w2_regular,G2_p2,10.0,1.0,1.0,0.0,0,0.0,0.0
G2_p0_w2_regular,G2_p2,0.0,0.975609756097561,1.0,0.024390243902439046,0,0.024390243902439046,1.7006208254843302e-16
G2_p0_w2_regular,G2_p2,-5.0,0.8571428571428571,0.975609756097561,0.11846689895470386,1,0.07317073170731703,1.9126587372983275e-16
G2_p0_w2_regular,G2_p3,20.0,1.0,1.0,0.0,0,0.0,0.0
G2_p0_w2_regular,G2_p3,10.0,1.0,1.0,0.0,0,0.0,1.3444588112566724e-16
G2_p0_w2_regular,G2_p3,0.0,0.975609756097561,1.0,0.024390243902439046,0,0.06976744186046513,1.7006208255414048e-16
G2_p0_w2_regular,G2_p3,-5.0,0.8260869565217391,0.9302325581395349,0.10414560161779574,0,0.09722222222222221,0.0
G2_p0_w2_regular,G2_p4,20.0,1.0,1.0,0.0,0,0.0,0.0
G2_p0_w2_regular,G2_p4,10.0,0.975609756097561,1.0,0.024390243902439046,0,0.04761904761904767,1.3444588112052998e-16
G2_p0_w2_regular,G2_p4,0.0,0.7317073170731707,0.8444444444444444,0.11273712737127373,0,0.11717171717171715,0.0
G2_p0_w2_regular,G2_p4,-5.0,0.25,0.4117647058823529,0.16176470588235292,0,0.10474308300395252,1.9126587372894336e-16
G2_p0_w2_regular,G3_p1,20.0,1.0,1.0,0.0,0,0.0,0.0
G2_p0_w2_regular,G3_p1,10.0,1.0,1.0,0.0,0,0.024390243902439046,1.3444588113005328e-16
G2_p0_w2_regular,G3_p1,0.0,0.851063829787234,0.95,0.0989361702127659,1,0.12391304347826082,0.0
G2_p0_w2_regular,G3_p1,-5.0,0.6666666666666666,0.7755102040816326,0.108843537414966,0,0.10969387755102045,1.9126587374249143e-16
G2_p0_w2_regular,G3_p2,20.0,1.0,1.0,0.0,0,0.0,0.0
G2_p0_w2_regular,G3_p2,10.0,1.0,1.0,0.0,0,0.0,1.344458811190622e-16
G2_p0_w2_regular,G3_p2,0.0,1.0,1.0,0.0,0,0.0,0.0
G2_p0_w2_regular,G3_p2,-5.0,1.0,1.0,0.0,0,0.0,1.912658737268553e-16
G2_p0_w2_regular,G3_p3,20.0,1.0,1.0,0.0,0,0.0,0.0
G2_p0_w2_regular,G3_p3,10.0,1.0,1.0,0.0,0,0.0,0.0
G2_p0_w2_regular,G3_p3,0.0,1.0,1.0,0.0,0,0.0,1.7006208254815374e-16
G2_p0_w2_regular,G3_p3,-5.0,0.975609756097561,1.0,0.024390243902439046,0,0.024390243902439046,0.0
G2_p0_w2_regular,G3_p4,20.0,1.0,1.0,0.0,0,0.0,0.0
G2_p0_w2_regular,G3_p4,10.0,1.0,1.0,0.0,0,0.0,1.3444588112305236e-16
G2_p0_w2_regular,G3_p4,0.0,0.975609756097561,1.0,0.024390243902439046,0,0.024390243902439046,0.0
G2_p0_w2_regular,G3_p4,-5.0,0.8837209302325582,0.926829268292683,0.04310833806012482,0,0.045454545454545414,0.0
G2_p0_w2_regular,G4_p1,20.0,1.0,1.0,0.0,0,0.0,0.0
G2_p0_w2_regular,G4_p1,10.0,1.0,1.0,0.0,0,0.0,0.0
G2_p0_w2_regular,G4_p1,0.0,0.85,0.95,0.09999999999999998,1,0.09999999999999998,0.0
G2_p0_w2_regular,G4_p1,-5.0,0.7450980392156863,0.8780487804878049,0.1329507412721186,0,0.22688598979013042,1.912658737432236e-16
G2_p0_w2_regular,G4_p2,20.0,1.0,1.0,0.0,0,0.0,2.1257760318877128e-16
G2_p0_w2_regular,G4_p2,10.0,1.0,1.0,0.0,0,0.0,1.3444588112319795e-16
G2_p0_w2_regular,G4_p2,0.0,0.975609756097561,1.0,0.024390243902439046,0,0.04761904761904767,0.0
G2_p0_w2_regular,G4_p2,-5.0,0.8695652173913043,0.9523809523809523,0.082815734989648,1,0.06464646464646462,0.0
G2_p0_w2_regular,G4_p3,20.0,1.0,1.0,0.0,0,0.0,2.1257760318350159e-16
G2_p0_w2_regular,G4_p3,10.0,1.0,1.0,0.0,0,0.0,0.0
G2_p0_w2_regular,G4_p3,0.0,0.975609756097561,1.0,0.024390243902439046,0,0.024390243902439046,1.700620825468013e-16
G2_p0_w2_regular,G4_p3,-5.0,0.95,1.0,0.050000000000000044,0,0.024390243902439046,1.9126587372799754e-16
G2_p0_w2_regular,G4_p4,20.0,1.0,1.0,0.0,0,0.0,0.0
G2_p0_w2_regular,G4_p4,10.0,1.0,1.0,0.0,0,0.0,1.3444588112334106e-16
G2_p0_w2_regular,G4_p4,0.0,0.9523809523809523,0.975609756097561,0.023228803716608626,0,0.04761904761904767,0.0
G2_p0_w2_regular,G4_p4,-5.0,0.8260869565217391,0.8695652173913043,0.04347826086956519,0,0.04347826086956519,1.9126587373294244e-16
G2_p0_w2_variable,G1_p1,20.0,1.0,1.0,0.0,0,0.0,0.0
G2_p0_w2_variable,G1_p1,10.0,1.0,1.0,0.0,0,0.0,1.3725921799727997e-16
G2_p0_w2_variable,G1_p1,0.0,0.9743589743589743,1.0,0.02564102564102566,0,0.047529706066291366,1.73620703489992e-16
G2_p0_w2_variable,G1_p1,-5.0,0.8181818181818182,0.8780487804878049,0.05986696230598665,0,0.11801242236024845,0.0
G2_p0_w2_variable,G1_p2,20.0,1.0,1.0,0.0,0,0.0,0.0
G2_p0_w2_variable,G1_p2,10.0,1.0,1.0,0.0,0,0.0,0.0
G2_p0_w2_variable,G1_p2,0.0,0.95,0.9743589743589743,0.024358974358974383,0,0.024358974358974383,0.0
G2_p0_w2_variable,G1_p2,-5.0,0.9,0.95,0.04999999999999993,1,0.07195121951219507,0.0
G2_p0_w2_variable,G1_p3,20.0,1.0,1.0,0.0,0,0.0,0.0
G2_p0_w2_variable,G1_p3,10.0,1.0,1.0,0.0,0,0.0,2.7451843598258947e-16
G2_p0_w2_variable,G1_p3,0.0,1.0,1.0,0.0,0,0.0,0.0
G2_p0_w2_variable,G1_p3,-5.0,0.9473684210526315,1.0,0.052631578947368474,1,0.047529706066291366,0.0
G2_p0_w2_variable,G1_p4,20.0,1.0,1.0,0.0,0,0.0,0.0
G2_p0_w2_variable,G1_p4,10.0,0.95,1.0,0.050000000000000044,0,0.0,0.0
G2_p0_w2_variable,G1_p4,0.0,0.7804878048780488,0.85,0.06951219512195117,0,0.05672149744753263,1.7362070347808504e-16
G2_p0_w2_variable,G1_p4,-5.0,0.25806451612903225,0.5945945945945946,0.3365300784655624,0,0.15655133295518997,1.9526819294869397e-16
G2_p0_w2_variable,G2_p1,20.0,1.0,1.0,0.0,0,0.0,2.1702587936236977e-16
G2_p0_w2_variable,G2_p1,10.0,1.0,1.0,0.0,0,0.0,1.3725921799720392e-16
G2_p0_w2_variable,G2_p1,0.0,0.9047619047619048,1.0,0.09523809523809523,1,0.11627906976744184,1.7362070348989587e-16
G2_p0_w2_variable,G2_p1,-5.0,0.85,0.9,0.050000000000000044,0,0.07665505226480829,0.0
G2_p0_w2_variable,G2_p2,20.0,1.0,1.0,0.0,0,0.0,0.0
G2_p0_w2_variable,G2_p2,10.0,1.0,1.0,0.0,0,0.0,0.0
G2_p0_w2_variable,G2_p2,0.0,0.9473684210526315,1.0,0.052631578947368474,1,0.052631578947368474,1.7362070347954054e-16
G2_p0_w2_variable,G2_p2,-5.0,0.8780487804878049,0.9743589743589743,0.09631019387116946,1,0.05128205128205121,0.0
G2_p0_w2_variable,G2_p3,20.0,1.0,1.0,0.0,0,0.0,0.0
G2_p0_w2_variable,G2_p3,10.0,1.0,1.0,0.0,0,0.0,0.0
G2_p0_w2_variable,G2_p3,0.0,0.9743589743589743,1.0,0.02564102564102566,0,0.050000000000000044,0.0
G2_p0_w2_variable,G2_p3,-5.0,0.8181818181818182,0.926829268292683,0.10864745011086474,0,0.08372093023255811,0.0
G2_p0_w2_variable,G2_p4,20.0,1.0,1.0,0.0,0,0.0,0.0
G2_p0_w2_variable,G2_p4,10.0,0.95,1.0,0.050000000000000044,0,0.050000000000000044,1.3725921798837913e-16
G2_p0_w2_variable,G2_p4,0.0,0.7804878048780488,0.8372093023255814,0.05672149744753263,0,0.10323312535450935,0.0
G2_p0_w2_variable,G2_p4,-5.0,0.3125,0.45714285714285713,0.14464285714285713,0,0.07246376811594202,0.0
G2_p0_w2_variable,G3_p1,20.0,1.0,1.0,0.0,0,0.0,0.0
G2_p0_w2_variable,G3_p1,10.0,1.0,1.0,0.0,0,0.0,0.0
G2_p0_w2_variable,G3_p1,0.0,0.8636363636363636,0.9743589743589743,0.11072261072261069,1,0.11072261072261069,0.0
G2_p0_w2_variable,G3_p1,-5.0,0.6829268292682927,0.926829268292683,0.24390243902439024,0,0.20084566596194509,0.0
G2_p0_w2_variable,G3_p2,20.0,1.0,1.0,0.0,0,0.0,0.0
G2_p0_w2_variable,G3_p2,10.0,1.0,1.0,0.0,0,0.0,0.0
G2_p0_w2_variable,G3_p2,0.0,1.0,1.0,0.0,0,0.0,0.0
G2_p0_w2_variable,G3_p2,-5.0,1.0,1.0,0.0,0,0.0,0.0
G2_p0_w2_variable,G3_p3,20.0,1.0,1.0,0.0,0,0.0,2.1702587934906923e-16
G2_p0_w2_variable,G3_p3,10.0,1.0,1.0,0.0,0,0.0,0.0
G2_p0_w2_variable,G3_p3,0.0,1.0,1.0,0.0,0,0.0,1.7362070347925541e-16
G2_p0_w2_variable,G3_p3,-5.0,0.9743589743589743,1.0,0.02564102564102566,0,0.02564102564102566,0.0
G2_p0_w2_variable,G3_p4,20.0,1.0,1.0,0.0,0,0.0,2.1702587935248823e-16
G2_p0_w2_variable,G3_p4,10.0,1.0,1.0,0.0,0,0.0,1.3725921799095427e-16
G2_p0_w2_variable,G3_p4,0.0,0.95,1.0,0.050000000000000044,0,0.050000000000000044,1.7362070348199057e-16
G2_p0_w2_variable,G3_p4,-5.0,0.8717948717948718,0.9047619047619048,0.03296703296703296,0,0.060317460317460325,0.0
G2_p0_w2_variable,G4_p1,20.0,1.0,1.0,0.0,0,0.0,0.0
G2_p0_w2_variable,G4_p1,10.0,1.0,1.0,0.0,0,0.0,1.3725921799862717e-16
G2_p0_w2_variable,G4_p1,0.0,0.9,0.95,0.04999999999999993,1,0.03372093023255818,0.0
G2_p0_w2_variable,G4_p1,-5.0,0.6363636363636364,0.7272727272727273,0.09090909090909094,0,0.099290780141844,0.0
G2_p0_w2_variable,G4_p2,20.0,1.0,1.0,0.0,0,0.0,0.0
G2_p0_w2_variable,G4_p2,10.0,1.0,1.0,0.0,0,0.0,0.0
G2_p0_w2_variable,G4_p2,0.0,0.95,1.0,0.050000000000000044,0,0.050000000000000044,1.736207034821786e-16
G2_p0_w2_variable,G4_p2,-5.0,0.8095238095238095,0.8571428571428571,0.04761904761904756,0,0.05986696230598665,1.9526819295329799e-16
G2_p0_w2_variable,G4_p3,20.0,1.0,1.0,0.0,0,0.0,0.0
G2_p0_w2_variable,G4_p3,10.0,1.0,1.0,0.0,0,0.0,1.3725921798770037e-16
G2_p0_w2_variable,G4_p3,0.0,0.9743589743589743,1.0,0.02564102564102566,0,0.02564102564102566,0.0
G2_p0_w2_variable,G4_p3,-5.0,0.9473684210526315,1.0,0.052631578947368474,1,0.052631578947368474,0.0
G2_p0_w2_variable,G4_p4,20.0,1.0,1.0,0.0,0,0.0,0.0
G2_p0_w2_variable,G4_p4,10.0,1.0,1.0,0.0,0,0.0,0.0
G2_p0_w2_variable,G4_p4,0.0,0.926829268292683,1.0,0.07317073170731703,1,0.047529706066291366,1.7362070348236343e-16
G2_p0_w2_variable,G4_p4,-5.0,0.7111111111111111,0.8636363636363636,0.1525252525252525,0,0.1880687563195147,0.0
G2_p0_w3_regular,G1_p1,20.0,1.0,1.0,0.0,0,0.0,0.0
G2_p0_w3_regular,G1_p1,10.0,1.0,1.0,0.0,0,0.0,0.0
G2_p0_w3_regular,G1_p1,0.0,0.9333333333333333,0.9767441860465116,0.04341085271317824,1,0.04341085271317824,1.7156395511293347e-16
G2_p0_w3_regular,G1_p1,-5.0,0.6808510638297872,0.9302325581395349,0.24938149430974765,0,0.19553868058851442,0.0
G2_p0_w3_regular,G1_p2,20.0,1.0,1.0,0.0,0,0.0,0.0
G2_p0_w3_regular,G1_p2,10.0,1.0,1.0,0.0,0,0.0,1.3563321562970174e-16
G2_p0_w3_regular,G1_p2,0.0,0.9767441860465116,1.0,0.023255813953488413,0,0.023255813953488413,1.7156395510504262e-16
G2_p0_w3_regular,G1_p2,-5.0,0.8695652173913043,0.9545454545454546,0.08498023715415026,1,0.045454545454545525,0.0
G2_p0_w3_regular,G1_p3,20.0,1.0,1.0,0.0,0,0.0,2.1445494388181551e-16
G2_p0_w3_regular,G1_p3,10.0,1.0,1.0,0.0,0,0.0,1.3563321563002572e-16
G2_p0_w3_regular,G1_p3,0.0,1.0,1.0,0.0,0,0.023255813953488413,0.0
G2_p0_w3_regular,G1_p3,-5.0,0.8636363636363636,1.0,0.13636363636363635,1,0.15065722952477245,0.0
G2_p0_w3_regular,G1_p4,20.0,1.0,1.0,0.0,0,0.0,2.1445494387645947e-16
G2_p0_w3_regular,G1_p4,10.0,0.9545454545454546,1.0,0.045454545454545414,0,0.022198731501057,0.0
G2_p0_w3_regular,G1_p4,0.0,0.7555555555555555,0.9090909090909091,0.15353535353535352,0,0.11100832562442176,0.0
G2_p0_w3_regular,G1_p4,-5.0,0.35294117647058826,0.45161290322580644,0.09867172675521818,0,0.07207989578810248,1.9295500373297625e-16
G2_p0_w3_regular,G2_p1,20.0,1.0,1.0,0.0,0,0.0,2.1445494389104805e-16
G2_p0_w3_regular,G2_p1,10.0,1.0,1.0,0.0,0,0.0,1.3563321563586492e-16
G2_p0_w3_regular,G2_p1,0.0,0.9130434782608695,1.0,0.08695652173913049,1,0.1063829787234043,1.715639551128385e-16
G2_p0_w3_regular,G2_p1,-5.0,0.6956521739130435,0.8571428571428571,0.16149068322981364,0,0.17629179331306988,0.0
G2_p0_w3_regular,G2_p2,20.0,1.0,1.0,0.0,0,0.0,0.0
G2_p0_w3_regular,G2_p2,10.0,1.0,1.0,0.0,0,0.0,0.0
G2_p0_w3_regular,G2_p2,0.0,0.926829268292683,1.0,0.07317073170731703,1,0.02436323366555926,0.0
G2_p0_w3_regular,G2_p2,-5.0,0.8837209302325582,0.9545454545454546,0.07082452431289643,1,0.07082452431289643,0.0
G2_p0_w3_regular,G2_p3,20.0,1.0,1.0,0.0,0,0.0,0.0
G2_p0_w3_regular,G2_p3,10.0,1.0,1.0,0.0,0,0.0,1.3563321563232732e-16
G2_p0_w3_regular,G2_p3,0.0,0.9767441860465116,1.0,0.023255813953488413,0,0.045454545454545414,1.715639551083637e-16
G2_p0_w3_regular,G2_p3,-5.0,0.8085106382978723,0.9333333333333333,0.12482269503546106,0,0.09948979591836737,0.0
G2_p0_w3_regular,G2_p4,20.0,1.0,1.0,0.0,0,0.0,0.0
G2_p0_w3_regular,G2_p4,10.0,1.0,1.0,0.0,0,0.023255813953488413,1.3563321562714463e-16
G2_p0_w3_regular,G2_p4,0.0,0.7272727272727273,0.8444444444444444,0.11717171717171715,0,0.11717171717171715,1.7156395510180812e-16
G2_p0_w3_regular,G2_p4,-5.0,0.24242424242424243,0.5,0.25757575757575757,0,0.2421768707482993,0.0
G2_p0_w3_regular,G3_p1,20.0,1.0,1.0,0.0,0,0.0,0.0
G2_p0_w3_regular,G3_p1,10.0,1.0,1.0,0.0,0,0.023255813953488413,1.356332156367521e-16
G2_p0_w3_regular,G3_p1,0.0,0.875,1.0,0.125,1,0.1063829787234043,1.7156395511396062e-16
G2_p0_w3_regular,G3_p1,-5.0,0.7555555555555555,0.8372093023255814,0.0816537467700259,0,0.06923076923076932,0.0
G2_p0_w3_regular,G3_p2,20.0,1.0,1.0,0.0,0,0.0,2.144549438749189e-16
G2_p0_w3_regular,G3_p2,10.0,1.0,1.0,0.0,0,0.0,1.3563321562566393e-16
G2_p0_w3_regular,G3_p2,0.0,1.0,1.0,0.0,0,0.0,0.0
G2_p0_w3_regular,G3_p2,-5.0,1.0,1.0,0.0,0,0.0,1.9295500373159013e-16
G2_p0_w3_regular,G3_p3,20.0,1.0,1.0,0.0,0,0.0,2.1445494387790513e-16
G2_p0_w3_regular,G3_p3,10.0,1.0,1.0,0.0,0,0.0,1.356332156275526e-16
G2_p0_w3_regular,G3_p3,0.0,1.0,1.0,0.0,0,0.0,0.0
G2_p0_w3_regular,G3_p3,-5.0,0.9767441860465116,1.0,0.023255813953488413,0,0.023255813953488413,0.0
G2_p0_w3_regular,G3_p4,20.0,1.0,1.0,0.0,0,0.0,0.0
G2_p0_w3_regular,G3_p4,10.0,1.0,1.0,0.0,0,0.0,1.3563321562968932e-16
G2_p0_w3_regular,G3_p4,0.0,0.9545454545454546,1.0,0.045454545454545414,0,0.022198731501057,0.0
G2_p0_w3_regular,G3_p4,-5.0,0.851063829787234,0.9545454545454546,0.10348162475822054,1,0.0822695035460993,1.9295500373731676e-16
G2_p0_w3_regular,G4_p1,20.0,1.0,1.0,0.0,0,0.0,0.0
G2_p0_w3_regular,G4_p1,10.0,1.0,1.0,0.0,0,0.023255813953488413,1.3563321563727128e-16
G2_p0_w3_regular,G4_p1,0.0,0.7727272727272727,0.9047619047619048,0.13203463203463206,0,0.11406423034330015,1.715639551146174e-16
G2_p0_w3_regular,G4_p1,-5.0,0.5333333333333333,0.7916666666666666,0.2583333333333333,0,0.16947648624667266,0.0
G2_p0_w3_regular,G4_p2,20.0,1.0,1.0,0.0,0,0.0,0.0
G2_p0_w3_regular,G4_p2,10.0,1.0,1.0,0.0,0,0.0,1.3563321562983622e-16
G2_p0_w3_regular,G4_p2,0.0,0.9767441860465116,1.0,0.023255813953488413,0,0.06666666666666665,0.0
G2_p0_w3_regular,G4_p2,-5.0,0.8571428571428571,0.8936170212765957,0.03647416413373861,0,0.10453283996299723,0.0
G2_p0_w3_regular,G4_p3,20.0,1.0,1.0,0.0,0,0.0,2.144549438761996e-16
G2_p0_w3_regular,G4_p3,10.0,1.0,1.0,0.0,0,0.0,0.0
G2_p0_w3_regular,G4_p3,0.0,0.9767441860465116,1.0,0.023255813953488413,0,0.023255813953488413,1.715639551009597e-16
G2_p0_w3_regular,G4_p3,-5.0,0.9523809523809523,1.0,0.04761904761904767,0,0.04761904761904767,1.9295500373274248e-16
G2_p0_w3_regular,G4_p4,20.0,1.0,1.0,0.0,0,0.0,0.0
G2_p0_w3_regular,G4_p4,10.0,1.0,1.0,0.0,0,0.0,1.3563321562998056e-16
G2_p0_w3_regular,G4_p4,0.0,0.9767441860465116,1.0,0.023255813953488413,0,0.045454545454545414,0.0
G2_p0_w3_regular,G4_p4,-5.0,0.76,0.8837209302325582,0.12372093023255815,0,0.02608695652173909,1.929550037377311e-16
G2_p0_w3_variable,G1_p1,20.0,1.0,1.0,0.0,0,0.0,0.0
G2_p0_w3_variable,G1_p1,10.0,1.0,1.0,0.0,0,0.0,0.0
G2_p0_w3_variable,G1_p1,0.0,0.9523809523809523,1.0,0.04761904761904767,0,0.06976744186046513,0.0
G2_p0_w3_variable,G1_p1,-5.0,0.8,0.8837209302325582,0.08372093023255811,0,0.16087182148417234,0.0
G2_p0_w3_variable,G1_p2,20.0,1.0,1.0,0.0,0,0.0,2.1882013093208509e-16
G2_p0_w3_variable,G1_p2,10.0,1.0,1.0,0.0,0,0.0,1.383940023283305e-16
G2_p0_w3_variable,G1_p2,0.0,0.9523809523809523,1.0,0.04761904761904767,0,0.06976744186046513,0.0
G2_p0_w3_variable,G1_p2,-5.0,0.9,0.975609756097561,0.07560975609756093,1,0.11846689895470386,0.0
G2_p0_w3_variable,G1_p3,20.0,1.0,1.0,0.0,0,0.0,0.0
G2_p0_w3_variable,G1_p3,10.0,1.0,1.0,0.0,0,0.0,1.383940023286611e-16
G2_p0_w3_variable,G1_p3,0.0,1.0,1.0,0.0,0,0.0,0.0
G2_p0_w3_variable,G1_p3,-5.0,0.9302325581395349,1.0,0.06976744186046513,1,0.06976744186046513,0.0
G2_p0_w3_variable,G1_p4,20.0,1.0,1.0,0.0,0,0.0,0.0
G2_p0_w3_variable,G1_p4,10.0,0.9302325581395349,1.0,0.06976744186046513,1,0.06976744186046513,0.0
G2_p0_w3_variable,G1_p4,0.0,0.7441860465116279,0.8636363636363636,0.11945031712473575,0,0.027272727272727337,1.7505610474171416e-16
G2_p0_w3_variable,G1_p4,-5.0,0.2,0.46153846153846156,0.26153846153846155,0,0.09886621315192745,0.0
G2_p0_w3_variable,G2_p1,20.0,1.0,1.0,0.0,0,0.0,2.188201309420283e-16
G2_p0_w3_variable,G2_p1,10.0,1.0,1.0,0.0,0,0.0,0.0
G2_p0_w3_variable,G2_p1,0.0,0.85,0.975609756097561,0.12560975609756098,1,0.14634146341463417,0.0
G2_p0_w3_variable,G2_p1,-5.0,0.7272727272727273,0.8372093023255814,0.10993657505285415,0,0.1260981912144703,0.0
G2_p0_w3_variable,G2_p2,20.0,1.0,1.0,0.0,0,0.0,0.0
G2_p0_w3_variable,G2_p2,10.0,1.0,1.0,0.0,0,0.0,0.0
G2_p0_w3_variable,G2_p2,0.0,0.95,1.0,0.050000000000000044,0,0.024390243902439046,0.0
G2_p0_w3_variable,G2_p2,-5.0,0.9047619047619048,0.975609756097561,0.07084785133565619,1,0.04878048780487798,1.9688256384788274e-16
G2_p0_w3_variable,G2_p3,20.0,1.0,1.0,0.0,0,0.0,0.0
G2_p0_w3_variable,G2_p3,10.0,1.0,1.0,0.0,0,0.0,0.0
G2_p0_w3_variable,G2_p3,0.0,1.0,1.0,0.0,0,0.024390243902439046,0.0
G2_p0_w3_variable,G2_p3,-5.0,0.8636363636363636,0.9523809523809523,0.08874458874458868,1,0.06066734074823055,1.9688256385449033e-16
G2_p0_w3_variable,G2_p4,20.0,1.0,1.0,0.0,0,0.0,0.0
G2_p0_w3_variable,G2_p4,10.0,0.975609756097561,1.0,0.024390243902439046,0,0.04761904761904767,0.0
G2_p0_w3_variable,G2_p4,0.0,0.7906976744186046,0.8888888888888888,0.09819121447028423,0,0.05962059620596205,1.7505610474236776e-16
G2_p0_w3_variable,G2_p4,-5.0,0.14285714285714285,0.4864864864864865,0.34362934362934366,0,0.11787439613526574,0.0
G2_p0_w3_variable,G3_p1,20.0,1.0,1.0,0.0,0,0.0,0.0
G2_p0_w3_variable,G3_p1,10.0,0.975609756097561,1.0,0.024390243902439046,0,0.04761904761904767,0.0
G2_p0_w3_variable,G3_p1,0.0,0.851063829787234,0.9523809523809523,0.10131712259371828,1,0.06755260243632333,0.0
G2_p0_w3_variable,G3_p1,-5.0,0.723404255319149,0.7804878048780488,0.057083549558899827,0,0.056022408963585346,0.0
G2_p0_w3_variable,G3_p2,20.0,1.0,1.0,0.0,0,0.0,2.188201309255708e-16
G2_p0_w3_variable,G3_p2,10.0,1.0,1.0,0.0,0,0.0,0.0
G2_p0_w3_variable,G3_p2,0.0,1.0,1.0,0.0,0,0.0,0.0
G2_p0_w3_variable,G3_p2,-5.0,1.0,1.0,0.0,0,0.0,0.0
G2_p0_w3_variable,G3_p3,20.0,1.0,1.0,0.0,0,0.0,0.0
G2_p0_w3_variable,G3_p3,10.0,1.0,1.0,0.0,0,0.0,1.383940023261376e-16
G2_p0_w3_variable,G3_p3,0.0,1.0,1.0,0.0,0,0.0,1.7505610474289427e-16
G2_p0_w3_variable,G3_p3,-5.0,0.95,1.0,0.050000000000000044,0,0.050000000000000044,0.0
G2_p0_w3_variable,G3_p4,20.0,1.0,1.0,0.0,0,0.0,2.1882013093206507e-16
G2_p0_w3_variable,G3_p4,10.0,1.0,1.0,0.0,0,0.0,0.0
G2_p0_w3_variable,G3_p4,0.0,0.975609756097561,1.0,0.024390243902439046,0,0.024390243902439046,0.0
G2_p0_w3_variable,G3_p4,-5.0,0.8888888888888888,0.9523809523809523,0.06349206349206349,1,0.08874458874458868,0.0
G2_p0_w3_variable,G4_p1,20.0,1.0,1.0,0.0,0,0.0,0.0
G2_p0_w3_variable,G4_p1,10.0,0.975609756097561,1.0,0.024390243902439046,0,0.024390243902439046,0.0
G2_p0_w3_variable,G4_p1,0.0,0.8095238095238095,0.926829268292683,0.11730545876887344,0,0.08735110606920027,3.501122095108755e-16
G2_p0_w3_variable,G4_p1,-5.0,0.6511627906976745,0.7441860465116279,0.09302325581395343,0,0.08353108685334598,0.0
G2_p0_w3_variable,G4_p2,20.0,1.0,1.0,0.0,0,0.0,2.1882013093230205e-16
G2_p0_w3_variable,G4_p2,10.0,1.0,1.0,0.0,0,0.0,0.0
G2_p0_w3_variable,G4_p2,0.0,0.975609756097561,1.0,0.024390243902439046,0,0.04761904761904767,1.7505610474584163e-16
G2_p0_w3_variable,G4_p2,-5.0,0.8636363636363636,0.9302325581395349,0.06659619450317122,0,0.10414560161779574,0.0
G2_p0_w3_variable,G4_p3,20.0,1.0,1.0,0.0,0,0.0,0.0
G2_p0_w3_variable,G4_p3,10.0,1.0,1.0,0.0,0,0.0,1.38394002325037e-16
G2_p0_w3_variable,G4_p3,0.0,0.975609756097561,1.0,0.024390243902439046,0,0.024390243902439046,0.0
G2_p0_w3_variable,G4_p3,-5.0,0.95,1.0,0.050000000000000044,0,0.025609756097561,1.968825638459937e-16
G2_p0_w3_variable,G4_p4,20.0,1.0,1.0,0.0,0,0.0,0.0
G2_p0_w3_variable,G4_p4,10.0,1.0,1.0,0.0,0,0.0,0.0
G2_p0_w3_variable,G4_p4,0.0,0.9523809523809523,1.0,0.04761904761904767,0,0.04329004329004327,0.0
G2_p0_w3_variable,G4_p4,-5.0,0.723404255319149,0.8888888888888888,0.16548463356973986,0,0.05939716312056742,0.0
G2_p5_w0_regular,G1_p1,20.0,1.0,1.0,0.0,0,0.0,2.4474031130797674e-16
G2_p5_w0_regular,G1_p1,10.0,1.0,1.0,0.0,0,0.0,0.0
G2_p5_w0_regular,G1_p1,0.0,0.975609756097561,1.0,0.024390243902439046,0,0.024390243902439046,0.0
G2_p5_w0_regular,G1_p1,-5.0,0.8292682926829268,0.9047619047619048,0.07549361207897798,0,0.11050273768043806,0.0
G2_p5_w0_regular,G1_p2,20.0,1.0,1.0,0.0,0,0.0,1.2237015564836012e-16
G2_p5_w0_regular,G1_p2,10.0,1.0,1.0,0.0,0,0.0,0.0
G2_p5_w0_regular,G1_p2,0.0,0.975609756097561,1.0,0.024390243902439046,0,0.024390243902439046,0.0
G2_p5_w0_regular,G1_p2,-5.0,0.8571428571428571,0.9523809523809523,0.09523809523809523,1,0.0918888258650028,0.0
G2_p5_w0_regular,G1_p3,20.0,1.0,1.0,0.0,0,0.0,0.0
G2_p5_w0_regular,G1_p3,10.0,1.0,1.0,0.0,0,0.0,3.095747275832488e-16
G2_p5_w0_regular,G1_p3,0.0,1.0,1.0,0.0,0,0.0,1.9579224903784392e-16
G2_p5_w0_regular,G1_p3,-5.0,0.975609756097561,1.0,0.024390243902439046,0,0.06976744186046513,0.0
G2_p5_w0_regular,G1_p4,20.0,1.0,1.0,0.0,0,0.0,1.2237015564559622e-16
G2_p5_w0_regular,G1_p4,10.0,1.0,1.0,0.0,0,0.04761904761904767,0.0
G2_p5_w0_regular,G1_p4,0.0,0.7619047619047619,0.8636363636363636,0.10173160173160178,0,0.09090909090909094,1.9579224903295392e-16
G2_p5_w0_regular,G1_p4,-5.0,0.45714285714285713,0.5263157894736842,0.06917293233082705,0,0.11170212765957444,2.202041455663803e-16
G2_p5_w0_regular,G2_p1,20.0,1.0,1.0,0.0,0,0.0,1.2237015565392063e-16
G2_p5_w0_regular,G2_p1,10.0,1.0,1.0,0.0,0,0.0,0.0
G2_p5_w0_regular,G2_p1,0.0,0.9047619047619048,1.0,0.09523809523809523,1,0.051948051948051965,1.95792249046273e-16
G2_p5_w0_regular,G2_p1,-5.0,0.75,0.8333333333333334,0.08333333333333337,0,0.052105948762483645,0.0
G2_p5_w0_regular,G2_p2,20.0,1.0,1.0,0.0,0,0.0,1.2237015564662209e-16
G2_p5_w0_regular,G2_p2,10.0,1.0,1.0,0.0,0,0.0,1.5478736378905619e-16
G2_p5_w0_regular,G2_p2,0.0,0.975609756097561,1.0,0.024390243902439046,0,0.024390243902439046,0.0
G2_p5_w0_regular,G2_p2,-5.0,0.95,1.0,0.050000000000000044,0,0.04761904761904767,0.0
G2_p5_w0_regular,G2_p3,20.0,1.0,1.0,0.0,0,0.0,0.0
G2_p5_w0_regular,G2_p3,10.0,1.0,1.0,0.0,0,0.0,0.0
G2_p5_w0_regular,G2_p3,0.0,0.975609756097561,1.0,0.024390243902439046,0,0.024390243902439046,1.9579224904116633e-16
G2_p5_w0_regular,G2_p3,-5.0,0.85,0.9523809523809523,0.10238095238095235,1,0.10909090909090902,0.0
G2_p5_w0_regular,G2_p4,20.0,1.0,1.0,0.0,0,0.0,1.2237015564605307e-16
G2_p5_w0_regular,G2_p4,10.0,1.0,1.0,0.0,0,0.04761904761904767,1.5478736378833645e-16
G2_p5_w0_regular,G2_p4,0.0,0.7619047619047619,0.9302325581395349,0.168327796234773,0,0.11945031712473575,0.0
G2_p5_w0_regular,G2_p4,-5.0,0.12903225806451613,0.7272727272727273,0.5982404692082112,0,0.14685990338164245,2.2020414556720248e-16
G2_p5_w0_regular,G3_p1,20.0,1.0,1.0,0.0,0,0.0,0.0
G2_p5_w0_regular,G3_p1,10.0,0.975609756097561,1.0,0.024390243902439046,0,0.024390243902439046,0.0
G2_p5_w0_regular,G3_p1,0.0,0.8444444444444444,0.95,0.10555555555555551,1,0.10555555555555551,1.9579224904755364e-16
G2_p5_w0_regular,G3_p1,-5.0,0.723404255319149,0.8292682926829268,0.10586403736377781,0,0.06717687074829926,0.0
G2_p5_w0_regular,G3_p2,20.0,1.0,1.0,0.0,0,0.0,1.223701556447171e-16
G2_p5_w0_regular,G3_p2,10.0,1.0,1.0,0.0,0,0.0,0.0
G2_p5_w0_regular,G3_p2,0.0,1.0,1.0,0.0,0,0.0,1.9579224903154743e-16
G2_p5_w0_regular,G3_p2,-5.0,1.0,1.0,0.0,0,0.0,0.0
G2_p5_w0_regular,G3_p3,20.0,1.0,1.0,0.0,0,0.0,0.0
G2_p5_w0_regular,G3_p3,10.0,1.0,1.0,0.0,0,0.0,1.5478736378880198e-16
G2_p5_w0_regular,G3_p3,0.0,1.0,1.0,0.0,0,0.0,1.9579224903427378e-16
G2_p5_w0_regular,G3_p3,-5.0,0.975609756097561,1.0,0.024390243902439046,0,0.024390243902439046,0.0
G2_p5_w0_regular,G3_p4,20.0,1.0,1.0,0.0,0,0.0,0.0
G2_p5_w0_regular,G3_p4,10.0,1.0,1.0,0.0,0,0.0,0.0
G2_p5_w0_regular,G3_p4,0.0,0.975609756097561,1.0,0.024390243902439046,0,0.024390243902439046,0.0
G2_p5_w0_regular,G3_p4,-5.0,0.8837209302325582,0.9523809523809523,0.06866002214839417,1,0.025369978858350906,2.2020414557133377e-16
G2_p5_w0_regular,G4_p1,20.0,1.0,1.0,0.0,0,0.0,1.2237015565518944e-16
G2_p5_w0_regular,G4_p1,10.0,1.0,1.0,0.0,0,0.0,0.0
G2_p5_w0_regular,G4_p1,0.0,0.851063829787234,1.0,0.14893617021276595,1,0.16666666666666663,0.0
G2_p5_w0_regular,G4_p1,-5.0,0.6511627906976745,0.95,0.2988372093023255,1,0.30121816168327786,0.0
G2_p5_w0_regular,G4_p2,20.0,1.0,1.0,0.0,0,0.0,1.2237015564848143e-16
G2_p5_w0_regular,G4_p2,10.0,1.0,1.0,0.0,0,0.0,1.5478736379140808e-16
G2_p5_w0_regular,G4_p2,0.0,1.0,1.0,0.0,0,0.024390243902439046,0.0
G2_p5_w0_regular,G4_p2,-5.0,0.8571428571428571,0.9302325581395349,0.07308970099667778,0,0.046511627906976716,2.2020414557157228e-16
G2_p5_w0_regular,G4_p3,20.0,1.0,1.0,0.0,0,0.0,0.0
G2_p5_w0_regular,G4_p3,10.0,1.0,1.0,0.0,0,0.0,0.0
G2_p5_w0_regular,G4_p3,0.0,0.975609756097561,1.0,0.024390243902439046,0,0.024390243902439046,1.9579224903271674e-16
G2_p5_w0_regular,G4_p3,-5.0,0.975609756097561,1.0,0.024390243902439046,0,0.024390243902439046,0.0
G2_p5_w0_regular,G4_p4,20.0,1.0,1.0,0.0,0,0.0,0.0
G2_p5_w0_regular,G4_p4,10.0,1.0,1.0,0.0,0,0.0,0.0
G2_p5_w0_regular,G4_p4,0.0,0.9523809523809523,0.975609756097561,0.023228803716608626,0,0.04761904761904767,0.0
G2_p5_w0_regular,G4_p4,-5.0,0.8444444444444444,0.926829268292683,0.08238482384823853,0,0.02512077294685988,0.0
G2_p5_w0_variable,G1_p1,20.0,1.0,1.0,0.0,0,0.0,1.2219313310061436e-16
G2_p5_w0_variable,G1_p1,10.0,1.0,1.0,0.0,0,0.0,0.0
G2_p5_w0_variable,G1_p1,0.0,0.9767441860465116,1.0,0.023255813953488413,0,0.045454545454545414,0.0
G2_p5_w0_variable,G1_p1,-5.0,0.8333333333333334,0.8636363636363636,0.030303030303030276,0,0.11100832562442176,2.1988559487027265e-16
G2_p5_w0_variable,G1_p2,20.0,1.0,1.0,0.0,0,0.0,0.0
G2_p5_w0_variable,G1_p2,10.0,1.0,1.0,0.0,0,0.0,0.0
G2_p5_w0_variable,G1_p2,0.0,0.9545454545454546,1.0,0.045454545454545414,0,0.045454545454545414,0.0
G2_p5_w0_variable,G1_p2,-5.0,0.9302325581395349,0.9767441860465116,0.046511627906976716,1,0.0031007751937984773,0.0
G2_p5_w0_variable,G1_p3,20.0,1.0,1.0,0.0,0,0.0,1.2219313309528615e-16
G2_p5_w0_variable,G1_p3,10.0,1.0,1.0,0.0,0,0.0,1.545634460052819e-16
G2_p5_w0_variable,G1_p3,0.0,1.0,1.0,0.0,0,0.0,0.0
G2_p5_w0_variable,G1_p3,-5.0,0.9333333333333333,1.0,0.06666666666666665,1,0.08312716476991588,0.0
G2_p5_w0_variable,G1_p4,20.0,1.0,1.0,0.0,0,0.0,1.2219313309223434e-16
G2_p5_w0_variable,G1_p4,10.0,1.0,1.0,0.0,0,0.0,0.0
G2_p5_w0_variable,G1_p4,0.0,0.7555555555555555,0.8695652173913043,0.11400966183574879,0,0.061835748792270495,0.0
G2_p5_w0_variable,G1_p4,-5.0,0.4,0.5263157894736842,0.12631578947368416,0,0.04525288376220049,0.0
G2_p5_w0_variable,G2_p1,20.0,1.0,1.0,0.0,0,0.0,1.2219313310054674e-16
G2_p5_w0_variable,G2_p1,10.0,1.0,1.0,0.0,0,0.0,1.545634460119361e-16
G2_p5_w0_variable,G2_p1,0.0,0.9302325581395349,0.9767441860465116,0.046511627906976716,1,0.045454545454545525,0.0
G2_p5_w0_variable,G2_p1,-5.0,0.782608695652174,0.8837209302325582,0.10111223458038421,0,0.06893424036281182,0.0
G2_p5_w0_variable,G2_p2,20.0,1.0,1.0,0.0,0,0.0,1.2219313309325875e-16
G2_p5_w0_variable,G2_p2,10.0,1.0,1.0,0.0,0,0.0,1.5456344600271746e-16
G2_p5_w0_variable,G2_p2,0.0,0.9302325581395349,1.0,0.06976744186046513,1,0.023255813953488413,0.0
G2_p5_w0_variable,G2_p2,-5.0,0.9302325581395349,0.9767441860465116,0.046511627906976716,1,0.024312896405919715,0.0
G2_p5_w0_variable,G2_p3,20.0,1.0,1.0,0.0,0,0.0,0.0
G2_p5_w0_variable,G2_p3,10.0,1.0,1.0,0.0,0,0.0,1.5456344600790474e-16
G2_p5_w0_variable,G2_p3,0.0,1.0,1.0,0.0,0,0.023255813953488413,0.0
G2_p5_w0_variable,G2_p3,-5.0,0.8695652173913043,0.9130434782608695,0.04347826086956519,0,0.03782505910165479,0.0
G2_p5_w0_variable,G2_p4,20.0,1.0,1.0,0.0,0,0.0,0.0
G2_p5_w0_variable,G2_p4,10.0,1.0,1.0,0.0,0,0.0,1.5456344600199873e-16
G2_p5_w0_variable,G2_p4,0.0,0.8181818181818182,0.8636363636363636,0.045454545454545414,0,0.03492063492063491,0.0
G2_p5_w0_variable,G2_p4,-5.0,0.24242424242424243,0.6829268292682927,0.4405025868440503,0,0.1437352245862884,2.1988559485601374e-16
G2_p5_w0_variable,G3_p1,20.0,1.0,1.0,0.0,0,0.0,1.2219313310134593e-16
G2_p5_w0_variable,G3_p1,10.0,0.9767441860465116,1.0,0.023255813953488413,0,0.023255813953488413,0.0
G2_p5_w0_variable,G3_p1,0.0,0.9090909090909091,0.9545454545454546,0.045454545454545525,1,0.06565656565656575,0.0
G2_p5_w0_variable,G3_p1,-5.0,0.7391304347826086,0.8181818181818182,0.07905138339920958,0,0.13611111111111107,0.0
G2_p5_w0_variable,G3_p2,20.0,1.0,1.0,0.0,0,0.0,1.2219313309135653e-16
G2_p5_w0_variable,G3_p2,10.0,1.0,1.0,0.0,0,0.0,1.545634460003113e-16
G2_p5_w0_variable,G3_p2,0.0,1.0,1.0,0.0,0,0.0,1.9550901294617046e-16
G2_p5_w0_variable,G3_p2,-5.0,1.0,1.0,0.0,0,0.0,0.0
G2_p5_w0_variable,G3_p3,20.0,1.0,1.0,0.0,0,0.0,1.2219313309305803e-16
G2_p5_w0_variable,G3_p3,10.0,1.0,1.0,0.0,0,0.0,0.0
G2_p5_w0_variable,G3_p3,0.0,1.0,1.0,0.0,0,0.0,1.9550901294889287e-16
G2_p5_w0_variable,G3_p3,-5.0,1.0,1.0,0.0,0,0.023255813953488413,0.0
G2_p5_w0_variable,G3_p4,20.0,1.0,1.0,0.0,0,0.0,0.0
G2_p5_w0_variable,G3_p4,10.0,1.0,1.0,0.0,0,0.0,0.0
G2_p5_w0_variable,G3_p4,0.0,0.9767441860465116,1.0,0.023255813953488413,0,0.023255813953488413,1.955090129519729e-16
G2_p5_w0_variable,G3_p4,-5.0,0.9090909090909091,0.9767441860465116,0.06765327695560253,1,0.06565656565656575,0.0
G2_p5_w0_variable,G4_p1,20.0,1.0,1.0,0.0,0,0.0,1.2219313310181372e-16
G2_p5_w0_variable,G4_p1,10.0,1.0,1.0,0.0,0,0.0,0.0
G2_p5_w0_variable,G4_p1,0.0,0.8260869565217391,0.9545454545454546,0.12845849802371545,1,0.08961996596710153,0.0
G2_p5_w0_variable,G4_p1,-5.0,0.7111111111111111,0.8260869565217391,0.114975845410628,0,0.11081560283687941,0.0
G2_p5_w0_variable,G4_p2,20.0,1.0,1.0,0.0,0,0.0,0.0
G2_p5_w0_variable,G4_p2,10.0,1.0,1.0,0.0,0,0.0,1.5456344600506592e-16
G2_p5_w0_variable,G4_p2,0.0,0.9767441860465116,1.0,0.023255813953488413,0,0.06666666666666665,0.0
G2_p5_w0_variable,G4_p2,-5.0,0.782608695652174,0.9333333333333333,0.1507246376811594,0,0.03804347826086951,0.0
G2_p5_w0_variable,G4_p3,20.0,1.0,1.0,0.0,0,0.0,1.221931330920863e-16
G2_p5_w0_variable,G4_p3,10.0,1.0,1.0,0.0,0,0.0,0.0
G2_p5_w0_variable,G4_p3,0.0,0.9767441860465116,1.0,0.023255813953488413,0,0.023255813953488413,0.0
G2_p5_w0_variable,G4_p3,-5.0,0.9523809523809523,1.0,0.04761904761904767,0,0.04761904761904767,0.0
G2_p5_w0_variable,G4_p4,20.0,1.0,1.0,0.0,0,0.0,0.0
G2_p5_w0_variable,G4_p4,10.0,1.0,1.0,0.0,0,0.0,1.5456344600523045e-16
G2_p5_w0_variable,G4_p4,0.0,0.9545454545454546,1.0,0.045454545454545414,0,0.023255813953488413,0.0
G2_p5_w0_variable,G4_p4,-5.0,0.851063829787234,0.9333333333333333,0.0822695035460993,0,0.09999999999999998,0.0
G2_p5_w1_regular,G1_p1,20.0,1.0,1.0,0.0,0,0.0,1.1714221878803196e-16
G2_p5_w1_regular,G1_p1,10.0,1.0,1.0,0.0,0,0.0,1.4817448861438002e-16
G2_p5_w1_regular,G1_p1,0.0,0.9230769230769231,1.0,0.07692307692307687,1,0.09999999999999998,0.0
G2_p5_w1_regular,G1_p1,-5.0,0.8,0.9230769230769231,0.12307692307692308,0,0.08809523809523812,0.0
G2_p5_w1_regular,G1_p2,20.0,1.0,1.0,0.0,0,0.0,0.0
G2_p5_w1_regular,G1_p2,10.0,1.0,1.0,0.0,0,0.0,1.4817448860756493e-16
G2_p5_w1_regular,G1_p2,0.0,0.9473684210526315,1.0,0.052631578947368474,1,0.052631578947368474,0.0
G2_p5_w1_regular,G1_p2,-5.0,0.8947368421052632,0.972972972972973,0.07823613086770986,1,0.0498960498960499,0.0
G2_p5_w1_regular,G1_p3,20.0,1.0,1.0,0.0,0,0.0,0.0
G2_p5_w1_regular,G1_p3,10.0,1.0,1.0,0.0,0,0.0,0.0
G2_p5_w1_regular,G1_p3,0.0,1.0,1.0,0.0,0,0.0,1.8742755005267835e-16
G2_p5_w1_regular,G1_p3,-5.0,0.9473684210526315,0.972972972972973,0.0256045519203415,1,0.047368421052631504,0.0
G2_p5_w1_regular,G1_p4,20.0,1.0,1.0,0.0,0,0.0,1.1714221877999832e-16
G2_p5_w1_regular,G1_p4,10.0,0.9473684210526315,1.0,0.052631578947368474,1,0.052631578947368474,0.0
G2_p5_w1_regular,G1_p4,0.0,0.7368421052631579,0.8780487804878049,0.14120667522464703,0,0.14120667522464703,1.8742755004799732e-16
G2_p5_w1_regular,G1_p4,-5.0,0.2,0.48484848484848486,0.28484848484848485,0,0.18736141906873616,2.1079651374234253e-16
G2_p5_w1_regular,G2_p1,20.0,1.0,1.0,0.0,0,0.0,0.0
G2_p5_w1_regular,G2_p1,10.0,1.0,1.0,0.0,0,0.0,0.0
G2_p5_w1_regular,G2_p1,0.0,0.8947368421052632,0.972972972972973,0.07823613086770986,1,0.07823613086770986,0.0
G2_p5_w1_regular,G2_p1,-5.0,0.7804878048780488,0.85,0.06951219512195117,0,0.11184939091915835,0.0
G2_p5_w1_regular,G2_p2,20.0,1.0,1.0,0.0,0,0.0,1.1714221878098035e-16
G2_p5_w1_regular,G2_p2,10.0,1.0,1.0,0.0,0,0.0,1.481744886054604e-16
G2_p5_w1_regular,G2_p2,0.0,0.9444444444444444,1.0,0.05555555555555558,1,0.028528528528528607,0.0
G2_p5_w1_regular,G2_p2,-5.0,0.8717948717948718,0.918918918918919,0.047124047124047164,0,0.10117810117810122,0.0
G2_p5_w1_regular,G2_p3,20.0,1.0,1.0,0.0,0,0.0,0.0
G2_p5_w1_regular,G2_p3,10.0,1.0,1.0,0.0,0,0.0,1.4817448861043325e-16
G2_p5_w1_regular,G2_p3,0.0,0.972972972972973,1.0,0.027027027027026973,0,0.052631578947368474,0.0
G2_p5_w1_regular,G2_p3,-5.0,0.8292682926829268,0.9230769230769231,0.09380863039399634,0,0.15667074663402691,0.0
G2_p5_w1_regular,G2_p4,20.0,1.0,1.0,0.0,0,0.0,2.3428443756087134e-16
G2_p5_w1_regular,G2_p4,10.0,1.0,1.0,0.0,0,0.052631578947368474,2.963489772095428e-16
G2_p5_w1_regular,G2_p4,0.0,0.7368421052631579,0.8780487804878049,0.14120667522464703,0,0.12543554006968638,1.8742755004869707e-16
G2_p5_w1_regular,G2_p4,-5.0,0.27586206896551724,0.42424242424242425,0.14838035527690702,0,0.1974160206718346,0.0
G2_p5_w1_regular,G3_p1,20.0,1.0,1.0,0.0,0,0.0,2.3428443757746656e-16
G2_p5_w1_regular,G3_p1,10.0,0.972972972972973,1.0,0.027027027027026973,0,0.027027027027026973,1.4817448861526717e-16
G2_p5_w1_regular,G3_p1,0.0,0.8292682926829268,0.9473684210526315,0.11810012836970474,0,0.11810012836970474,0.0
G2_p5_w1_regular,G3_p1,-5.0,0.6976744186046512,0.7894736842105263,0.09179926560587515,0,0.1107419712070874,2.107965137580611e-16
G2_p5_w1_regular,G3_p2,20.0,1.0,1.0,0.0,0,0.0,0.0
G2_p5_w1_regular,G3_p2,10.0,1.0,1.0,0.0,0,0.0,1.4817448860315377e-16
G2_p5_w1_regular,G3_p2,0.0,1.0,1.0,0.0,0,0.0,1.8742755004665086e-16
G2_p5_w1_regular,G3_p2,-5.0,1.0,1.0,0.0,0,0.0,2.1079651374082826e-16
G2_p5_w1_regular,G3_p3,20.0,1.0,1.0,0.0,0,0.0,1.17142218780788e-16
G2_p5_w1_regular,G3_p3,10.0,1.0,1.0,0.0,0,0.0,0.0
G2_p5_w1_regular,G3_p3,0.0,0.972972972972973,1.0,0.027027027027026973,0,0.027027027027026973,0.0
G2_p5_w1_regular,G3_p3,-5.0,0.972972972972973,1.0,0.027027027027026973,0,0.027027027027026973,2.1079651374376357e-16
G2_p5_w1_regular,G3_p4,20.0,1.0,1.0,0.0,0,0.0,1.1714221878263339e-16
G2_p5_w1_regular,G3_p4,10.0,1.0,1.0,0.0,0,0.0,1.4817448860755132e-16
G2_p5_w1_regular,G3_p4,0.0,0.9473684210526315,1.0,0.052631578947368474,1,0.052631578947368474,0.0
G2_p5_w1_regular,G3_p4,-5.0,0.8947368421052632,0.9230769230769231,0.028340080971659964,0,0.04285714285714293,0.0
G2_p5_w1_regular,G4_p1,20.0,1.0,1.0,0.0,0,0.0,0.0
G2_p5_w1_regular,G4_p1,10.0,1.0,1.0,0.0,0,0.0,1.481744886158344e-16
G2_p5_w1_regular,G4_p1,0.0,0.85,0.9,0.050000000000000044,0,0.07179487179487176,0.0
G2_p5_w1_regular,G4_p1,-5.0,0.6521739130434783,0.8181818181818182,0.16600790513833996,0,0.11594202898550732,0.0
G2_p5_w1_regular,G4_p2,20.0,1.0,1.0,0.0,0,0.0,1.171422187827603e-16
G2_p5_w1_regular,G4_p2,10.0,1.0,1.0,0.0,0,0.0,0.0
G2_p5_w1_regular,G4_p2,0.0,1.0,1.0,0.0,0,0.052631578947368474,0.0
G2_p5_w1_regular,G4_p2,-5.0,0.8095238095238095,0.9473684210526315,0.137844611528822,0,0.08735110606920027,0.0
G2_p5_w1_regular,G4_p3,20.0,1.0,1.0,0.0,0,0.0,2.342844375597128e-16
G2_p5_w1_regular,G4_p3,10.0,1.0,1.0,0.0,0,0.0,1.4817448860403867e-16
G2_p5_w1_regular,G4_p3,0.0,0.972972972972973,1.0,0.027027027027026973,0,0.027027027027026973,1.8742755004777025e-16
G2_p5_w1_regular,G4_p3,-5.0,0.972972972972973,1.0,0.027027027027026973,0,0.05555555555555558,0.0
G2_p5_w1_regular,G4_p4,20.0,1.0,1.0,0.0,0,0.0,0.0
G2_p5_w1_regular,G4_p4,10.0,1.0,1.0,0.0,0,0.0,0.0
G2_p5_w1_regular,G4_p4,0.0,0.9473684210526315,1.0,0.052631578947368474,1,0.052631578947368474,0.0
G2_p5_w1_regular,G4_p4,-5.0,0.8095238095238095,0.8780487804878049,0.06852497096399535,0,0.053968253968254,2.1079651374753703e-16
G2_p5_w1_variable,G1_p1,20.0,1.0,1.0,0.0,0,0.0,0.0
G2_p5_w1_variable,G1_p1,10.0,1.0,1.0,0.0,0,0.0,1.5540671473184914e-16
G2_p5_w1_variable,G1_p1,0.0,0.9444444444444444,0.9714285714285714,0.026984126984127,1,0.05250965250965245,0.0
G2_p5_w1_variable,G1_p1,-5.0,0.7804878048780488,0.8717948717948718,0.091307066916823,0,0.05581395348837215,0.0
G2_p5_w1_variable,G1_p2,20.0,1.0,1.0,0.0,0,0.0,0.0
G2_p5_w1_variable,G1_p2,10.0,1.0,1.0,0.0,0,0.0,0.0
G2_p5_w1_variable,G1_p2,0.0,0.9411764705882353,1.0,0.05882352941176472,1,0.08571428571428574,0.0
G2_p5_w1_variable,G1_p2,-5.0,0.8108108108108109,0.9142857142857143,0.1034749034749034,0,0.10233918128654973,0.0
G2_p5_w1_variable,G1_p3,20.0,1.0,1.0,0.0,0,0.0,0.0
G2_p5_w1_variable,G1_p3,10.0,1.0,1.0,0.0,0,0.0,0.0
G2_p5_w1_variable,G1_p3,0.0,1.0,1.0,0.0,0,0.0,1.9657567288610296e-16
G2_p5_w1_variable,G1_p3,-5.0,0.9444444444444444,1.0,0.05555555555555558,1,0.07669172932330826,0.0
G2_p5_w1_variable,G1_p4,20.0,1.0,1.0,0.0,0,0.0,0.0
G2_p5_w1_variable,G1_p4,10.0,0.9714285714285714,1.0,0.02857142857142858,0,0.05555555555555558,3.108134294423826e-16
G2_p5_w1_variable,G1_p4,0.0,0.8,0.8648648648648649,0.06486486486486487,0,0.042105263157894646,0.0
G2_p5_w1_variable,G1_p4,-5.0,0.3448275862068966,0.631578947368421,0.28675136116152444,0,0.12513842746400883,2.2108524877638984e-16
G2_p5_w1_variable,G2_p1,20.0,1.0,1.0,0.0,0,0.0,1.2285979555910364e-16
G2_p5_w1_variable,G2_p1,10.0,1.0,1.0,0.0,0,0.0,1.5540671473176308e-16
G2_p5_w1_variable,G2_p1,0.0,0.8648648648648649,0.9714285714285714,0.1065637065637065,1,0.049420849420849344,1.9657567289456586e-16
G2_p5_w1_variable,G2_p1,-5.0,0.7142857142857143,0.8,0.08571428571428574,0,0.06423034330011068,0.0
G2_p5_w1_variable,G2_p2,20.0,1.0,1.0,0.0,0,0.0,2.4571959110355177e-16
G2_p5_w1_variable,G2_p2,10.0,1.0,1.0,0.0,0,0.0,0.0
G2_p5_w1_variable,G2_p2,0.0,0.9411764705882353,0.9714285714285714,0.030252100840336138,1,0.05555555555555558,0.0
G2_p5_w1_variable,G2_p2,-5.0,0.9142857142857143,0.9444444444444444,0.030158730158730163,0,0.030158730158730163,0.0
G2_p5_w1_variable,G2_p3,20.0,1.0,1.0,0.0,0,0.0,0.0
G2_p5_w1_variable,G2_p3,10.0,1.0,1.0,0.0,0,0.0,0.0
G2_p5_w1_variable,G2_p3,0.0,0.9714285714285714,1.0,0.02857142857142858,0,0.05555555555555558,1.9657567288943873e-16
G2_p5_w1_variable,G2_p3,-5.0,0.85,0.8947368421052632,0.044736842105263186,0,0.04047619047619044,0.0
G2_p5_w1_variable,G2_p4,20.0,1.0,1.0,0.0,0,0.0,1.228597955512046e-16
G2_p5_w1_variable,G2_p4,10.0,1.0,1.0,0.0,0,0.05555555555555558,0.0
G2_p5_w1_variable,G2_p4,0.0,0.8108108108108109,0.8421052631578947,0.031294452347083834,0,0.06486486486486487,0.0
G2_p5_w1_variable,G2_p4,-5.0,0.41379310344827586,0.6060606060606061,0.19226750261233022,0,0.1800834824090638,0.0
G2_p5_w1_variable,G3_p1,20.0,1.0,1.0,0.0,0,0.0,1.2285979555990724e-16
G2_p5_w1_variable,G3_p1,10.0,1.0,1.0,0.0,0,0.02857142857142858,0.0
G2_p5_w1_variable,G3_p1,0.0,0.8648648648648649,0.9714285714285714,0.1065637065637065,1,0.12932330827067673,0.0
G2_p5_w1_variable,G3_p1,-5.0,0.65,0.7692307692307693,0.11923076923076925,0,0.09418604651162787,0.0
G2_p5_w1_variable,G3_p2,20.0,1.0,1.0,0.0,0,0.0,1.2285979554986332e-16
G2_p5_w1_variable,G3_p2,10.0,1.0,1.0,0.0,0,0.0,1.554067147200749e-16
G2_p5_w1_variable,G3_p2,0.0,1.0,1.0,0.0,0,0.0,0.0
G2_p5_w1_variable,G3_p2,-5.0,1.0,1.0,0.0,0,0.0,2.210852487748016e-16
G2_p5_w1_variable,G3_p3,20.0,1.0,1.0,0.0,0,0.0,0.0
G2_p5_w1_variable,G3_p3,10.0,1.0,1.0,0.0,0,0.0,0.0
G2_p5_w1_variable,G3_p3,0.0,1.0,1.0,0.0,0,0.0,1.965756728825186e-16
G2_p5_w1_variable,G3_p3,-5.0,0.9714285714285714,1.0,0.02857142857142858,0,0.02857142857142858,0.0
G2_p5_w1_variable,G3_p4,20.0,1.0,1.0,0.0,0,0.0,0.0
G2_p5_w1_variable,G3_p4,10.0,1.0,1.0,0.0,0,0.0,0.0
G2_p5_w1_variable,G3_p4,0.0,0.9714285714285714,1.0,0.02857142857142858,0,0.05555555555555558,0.0
G2_p5_w1_variable,G3_p4,-5.0,0.8888888888888888,0.918918918918919,0.03003003003003013,0,0.06891891891891899,0.0
G2_p5_w1_variable,G4_p1,20.0,1.0,1.0,0.0,0,0.0,1.2285979556037755e-16
G2_p5_w1_variable,G4_p1,10.0,1.0,1.0,0.0,0,0.0,1.5540671473337445e-16
G2_p5_w1_variable,G4_p1,0.0,0.8648648648648649,0.918918918918919,0.05405405405405406,0,0.029689608636977116,0.0
G2_p5_w1_variable,G4_p1,-5.0,0.6341463414634146,0.7619047619047619,0.12775842044134722,0,0.09523809523809523,0.0
G2_p5_w1_variable,G4_p2,20.0,1.0,1.0,0.0,0,0.0,0.0
G2_p5_w1_variable,G4_p2,10.0,1.0,1.0,0.0,0,0.0,1.5540671472485547e-16
G2_p5_w1_variable,G4_p2,0.0,0.9714285714285714,1.0,0.02857142857142858,0,0.02857142857142858,0.0
G2_p5_w1_variable,G4_p2,-5.0,0.8648648648648649,0.918918918918919,0.05405405405405406,0,0.07681365576102428,2.210852487816025e-16
G2_p5_w1_variable,G4_p3,20.0,1.0,1.0,0.0,0,0.0,2.457195911011941e-16
G2_p5_w1_variable,G4_p3,10.0,1.0,1.0,0.0,0,0.0,0.0
G2_p5_w1_variable,G4_p3,0.0,1.0,1.0,0.0,0,0.0,0.0
G2_p5_w1_variable,G4_p3,-5.0,0.9411764705882353,1.0,0.05882352941176472,1,0.02857142857142858,0.0
G2_p5_w1_variable,G4_p4,20.0,1.0,1.0,0.0,0,0.0,0.0
G2_p5_w1_variable,G4_p4,10.0,1.0,1.0,0.0,0,0.0,1.5540671472502086e-16
G2_p5_w1_variable,G4_p4,0.0,0.9714285714285714,1.0,0.02857142857142858,0,0.05555555555555558,0.0
G2_p5_w1_variable,G4_p4,-5.0,0.7906976744186046,0.8421052631578947,0.05140758873929008,0,0.1019955654101995,0.0
G2_p5_w2_regular,G1_p1,20.0,1.0,1.0,0.0,0,0.0,1.1916145420964396e-16
G2_p5_w2_regular,G1_p1,10.0,1.0,1.0,0.0,0,0.0,1.5072864184013374e-16
G2_p5_w2_regular,G1_p1,0.0,0.9473684210526315,1.0,0.052631578947368474,1,0.07692307692307687,1.9065832673543037e-16
G2_p5_w2_regular,G1_p1,-5.0,0.8095238095238095,0.8717948717948718,0.06227106227106227,0,0.07179487179487176,0.0
G2_p5_w2_regular,G1_p2,20.0,1.0,1.0,0.0,0,0.0,1.1916145420416328e-16
G2_p5_w2_regular,G1_p2,10.0,1.0,1.0,0.0,0,0.0,0.0
G2_p5_w2_regular,G1_p2,0.0,0.9473684210526315,1.0,0.052631578947368474,1,0.052631578947368474,1.9065832672666122e-16
G2_p5_w2_regular,G1_p2,-5.0,0.8717948717948718,0.9473684210526315,0.07557354925775972,0,0.10117810117810122,0.0
G2_p5_w2_regular,G1_p3,20.0,1.0,1.0,0.0,0,0.0,0.0
G2_p5_w2_regular,G1_p3,10.0,1.0,1.0,0.0,0,0.0,1.5072864183356122e-16
G2_p5_w2_regular,G1_p3,0.0,1.0,1.0,0.0,0,0.0,1.9065832672711671e-16
G2_p5_w2_regular,G1_p3,-5.0,0.972972972972973,1.0,0.027027027027026973,0,0.07823613086770986,2.144301122206027e-16
G2_p5_w2_regular,G1_p4,20.0,1.0,1.0,0.0,0,0.0,1.1916145420147183e-16
G2_p5_w2_regular,G1_p4,10.0,0.972972972972973,1.0,0.027027027027026973,0,0.027027027027026973,1.5072864182979673e-16
G2_p5_w2_regular,G1_p4,0.0,0.8,0.85,0.04999999999999993,0,0.06852497096399535,1.9065832672235493e-16
G2_p5_w2_regular,G1_p4,-5.0,0.5294117647058824,0.7368421052631579,0.2074303405572755,0,0.10777084515031188,0.0
G2_p5_w2_regular,G2_p1,20.0,1.0,1.0,0.0,0,0.0,0.0
G2_p5_w2_regular,G2_p1,10.0,1.0,1.0,0.0,0,0.0,0.0
G2_p5_w2_regular,G2_p1,0.0,0.918918918918919,0.972972972972973,0.05405405405405406,1,0.05405405405405406,1.9065832673532479e-16
G2_p5_w2_regular,G2_p1,-5.0,0.8205128205128205,0.8717948717948718,0.05128205128205132,0,0.09302325581395354,2.1443011222983422e-16
G2_p5_w2_regular,G2_p2,20.0,1.0,1.0,0.0,0,0.0,1.191614542024708e-16
G2_p5_w2_regular,G2_p2,10.0,1.0,1.0,0.0,0,0.0,3.0145728366212076e-16
G2_p5_w2_regular,G2_p2,0.0,0.972972972972973,1.0,0.027027027027026973,0,0.027027027027026973,0.0
G2_p5_w2_regular,G2_p2,-5.0,0.8947368421052632,0.972972972972973,0.07823613086770986,1,0.07823613086770986,2.1443011221704488e-16
G2_p5_w2_regular,G2_p3,20.0,1.0,1.0,0.0,0,0.0,1.1916145420646998e-16
G2_p5_w2_regular,G2_p3,10.0,1.0,1.0,0.0,0,0.0,0.0
G2_p5_w2_regular,G2_p3,0.0,1.0,1.0,0.0,0,0.027027027027026973,0.0
G2_p5_w2_regular,G2_p3,-5.0,0.85,0.9473684210526315,0.09736842105263155,0,0.09047619047619049,2.1443011222424136e-16
G2_p5_w2_regular,G2_p4,20.0,1.0,1.0,0.0,0,0.0,0.0
G2_p5_w2_regular,G2_p4,10.0,0.972972972972973,1.0,0.027027027027026973,0,0.052631578947368474,1.5072864183035948e-16
G2_p5_w2_regular,G2_p4,0.0,0.8292682926829268,0.9,0.07073170731707323,0,0.07073170731707323,1.9065832672306678e-16
G2_p5_w2_regular,G2_p4,-5.0,0.5714285714285714,0.7567567567567568,0.1853281853281854,0,0.08493427704752277,2.1443011221604786e-16
G2_p5_w2_regular,G3_p1,20.0,1.0,1.0,0.0,0,0.0,1.191614542103574e-16
G2_p5_w2_regular,G3_p1,10.0,1.0,1.0,0.0,0,0.0,1.5072864184103617e-16
G2_p5_w2_regular,G3_p1,0.0,0.8947368421052632,0.9230769230769231,0.028340080971659964,0,0.05128205128205132,1.9065832673657178e-16
G2_p5_w2_regular,G3_p1,-5.0,0.75,0.8717948717948718,0.1217948717948718,0,0.07272727272727275,0.0
G2_p5_w2_regular,G3_p2,20.0,1.0,1.0,0.0,0,0.0,1.191614542006158e-16
G2_p5_w2_regular,G3_p2,10.0,1.0,1.0,0.0,0,0.0,0.0
G2_p5_w2_regular,G3_p2,0.0,1.0,1.0,0.0,0,0.0,0.0
G2_p5_w2_regular,G3_p2,-5.0,1.0,1.0,0.0,0,0.0,0.0
G2_p5_w2_regular,G3_p3,20.0,1.0,1.0,0.0,0,0.0,2.383229084045502e-16
G2_p5_w2_regular,G3_p3,10.0,1.0,1.0,0.0,0,0.0,1.507286418308128e-16
G2_p5_w2_regular,G3_p3,0.0,1.0,1.0,0.0,0,0.0,0.0
G2_p5_w2_regular,G3_p3,-5.0,0.972972972972973,1.0,0.027027027027026973,0,0.027027027027026973,2.1443011221669273e-16
G2_p5_w2_regular,G3_p4,20.0,1.0,1.0,0.0,0,0.0,1.1916145420415236e-16
G2_p5_w2_regular,G3_p4,10.0,1.0,1.0,0.0,0,0.0,0.0
G2_p5_w2_regular,G3_p4,0.0,0.972972972972973,1.0,0.027027027027026973,0,0.027027027027026973,1.9065832672664374e-16
G2_p5_w2_regular,G3_p4,-5.0,0.8780487804878049,0.9444444444444444,0.06639566395663954,0,0.06639566395663954,0.0
G2_p5_w2_regular,G4_p1,20.0,1.0,1.0,0.0,0,0.0,1.1916145421081352e-16
G2_p5_w2_regular,G4_p1,10.0,1.0,1.0,0.0,0,0.0,0.0
G2_p5_w2_regular,G4_p1,0.0,0.85,0.9230769230769231,0.07307692307692315,0,0.028205128205128216,0.0
G2_p5_w2_regular,G4_p1,-5.0,0.6666666666666666,0.7619047619047619,0.09523809523809523,0,0.06312292358803984,0.0
G2_p5_w2_regular,G4_p2,20.0,1.0,1.0,0.0,0,0.0,1.191614542042814e-16
G2_p5_w2_regular,G4_p2,10.0,1.0,1.0,0.0,0,0.0,1.5072864183335057e-16
G2_p5_w2_regular,G4_p2,0.0,1.0,1.0,0.0,0,0.027027027027026973,1.9065832672685025e-16
G2_p5_w2_regular,G4_p2,-5.0,0.85,0.9230769230769231,0.07307692307692315,0,0.07307692307692315,0.0
G2_p5_w2_regular,G4_p3,20.0,1.0,1.0,0.0,0,0.0,0.0
G2_p5_w2_regular,G4_p3,10.0,1.0,1.0,0.0,0,0.0,1.5072864182961413e-16
G2_p5_w2_regular,G4_p3,0.0,0.9714285714285714,1.0,0.02857142857142858,0,0.02857142857142858,1.9065832672212394e-16
G2_p5_w2_regular,G4_p3,-5.0,0.9444444444444444,0.972972972972973,0.028528528528528607,1,0.028528528528528607,0.0
G2_p5_w2_regular,G4_p4,20.0,1.0,1.0,0.0,0,0.0,0.0
G2_p5_w2_regular,G4_p4,10.0,1.0,1.0,0.0,0,0.0,0.0
G2_p5_w2_regular,G4_p4,0.0,0.9473684210526315,0.972972972972973,0.0256045519203415,1,0.052631578947368474,0.0
G2_p5_w2_regular,G4_p4,-5.0,0.7906976744186046,0.9230769230769231,0.13237924865831852,0,0.08441558441558439,0.0
G2_p5_w2_variable,G1_p1,20.0,1.0,1.0,0.0,0,0.0,1.2177777535918325e-16
G2_p5_w2_variable,G1_p1,10.0,1.0,1.0,0.0,0,0.0,1.540380554093394e-16
G2_p5_w2_variable,G1_p1,0.0,0.9743589743589743,0.9743589743589743,0.0,0,0.07317073170731703,0.0
G2_p5_w2_variable,G1_p1,-5.0,0.8181818181818182,0.9047619047619048,0.08658008658008653,0,0.07171717171717173,2.1913816183749039e-16
G2_p5_w2_variable,G1_p2,20.0,1.0,1.0,0.0,0,0.0,1.217777753535822e-16
G2_p5_w2_variable,G1_p2,10.0,1.0,1.0,0.0,0,0.0,0.0
G2_p5_w2_variable,G1_p2,0.0,0.9230769230769231,1.0,0.07692307692307687,1,0.05128205128205121,0.0
G2_p5_w2_variable,G1_p2,-5.0,0.9,0.9743589743589743,0.07435897435897432,1,0.07435897435897432,0.0
G2_p5_w2_variable,G1_p3,20.0,1.0,1.0,0.0,0,0.0,0.0
G2_p5_w2_variable,G1_p3,10.0,1.0,1.0,0.0,0,0.0,1.540380554026226e-16
G2_p5_w2_variable,G1_p3,0.0,1.0,1.0,0.0,0,0.0,0.0
G2_p5_w2_variable,G1_p3,-5.0,0.9743589743589743,1.0,0.02564102564102566,0,0.047529706066291366,0.0
G2_p5_w2_variable,G1_p4,20.0,1.0,1.0,0.0,0,0.0,0.0
G2_p5_w2_variable,G1_p4,10.0,1.0,1.0,0.0,0,0.02564102564102566,1.5403805539877541e-16
G2_p5_w2_variable,G1_p4,0.0,0.8095238095238095,0.8837209302325582,0.07419712070874862,0,0.09302325581395354,1.9484444056133073e-16
G2_p5_w2_variable,G1_p4,-5.0,0.65,0.7368421052631579,0.08684210526315783,0,0.14879227053140098,2.1913816182246185e-16
G2_p5_w2_variable,G2_p1,20.0,1.0,1.0,0.0,0,0.0,1.217777753591158e-16
G2_p5_w2_variable,G2_p1,10.0,1.0,1.0,0.0,0,0.0,0.0
G2_p5_w2_variable,G2_p1,0.0,0.9,1.0,0.09999999999999998,1,0.07435897435897432,0.0
G2_p5_w2_variable,G2_p1,-5.0,0.8181818181818182,0.8717948717948718,0.053613053613053574,0,0.06418219461697727,2.1913816183736907e-16
G2_p5_w2_variable,G2_p2,20.0,1.0,1.0,0.0,0,0.0,0.0
G2_p5_w2_variable,G2_p2,10.0,1.0,1.0,0.0,0,0.0,0.0
G2_p5_w2_variable,G2_p2,0.0,0.95,1.0,0.050000000000000044,0,0.050000000000000044,0.0
G2_p5_w2_variable,G2_p2,-5.0,0.9230769230769231,0.95,0.026923076923076827,1,0.05526315789473679,2.191381618242989e-16
G2_p5_w2_variable,G2_p3,20.0,1.0,1.0,0.0,0,0.0,1.2177777535593957e-16
G2_p5_w2_variable,G2_p3,10.0,1.0,1.0,0.0,0,0.0,1.5403805540523643e-16
G2_p5_w2_variable,G2_p3,0.0,0.9743589743589743,1.0,0.02564102564102566,0,0.02564102564102566,0.0
G2_p5_w2_variable,G2_p3,-5.0,0.8636363636363636,0.926829268292683,0.06319290465631933,0,0.04878048780487809,2.1913816183165346e-16
G2_p5_w2_variable,G2_p4,20.0,1.0,1.0,0.0,0,0.0,1.2177777535128633e-16
G2_p5_w2_variable,G2_p4,10.0,1.0,1.0,0.0,0,0.02564102564102566,0.0
G2_p5_w2_variable,G2_p4,0.0,0.7804878048780488,0.8780487804878049,0.09756097560975607,0,0.09302325581395354,0.0
G2_p5_w2_variable,G2_p4,-5.0,0.47058823529411764,0.5789473684210527,0.10835913312693501,0,0.13055555555555554,2.1913816182328e-16
G2_p5_w2_variable,G3_p1,20.0,1.0,1.0,0.0,0,0.0,0.0
G2_p5_w2_variable,G3_p1,10.0,1.0,1.0,0.0,0,0.0,0.0
G2_p5_w2_variable,G3_p1,0.0,0.9047619047619048,0.95,0.04523809523809519,1,0.0662790697674418,1.948444405758597e-16
G2_p5_w2_variable,G3_p1,-5.0,0.6666666666666666,0.9047619047619048,0.23809523809523814,0,0.21247357293868918,0.0
G2_p5_w2_variable,G3_p2,20.0,1.0,1.0,0.0,0,0.0,1.2177777534995685e-16
G2_p5_w2_variable,G3_p2,10.0,1.0,1.0,0.0,0,0.0,1.5403805539766884e-16
G2_p5_w2_variable,G3_p2,0.0,1.0,1.0,0.0,0,0.0,0.0
G2_p5_w2_variable,G3_p2,-5.0,1.0,1.0,0.0,0,0.0,0.0
G2_p5_w2_variable,G3_p3,20.0,1.0,1.0,0.0,0,0.0,0.0
G2_p5_w2_variable,G3_p3,10.0,1.0,1.0,0.0,0,0.0,0.0
G2_p5_w2_variable,G3_p3,0.0,1.0,1.0,0.0,0,0.0,1.9484444056264416e-16
G2_p5_w2_variable,G3_p3,-5.0,0.9743589743589743,1.0,0.02564102564102566,0,0.02564102564102566,2.1913816182393909e-16
G2_p5_w2_variable,G3_p4,20.0,1.0,1.0,0.0,0,0.0,0.0
G2_p5_w2_variable,G3_p4,10.0,1.0,1.0,0.0,0,0.0,0.0
G2_p5_w2_variable,G3_p4,0.0,0.9743589743589743,1.0,0.02564102564102566,0,0.02564102564102566,1.948444405657137e-16
G2_p5_w2_variable,G3_p4,-5.0,0.95,0.9743589743589743,0.024358974358974383,0,0.0,0.0
G2_p5_w2_variable,G4_p1,20.0,1.0,1.0,0.0,0,0.0,1.217777753603785e-16
G2_p5_w2_variable,G4_p1,10.0,1.0,1.0,0.0,0,0.0,1.540380554108513e-16
G2_p5_w2_variable,G4_p1,0.0,0.8780487804878049,0.9473684210526315,0.06931964056482665,0,0.06364749082007337,1.948444405766056e-16
G2_p5_w2_variable,G4_p1,-5.0,0.6511627906976745,0.8095238095238095,0.15836101882613507,0,0.18181818181818188,2.1913816183964122e-16
G2_p5_w2_variable,G4_p2,20.0,1.0,1.0,0.0,0,0.0,0.0
G2_p5_w2_variable,G4_p2,10.0,1.0,1.0,0.0,0,0.0,1.540380554024073e-16
G2_p5_w2_variable,G4_p2,0.0,1.0,1.0,0.0,0,0.02564102564102566,0.0
G2_p5_w2_variable,G4_p2,-5.0,0.8372093023255814,0.95,0.11279069767441852,1,0.06319290465631933,0.0
G2_p5_w2_variable,G4_p3,20.0,1.0,1.0,0.0,0,0.0,1.2177777535068416e-16
G2_p5_w2_variable,G4_p3,10.0,1.0,1.0,0.0,0,0.0,1.5403805539858882e-16
G2_p5_w2_variable,G4_p3,0.0,0.9743589743589743,1.0,0.02564102564102566,0,0.02564102564102566,1.9484444056109466e-16
G2_p5_w2_variable,G4_p3,-5.0,0.9473684210526315,1.0,0.052631578947368474,1,0.052631578947368474,0.0
G2_p5_w2_variable,G4_p4,20.0,1.0,1.0,0.0,0,0.0,0.0
G2_p5_w2_variable,G4_p4,10.0,1.0,1.0,0.0,0,0.0,0.0
G2_p5_w2_variable,G4_p4,0.0,0.95,1.0,0.050000000000000044,0,0.050000000000000044,0.0
G2_p5_w2_variable,G4_p4,-5.0,0.8571428571428571,0.926829268292683,0.06968641114982588,0,0.05763397371081902,0.0
G2_p5_w3_regular,G1_p1,20.0,1.0,1.0,0.0,0,0.0,1.169481761708197e-16
G2_p5_w3_regular,G1_p1,10.0,1.0,1.0,0.0,0,0.0,0.0
G2_p5_w3_regular,G1_p1,0.0,0.9473684210526315,1.0,0.052631578947368474,1,0.07692307692307687,0.0
G2_p5_w3_regular,G1_p1,-5.0,0.7906976744186046,0.8780487804878049,0.08735110606920027,0,0.1298701298701298,0.0
G2_p5_w3_regular,G1_p2,20.0,1.0,1.0,0.0,0,0.0,0.0
G2_p5_w3_regular,G1_p2,10.0,1.0,1.0,0.0,0,0.0,0.0
G2_p5_w3_regular,G1_p2,0.0,0.9473684210526315,1.0,0.052631578947368474,1,0.052631578947368474,0.0
G2_p5_w3_regular,G1_p2,-5.0,0.9230769230769231,0.972972972972973,0.0498960498960499,1,0.0498960498960499,0.0
G2_p5_w3_regular,G1_p3,20.0,1.0,1.0,0.0,0,0.0,0.0
G2_p5_w3_regular,G1_p3,10.0,1.0,1.0,0.0,0,0.0,1.479290419545172e-16
G2_p5_w3_regular,G1_p3,0.0,1.0,1.0,0.0,0,0.0,0.0
G2_p5_w3_regular,G1_p3,-5.0,0.9473684210526315,1.0,0.052631578947368474,1,0.09492419248516815,0.0
G2_p5_w3_regular,G1_p4,20.0,1.0,1.0,0.0,0,0.0,0.0
G2_p5_w3_regular,G1_p4,10.0,1.0,1.0,0.0,0,0.027027027027026973,1.4792904195082264e-16
G2_p5_w3_regular,G1_p4,0.0,0.7567567567567568,0.8421052631578947,0.08534850640113789,0,0.060037523452157515,0.0
G2_p5_w3_regular,G1_p4,-5.0,0.26666666666666666,0.717948717948718,0.4512820512820513,0,0.09418604651162787,2.1044733555834553e-16
G2_p5_w3_regular,G2_p1,20.0,1.0,1.0,0.0,0,0.0,0.0
G2_p5_w3_regular,G2_p1,10.0,1.0,1.0,0.0,0,0.0,0.0
G2_p5_w3_regular,G2_p1,0.0,0.9230769230769231,0.972972972972973,0.0498960498960499,1,0.072972972972973,0.0
G2_p5_w3_regular,G2_p1,-5.0,0.7619047619047619,0.8292682926829268,0.06736353077816493,0,0.06533776301218164,2.1044733557266155e-16
G2_p5_w3_regular,G2_p2,20.0,1.0,1.0,0.0,0,0.0,0.0
G2_p5_w3_regular,G2_p2,10.0,1.0,1.0,0.0,0,0.0,1.4792904195206278e-16
G2_p5_w3_regular,G2_p2,0.0,0.972972972972973,1.0,0.027027027027026973,0,0.027027027027026973,0.0
G2_p5_w3_regular,G2_p2,-5.0,0.9473684210526315,0.972972972972973,0.0256045519203415,1,0.0498960498960499,0.0
G2_p5_w3_regular,G2_p3,20.0,1.0,1.0,0.0,0,0.0,1.1694817616770464e-16
G2_p5_w3_regular,G2_p3,10.0,1.0,1.0,0.0,0,0.0,0.0
G2_p5_w3_regular,G2_p3,0.0,0.972972972972973,1.0,0.027027027027026973,0,0.027027027027026973,0.0
G2_p5_w3_regular,G2_p3,-5.0,0.8780487804878049,0.9230769230769231,0.04502814258911825,0,0.09380863039399634,0.0
G2_p5_w3_regular,G2_p4,20.0,1.0,1.0,0.0,0,0.0,0.0
G2_p5_w3_regular,G2_p4,10.0,0.972972972972973,1.0,0.027027027027026973,0,0.027027027027026973,1.4792904195137492e-16
G2_p5_w3_regular,G2_p4,0.0,0.85,0.8780487804878049,0.028048780487804903,0,0.07665505226480829,1.8711708186117758e-16
G2_p5_w3_regular,G2_p4,-5.0,0.3225806451612903,0.7368421052631579,0.41426146010186754,0,0.22446916076845302,0.0
G2_p5_w3_regular,G3_p1,20.0,1.0,1.0,0.0,0,0.0,1.1694817617151987e-16
G2_p5_w3_regular,G3_p1,10.0,1.0,1.0,0.0,0,0.027027027027026973,0.0
G2_p5_w3_regular,G3_p1,0.0,0.8717948717948718,0.918918918918919,0.047124047124047164,0,0.10939510939510944,0.0
G2_p5_w3_regular,G3_p1,-5.0,0.6341463414634146,0.85,0.21585365853658534,0,0.06161616161616157,0.0
G2_p5_w3_regular,G3_p2,20.0,1.0,1.0,0.0,0,0.0,1.1694817616195922e-16
G2_p5_w3_regular,G3_p2,10.0,1.0,1.0,0.0,0,0.0,0.0
G2_p5_w3_regular,G3_p2,0.0,1.0,1.0,0.0,0,0.0,0.0
G2_p5_w3_regular,G3_p2,-5.0,1.0,1.0,0.0,0,0.0,2.1044733555683375e-16
G2_p5_w3_regular,G3_p3,20.0,1.0,1.0,0.0,0,0.0,1.169481761635877e-16
G2_p5_w3_regular,G3_p3,10.0,1.0,1.0,0.0,0,0.0,0.0
G2_p5_w3_regular,G3_p3,0.0,1.0,1.0,0.0,0,0.027027027027026973,1.8711708186174036e-16
G2_p5_w3_regular,G3_p3,-5.0,0.972972972972973,1.0,0.027027027027026973,0,0.027027027027026973,0.0
G2_p5_w3_regular,G3_p4,20.0,1.0,1.0,0.0,0,0.0,0.0
G2_p5_w3_regular,G3_p4,10.0,1.0,1.0,0.0,0,0.0,0.0
G2_p5_w3_regular,G3_p4,0.0,0.972972972972973,1.0,0.027027027027026973,0,0.0256045519203415,1.871170818646881e-16
G2_p5_w3_regular,G3_p4,-5.0,0.9,0.9473684210526315,0.047368421052631504,0,0.047368421052631504,2.1044733556307956e-16
G2_p5_w3_regular,G4_p1,20.0,1.0,1.0,0.0,0,0.0,0.0
G2_p5_w3_regular,G4_p1,10.0,1.0,1.0,0.0,0,0.0,0.0
G2_p5_w3_regular,G4_p1,0.0,0.8421052631578947,0.9473684210526315,0.10526315789473684,0,0.1336032388663968,0.0
G2_p5_w3_regular,G4_p1,-5.0,0.6190476190476191,0.75,0.13095238095238093,0,0.09883720930232553,2.1044733557484367e-16
G2_p5_w3_regular,G4_p2,20.0,1.0,1.0,0.0,0,0.0,0.0
G2_p5_w3_regular,G4_p2,10.0,1.0,1.0,0.0,0,0.0,0.0
G2_p5_w3_regular,G4_p2,0.0,1.0,1.0,0.0,0,0.027027027027026973,0.0
G2_p5_w3_regular,G4_p2,-5.0,0.85,0.918918918918919,0.06891891891891899,0,0.09380863039399634,2.1044733556330746e-16
G2_p5_w3_regular,G4_p3,20.0,1.0,1.0,0.0,0,0.0,1.1694817616265766e-16
G2_p5_w3_regular,G4_p3,10.0,1.0,1.0,0.0,0,0.0,1.4792904195064342e-16
G2_p5_w3_regular,G4_p3,0.0,0.972972972972973,1.0,0.027027027027026973,0,0.027027027027026973,1.871170818602523e-16
G2_p5_w3_regular,G4_p3,-5.0,0.9444444444444444,1.0,0.05555555555555558,1,0.05555555555555558,0.0
G2_p5_w3_regular,G4_p4,20.0,1.0,1.0,0.0,0,0.0,1.169481761656812e-16
G2_p5_w3_regular,G4_p4,10.0,1.0,1.0,0.0,0,0.0,1.4792904195446792e-16
G2_p5_w3_regular,G4_p4,0.0,0.9473684210526315,1.0,0.052631578947368474,1,0.052631578947368474,0.0
G2_p5_w3_regular,G4_p4,-5.0,0.7906976744186046,0.9230769230769231,0.13237924865831852,0,0.1048951048951049,0.0
G2_p5_w3_variable,G1_p1,20.0,1.0,1.0,0.0,0,0.0,0.0
G2_p5_w3_variable,G1_p1,10.0,1.0,1.0,0.0,0,0.0,0.0
G2_p5_w3_variable,G1_p1,0.0,0.9523809523809523,1.0,0.04761904761904767,0,0.023228803716608626,0.0
G2_p5_w3_variable,G1_p1,-5.0,0.7906976744186046,0.9090909090909091,0.11839323467230445,0,0.13636363636363635,0.0
G2_p5_w3_variable,G1_p2,20.0,1.0,1.0,0.0,0,0.0,1.1681040559579153e-16
G2_p5_w3_variable,G1_p2,10.0,1.0,1.0,0.0,0,0.0,0.0
G2_p5_w3_variable,G1_p2,0.0,0.9523809523809523,1.0,0.04761904761904767,0,0.024390243902439046,1.8689664895326643e-16
G2_p5_w3_variable,G1_p2,-5.0,0.8571428571428571,0.975609756097561,0.11846689895470386,1,0.13840045377197951,2.1019941849203065e-16
G2_p5_w3_variable,G1_p3,20.0,1.0,1.0,0.0,0,0.0,0.0
G2_p5_w3_variable,G1_p3,10.0,1.0,1.0,0.0,0,0.0,2.955095488733291e-16
G2_p5_w3_variable,G1_p3,0.0,1.0,1.0,0.0,0,0.0,1.8689664895371288e-16
G2_p5_w3_variable,G1_p3,-5.0,0.9523809523809523,1.0,0.04761904761904767,0,0.022148394241417457,2.1019941849253276e-16
G2_p5_w3_variable,G1_p4,20.0,1.0,1.0,0.0,0,0.0,0.0
G2_p5_w3_variable,G1_p4,10.0,1.0,1.0,0.0,0,0.024390243902439046,1.4775477443297434e-16
G2_p5_w3_variable,G1_p4,0.0,0.8,0.8837209302325582,0.08372093023255811,0,0.10808080808080811,0.0
G2_p5_w3_variable,G1_p4,-5.0,0.45714285714285713,0.6976744186046512,0.24053156146179405,0,0.1515151515151516,2.1019941848728297e-16
G2_p5_w3_variable,G2_p1,20.0,1.0,1.0,0.0,0,0.0,0.0
G2_p5_w3_variable,G2_p1,10.0,1.0,1.0,0.0,0,0.0,0.0
G2_p5_w3_variable,G2_p1,0.0,0.9302325581395349,1.0,0.06976744186046513,1,0.09090909090909094,0.0
G2_p5_w3_variable,G2_p1,-5.0,0.7619047619047619,0.8444444444444444,0.08253968253968258,0,0.0608695652173914,2.1019941850158213e-16
G2_p5_w3_variable,G2_p2,20.0,1.0,1.0,0.0,0,0.0,0.0
G2_p5_w3_variable,G2_p2,10.0,1.0,1.0,0.0,0,0.0,1.4775477443421302e-16
G2_p5_w3_variable,G2_p2,0.0,0.975609756097561,0.975609756097561,0.0,0,0.024390243902439046,0.0
G2_p5_w3_variable,G2_p2,-5.0,0.9090909090909091,0.9523809523809523,0.04329004329004327,1,0.0665188470066519,0.0
G2_p5_w3_variable,G2_p3,20.0,1.0,1.0,0.0,0,0.0,0.0
G2_p5_w3_variable,G2_p3,10.0,1.0,1.0,0.0,0,0.0,0.0
G2_p5_w3_variable,G2_p3,0.0,1.0,1.0,0.0,0,0.04761904761904767,1.8689664895688435e-16
G2_p5_w3_variable,G2_p3,-5.0,0.8636363636363636,0.9090909090909091,0.045454545454545414,0,0.025252525252525193,0.0
G2_p5_w3_variable,G2_p4,20.0,1.0,1.0,0.0,0,0.0,1.168104055935893e-16
G2_p5_w3_variable,G2_p4,10.0,0.975609756097561,1.0,0.024390243902439046,0,0.024390243902439046,0.0
G2_p5_w3_variable,G2_p4,0.0,0.7727272727272727,0.8780487804878049,0.10532150776053217,0,0.04651162790697683,1.8689664894974289e-16
G2_p5_w3_variable,G2_p4,-5.0,0.47058823529411764,0.6829268292682927,0.2123385939741751,0,0.11378353376503236,0.0
G2_p5_w3_variable,G3_p1,20.0,1.0,1.0,0.0,0,0.0,0.0
G2_p5_w3_variable,G3_p1,10.0,1.0,1.0,0.0,0,0.024390243902439046,1.4775477444399201e-16
G2_p5_w3_variable,G3_p1,0.0,0.8888888888888888,0.95,0.061111111111111116,1,0.08636363636363631,1.868966489629815e-16
G2_p5_w3_variable,G3_p1,-5.0,0.7804878048780488,0.8085106382978723,0.02802283341982348,0,0.07272727272727275,0.0
G2_p5_w3_variable,G3_p2,20.0,1.0,1.0,0.0,0,0.0,0.0
G2_p5_w3_variable,G3_p2,10.0,1.0,1.0,0.0,0,0.0,0.0
G2_p5_w3_variable,G3_p2,0.0,1.0,1.0,0.0,0,0.0,1.8689664894770247e-16
G2_p5_w3_variable,G3_p2,-5.0,1.0,1.0,0.0,0,0.0,0.0
G2_p5_w3_variable,G3_p3,20.0,1.0,1.0,0.0,0,0.0,1.1681040559394062e-16
G2_p5_w3_variable,G3_p3,10.0,1.0,1.0,0.0,0,0.0,0.0
G2_p5_w3_variable,G3_p3,0.0,1.0,1.0,0.0,0,0.024390243902439046,0.0
G2_p5_w3_variable,G3_p3,-5.0,0.975609756097561,1.0,0.024390243902439046,0,0.024390243902439046,0.0
G2_p5_w3_variable,G3_p4,20.0,1.0,1.0,0.0,0,0.0,1.168104055957808e-16
G2_p5_w3_variable,G3_p4,10.0,1.0,1.0,0.0,0,0.0,0.0
G2_p5_w3_variable,G3_p4,0.0,0.975609756097561,1.0,0.024390243902439046,0,0.024390243902439046,0.0
G2_p5_w3_variable,G3_p4,-5.0,0.9090909090909091,1.0,0.09090909090909094,1,0.025551684088269355,2.1019941849201135e-16
G2_p5_w3_variable,G4_p1,20.0,1.0,1.0,0.0,0,0.0,1.1681040560231058e-16
G2_p5_w3_variable,G4_p1,10.0,1.0,1.0,0.0,0,0.024390243902439046,0.0
G2_p5_w3_variable,G4_p1,0.0,0.8372093023255814,0.926829268292683,0.08961996596710153,0,0.08658008658008653,3.737932979273939e-16
G2_p5_w3_variable,G4_p1,-5.0,0.7555555555555555,0.8372093023255814,0.0816537467700259,0,0.03359683794466406,0.0
G2_p5_w3_variable,G4_p2,20.0,1.0,1.0,0.0,0,0.0,0.0
G2_p5_w3_variable,G4_p2,10.0,1.0,1.0,0.0,0,0.0,1.4775477443645807e-16
G2_p5_w3_variable,G4_p2,0.0,1.0,1.0,0.0,0,0.024390243902439046,1.868966489534517e-16
G2_p5_w3_variable,G4_p2,-5.0,0.8,0.9523809523809523,0.15238095238095228,1,0.13023255813953483,0.0
G2_p5_w3_variable,G4_p3,20.0,1.0,1.0,0.0,0,0.0,1.1681040559301166e-16
G2_p5_w3_variable,G4_p3,10.0,1.0,1.0,0.0,0,0.0,1.4775477443279532e-16
G2_p5_w3_variable,G4_p3,0.0,0.975609756097561,1.0,0.024390243902439046,0,0.024390243902439046,0.0
G2_p5_w3_variable,G4_p3,-5.0,0.975609756097561,1.0,0.024390243902439046,0,0.024390243902439046,0.0
G2_p5_w3_variable,G4_p4,20.0,1.0,1.0,0.0,0,0.0,0.0
G2_p5_w3_variable,G4_p4,10.0,1.0,1.0,0.0,0,0.0,0.0
G2_p5_w3_variable,G4_p4,0.0,0.9523809523809523,1.0,0.04761904761904767,0,0.04761904761904767,0.0
G2_p5_w3_variable,G4_p4,-5.0,0.8260869565217391,0.8571428571428571,0.03105590062111796,0,0.042553191489361764,2.1019941849246277e-16
G3_p0_w0_regular,G1_p1,20.0,1.0,1.0,0.0,0,0.0,0.0
G3_p0_w0_regular,G1_p1,10.0,1.0,1.0,0.0,0,0.0,0.0
G3_p0_w0_regular,G1_p1,0.0,0.9302325581395349,0.975609756097561,0.04537719795802608,1,0.04329004329004327,1.7181806407344353e-16
G3_p0_w0_regular,G1_p1,-5.0,0.8181818181818182,0.9090909090909091,0.09090909090909083,0,0.0628019323671497,0.0
G3_p0_w0_regular,G1_p2,20.0,1.0,1.0,0.0,0,0.0,2.1477258008192623e-16
G3_p0_w0_regular,G1_p2,10.0,1.0,1.0,0.0,0,0.0,1.358341064019599e-16
G3_p0_w0_regular,G1_p2,0.0,0.975609756097561,0.975609756097561,0.0,0,0.023228803716608626,0.0
G3_p0_w0_regular,G1_p2,-5.0,0.926829268292683,0.975609756097561,0.04878048780487798,1,0.025551684088269355,0.0
G3_p0_w0_regular,G1_p3,20.0,1.0,1.0,0.0,0,0.0,0.0
G3_p0_w0_regular,G1_p3,10.0,1.0,1.0,0.0,0,0.0,0.0
G3_p0_w0_regular,G1_p3,0.0,1.0,1.0,0.0,0,0.024390243902439046,1.718180640659514e-16
G3_p0_w0_regular,G1_p3,-5.0,0.9302325581395349,0.975609756097561,0.04537719795802608,1,0.04329004329004327,0.0
G3_p0_w0_regular,G1_p4,20.0,1.0,1.0,0.0,0,0.0,0.0
G3_p0_w0_regular,G1_p4,10.0,1.0,1.0,0.0,0,0.04761904761904767,0.0
G3_p0_w0_regular,G1_p4,0.0,0.7727272727272727,0.8372093023255814,0.06448202959830873,0,0.09881422924901184,1.718180640616602e-16
G3_p0_w0_regular,G1_p4,-5.0,0.125,0.34285714285714286,0.21785714285714286,0,0.2055335968379447,0.0
G3_p0_w0_regular,G2_p1,20.0,1.0,1.0,0.0,0,0.0,0.0
G3_p0_w0_regular,G2_p1,10.0,1.0,1.0,0.0,0,0.0,0.0
G3_p0_w0_regular,G2_p1,0.0,0.9090909090909091,0.9743589743589743,0.06526806526806528,1,0.11111111111111116,1.7181806407334837e-16
G3_p0_w0_regular,G2_p1,-5.0,0.8095238095238095,0.975609756097561,0.16608594657375142,1,0.20819490586932443,1.932407956852941e-16
G3_p0_w0_regular,G2_p2,20.0,1.0,1.0,0.0,0,0.0,0.0
G3_p0_w0_regular,G2_p2,10.0,1.0,1.0,0.0,0,0.0,2.7166821280006125e-16
G3_p0_w0_regular,G2_p2,0.0,0.9523809523809523,0.975609756097561,0.023228803716608626,0,0.04761904761904767,0.0
G3_p0_w0_regular,G2_p2,-5.0,0.9047619047619048,0.9523809523809523,0.04761904761904756,1,0.04761904761904756,0.0
G3_p0_w0_regular,G2_p3,20.0,1.0,1.0,0.0,0,0.0,2.147725800860837e-16
G3_p0_w0_regular,G2_p3,10.0,1.0,1.0,0.0,0,0.0,0.0
G3_p0_w0_regular,G2_p3,0.0,0.95,1.0,0.050000000000000044,0,0.024390243902439046,0.0
G3_p0_w0_regular,G2_p3,-5.0,0.7906976744186046,0.8888888888888888,0.09819121447028423,0,0.07777777777777783,0.0
G3_p0_w0_regular,G2_p4,20.0,1.0,1.0,0.0,0,0.0,0.0
G3_p0_w0_regular,G2_p4,10.0,0.9302325581395349,1.0,0.06976744186046513,1,0.06976744186046513,1.35834106399399e-16
G3_p0_w0_regular,G2_p4,0.0,0.7727272727272727,0.8837209302325582,0.11099365750528545,0,0.10808080808080811,0.0
G3_p0_w0_regular,G2_p4,-5.0,0.2,0.3870967741935484,0.18709677419354837,0,0.1400709219858156,0.0
G3_p0_w0_regular,G3_p1,20.0,1.0,1.0,0.0,0,0.0,0.0
G3_p0_w0_regular,G3_p1,10.0,1.0,1.0,0.0,0,0.024390243902439046,0.0
G3_p0_w0_regular,G3_p1,0.0,0.8636363636363636,0.926829268292683,0.06319290465631933,0,0.06968641114982588,1.7181806407447222e-16
G3_p0_w0_regular,G3_p1,-5.0,0.6976744186046512,0.8837209302325582,0.18604651162790697,0,0.16359338061465722,0.0
G3_p0_w0_regular,G3_p2,20.0,1.0,1.0,0.0,0,0.0,0.0
G3_p0_w0_regular,G3_p2,10.0,1.0,1.0,0.0,0,0.0,0.0
G3_p0_w0_regular,G3_p2,0.0,1.0,1.0,0.0,0,0.0,0.0
G3_p0_w0_regular,G3_p2,-5.0,1.0,1.0,0.0,0,0.0,0.0
G3_p0_w0_regular,G3_p3,20.0,1.0,1.0,0.0,0,0.0,2.14772580078523e-16
G3_p0_w0_regular,G3_p3,10.0,1.0,1.0,0.0,0,0.0,0.0
G3_p0_w0_regular,G3_p3,0.0,1.0,1.0,0.0,0,0.0,0.0
G3_p0_w0_regular,G3_p3,-5.0,0.975609756097561,1.0,0.024390243902439046,0,0.024390243902439046,1.932407956734512e-16
G3_p0_w0_regular,G3_p4,20.0,1.0,1.0,0.0,0,0.0,0.0
G3_p0_w0_regular,G3_p4,10.0,1.0,1.0,0.0,0,0.0,0.0
G3_p0_w0_regular,G3_p4,0.0,0.975609756097561,1.0,0.024390243902439046,0,0.04761904761904767,0.0
G3_p0_w0_regular,G3_p4,-5.0,0.8837209302325582,0.9302325581395349,0.046511627906976716,0,0.06659619450317122,0.0
G3_p0_w0_regular,G4_p1,20.0,1.0,1.0,0.0,0,0.0,0.0
G3_p0_w0_regular,G4_p1,10.0,1.0,1.0,0.0,0,0.0,1.3583410640954064e-16
G3_p0_w0_regular,G4_p1,0.0,0.8333333333333334,0.9302325581395349,0.0968992248062015,0,0.10909090909090902,0.0
G3_p0_w0_regular,G4_p1,-5.0,0.5909090909090909,0.7555555555555555,0.1646464646464646,0,0.10873440285204994,0.0
G3_p0_w0_regular,G4_p2,20.0,1.0,1.0,0.0,0,0.0,0.0
G3_p0_w0_regular,G4_p2,10.0,1.0,1.0,0.0,0,0.0,0.0
G3_p0_w0_regular,G4_p2,0.0,0.975609756097561,1.0,0.024390243902439046,0,0.04761904761904767,1.718180640657113e-16
G3_p0_w0_regular,G4_p2,-5.0,0.8,0.9090909090909091,0.10909090909090902,0,0.1264822134387351,0.0
G3_p0_w0_regular,G4_p3,20.0,1.0,1.0,0.0,0,0.0,2.1477258007681503e-16
G3_p0_w0_regular,G4_p3,10.0,1.0,1.0,0.0,0,0.0,0.0
G3_p0_w0_regular,G4_p3,0.0,0.975609756097561,1.0,0.024390243902439046,0,0.024390243902439046,1.7181806406145205e-16
G3_p0_w0_regular,G4_p3,-5.0,0.975609756097561,1.0,0.024390243902439046,0,0.024390243902439046,1.9324079567191449e-16
G3_p0_w0_regular,G4_p4,20.0,1.0,1.0,0.0,0,0.0,0.0
G3_p0_w0_regular,G4_p4,10.0,1.0,1.0,0.0,0,0.0,0.0
G3_p0_w0_regular,G4_p4,0.0,0.9090909090909091,0.975609756097561,0.0665188470066519,1,0.023228803716608626,1.7181806406589415e-16
G3_p0_w0_regular,G4_p4,-5.0,0.7659574468085106,0.8444444444444444,0.07848699763593381,0,0.06737588652482274,1.9324079567691044e-16
G3_p0_w0_variable,G1_p1,20.0,1.0,1.0,0.0,0,0.0,2.1926818707458222e-16
G3_p0_w0_variable,G1_p1,10.0,1.0,1.0,0.0,0,0.0,0.0
G3_p0_w0_variable,G1_p1,0.0,0.926829268292683,1.0,0.07317073170731703,1,0.06959706959706957,0.0
G3_p0_w0_variable,G1_p1,-5.0,0.7555555555555555,0.8292682926829268,0.07371273712737125,0,0.1428571428571428,0.0
G3_p0_w0_variable,G1_p2,20.0,1.0,1.0,0.0,0,0.0,0.0
G3_p0_w0_variable,G1_p2,10.0,1.0,1.0,0.0,0,0.0,1.3867737790793614e-16
G3_p0_w0_variable,G1_p2,0.0,0.9230769230769231,1.0,0.07692307692307687,1,0.07692307692307687,0.0
G3_p0_w0_variable,G1_p2,-5.0,0.8780487804878049,0.9230769230769231,0.04502814258911825,0,0.06968641114982588,1.9728570061749557e-16
G3_p0_w0_variable,G1_p3,20.0,1.0,1.0,0.0,0,0.0,2.19268187065021e-16
G3_p0_w0_variable,G1_p3,10.0,1.0,1.0,0.0,0,0.0,0.0
G3_p0_w0_variable,G1_p3,0.0,1.0,1.0,0.0,0,0.0,0.0
G3_p0_w0_variable,G1_p3,-5.0,0.926829268292683,0.9743589743589743,0.047529706066291366,1,0.01831501831501836,0.0
G3_p0_w0_variable,G1_p4,20.0,1.0,1.0,0.0,0,0.0,0.0
G3_p0_w0_variable,G1_p4,10.0,0.9743589743589743,1.0,0.02564102564102566,0,0.02564102564102566,1.3867737790480392e-16
G3_p0_w0_variable,G1_p4,0.0,0.7441860465116279,0.8837209302325582,0.13953488372093026,0,0.09302325581395354,0.0
G3_p0_w0_variable,G1_p4,-5.0,0.12903225806451613,0.42424242424242425,0.29521016617790813,0,0.07575757575757569,0.0
G3_p0_w0_variable,G2_p1,20.0,1.0,1.0,0.0,0,0.0,0.0
G3_p0_w0_variable,G2_p1,10.0,1.0,1.0,0.0,0,0.0,1.3867737791423764e-16
G3_p0_w0_variable,G2_p1,0.0,0.9047619047619048,0.9473684210526315,0.04260651629072676,0,0.04999999999999993,0.0
G3_p0_w0_variable,G2_p1,-5.0,0.7619047619047619,0.8444444444444444,0.08253968253968258,0,0.08413926499032887,0.0
G3_p0_w0_variable,G2_p2,20.0,1.0,1.0,0.0,0,0.0,2.1926818706138293e-16
G3_p0_w0_variable,G2_p2,10.0,1.0,1.0,0.0,0,0.0,0.0
G3_p0_w0_variable,G2_p2,0.0,0.972972972972973,1.0,0.027027027027026973,0,0.027027027027026973,0.0
G3_p0_w0_variable,G2_p2,-5.0,0.8780487804878049,0.95,0.07195121951219507,1,0.11721611721611724,0.0
G3_p0_w0_variable,G2_p3,20.0,1.0,1.0,0.0,0,0.0,2.1926818706874174e-16
G3_p0_w0_variable,G2_p3,10.0,1.0,1.0,0.0,0,0.0,1.3867737791062066e-16
G3_p0_w0_variable,G2_p3,0.0,0.9743589743589743,1.0,0.02564102564102566,0,0.02564102564102566,0.0
G3_p0_w0_variable,G2_p3,-5.0,0.7441860465116279,0.9743589743589743,0.23017292784734644,1,0.22272727272727266,0.0
G3_p0_w0_variable,G2_p4,20.0,1.0,1.0,0.0,0,0.0,0.0
G3_p0_w0_variable,G2_p4,10.0,0.9743589743589743,1.0,0.02564102564102566,0,0.050000000000000044,0.0
G3_p0_w0_variable,G2_p4,0.0,0.7317073170731707,0.7906976744186046,0.0589903573454339,0,0.06342494714587732,0.0
G3_p0_w0_variable,G2_p4,-5.0,0.25806451612903225,0.47058823529411764,0.2125237191650854,0,0.10963455149501666,1.9728570061377614e-16
G3_p0_w0_variable,G3_p1,20.0,1.0,1.0,0.0,0,0.0,2.1926818707589496e-16
G3_p0_w0_variable,G3_p1,10.0,1.0,1.0,0.0,0,0.0,0.0
G3_p0_w0_variable,G3_p1,0.0,0.8837209302325582,0.95,0.0662790697674418,1,0.04761904761904767,0.0
G3_p0_w0_variable,G3_p1,-5.0,0.7317073170731707,0.7906976744186046,0.0589903573454339,0,0.012293144208037843,1.9728570062775067e-16
G3_p0_w0_variable,G3_p2,20.0,1.0,1.0,0.0,0,0.0,0.0
G3_p0_w0_variable,G3_p2,10.0,1.0,1.0,0.0,0,0.0,2.773547558076154e-16
G3_p0_w0_variable,G3_p2,0.0,1.0,1.0,0.0,0,0.0,0.0
G3_p0_w0_variable,G3_p2,-5.0,1.0,1.0,0.0,0,0.0,0.0
G3_p0_w0_variable,G3_p3,20.0,1.0,1.0,0.0,0,0.0,0.0
G3_p0_w0_variable,G3_p3,10.0,1.0,1.0,0.0,0,0.0,0.0
G3_p0_w0_variable,G3_p3,0.0,0.9743589743589743,1.0,0.02564102564102566,0,0.02564102564102566,0.0
G3_p0_w0_variable,G3_p3,-5.0,0.9743589743589743,1.0,0.02564102564102566,0,0.02564102564102566,0.0
G3_p0_w0_variable,G3_p4,20.0,1.0,1.0,0.0,0,0.0,0.0
G3_p0_w0_variable,G3_p4,10.0,1.0,1.0,0.0,0,0.0,0.0
G3_p0_w0_variable,G3_p4,0.0,0.9743589743589743,1.0,0.02564102564102566,0,0.024358974358974383,0.0
G3_p0_w0_variable,G3_p4,-5.0,0.9047619047619048,0.95,0.04523809523809519,1,0.06319290465631933,0.0
G3_p0_w0_variable,G4_p1,20.0,1.0,1.0,0.0,0,0.0,0.0
G3_p0_w0_variable,G4_p1,10.0,0.9743589743589743,1.0,0.02564102564102566,0,0.02564102564102566,1.3867737791567558e-16
G3_p0_w0_variable,G4_p1,0.0,0.8837209302325582,0.926829268292683,0.04310833806012482,0,0.08961996596710153,1.754145496613875e-16
G3_p0_w0_variable,G4_p1,-5.0,0.7272727272727273,0.782608695652174,0.055335968379446654,0,0.022727272727272707,0.0
G3_p0_w0_variable,G4_p2,20.0,1.0,1.0,0.0,0,0.0,2.1926818706471453e-16
G3_p0_w0_variable,G4_p2,10.0,1.0,1.0,0.0,0,0.0,1.3867737790807363e-16
G3_p0_w0_variable,G4_p2,0.0,0.9743589743589743,1.0,0.02564102564102566,0,0.050000000000000044,0.0
G3_p0_w0_variable,G4_p2,-5.0,0.8292682926829268,0.95,0.12073170731707317,1,0.13613159387407836,1.9728570061769114e-16
G3_p0_w0_variable,G4_p3,20.0,1.0,1.0,0.0,0,0.0,0.0
G3_p0_w0_variable,G4_p3,10.0,1.0,1.0,0.0,0,0.0,1.386773779046359e-16
G3_p0_w0_variable,G4_p3,0.0,0.9743589743589743,1.0,0.02564102564102566,0,0.02564102564102566,1.754145496474233e-16
G3_p0_w0_variable,G4_p3,-5.0,0.972972972972973,0.9743589743589743,0.001386001386001312,0,0.02564102564102566,1.9728570061280054e-16
G3_p0_w0_variable,G4_p4,20.0,1.0,1.0,0.0,0,0.0,0.0
G3_p0_w0_variable,G4_p4,10.0,1.0,1.0,0.0,0,0.0,1.3867737790822122e-16
G3_p0_w0_variable,G4_p4,0.0,0.95,1.0,0.050000000000000044,0,0.050000000000000044,0.0
G3_p0_w0_variable,G4_p4,-5.0,0.8,0.8292682926829268,0.029268292682926744,0,0.08404255319148934,1.9728570061790115e-16
G3_p0_w1_regular,G1_p1,20.0,1.0,1.0,0.0,0,0.0,0.0
G3_p0_w1_regular,G1_p1,10.0,1.0,1.0,0.0,0,0.0,0.0
G3_p0_w1_regular,G1_p1,0.0,0.9767441860465116,0.9767441860465116,0.0,0,0.06666666666666665,0.0
G3_p0_w1_regular,G1_p1,-5.0,0.7391304347826086,0.9090909090909091,0.1699604743083004,0,0.16427511133102424,0.0
G3_p0_w1_regular,G1_p2,20.0,1.0,1.0,0.0,0,0.0,0.0
G3_p0_w1_regular,G1_p2,10.0,1.0,1.0,0.0,0,0.0,0.0
G3_p0_w1_regular,G1_p2,0.0,0.9545454545454546,1.0,0.045454545454545414,0,0.045454545454545414,1.717207083542075e-16
G3_p0_w1_regular,G1_p2,-5.0,0.9090909090909091,0.9767441860465116,0.06765327695560253,1,0.039716312056737646,0.0
G3_p0_w1_regular,G1_p3,20.0,1.0,1.0,0.0,0,0.0,0.0
G3_p0_w1_regular,G1_p3,10.0,1.0,1.0,0.0,0,0.0,2.715142799090486e-16
G3_p0_w1_regular,G1_p3,0.0,1.0,1.0,0.0,0,0.0,0.0
G3_p0_w1_regular,G1_p3,-5.0,0.9767441860465116,1.0,0.023255813953488413,0,0.022198731501057,1.9313130139752235e-16
G3_p0_w1_regular,G1_p4,20.0,1.0,1.0,0.0,0,0.0,2.1465088543791117e-16
G3_p0_w1_regular,G1_p4,10.0,1.0,1.0,0.0,0,0.023255813953488413,1.3575713995113372e-16
G3_p0_w1_regular,G1_p4,0.0,0.7727272727272727,0.8571428571428571,0.08441558441558439,0,0.06448202959830873,0.0
G3_p0_w1_regular,G1_p4,-5.0,0.30303030303030304,0.5405405405405406,0.23751023751023753,0,0.0888888888888889,1.931313013926988e-16
G3_p0_w1_regular,G2_p1,20.0,1.0,1.0,0.0,0,0.0,0.0
G3_p0_w1_regular,G2_p1,10.0,1.0,1.0,0.0,0,0.0,1.3575713996036882e-16
G3_p0_w1_regular,G2_p1,0.0,0.8636363636363636,0.9767441860465116,0.11310782241014794,1,0.13229974160206714,0.0
G3_p0_w1_regular,G2_p1,-5.0,0.75,0.8636363636363636,0.11363636363636365,0,0.10644007155635071,0.0
G3_p0_w1_regular,G2_p2,20.0,1.0,1.0,0.0,0,0.0,0.0
G3_p0_w1_regular,G2_p2,10.0,1.0,1.0,0.0,0,0.0,2.715142799045436e-16
G3_p0_w1_regular,G2_p2,0.0,0.9767441860465116,1.0,0.023255813953488413,0,0.023255813953488413,1.7172070835176857e-16
G3_p0_w1_regular,G2_p2,-5.0,0.9090909090909091,0.9767441860465116,0.06765327695560253,1,0.06765327695560253,0.0
G3_p0_w1_regular,G2_p3,20.0,1.0,1.0,0.0,0,0.0,2.1465088544691454e-16
G3_p0_w1_regular,G2_p3,10.0,1.0,1.0,0.0,0,0.0,1.3575713995682797e-16
G3_p0_w1_regular,G2_p3,0.0,0.9545454545454546,1.0,0.045454545454545414,0,0.022198731501057,1.7172070835753164e-16
G3_p0_w1_regular,G2_p3,-5.0,0.8333333333333334,0.9130434782608695,0.07971014492753614,0,0.09361702127659566,1.9313130140079964e-16
G3_p0_w1_regular,G2_p4,20.0,1.0,1.0,0.0,0,0.0,0.0
G3_p0_w1_regular,G2_p4,10.0,0.9767441860465116,1.0,0.023255813953488413,0,0.045454545454545414,0.0
G3_p0_w1_regular,G2_p4,0.0,0.8,0.9130434782608695,0.11304347826086947,0,0.13043478260869557,1.7172070835097007e-16
G3_p0_w1_regular,G2_p4,-5.0,0.29411764705882354,0.4117647058823529,0.11764705882352938,0,0.108843537414966,1.9313130139341992e-16
G3_p0_w1_regular,G3_p1,20.0,1.0,1.0,0.0,0,0.0,0.0
G3_p0_w1_regular,G3_p1,10.0,1.0,1.0,0.0,0,0.045454545454545414,1.3575713996125678e-16
G3_p0_w1_regular,G3_p1,0.0,0.8936170212765957,0.9767441860465116,0.08312716476991588,1,0.11960132890365449,0.0
G3_p0_w1_regular,G3_p1,-5.0,0.7346938775510204,0.8636363636363636,0.1289424860853432,0,0.15213675213675215,1.9313130140710013e-16
G3_p0_w1_regular,G3_p2,20.0,1.0,1.0,0.0,0,0.0,2.1465088543636917e-16
G3_p0_w1_regular,G3_p2,10.0,1.0,1.0,0.0,0,0.0,0.0
G3_p0_w1_regular,G3_p2,0.0,1.0,1.0,0.0,0,0.0,1.7172070834909534e-16
G3_p0_w1_regular,G3_p2,-5.0,1.0,1.0,0.0,0,0.0,1.9313130139131145e-16
G3_p0_w1_regular,G3_p3,20.0,1.0,1.0,0.0,0,0.0,0.0
G3_p0_w1_regular,G3_p3,10.0,1.0,1.0,0.0,0,0.0,0.0
G3_p0_w1_regular,G3_p3,0.0,1.0,1.0,0.0,0,0.0,1.7172070835148655e-16
G3_p0_w1_regular,G3_p3,-5.0,1.0,1.0,0.0,0,0.0,1.931313013940008e-16
G3_p0_w1_regular,G3_p4,20.0,1.0,1.0,0.0,0,0.0,0.0
G3_p0_w1_regular,G3_p4,10.0,1.0,1.0,0.0,0,0.0,0.0
G3_p0_w1_regular,G3_p4,0.0,0.9767441860465116,1.0,0.023255813953488413,0,0.045454545454545414,1.7172070835419178e-16
G3_p0_w1_regular,G3_p4,-5.0,0.8888888888888888,0.9545454545454546,0.06565656565656575,1,0.04444444444444451,0.0
G3_p0_w1_regular,G4_p1,20.0,1.0,1.0,0.0,0,0.0,0.0
G3_p0_w1_regular,G4_p1,10.0,1.0,1.0,0.0,0,0.023255813953488413,0.0
G3_p0_w1_regular,G4_p1,0.0,0.8636363636363636,0.9333333333333333,0.0696969696969697,0,0.07916872835230082,1.7172070836379103e-16
G3_p0_w1_regular,G4_p1,-5.0,0.6666666666666666,0.7755102040816326,0.108843537414966,0,0.07914893617021279,0.0
G3_p0_w1_regular,G4_p2,20.0,1.0,1.0,0.0,0,0.0,0.0
G3_p0_w1_regular,G4_p2,10.0,1.0,1.0,0.0,0,0.0,1.3575713995433458e-16
G3_p0_w1_regular,G4_p2,0.0,0.9545454545454546,1.0,0.045454545454545414,0,0.023255813953488413,0.0
G3_p0_w1_regular,G4_p2,-5.0,0.851063829787234,0.8888888888888888,0.03782505910165479,0,0.06197964847363546,0.0
G3_p0_w1_regular,G4_p3,20.0,1.0,1.0,0.0,0,0.0,2.1465088543765112e-16
G3_p0_w1_regular,G4_p3,10.0,1.0,1.0,0.0,0,0.0,1.3575713995096927e-16
G3_p0_w1_regular,G4_p3,0.0,1.0,1.0,0.0,0,0.023255813953488413,1.7172070835012091e-16
G3_p0_w1_regular,G4_p3,-5.0,0.9523809523809523,1.0,0.04761904761904767,0,0.02436323366555926,3.8626260278492967e-16
G3_p0_w1_regular,G4_p4,20.0,1.0,1.0,0.0,0,0.0,2.1465088544320065e-16
G3_p0_w1_regular,G4_p4,10.0,1.0,1.0,0.0,0,0.0,1.3575713995447906e-16
G3_p0_w1_regular,G4_p4,0.0,0.9333333333333333,1.0,0.06666666666666665,1,0.06666666666666665,0.0
G3_p0_w1_regular,G4_p4,-5.0,0.7659574468085106,0.9130434782608695,0.14708603145235888,0,0.09948979591836737,0.0
G3_p0_w1_variable,G1_p1,20.0,1.0,1.0,0.0,0,0.0,2.1416232685948393e-16
G3_p0_w1_variable,G1_p1,10.0,1.0,1.0,0.0,0,0.0,0.0
G3_p0_w1_variable,G1_p1,0.0,0.9130434782608695,0.975609756097561,0.06256627783669144,1,0.021212121212121238,0.0
G3_p0_w1_variable,G1_p1,-5.0,0.76,0.8571428571428571,0.09714285714285709,0,0.11363636363636365,1.9269172270721743e-16
G3_p0_w1_variable,G1_p2,20.0,1.0,1.0,0.0,0,0.0,0.0
G3_p0_w1_variable,G1_p2,10.0,1.0,1.0,0.0,0,0.0,1.3544814836925515e-16
G3_p0_w1_variable,G1_p2,0.0,0.9767441860465116,1.0,0.023255813953488413,0,0.022198731501057,0.0
G3_p0_w1_variable,G1_p2,-5.0,0.8444444444444444,0.9545454545454546,0.11010101010101014,1,0.0822695035460993,0.0
G3_p0_w1_variable,G1_p3,20.0,1.0,1.0,0.0,0,0.0,0.0
G3_p0_w1_variable,G1_p3,10.0,1.0,1.0,0.0,0,0.0,0.0
G3_p0_w1_variable,G1_p3,0.0,1.0,1.0,0.0,0,0.0,0.0
G3_p0_w1_variable,G1_p3,-5.0,0.9545454545454546,1.0,0.045454545454545414,0,0.06666666666666665,0.0
G3_p0_w1_variable,G1_p4,20.0,1.0,1.0,0.0,0,0.0,0.0
G3_p0_w1_variable,G1_p4,10.0,1.0,1.0,0.0,0,0.045454545454545414,1.3544814836619585e-16
G3_p0_w1_variable,G1_p4,0.0,0.7916666666666666,0.8695652173913043,0.0778985507246377,0,0.04166666666666674,1.7132986147583733e-16
G3_p0_w1_variable,G1_p4,-5.0,0.2222222222222222,0.55,0.32777777777777783,0,0.1377551020408163,0.0
G3_p0_w1_variable,G2_p1,20.0,1.0,1.0,0.0,0,0.0,0.0
G3_p0_w1_variable,G2_p1,10.0,1.0,1.0,0.0,0,0.0,1.3544814837540992e-16
G3_p0_w1_variable,G2_p1,0.0,0.8837209302325582,0.9523809523809523,0.06866002214839417,1,0.08874458874458868,0.0
G3_p0_w1_variable,G2_p1,-5.0,0.7555555555555555,0.8571428571428571,0.10158730158730156,0,0.07352941176470584,0.0
G3_p0_w1_variable,G2_p2,20.0,1.0,1.0,0.0,0,0.0,0.0
G3_p0_w1_variable,G2_p2,10.0,1.0,1.0,0.0,0,0.0,1.3544814836733134e-16
G3_p0_w1_variable,G2_p2,0.0,0.9767441860465116,1.0,0.023255813953488413,0,0.023255813953488413,0.0
G3_p0_w1_variable,G2_p2,-5.0,0.9302325581395349,0.9767441860465116,0.046511627906976716,1,0.06765327695560253,0.0
G3_p0_w1_variable,G2_p3,20.0,1.0,1.0,0.0,0,0.0,0.0
G3_p0_w1_variable,G2_p3,10.0,1.0,1.0,0.0,0,0.0,0.0
G3_p0_w1_variable,G2_p3,0.0,0.9767441860465116,1.0,0.023255813953488413,0,0.023255813953488413,0.0
G3_p0_w1_variable,G2_p3,-5.0,0.782608695652174,0.9545454545454546,0.17193675889328064,1,0.19304347826086954,0.0
G3_p0_w1_variable,G2_p4,20.0,1.0,1.0,0.0,0,0.0,0.0
G3_p0_w1_variable,G2_p4,10.0,0.9767441860465116,1.0,0.023255813953488413,0,0.045454545454545414,0.0
G3_p0_w1_variable,G2_p4,0.0,0.7555555555555555,0.8695652173913043,0.11400966183574879,0,0.1333333333333333,1.7132986147647698e-16
G3_p0_w1_variable,G2_p4,-5.0,0.13333333333333333,0.36363636363636365,0.23030303030303031,0,0.11660079051383399,0.0
G3_p0_w1_variable,G3_p1,20.0,1.0,1.0,0.0,0,0.0,0.0
G3_p0_w1_variable,G3_p1,10.0,1.0,1.0,0.0,0,0.023255813953488413,0.0
G3_p0_w1_variable,G3_p1,0.0,0.8837209302325582,0.9047619047619048,0.021040974529346612,0,0.06755260243632333,0.0
G3_p0_w1_variable,G3_p1,-5.0,0.6976744186046512,0.7916666666666666,0.09399224806201545,0,0.11764705882352944,0.0
G3_p0_w1_variable,G3_p2,20.0,1.0,1.0,0.0,0,0.0,0.0
G3_p0_w1_variable,G3_p2,10.0,1.0,1.0,0.0,0,0.0,1.3544814836522281e-16
G3_p0_w1_variable,G3_p2,0.0,1.0,1.0,0.0,0,0.0,1.7132986147460651e-16
G3_p0_w1_variable,G3_p2,-5.0,1.0,1.0,0.0,0,0.0,0.0
G3_p0_w1_variable,G3_p3,20.0,1.0,1.0,0.0,0,0.0,0.0
G3_p0_w1_variable,G3_p3,10.0,1.0,1.0,0.0,0,0.0,0.0
G3_p0_w1_variable,G3_p3,0.0,0.9767441860465116,1.0,0.023255813953488413,0,0.023255813953488413,0.0
G3_p0_w1_variable,G3_p3,-5.0,0.9523809523809523,1.0,0.04761904761904767,0,0.04761904761904767,1.9269172269530156e-16
G3_p0_w1_variable,G3_p4,20.0,1.0,1.0,0.0,0,0.0,0.0
G3_p0_w1_variable,G3_p4,10.0,1.0,1.0,0.0,0,0.0,1.3544814836924273e-16
G3_p0_w1_variable,G3_p4,0.0,0.9545454545454546,1.0,0.045454545454545414,0,0.045454545454545414,0.0
G3_p0_w1_variable,G3_p4,-5.0,0.8936170212765957,1.0,0.1063829787234043,1,0.06370070778564207,1.9269172269833718e-16
G3_p0_w1_variable,G4_p1,20.0,1.0,1.0,0.0,0,0.0,0.0
G3_p0_w1_variable,G4_p1,10.0,1.0,1.0,0.0,0,0.023255813953488413,0.0
G3_p0_w1_variable,G4_p1,0.0,0.8095238095238095,0.8636363636363636,0.05411255411255411,0,0.05411255411255411,0.0
G3_p0_w1_variable,G4_p1,-5.0,0.5454545454545454,0.7659574468085106,0.22050290135396522,0,0.19680851063829785,0.0
G3_p0_w1_variable,G4_p2,20.0,1.0,1.0,0.0,0,0.0,0.0
G3_p0_w1_variable,G4_p2,10.0,1.0,1.0,0.0,0,0.0,1.354481483693894e-16
G3_p0_w1_variable,G4_p2,0.0,0.9767441860465116,0.9767441860465116,0.0,0,0.022198731501057,0.0
G3_p0_w1_variable,G4_p2,-5.0,0.8444444444444444,0.8695652173913043,0.02512077294685988,0,0.08510638297872342,0.0
G3_p0_w1_variable,G4_p3,20.0,1.0,1.0,0.0,0,0.0,2.1416232684453716e-16
G3_p0_w1_variable,G4_p3,10.0,1.0,1.0,0.0,0,0.0,1.3544814836603174e-16
G3_p0_w1_variable,G4_p3,0.0,1.0,1.0,0.0,0,0.0,1.7132986147562974e-16
G3_p0_w1_variable,G4_p3,-5.0,0.9523809523809523,1.0,0.04761904761904767,0,0.04761904761904767,0.0
G3_p0_w1_variable,G4_p4,20.0,1.0,1.0,0.0,0,0.0,0.0
G3_p0_w1_variable,G4_p4,10.0,1.0,1.0,0.0,0,0.0,1.3544814836953357e-16
G3_p0_w1_variable,G4_p4,0.0,0.9767441860465116,1.0,0.023255813953488413,0,0.023255813953488413,0.0
G3_p0_w1_variable,G4_p4,-5.0,0.76,0.8936170212765957,0.1336170212765957,0,0.11304347826086947,1.926917226987509e-16
G3_p0_w2_regular,G1_p1,20.0,1.0,1.0,0.0,0,0.0,0.0
G3_p0_w2_regular,G1_p1,10.0,1.0,1.0,0.0,0,0.0,0.0
G3_p0_w2_regular,G1_p1,0.0,0.975609756097561,1.0,0.024390243902439046,0,0.04761904761904767,1.708955605586341e-16
G3_p0_w2_regular,G1_p1,-5.0,0.7906976744186046,0.85,0.059302325581395365,0,0.06331084587441616,0.0
G3_p0_w2_regular,G1_p2,20.0,1.0,1.0,0.0,0,0.0,2.1361945068846747e-16
G3_p0_w2_regular,G1_p2,10.0,1.0,1.0,0.0,0,0.0,1.3510480333791626e-16
G3_p0_w2_regular,G1_p2,0.0,0.975609756097561,1.0,0.024390243902439046,0,0.023228803716608626,0.0
G3_p0_w2_regular,G1_p2,-5.0,0.8444444444444444,0.926829268292683,0.08238482384823853,0,0.12682926829268293,1.9220327197853952e-16
G3_p0_w2_regular,G1_p3,20.0,1.0,1.0,0.0,0,0.0,0.0
G3_p0_w2_regular,G1_p3,10.0,1.0,1.0,0.0,0,0.0,0.0
G3_p0_w2_regular,G1_p3,0.0,1.0,1.0,0.0,0,0.0,0.0
G3_p0_w2_regular,G1_p3,-5.0,0.9090909090909091,1.0,0.09090909090909094,1,0.04329004329004327,0.0
G3_p0_w2_regular,G1_p4,20.0,1.0,1.0,0.0,0,0.0,0.0
G3_p0_w2_regular,G1_p4,10.0,0.975609756097561,1.0,0.024390243902439046,0,0.024390243902439046,2.702096066697295e-16
G3_p0_w2_regular,G1_p4,0.0,0.7906976744186046,0.8181818181818182,0.02748414376321362,0,0.037209302325581395,0.0
G3_p0_w2_regular,G1_p4,-5.0,0.2,0.3888888888888889,0.18888888888888888,0,0.11363636363636365,0.0
G3_p0_w2_regular,G2_p1,20.0,1.0,1.0,0.0,0,0.0,2.1361945069817435e-16
G3_p0_w2_regular,G2_p1,10.0,1.0,1.0,0.0,0,0.0,0.0
G3_p0_w2_regular,G2_p1,0.0,0.8888888888888888,0.9523809523809523,0.06349206349206349,1,0.10604453870625663,1.7089556055853947e-16
G3_p0_w2_regular,G2_p1,-5.0,0.7727272727272727,0.8333333333333334,0.06060606060606066,0,0.08508224617129889,0.0
G3_p0_w2_regular,G2_p2,20.0,1.0,1.0,0.0,0,0.0,2.136194506854334e-16
G3_p0_w2_regular,G2_p2,10.0,1.0,1.0,0.0,0,0.0,1.3510480333599736e-16
G3_p0_w2_regular,G2_p2,0.0,0.926829268292683,1.0,0.07317073170731703,1,0.04761904761904767,0.0
G3_p0_w2_regular,G2_p2,-5.0,0.9047619047619048,0.975609756097561,0.07084785133565619,1,0.04761904761904756,1.9220327197580964e-16
G3_p0_w2_regular,G2_p3,20.0,1.0,1.0,0.0,0,0.0,0.0
G3_p0_w2_regular,G2_p3,10.0,1.0,1.0,0.0,0,0.0,0.0
G3_p0_w2_regular,G2_p3,0.0,0.975609756097561,1.0,0.024390243902439046,0,0.024390243902439046,0.0
G3_p0_w2_regular,G2_p3,-5.0,0.782608695652174,0.9302325581395349,0.14762386248736092,0,0.0444444444444444,0.0
G3_p0_w2_regular,G2_p4,20.0,1.0,1.0,0.0,0,0.0,0.0
G3_p0_w2_regular,G2_p4,10.0,0.975609756097561,1.0,0.024390243902439046,0,0.04761904761904767,1.3510480333536913e-16
G3_p0_w2_regular,G2_p4,0.0,0.7142857142857143,0.8444444444444444,0.13015873015873014,0,0.09090909090909094,1.7089556054755204e-16
G3_p0_w2_regular,G2_p4,-5.0,0.24242424242424243,0.45714285714285713,0.2147186147186147,0,0.19927536231884058,0.0
G3_p0_w2_regular,G3_p1,20.0,1.0,1.0,0.0,0,0.0,0.0
G3_p0_w2_regular,G3_p1,10.0,0.975609756097561,1.0,0.024390243902439046,0,0.024390243902439046,0.0
G3_p0_w2_regular,G3_p1,0.0,0.8888888888888888,0.926829268292683,0.03794037940379413,0,0.035196687370600444,0.0
G3_p0_w2_regular,G3_p1,-5.0,0.6666666666666666,0.7659574468085106,0.099290780141844,0,0.06802721088435382,1.922032719885304e-16
G3_p0_w2_regular,G3_p2,20.0,1.0,1.0,0.0,0,0.0,0.0
G3_p0_w2_regular,G3_p2,10.0,1.0,1.0,0.0,0,0.0,1.3510480333389418e-16
G3_p0_w2_regular,G3_p2,0.0,1.0,1.0,0.0,0,0.0,1.7089556054568636e-16
G3_p0_w2_regular,G3_p2,-5.0,1.0,1.0,0.0,0,0.0,0.0
G3_p0_w2_regular,G3_p3,20.0,1.0,1.0,0.0,0,0.0,0.0
G3_p0_w2_regular,G3_p3,10.0,1.0,1.0,0.0,0,0.0,2.7020960667155093e-16
G3_p0_w2_regular,G3_p3,0.0,1.0,1.0,0.0,0,0.024390243902439046,0.0
G3_p0_w2_regular,G3_p3,-5.0,0.95,1.0,0.050000000000000044,0,0.050000000000000044,0.0
G3_p0_w2_regular,G3_p4,20.0,1.0,1.0,0.0,0,0.0,0.0
G3_p0_w2_regular,G3_p4,10.0,1.0,1.0,0.0,0,0.0,0.0
G3_p0_w2_regular,G3_p4,0.0,0.975609756097561,1.0,0.024390243902439046,0,0.04761904761904767,1.7089556055075832e-16
G3_p0_w2_regular,G3_p4,-5.0,0.9047619047619048,0.9523809523809523,0.04761904761904756,1,0.06349206349206349,0.0
G3_p0_w2_regular,G4_p1,20.0,1.0,1.0,0.0,0,0.0,0.0
G3_p0_w2_regular,G4_p1,10.0,1.0,1.0,0.0,0,0.0,0.0
G3_p0_w2_regular,G4_p1,0.0,0.8333333333333334,0.95,0.11666666666666659,1,0.1360544217687074,0.0
G3_p0_w2_regular,G4_p1,-5.0,0.7142857142857143,0.8292682926829268,0.11498257839721249,0,0.11815718157181565,0.0
G3_p0_w2_regular,G4_p2,20.0,1.0,1.0,0.0,0,0.0,0.0
G3_p0_w2_regular,G4_p2,10.0,1.0,1.0,0.0,0,0.0,0.0
G3_p0_w2_regular,G4_p2,0.0,0.9743589743589743,1.0,0.02564102564102566,0,0.024390243902439046,1.708955605509434e-16
G3_p0_w2_regular,G4_p2,-5.0,0.8,0.975609756097561,0.1756097560975609,1,0.16977225672877838,0.0
G3_p0_w2_regular,G4_p3,20.0,1.0,1.0,0.0,0,0.0,0.0
G3_p0_w2_regular,G4_p3,10.0,1.0,1.0,0.0,0,0.0,1.3510480333470106e-16
G3_p0_w2_regular,G4_p3,0.0,0.975609756097561,1.0,0.024390243902439046,0,0.024390243902439046,0.0
G3_p0_w2_regular,G4_p3,-5.0,0.975609756097561,1.0,0.024390243902439046,0,0.024390243902439046,0.0
G3_p0_w2_regular,G4_p4,20.0,1.0,1.0,0.0,0,0.0,0.0
G3_p0_w2_regular,G4_p4,10.0,1.0,1.0,0.0,0,0.0,0.0
G3_p0_w2_regular,G4_p4,0.0,0.926829268292683,0.975609756097561,0.04878048780487798,1,0.050000000000000044,1.7089556055112528e-16
G3_p0_w2_regular,G4_p4,-5.0,0.8260869565217391,0.8837209302325582,0.05763397371081902,0,0.042553191489361764,0.0
G3_p0_w2_variable,G1_p1,20.0,1.0,1.0,0.0,0,0.0,0.0
G3_p0_w2_variable,G1_p1,10.0,1.0,1.0,0.0,0,0.0,1.3205018836156293e-16
G3_p0_w2_variable,G1_p1,0.0,0.9545454545454546,1.0,0.045454545454545414,0,0.06666666666666665,0.0
G3_p0_w2_variable,G1_p1,-5.0,0.75,0.8444444444444444,0.09444444444444444,0,0.08333333333333337,0.0
G3_p0_w2_variable,G1_p2,20.0,1.0,1.0,0.0,0,0.0,0.0
G3_p0_w2_variable,G1_p2,10.0,1.0,1.0,0.0,0,0.0,1.3205018835548944e-16
G3_p0_w2_variable,G1_p2,0.0,0.9545454545454546,1.0,0.045454545454545414,0,0.06666666666666665,0.0
G3_p0_w2_variable,G1_p2,-5.0,0.9302325581395349,1.0,0.06976744186046513,1,0.06765327695560253,3.7571540967092555e-16
G3_p0_w2_variable,G1_p3,20.0,1.0,1.0,0.0,0,0.0,0.0
G3_p0_w2_variable,G1_p3,10.0,1.0,1.0,0.0,0,0.0,0.0
G3_p0_w2_variable,G1_p3,0.0,1.0,1.0,0.0,0,0.0,0.0
G3_p0_w2_variable,G1_p3,-5.0,0.9090909090909091,0.9545454545454546,0.045454545454545525,1,0.06376811594202902,1.8785770483591149e-16
G3_p0_w2_variable,G1_p4,20.0,1.0,1.0,0.0,0,0.0,0.0
G3_p0_w2_variable,G1_p4,10.0,0.9333333333333333,1.0,0.06666666666666665,1,0.023255813953488413,0.0
G3_p0_w2_variable,G1_p4,0.0,0.7555555555555555,0.8695652173913043,0.11400966183574879,0,0.15845410628019319,1.670317442592637e-16
G3_p0_w2_variable,G1_p4,-5.0,0.12121212121212122,0.5853658536585366,0.46415373244641533,0,0.14805922368947577,0.0
G3_p0_w2_variable,G2_p1,20.0,1.0,1.0,0.0,0,0.0,0.0
G3_p0_w2_variable,G2_p1,10.0,1.0,1.0,0.0,0,0.0,0.0
G3_p0_w2_variable,G2_p1,0.0,0.8837209302325582,0.9333333333333333,0.04961240310077519,0,0.04961240310077519,0.0
G3_p0_w2_variable,G2_p1,-5.0,0.7727272727272727,0.8695652173913043,0.09683794466403162,0,0.14616096207215534,0.0
G3_p0_w2_variable,G2_p2,20.0,1.0,1.0,0.0,0,0.0,2.0878968032582997e-16
G3_p0_w2_variable,G2_p2,10.0,1.0,1.0,0.0,0,0.0,0.0
G3_p0_w2_variable,G2_p2,0.0,0.9767441860465116,1.0,0.023255813953488413,0,0.023255813953488413,1.67031744260664e-16
G3_p0_w2_variable,G2_p2,-5.0,0.8837209302325582,0.9767441860465116,0.09302325581395343,1,0.022198731501057,0.0
G3_p0_w2_variable,G2_p3,20.0,1.0,1.0,0.0,0,0.0,0.0
G3_p0_w2_variable,G2_p3,10.0,1.0,1.0,0.0,0,0.0,0.0
G3_p0_w2_variable,G2_p3,0.0,0.9545454545454546,1.0,0.045454545454545414,0,0.06666666666666665,1.6703174426626973e-16
G3_p0_w2_variable,G2_p3,-5.0,0.8163265306122449,0.9130434782608695,0.0967169476486246,0,0.10576923076923073,1.8785770483909925e-16
G3_p0_w2_variable,G2_p4,20.0,1.0,1.0,0.0,0,0.0,2.087896803248591e-16
G3_p0_w2_variable,G2_p4,10.0,1.0,1.0,0.0,0,0.023255813953488413,0.0
G3_p0_w2_variable,G2_p4,0.0,0.7659574468085106,0.8636363636363636,0.09767891682785301,0,0.07848699763593381,1.670317442598873e-16
G3_p0_w2_variable,G2_p4,-5.0,0.25806451612903225,0.4,0.14193548387096777,0,0.12765957446808507,0.0
G3_p0_w2_variable,G3_p1,20.0,1.0,1.0,0.0,0,0.0,0.0
G3_p0_w2_variable,G3_p1,10.0,1.0,1.0,0.0,0,0.023255813953488413,1.3205018836235352e-16
G3_p0_w2_variable,G3_p1,0.0,0.8837209302325582,0.9302325581395349,0.046511627906976716,0,0.12845849802371545,0.0
G3_p0_w2_variable,G3_p1,-5.0,0.6521739130434783,0.7555555555555555,0.10338164251207727,0,0.12244897959183676,0.0
G3_p0_w2_variable,G3_p2,20.0,1.0,1.0,0.0,0,0.0,0.0
G3_p0_w2_variable,G3_p2,10.0,1.0,1.0,0.0,0,0.0,0.0
G3_p0_w2_variable,G3_p2,0.0,1.0,1.0,0.0,0,0.0,1.670317442580638e-16
G3_p0_w2_variable,G3_p2,-5.0,1.0,1.0,0.0,0,0.0,0.0
G3_p0_w2_variable,G3_p3,20.0,1.0,1.0,0.0,0,0.0,2.087896803254871e-16
G3_p0_w2_variable,G3_p3,10.0,1.0,1.0,0.0,0,0.0,0.0
G3_p0_w2_variable,G3_p3,0.0,1.0,1.0,0.0,0,0.0,0.0
G3_p0_w2_variable,G3_p3,-5.0,0.9767441860465116,1.0,0.023255813953488413,0,0.023255813953488413,1.8785770483248608e-16
G3_p0_w2_variable,G3_p4,20.0,1.0,1.0,0.0,0,0.0,0.0
G3_p0_w2_variable,G3_p4,10.0,1.0,1.0,0.0,0,0.0,2.641003767109547e-16
G3_p0_w2_variable,G3_p4,0.0,0.9767441860465116,1.0,0.023255813953488413,0,0.0,0.0
G3_p0_w2_variable,G3_p4,-5.0,0.8888888888888888,0.9767441860465116,0.08785529715762275,1,0.08785529715762275,0.0
G3_p0_w2_variable,G4_p1,20.0,1.0,1.0,0.0,0,0.0,0.0
G3_p0_w2_variable,G4_p1,10.0,1.0,1.0,0.0,0,0.0,0.0
G3_p0_w2_variable,G4_p1,0.0,0.875,0.9130434782608695,0.03804347826086951,0,0.03804347826086951,1.670317442723582e-16
G3_p0_w2_variable,G4_p1,-5.0,0.6521739130434783,0.8163265306122449,0.16415261756876665,0,0.2448979591836734,0.0
G3_p0_w2_variable,G4_p2,20.0,1.0,1.0,0.0,0,0.0,0.0
G3_p0_w2_variable,G4_p2,10.0,1.0,1.0,0.0,0,0.0,0.0
G3_p0_w2_variable,G4_p2,0.0,0.9767441860465116,1.0,0.023255813953488413,0,0.023255813953488413,1.6703174426320195e-16
G3_p0_w2_variable,G4_p2,-5.0,0.8,0.9090909090909091,0.10909090909090902,0,0.07575757575757569,0.0
G3_p0_w2_variable,G4_p3,20.0,1.0,1.0,0.0,0,0.0,2.087896803238267e-16
G3_p0_w2_variable,G4_p3,10.0,1.0,1.0,0.0,0,0.0,1.3205018835234691e-16
G3_p0_w2_variable,G4_p3,0.0,0.975609756097561,1.0,0.024390243902439046,0,0.0011344299489506326,1.6703174425906134e-16
G3_p0_w2_variable,G4_p3,-5.0,0.975609756097561,0.9767441860465116,0.0011344299489506326,0,0.0011344299489506326,0.0
G3_p0_w2_variable,G4_p4,20.0,1.0,1.0,0.0,0,0.0,0.0
G3_p0_w2_variable,G4_p4,10.0,1.0,1.0,0.0,0,0.0,0.0
G3_p0_w2_variable,G4_p4,0.0,0.9333333333333333,1.0,0.06666666666666665,1,0.046511627906976716,0.0
G3_p0_w2_variable,G4_p4,-5.0,0.7843137254901961,0.8333333333333334,0.0490196078431373,0,0.09948979591836737,0.0
G3_p0_w3_regular,G1_p1,20.0,1.0,1.0,0.0,0,0.0,0.0
G3_p0_w3_regular,G1_p1,10.0,1.0,1.0,0.0,0,0.0,0.0
G3_p0_w3_regular,G1_p1,0.0,0.9130434782608695,1.0,0.08695652173913049,1,0.1428571428571429,0.0
G3_p0_w3_regular,G1_p1,-5.0,0.7441860465116279,0.8444444444444444,0.10025839793281655,0,0.19888991674375578,0.0
G3_p0_w3_regular,G1_p2,20.0,1.0,1.0,0.0,0,0.0,0.0
G3_p0_w3_regular,G1_p2,10.0,1.0,1.0,0.0,0,0.0,1.3320549061666095e-16
G3_p0_w3_regular,G1_p2,0.0,0.9545454545454546,1.0,0.045454545454545414,0,0.045454545454545414,0.0
G3_p0_w3_regular,G1_p2,-5.0,0.9090909090909091,0.9130434782608695,0.0039525691699604515,0,0.08498023715415026,0.0
G3_p0_w3_regular,G1_p3,20.0,1.0,1.0,0.0,0,0.0,2.1061637359492086e-16
G3_p0_w3_regular,G1_p3,10.0,1.0,1.0,0.0,0,0.0,1.3320549061697916e-16
G3_p0_w3_regular,G1_p3,0.0,1.0,1.0,0.0,0,0.0,1.684930988759367e-16
G3_p0_w3_regular,G1_p3,-5.0,0.8888888888888888,0.9767441860465116,0.08785529715762275,1,0.06565656565656575,0.0
G3_p0_w3_regular,G1_p4,20.0,1.0,1.0,0.0,0,0.0,0.0
G3_p0_w3_regular,G1_p4,10.0,0.9767441860465116,1.0,0.023255813953488413,0,0.023255813953488413,0.0
G3_p0_w3_regular,G1_p4,0.0,0.782608695652174,0.8695652173913043,0.08695652173913038,0,0.1119333950046254,0.0
G3_p0_w3_regular,G1_p4,-5.0,0.29411764705882354,0.4,0.10588235294117648,0,0.08340727595385977,0.0
G3_p0_w3_regular,G2_p1,20.0,1.0,1.0,0.0,0,0.0,0.0
G3_p0_w3_regular,G2_p1,10.0,1.0,1.0,0.0,0,0.0,0.0
G3_p0_w3_regular,G2_p1,0.0,0.9130434782608695,0.975609756097561,0.06256627783669144,1,0.08695652173913049,0.0
G3_p0_w3_regular,G2_p1,-5.0,0.723404255319149,0.8333333333333334,0.10992907801418439,0,0.1802721088435375,1.8950126502280384e-16
G3_p0_w3_regular,G2_p2,20.0,1.0,1.0,0.0,0,0.0,2.106163735914264e-16
G3_p0_w3_regular,G2_p2,10.0,1.0,1.0,0.0,0,0.0,0.0
G3_p0_w3_regular,G2_p2,0.0,0.9523809523809523,1.0,0.04761904761904767,0,0.04761904761904767,0.0
G3_p0_w3_regular,G2_p2,-5.0,0.8888888888888888,0.9767441860465116,0.08785529715762275,1,0.06565656565656575,0.0
G3_p0_w3_regular,G2_p3,20.0,1.0,1.0,0.0,0,0.0,0.0
G3_p0_w3_regular,G2_p3,10.0,1.0,1.0,0.0,0,0.0,0.0
G3_p0_w3_regular,G2_p3,0.0,0.9767441860465116,1.0,0.023255813953488413,0,0.023255813953488413,0.0
G3_p0_w3_regular,G2_p3,-5.0,0.8260869565217391,0.9333333333333333,0.10724637681159421,0,0.07333333333333336,0.0
G3_p0_w3_regular,G2_p4,20.0,1.0,1.0,0.0,0,0.0,0.0
G3_p0_w3_regular,G2_p4,10.0,0.9767441860465116,1.0,0.023255813953488413,0,0.023255813953488413,0.0
G3_p0_w3_regular,G2_p4,0.0,0.6976744186046512,0.8695652173913043,0.17189079878665314,0,0.19990103908955958,0.0
G3_p0_w3_regular,G2_p4,-5.0,0.23529411764705882,0.42424242424242425,0.18894830659536543,0,0.20136054421768712,1.8950126501062023e-16
G3_p0_w3_regular,G3_p1,20.0,1.0,1.0,0.0,0,0.0,0.0
G3_p0_w3_regular,G3_p1,10.0,1.0,1.0,0.0,0,0.023255813953488413,0.0
G3_p0_w3_regular,G3_p1,0.0,0.9090909090909091,0.9523809523809523,0.04329004329004327,1,0.06866002214839417,1.6849309888429264e-16
G3_p0_w3_regular,G3_p1,-5.0,0.6818181818181818,0.85,0.1681818181818182,0,0.09682012339819646,0.0
G3_p0_w3_regular,G3_p2,20.0,1.0,1.0,0.0,0,0.0,0.0
G3_p0_w3_regular,G3_p2,10.0,1.0,1.0,0.0,0,0.0,2.6641098122539074e-16
G3_p0_w3_regular,G3_p2,0.0,1.0,1.0,0.0,0,0.0,1.6849309887051816e-16
G3_p0_w3_regular,G3_p2,-5.0,1.0,1.0,0.0,0,0.0,0.0
G3_p0_w3_regular,G3_p3,20.0,1.0,1.0,0.0,0,0.0,2.1061637359108047e-16
G3_p0_w3_regular,G3_p3,10.0,1.0,1.0,0.0,0,0.0,0.0
G3_p0_w3_regular,G3_p3,0.0,1.0,1.0,0.0,0,0.0,1.6849309887286438e-16
G3_p0_w3_regular,G3_p3,-5.0,0.9767441860465116,1.0,0.023255813953488413,0,0.023255813953488413,0.0
G3_p0_w3_regular,G3_p4,20.0,1.0,1.0,0.0,0,0.0,0.0
G3_p0_w3_regular,G3_p4,10.0,1.0,1.0,0.0,0,0.0,1.3320549061664875e-16
G3_p0_w3_regular,G3_p4,0.0,0.9767441860465116,1.0,0.023255813953488413,0,0.023255813953488413,0.0
G3_p0_w3_regular,G3_p4,-5.0,0.9090909090909091,0.9545454545454546,0.045454545454545525,1,0.04444444444444451,0.0
G3_p0_w3_regular,G4_p1,20.0,1.0,1.0,0.0,0,0.0,0.0
G3_p0_w3_regular,G4_p1,10.0,1.0,1.0,0.0,0,0.0,0.0
G3_p0_w3_regular,G4_p1,0.0,0.8571428571428571,0.9130434782608695,0.05590062111801242,0,0.07499999999999996,0.0
G3_p0_w3_regular,G4_p1,-5.0,0.5833333333333334,0.7058823529411765,0.12254901960784315,0,0.12810457516339868,1.8950126502476875e-16
G3_p0_w3_regular,G4_p2,20.0,1.0,1.0,0.0,0,0.0,0.0
G3_p0_w3_regular,G4_p2,10.0,1.0,1.0,0.0,0,0.0,0.0
G3_p0_w3_regular,G4_p2,0.0,0.9523809523809523,0.9767441860465116,0.02436323366555926,0,0.04341085271317824,0.0
G3_p0_w3_regular,G4_p2,-5.0,0.8260869565217391,0.9302325581395349,0.10414560161779574,0,0.02405180388529138,1.8950126501438073e-16
G3_p0_w3_regular,G4_p3,20.0,1.0,1.0,0.0,0,0.0,0.0
G3_p0_w3_regular,G4_p3,10.0,1.0,1.0,0.0,0,0.0,1.3320549061349094e-16
G3_p0_w3_regular,G4_p3,0.0,0.9767441860465116,1.0,0.023255813953488413,0,0.023255813953488413,0.0
G3_p0_w3_regular,G4_p3,-5.0,0.9302325581395349,0.9767441860465116,0.046511627906976716,1,0.04761904761904767,1.8950126500968314e-16
G3_p0_w3_regular,G4_p4,20.0,1.0,1.0,0.0,0,0.0,0.0
G3_p0_w3_regular,G4_p4,10.0,1.0,1.0,0.0,0,0.0,0.0
G3_p0_w3_regular,G4_p4,0.0,0.9545454545454546,1.0,0.045454545454545414,0,0.045454545454545414,0.0
G3_p0_w3_regular,G4_p4,-5.0,0.8163265306122449,0.9090909090909091,0.09276437847866414,0,0.04255319148936165,1.8950126501458246e-16
G3_p0_w3_variable,G1_p1,20.0,1.0,1.0,0.0,0,0.0,0.0
G3_p0_w3_variable,G1_p1,10.0,1.0,1.0,0.0,0,0.0,0.0
G3_p0_w3_variable,G1_p1,0.0,0.9565217391304348,0.9777777777777777,0.021256038647342934,0,0.061111111111111116,1.647235642157754e-16
G3_p0_w3_variable,G1_p1,-5.0,0.7547169811320755,0.88,0.12528301886792448,0,0.0778985507246377,0.0
G3_p0_w3_variable,G1_p2,20.0,1.0,1.0,0.0,0,0.0,2.059044552602489e-16
G3_p0_w3_variable,G1_p2,10.0,1.0,1.0,0.0,0,0.0,0.0
G3_p0_w3_variable,G1_p2,0.0,0.9565217391304348,1.0,0.04347826086956519,0,0.04347826086956519,0.0
G3_p0_w3_variable,G1_p2,-5.0,0.9090909090909091,0.9361702127659575,0.027079303675048405,0,0.08695652173913049,0.0
G3_p0_w3_variable,G1_p3,20.0,1.0,1.0,0.0,0,0.0,0.0
G3_p0_w3_variable,G1_p3,10.0,1.0,1.0,0.0,0,0.0,1.3022541180003601e-16
G3_p0_w3_variable,G1_p3,0.0,1.0,1.0,0.0,0,0.0,1.647235642085926e-16
G3_p0_w3_variable,G1_p3,-5.0,0.9333333333333333,1.0,0.06666666666666665,1,0.08416075650118204,0.0
G3_p0_w3_variable,G1_p4,20.0,1.0,1.0,0.0,0,0.0,0.0
G3_p0_w3_variable,G1_p4,10.0,0.9565217391304348,1.0,0.04347826086956519,0,0.04347826086956519,0.0
G3_p0_w3_variable,G1_p4,0.0,0.8148148148148148,0.8888888888888888,0.07407407407407407,0,0.07256235827664392,0.0
G3_p0_w3_variable,G1_p4,-5.0,0.11428571428571428,0.5142857142857142,0.39999999999999997,0,0.16000000000000003,0.0
G3_p0_w3_variable,G2_p1,20.0,1.0,1.0,0.0,0,0.0,2.0590445526960523e-16
G3_p0_w3_variable,G2_p1,10.0,1.0,1.0,0.0,0,0.0,0.0
G3_p0_w3_variable,G2_p1,0.0,0.8444444444444444,0.9777777777777777,0.1333333333333333,1,0.0888888888888889,0.0
G3_p0_w3_variable,G2_p1,-5.0,0.7272727272727273,0.8936170212765957,0.1663442940038684,0,0.16149068322981364,0.0
G3_p0_w3_variable,G2_p2,20.0,1.0,1.0,0.0,0,0.0,0.0
G3_p0_w3_variable,G2_p2,10.0,1.0,1.0,0.0,0,0.0,0.0
G3_p0_w3_variable,G2_p2,0.0,0.9545454545454546,0.9777777777777777,0.02323232323232316,0,0.045454545454545414,0.0
G3_p0_w3_variable,G2_p2,-5.0,0.851063829787234,0.9333333333333333,0.0822695035460993,0,0.060928433268858884,0.0
G3_p0_w3_variable,G2_p3,20.0,1.0,1.0,0.0,0,0.0,2.0590445526423477e-16
G3_p0_w3_variable,G2_p3,10.0,1.0,1.0,0.0,0,0.0,0.0
G3_p0_w3_variable,G2_p3,0.0,0.9333333333333333,1.0,0.06666666666666665,1,0.04347826086956519,0.0
G3_p0_w3_variable,G2_p3,-5.0,0.851063829787234,0.9361702127659575,0.08510638297872342,0,0.10034013605442171,0.0
G3_p0_w3_variable,G2_p4,20.0,1.0,1.0,0.0,0,0.0,0.0
G3_p0_w3_variable,G2_p4,10.0,0.9565217391304348,1.0,0.04347826086956519,0,0.04347826086956519,0.0
G3_p0_w3_variable,G2_p4,0.0,0.7659574468085106,0.8695652173913043,0.10360777058279369,0,0.058510638297872286,1.6472356420509358e-16
G3_p0_w3_variable,G2_p4,-5.0,0.18181818181818182,0.45714285714285713,0.2753246753246753,0,0.14775510204081632,0.0
G3_p0_w3_variable,G3_p1,20.0,1.0,1.0,0.0,0,0.0,2.0590445527095202e-16
G3_p0_w3_variable,G3_p1,10.0,1.0,1.0,0.0,0,0.0,0.0
G3_p0_w3_variable,G3_p1,0.0,0.9130434782608695,0.9565217391304348,0.0434782608695653,1,0.058562555456965426,1.6472356421676157e-16
G3_p0_w3_variable,G3_p1,-5.0,0.7083333333333334,0.88,0.17166666666666663,0,0.12301886792452832,0.0
G3_p0_w3_variable,G3_p2,20.0,1.0,1.0,0.0,0,0.0,0.0
G3_p0_w3_variable,G3_p2,10.0,1.0,1.0,0.0,0,0.0,2.6045082359169615e-16
G3_p0_w3_variable,G3_p2,0.0,1.0,1.0,0.0,0,0.0,0.0
G3_p0_w3_variable,G3_p2,-5.0,1.0,1.0,0.0,0,0.0,1.8526173476831726e-16
G3_p0_w3_variable,G3_p3,20.0,1.0,1.0,0.0,0,0.0,0.0
G3_p0_w3_variable,G3_p3,10.0,1.0,1.0,0.0,0,0.0,1.3022541179766147e-16
G3_p0_w3_variable,G3_p3,0.0,1.0,1.0,0.0,0,0.0,0.0
G3_p0_w3_variable,G3_p3,-5.0,1.0,1.0,0.0,0,0.0,0.0
G3_p0_w3_variable,G3_p4,20.0,1.0,1.0,0.0,0,0.0,0.0
G3_p0_w3_variable,G3_p4,10.0,1.0,1.0,0.0,0,0.0,2.60450823599426e-16
G3_p0_w3_variable,G3_p4,0.0,0.9777777777777777,1.0,0.022222222222222254,0,0.022222222222222254,1.6472356420818404e-16
G3_p0_w3_variable,G3_p4,-5.0,0.8888888888888888,0.9361702127659575,0.047281323877068626,0,0.08510638297872342,0.0
G3_p0_w3_variable,G4_p1,20.0,1.0,1.0,0.0,0,0.0,0.0
G3_p0_w3_variable,G4_p1,10.0,0.9777777777777777,1.0,0.022222222222222254,0,0.022222222222222254,0.0
G3_p0_w3_variable,G4_p1,0.0,0.8936170212765957,0.9565217391304348,0.06290471785383911,1,0.08152173913043481,1.647235642173922e-16
G3_p0_w3_variable,G4_p1,-5.0,0.6530612244897959,0.7659574468085106,0.11289622231871477,0,0.13708124759337703,1.8526173478417173e-16
G3_p0_w3_variable,G4_p2,20.0,1.0,1.0,0.0,0,0.0,0.0
G3_p0_w3_variable,G4_p2,10.0,1.0,1.0,0.0,0,0.0,0.0
G3_p0_w3_variable,G4_p2,0.0,0.9777777777777777,1.0,0.022222222222222254,0,0.022222222222222254,0.0
G3_p0_w3_variable,G4_p2,-5.0,0.851063829787234,0.9361702127659575,0.08510638297872342,0,0.12318840579710144,1.8526173477401616e-16
G3_p0_w3_variable,G4_p3,20.0,1.0,1.0,0.0,0,0.0,0.0
G3_p0_w3_variable,G4_p3,10.0,1.0,1.0,0.0,0,0.0,1.3022541179662582e-16
G3_p0_w3_variable,G4_p3,0.0,0.9767441860465116,1.0,0.023255813953488413,0,0.023255813953488413,1.6472356420427905e-16
G3_p0_w3_variable,G4_p3,-5.0,0.9545454545454546,1.0,0.045454545454545414,0,0.045454545454545414,0.0
G3_p0_w3_variable,G4_p4,20.0,1.0,1.0,0.0,0,0.0,0.0
G3_p0_w3_variable,G4_p4,10.0,1.0,1.0,0.0,0,0.0,1.3022541179999263e-16
G3_p0_w3_variable,G4_p4,0.0,0.9333333333333333,1.0,0.06666666666666665,1,0.06666666666666665,1.6472356420853777e-16
G3_p0_w3_variable,G4_p4,-5.0,0.7692307692307693,0.8936170212765957,0.12438625204582643,0,0.12528301886792448,1.8526173477421338e-16
G3_p5_w0_regular,G1_p1,20.0,1.0,1.0,0.0,0,0.0,0.0
G3_p5_w0_regular,G1_p1,10.0,1.0,1.0,0.0,0,0.0,1.4470114718005535e-16
G3_p5_w0_regular,G1_p1,0.0,0.9545454545454546,1.0,0.045454545454545414,0,0.06370070778564207,0.0
G3_p5_w0_regular,G1_p1,-5.0,0.8,0.8837209302325582,0.08372093023255811,0,0.09940720474236209,0.0
G3_p5_w0_regular,G1_p2,20.0,1.0,1.0,0.0,0,0.0,2.287926025535898e-16
G3_p5_w0_regular,G1_p2,10.0,1.0,1.0,0.0,0,0.0,0.0
G3_p5_w0_regular,G1_p2,0.0,0.9545454545454546,1.0,0.045454545454545414,0,0.045454545454545414,0.0
G3_p5_w0_regular,G1_p2,-5.0,0.8837209302325582,0.9545454545454546,0.07082452431289643,1,0.04961240310077519,2.0585525650197526e-16
G3_p5_w0_regular,G1_p3,20.0,1.0,1.0,0.0,0,0.0,0.0
G3_p5_w0_regular,G1_p3,10.0,1.0,1.0,0.0,0,0.0,0.0
G3_p5_w0_regular,G1_p3,0.0,1.0,1.0,0.0,0,0.0,0.0
G3_p5_w0_regular,G1_p3,-5.0,0.9767441860465116,0.9767441860465116,0.0,0,0.045454545454545414,0.0
G3_p5_w0_regular,G1_p4,20.0,1.0,1.0,0.0,0,0.0,1.143963012742111e-16
G3_p5_w0_regular,G1_p4,10.0,0.9767441860465116,1.0,0.023255813953488413,0,0.0,0.0
G3_p5_w0_regular,G1_p4,0.0,0.75,0.8372093023255814,0.08720930232558144,0,0.09767891682785301,0.0
G3_p5_w0_regular,G1_p4,-5.0,0.2777777777777778,0.6666666666666666,0.38888888888888884,0,0.10338164251207727,2.0585525649732571e-16
G3_p5_w0_regular,G2_p1,20.0,1.0,1.0,0.0,0,0.0,1.1439630128199306e-16
G3_p5_w0_regular,G2_p1,10.0,1.0,1.0,0.0,0,0.0,0.0
G3_p5_w0_regular,G2_p1,0.0,0.9090909090909091,1.0,0.09090909090909094,1,0.06666666666666665,0.0
G3_p5_w0_regular,G2_p1,-5.0,0.8095238095238095,0.8695652173913043,0.06004140786749479,0,0.14762386248736092,0.0
G3_p5_w0_regular,G2_p2,20.0,1.0,1.0,0.0,0,0.0,0.0
G3_p5_w0_regular,G2_p2,10.0,1.0,1.0,0.0,0,0.0,2.894022943426895e-16
G3_p5_w0_regular,G2_p2,0.0,0.9523809523809523,1.0,0.04761904761904767,0,0.04761904761904767,0.0
G3_p5_w0_regular,G2_p2,-5.0,0.9302325581395349,0.9767441860465116,0.046511627906976716,1,0.046511627906976716,2.0585525649905145e-16
G3_p5_w0_regular,G2_p3,20.0,1.0,1.0,0.0,0,0.0,1.1439630127900934e-16
G3_p5_w0_regular,G2_p3,10.0,1.0,1.0,0.0,0,0.0,0.0
G3_p5_w0_regular,G2_p3,0.0,0.975609756097561,1.0,0.024390243902439046,0,0.04761904761904767,0.0
G3_p5_w0_regular,G2_p3,-5.0,0.8444444444444444,0.9545454545454546,0.11010101010101014,1,0.06197964847363546,0.0
G3_p5_w0_regular,G2_p4,20.0,1.0,1.0,0.0,0,0.0,1.143963012746382e-16
G3_p5_w0_regular,G2_p4,10.0,0.9767441860465116,1.0,0.023255813953488413,0,0.0,0.0
G3_p5_w0_regular,G2_p4,0.0,0.7555555555555555,0.8695652173913043,0.11400966183574879,0,0.04347826086956519,0.0
G3_p5_w0_regular,G2_p4,-5.0,0.25806451612903225,0.4117647058823529,0.15370018975332067,0,0.1377551020408163,0.0
G3_p5_w0_regular,G3_p1,20.0,1.0,1.0,0.0,0,0.0,0.0
G3_p5_w0_regular,G3_p1,10.0,0.9767441860465116,1.0,0.023255813953488413,0,0.023255813953488413,0.0
G3_p5_w0_regular,G3_p1,0.0,0.8837209302325582,0.9767441860465116,0.09302325581395343,1,0.10174418604651159,0.0
G3_p5_w0_regular,G3_p1,-5.0,0.6818181818181818,0.8260869565217391,0.14426877470355737,0,0.15551839464882944,2.0585525651267576e-16
G3_p5_w0_regular,G3_p2,20.0,1.0,1.0,0.0,0,0.0,1.1439630127338928e-16
G3_p5_w0_regular,G3_p2,10.0,1.0,1.0,0.0,0,0.0,0.0
G3_p5_w0_regular,G3_p2,0.0,1.0,1.0,0.0,0,0.0,0.0
G3_p5_w0_regular,G3_p2,-5.0,1.0,1.0,0.0,0,0.0,0.0
G3_p5_w0_regular,G3_p3,20.0,1.0,1.0,0.0,0,0.0,0.0
G3_p5_w0_regular,G3_p3,10.0,1.0,1.0,0.0,0,0.0,1.4470114717110715e-16
G3_p5_w0_regular,G3_p3,0.0,1.0,1.0,0.0,0,0.0,0.0
G3_p5_w0_regular,G3_p3,-5.0,0.9767441860465116,1.0,0.023255813953488413,0,0.023255813953488413,0.0
G3_p5_w0_regular,G3_p4,20.0,1.0,1.0,0.0,0,0.0,1.143963012767844e-16
G3_p5_w0_regular,G3_p4,10.0,1.0,1.0,0.0,0,0.0,1.4470114717338672e-16
G3_p5_w0_regular,G3_p4,0.0,0.9767441860465116,1.0,0.023255813953488413,0,0.023255813953488413,1.8303408204285505e-16
G3_p5_w0_regular,G3_p4,-5.0,0.9090909090909091,0.9545454545454546,0.045454545454545525,1,0.06565656565656575,2.058552565019564e-16
G3_p5_w0_regular,G4_p1,20.0,1.0,1.0,0.0,0,0.0,1.1439630128317924e-16
G3_p5_w0_regular,G4_p1,10.0,1.0,1.0,0.0,0,0.0,1.4470114718147557e-16
G3_p5_w0_regular,G4_p1,0.0,0.8936170212765957,0.9302325581395349,0.03661553686293917,0,0.06464646464646462,0.0
G3_p5_w0_regular,G4_p1,-5.0,0.75,0.8444444444444444,0.09444444444444444,0,0.125,2.0585525651346379e-16
G3_p5_w0_regular,G4_p2,20.0,1.0,1.0,0.0,0,0.0,1.143963012769083e-16
G3_p5_w0_regular,G4_p2,10.0,1.0,1.0,0.0,0,0.0,0.0
G3_p5_w0_regular,G4_p2,0.0,1.0,1.0,0.0,0,0.023255813953488413,0.0
G3_p5_w0_regular,G4_p2,-5.0,0.9090909090909091,0.9767441860465116,0.06765327695560253,1,0.06565656565656575,0.0
G3_p5_w0_regular,G4_p3,20.0,1.0,1.0,0.0,0,0.0,1.1439630127407248e-16
G3_p5_w0_regular,G4_p3,10.0,1.0,1.0,0.0,0,0.0,0.0
G3_p5_w0_regular,G4_p3,0.0,1.0,1.0,0.0,0,0.0,0.0
G3_p5_w0_regular,G4_p3,-5.0,0.9523809523809523,1.0,0.04761904761904767,0,0.02436323366555926,2.0585525649707629e-16
G3_p5_w0_regular,G4_p4,20.0,1.0,1.0,0.0,0,0.0,0.0
G3_p5_w0_regular,G4_p4,10.0,1.0,1.0,0.0,0,0.0,0.0
G3_p5_w0_regular,G4_p4,0.0,0.9767441860465116,1.0,0.023255813953488413,0,0.045454545454545414,0.0
G3_p5_w0_regular,G4_p4,-5.0,0.8888888888888888,0.9090909090909091,0.02020202020202022,0,0.03647416413373861,0.0
G3_p5_w0_variable,G1_p1,20.0,1.0,1.0,0.0,0,0.0,0.0
G3_p5_w0_variable,G1_p1,10.0,1.0,1.0,0.0,0,0.0,0.0
G3_p5_w0_variable,G1_p1,0.0,0.9545454545454546,1.0,0.045454545454545414,0,0.022198731501057,0.0
G3_p5_w0_variable,G1_p1,-5.0,0.6956521739130435,0.8888888888888888,0.19323671497584538,0,0.1229314420803782,0.0
G3_p5_w0_variable,G1_p2,20.0,1.0,1.0,0.0,0,0.0,0.0
G3_p5_w0_variable,G1_p2,10.0,1.0,1.0,0.0,0,0.0,0.0
G3_p5_w0_variable,G1_p2,0.0,0.9767441860465116,1.0,0.023255813953488413,0,0.06976744186046513,0.0
G3_p5_w0_variable,G1_p2,-5.0,0.8636363636363636,0.9523809523809523,0.08874458874458868,1,0.08874458874458868,0.0
G3_p5_w0_variable,G1_p3,20.0,1.0,1.0,0.0,0,0.0,1.14125015024898e-16
G3_p5_w0_variable,G1_p3,10.0,1.0,1.0,0.0,0,0.0,0.0
G3_p5_w0_variable,G1_p3,0.0,1.0,1.0,0.0,0,0.0,1.8260002403983683e-16
G3_p5_w0_variable,G1_p3,-5.0,0.9545454545454546,1.0,0.045454545454545414,0,0.06370070778564207,2.0536707899670292e-16
G3_p5_w0_variable,G1_p4,20.0,1.0,1.0,0.0,0,0.0,1.141250150220477e-16
G3_p5_w0_variable,G1_p4,10.0,0.9767441860465116,1.0,0.023255813953488413,0,0.045454545454545414,0.0
G3_p5_w0_variable,G1_p4,0.0,0.7272727272727273,0.8372093023255814,0.10993657505285415,0,0.035933806146572156,0.0
G3_p5_w0_variable,G1_p4,-5.0,0.30303030303030304,0.47058823529411764,0.1675579322638146,0,0.12333629103815436,0.0
G3_p5_w0_variable,G2_p1,20.0,1.0,1.0,0.0,0,0.0,1.1412501502981123e-16
G3_p5_w0_variable,G2_p1,10.0,1.0,1.0,0.0,0,0.0,1.4435799419806107e-16
G3_p5_w0_variable,G2_p1,0.0,0.9090909090909091,1.0,0.09090909090909094,1,0.08785529715762275,0.0
G3_p5_w0_variable,G2_p1,-5.0,0.8260869565217391,0.8837209302325582,0.05763397371081902,0,0.06893424036281182,0.0
G3_p5_w0_variable,G2_p2,20.0,1.0,1.0,0.0,0,0.0,1.1412501502300447e-16
G3_p5_w0_variable,G2_p2,10.0,1.0,1.0,0.0,0,0.0,0.0
G3_p5_w0_variable,G2_p2,0.0,0.9767441860465116,1.0,0.023255813953488413,0,0.023255813953488413,0.0
G3_p5_w0_variable,G2_p2,-5.0,0.9302325581395349,0.9767441860465116,0.046511627906976716,1,0.0,2.0536707899329548e-16
G3_p5_w0_variable,G2_p3,20.0,1.0,1.0,0.0,0,0.0,1.141250150268346e-16
G3_p5_w0_variable,G2_p3,10.0,1.0,1.0,0.0,0,0.0,0.0
G3_p5_w0_variable,G2_p3,0.0,0.9767441860465116,1.0,0.023255813953488413,0,0.023255813953488413,1.826000240429354e-16
G3_p5_w0_variable,G2_p3,-5.0,0.8636363636363636,0.9545454545454546,0.09090909090909094,1,0.19413549039433764,2.0536707900018776e-16
G3_p5_w0_variable,G2_p4,20.0,1.0,1.0,0.0,0,0.0,0.0
G3_p5_w0_variable,G2_p4,10.0,0.9767441860465116,1.0,0.023255813953488413,0,0.045454545454545414,0.0
G3_p5_w0_variable,G2_p4,0.0,0.6976744186046512,0.8636363636363636,0.16596194503171247,0,0.13636363636363635,0.0
G3_p5_w0_variable,G2_p4,-5.0,0.24242424242424243,0.5,0.25757575757575757,0,0.07342995169082123,0.0
G3_p5_w0_variable,G3_p1,20.0,1.0,1.0,0.0,0,0.0,1.1412501503055771e-16
G3_p5_w0_variable,G3_p1,10.0,1.0,1.0,0.0,0,0.0,1.4435799419900524e-16
G3_p5_w0_variable,G3_p1,0.0,0.8837209302325582,0.9767441860465116,0.09302325581395343,1,0.049407114624505866,0.0
G3_p5_w0_variable,G3_p1,-5.0,0.7555555555555555,0.8181818181818182,0.0626262626262627,0,0.14184397163120566,0.0
G3_p5_w0_variable,G3_p2,20.0,1.0,1.0,0.0,0,0.0,1.1412501502122786e-16
G3_p5_w0_variable,G3_p2,10.0,1.0,1.0,0.0,0,0.0,0.0
G3_p5_w0_variable,G3_p2,0.0,1.0,1.0,0.0,0,0.0,0.0
G3_p5_w0_variable,G3_p2,-5.0,1.0,1.0,0.0,0,0.0,0.0
G3_p5_w0_variable,G3_p3,20.0,1.0,1.0,0.0,0,0.0,1.1412501502281704e-16
G3_p5_w0_variable,G3_p3,10.0,1.0,1.0,0.0,0,0.0,0.0
G3_p5_w0_variable,G3_p3,0.0,1.0,1.0,0.0,0,0.0,1.826000240365073e-16
G3_p5_w0_variable,G3_p3,-5.0,0.9767441860465116,1.0,0.023255813953488413,0,0.023255813953488413,0.0
G3_p5_w0_variable,G3_p4,20.0,1.0,1.0,0.0,0,0.0,1.1412501502461493e-16
G3_p5_w0_variable,G3_p4,10.0,1.0,1.0,0.0,0,0.0,1.443579941914882e-16
G3_p5_w0_variable,G3_p4,0.0,0.9767441860465116,1.0,0.023255813953488413,0,0.023255813953488413,0.0
G3_p5_w0_variable,G3_p4,-5.0,0.9333333333333333,1.0,0.06666666666666665,1,0.039337474120082816,0.0
G3_p5_w0_variable,G4_p1,20.0,1.0,1.0,0.0,0,0.0,1.141250150309946e-16
G3_p5_w0_variable,G4_p1,10.0,1.0,1.0,0.0,0,0.0,0.0
G3_p5_w0_variable,G4_p1,0.0,0.8695652173913043,0.9333333333333333,0.06376811594202902,0,0.10348162475822054,0.0
G3_p5_w0_variable,G4_p1,-5.0,0.7555555555555555,0.851063829787234,0.09550827423167851,0,0.11944444444444446,2.0536707900767358e-16
G3_p5_w0_variable,G4_p2,20.0,1.0,1.0,0.0,0,0.0,0.0
G3_p5_w0_variable,G4_p2,10.0,1.0,1.0,0.0,0,0.0,0.0
G3_p5_w0_variable,G4_p2,0.0,1.0,1.0,0.0,0,0.045454545454545414,0.0
G3_p5_w0_variable,G4_p2,-5.0,0.8695652173913043,0.9545454545454546,0.08498023715415026,1,0.10453283996299723,0.0
G3_p5_w0_variable,G4_p3,20.0,1.0,1.0,0.0,0,0.0,1.1412501502190946e-16
G3_p5_w0_variable,G4_p3,10.0,1.0,1.0,0.0,0,0.0,1.4435799418806598e-16
G3_p5_w0_variable,G4_p3,0.0,0.9767441860465116,1.0,0.023255813953488413,0,0.023255813953488413,1.826000240350551e-16
G3_p5_w0_variable,G4_p3,-5.0,0.9523809523809523,1.0,0.04761904761904767,0,0.04761904761904767,2.05367078991325e-16
G3_p5_w0_variable,G4_p4,20.0,1.0,1.0,0.0,0,0.0,1.1412501502486e-16
G3_p5_w0_variable,G4_p4,10.0,1.0,1.0,0.0,0,0.0,0.0
G3_p5_w0_variable,G4_p4,0.0,0.9767441860465116,1.0,0.023255813953488413,0,0.09090909090909094,0.0
G3_p5_w0_variable,G4_p4,-5.0,0.8181818181818182,0.9333333333333333,0.11515151515151512,0,0.04917257683215126,2.053670789966345e-16
G3_p5_w1_regular,G1_p1,20.0,1.0,1.0,0.0,0,0.0,1.1404555340047012e-16
G3_p5_w1_regular,G1_p1,10.0,1.0,1.0,0.0,0,0.0,0.0
G3_p5_w1_regular,G1_p1,0.0,0.9230769230769231,1.0,0.07692307692307687,1,0.09492419248516815,1.824728854407522e-16
G3_p5_w1_regular,G1_p1,-5.0,0.7906976744186046,0.8717948717948718,0.0810971973762672,0,0.07371273712737125,0.0
G3_p5_w1_regular,G1_p2,20.0,1.0,1.0,0.0,0,0.0,1.140455533952247e-16
G3_p5_w1_regular,G1_p2,10.0,1.0,1.0,0.0,0,0.0,0.0
G3_p5_w1_regular,G1_p2,0.0,0.9473684210526315,1.0,0.052631578947368474,1,0.0256045519203415,1.8247288543235956e-16
G3_p5_w1_regular,G1_p2,-5.0,0.8947368421052632,0.9473684210526315,0.05263157894736836,0,0.07557354925775972,0.0
G3_p5_w1_regular,G1_p3,20.0,1.0,1.0,0.0,0,0.0,1.1404555339549714e-16
G3_p5_w1_regular,G1_p3,10.0,1.0,1.0,0.0,0,0.0,1.442574822976483e-16
G3_p5_w1_regular,G1_p3,0.0,1.0,1.0,0.0,0,0.0,0.0
G3_p5_w1_regular,G1_p3,-5.0,0.9444444444444444,1.0,0.05555555555555558,1,0.05405405405405406,0.0
G3_p5_w1_regular,G1_p4,20.0,1.0,1.0,0.0,0,0.0,0.0
G3_p5_w1_regular,G1_p4,10.0,0.972972972972973,1.0,0.027027027027026973,0,0.052631578947368474,1.4425748229404541e-16
G3_p5_w1_regular,G1_p4,0.0,0.7441860465116279,0.8717948717948718,0.1276088252832439,0,0.08791208791208782,1.8247288542823813e-16
G3_p5_w1_regular,G1_p4,-5.0,0.5263157894736842,0.6060606060606061,0.0797448165869219,0,0.22415795586527298,2.0522408840604433e-16
G3_p5_w1_regular,G2_p1,20.0,1.0,1.0,0.0,0,0.0,1.1404555340040693e-16
G3_p5_w1_regular,G2_p1,10.0,1.0,1.0,0.0,0,0.0,1.4425748230385874e-16
G3_p5_w1_regular,G2_p1,0.0,0.918918918918919,0.972972972972973,0.05405405405405406,1,0.05263157894736836,0.0
G3_p5_w1_regular,G2_p1,-5.0,0.8,0.8717948717948718,0.07179487179487176,0,0.09523809523809523,0.0
G3_p5_w1_regular,G2_p2,20.0,1.0,1.0,0.0,0,0.0,0.0
G3_p5_w1_regular,G2_p2,10.0,1.0,1.0,0.0,0,0.0,2.885149645905095e-16
G3_p5_w1_regular,G2_p2,0.0,0.9444444444444444,0.972972972972973,0.028528528528528607,1,0.0,0.0
G3_p5_w1_regular,G2_p2,-5.0,0.9,0.972972972972973,0.072972972972973,1,0.10117810117810122,0.0
G3_p5_w1_regular,G2_p3,20.0,1.0,1.0,0.0,0,0.0,1.1404555339743239e-16
G3_p5_w1_regular,G2_p3,10.0,1.0,1.0,0.0,0,0.0,0.0
G3_p5_w1_regular,G2_p3,0.0,0.972972972972973,1.0,0.027027027027026973,0,0.052631578947368474,0.0
G3_p5_w1_regular,G2_p3,-5.0,0.8292682926829268,0.9230769230769231,0.09380863039399634,0,0.09473684210526312,4.104481768293047e-16
G3_p5_w1_regular,G2_p4,20.0,1.0,1.0,0.0,0,0.0,1.140455533930746e-16
G3_p5_w1_regular,G2_p4,10.0,0.972972972972973,1.0,0.027027027027026973,0,0.052631578947368474,0.0
G3_p5_w1_regular,G2_p4,0.0,0.75,0.8571428571428571,0.1071428571428571,0,0.05714285714285705,0.0
G3_p5_w1_regular,G2_p4,-5.0,0.14814814814814814,0.5555555555555556,0.40740740740740744,0,0.1324570273003034,0.0
G3_p5_w1_regular,G3_p1,20.0,1.0,1.0,0.0,0,0.0,1.140455534011529e-16
G3_p5_w1_regular,G3_p1,10.0,1.0,1.0,0.0,0,0.027027027027026973,0.0
G3_p5_w1_regular,G3_p1,0.0,0.8717948717948718,0.9230769230769231,0.05128205128205132,0,0.07073170731707323,0.0
G3_p5_w1_regular,G3_p1,-5.0,0.7317073170731707,0.8095238095238095,0.07781649245063882,0,0.07505285412262153,0.0
G3_p5_w1_regular,G3_p2,20.0,1.0,1.0,0.0,0,0.0,2.2809110678365915e-16
G3_p5_w1_regular,G3_p2,10.0,1.0,1.0,0.0,0,0.0,1.4425748229300907e-16
G3_p5_w1_regular,G3_p2,0.0,1.0,1.0,0.0,0,0.0,1.824728854269273e-16
G3_p5_w1_regular,G3_p2,-5.0,1.0,1.0,0.0,0,0.0,2.0522408840457005e-16
G3_p5_w1_regular,G3_p3,20.0,1.0,1.0,0.0,0,0.0,0.0
G3_p5_w1_regular,G3_p3,10.0,1.0,1.0,0.0,0,0.0,0.0
G3_p5_w1_regular,G3_p3,0.0,1.0,1.0,0.0,0,0.0,0.0
G3_p5_w1_regular,G3_p3,-5.0,0.972972972972973,1.0,0.027027027027026973,0,0.027027027027026973,0.0
G3_p5_w1_regular,G3_p4,20.0,1.0,1.0,0.0,0,0.0,0.0
G3_p5_w1_regular,G3_p4,10.0,1.0,1.0,0.0,0,0.0,1.4425748229729044e-16
G3_p5_w1_regular,G3_p4,0.0,0.972972972972973,1.0,0.027027027027026973,0,0.052631578947368474,1.8247288543234284e-16
G3_p5_w1_regular,G3_p4,-5.0,0.8717948717948718,1.0,0.1282051282051282,1,0.18181818181818177,0.0
G3_p5_w1_regular,G4_p1,20.0,1.0,1.0,0.0,0,0.0,1.1404555340158946e-16
G3_p5_w1_regular,G4_p1,10.0,1.0,1.0,0.0,0,0.0,1.4425748230535452e-16
G3_p5_w1_regular,G4_p1,0.0,0.8947368421052632,0.9230769230769231,0.028340080971659964,0,0.05789473684210533,0.0
G3_p5_w1_regular,G4_p1,-5.0,0.6511627906976745,0.7555555555555555,0.10439276485788107,0,0.015856236786469413,0.0
G3_p5_w1_regular,G4_p2,20.0,1.0,1.0,0.0,0,0.0,1.1404555339533779e-16
G3_p5_w1_regular,G4_p2,10.0,1.0,1.0,0.0,0,0.0,1.4425748229744669e-16
G3_p5_w1_regular,G4_p2,0.0,0.972972972972973,1.0,0.027027027027026973,0,0.027027027027026973,0.0
G3_p5_w1_regular,G4_p2,-5.0,0.8421052631578947,0.9230769230769231,0.08097165991902844,0,0.06593406593406603,0.0
G3_p5_w1_regular,G4_p3,20.0,1.0,1.0,0.0,0,0.0,1.1404555339251066e-16
G3_p5_w1_regular,G4_p3,10.0,1.0,1.0,0.0,0,0.0,0.0
G3_p5_w1_regular,G4_p3,0.0,0.972972972972973,1.0,0.027027027027026973,0,0.027027027027026973,0.0
G3_p5_w1_regular,G4_p3,-5.0,0.9444444444444444,1.0,0.05555555555555558,1,0.05555555555555558,2.0522408840579572e-16
G3_p5_w1_regular,G4_p4,20.0,1.0,1.0,0.0,0,0.0,1.1404555339545915e-16
G3_p5_w1_regular,G4_p4,10.0,1.0,1.0,0.0,0,0.0,1.4425748229760024e-16
G3_p5_w1_regular,G4_p4,0.0,0.9473684210526315,1.0,0.052631578947368474,1,0.0,1.8247288543273466e-16
G3_p5_w1_regular,G4_p4,-5.0,0.8181818181818182,0.85,0.031818181818181746,0,0.06852497096399535,0.0
G3_p5_w1_variable,G1_p1,20.0,1.0,1.0,0.0,0,0.0,0.0
G3_p5_w1_variable,G1_p1,10.0,1.0,1.0,0.0,0,0.0,0.0
G3_p5_w1_variable,G1_p1,0.0,0.9473684210526315,1.0,0.052631578947368474,1,0.024291497975708398,0.0
G3_p5_w1_variable,G1_p1,-5.0,0.7804878048780488,0.9,0.11951219512195121,0,0.091307066916823,0.0
G3_p5_w1_variable,G1_p2,20.0,1.0,1.0,0.0,0,0.0,1.1398462809227424e-16
G3_p5_w1_variable,G1_p2,10.0,1.0,1.0,0.0,0,0.0,0.0
G3_p5_w1_variable,G1_p2,0.0,0.918918918918919,0.972972972972973,0.05405405405405406,1,0.05405405405405406,0.0
G3_p5_w1_variable,G1_p2,-5.0,0.918918918918919,0.972972972972973,0.05405405405405406,1,0.07823613086770986,0.0
G3_p5_w1_variable,G1_p3,20.0,1.0,1.0,0.0,0,0.0,1.139846280925465e-16
G3_p5_w1_variable,G1_p3,10.0,1.0,1.0,0.0,0,0.0,0.0
G3_p5_w1_variable,G1_p3,0.0,1.0,1.0,0.0,0,0.0,1.823754049480744e-16
G3_p5_w1_variable,G1_p3,-5.0,0.918918918918919,0.972972972972973,0.05405405405405406,1,0.0498960498960499,2.0511445380125343e-16
G3_p5_w1_variable,G1_p4,20.0,1.0,1.0,0.0,0,0.0,0.0
G3_p5_w1_variable,G1_p4,10.0,1.0,1.0,0.0,0,0.027027027027026973,1.4418041720426342e-16
G3_p5_w1_variable,G1_p4,0.0,0.8,0.8292682926829268,0.029268292682926744,0,0.06736353077816493,0.0
G3_p5_w1_variable,G1_p4,-5.0,0.3448275862068966,0.5882352941176471,0.2434077079107505,0,0.1107419712070874,0.0
G3_p5_w1_variable,G2_p1,20.0,1.0,1.0,0.0,0,0.0,0.0
G3_p5_w1_variable,G2_p1,10.0,1.0,1.0,0.0,0,0.0,0.0
G3_p5_w1_variable,G2_p1,0.0,0.8421052631578947,0.9473684210526315,0.10526315789473684,0,0.09736842105263155,0.0
G3_p5_w1_variable,G2_p1,-5.0,0.7804878048780488,0.8292682926829268,0.04878048780487798,0,0.14634146341463405,2.0511445381008392e-16
G3_p5_w1_variable,G2_p2,20.0,1.0,1.0,0.0,0,0.0,1.1398462809065527e-16
G3_p5_w1_variable,G2_p2,10.0,1.0,1.0,0.0,0,0.0,1.4418041720547213e-16
G3_p5_w1_variable,G2_p2,0.0,0.972972972972973,1.0,0.027027027027026973,0,0.027027027027026973,1.8237540494504845e-16
G3_p5_w1_variable,G2_p2,-5.0,0.8648648648648649,0.972972972972973,0.10810810810810811,1,0.07823613086770986,0.0
G3_p5_w1_variable,G2_p3,20.0,1.0,1.0,0.0,0,0.0,0.0
G3_p5_w1_variable,G2_p3,10.0,1.0,1.0,0.0,0,0.0,1.4418041721031098e-16
G3_p5_w1_variable,G2_p3,0.0,1.0,1.0,0.0,0,0.027027027027026973,0.0
G3_p5_w1_variable,G2_p3,-5.0,0.8095238095238095,0.9473684210526315,0.137844611528822,0,0.10930232558139541,0.0
G3_p5_w1_variable,G2_p4,20.0,1.0,1.0,0.0,0,0.0,0.0
G3_p5_w1_variable,G2_p4,10.0,1.0,1.0,0.0,0,0.027027027027026973,2.883608344096034e-16
G3_p5_w1_variable,G2_p4,0.0,0.7692307692307693,0.8571428571428571,0.08791208791208782,0,0.08791208791208782,1.8237540494420047e-16
G3_p5_w1_variable,G2_p4,-5.0,0.3225806451612903,0.5294117647058824,0.20683111954459205,0,0.18604651162790697,0.0
G3_p5_w1_variable,G3_p1,20.0,1.0,1.0,0.0,0,0.0,1.1398462809819925e-16
G3_p5_w1_variable,G3_p1,10.0,1.0,1.0,0.0,0,0.0,0.0
G3_p5_w1_variable,G3_p1,0.0,0.8648648648648649,0.9473684210526315,0.08250355618776661,0,0.13076923076923075,0.0
G3_p5_w1_variable,G3_p1,-5.0,0.5641025641025641,0.8,0.23589743589743595,0,0.2048726467331119,2.0511445381142545e-16
G3_p5_w1_variable,G3_p2,20.0,1.0,1.0,0.0,0,0.0,1.1398462808888088e-16
G3_p5_w1_variable,G3_p2,10.0,1.0,1.0,0.0,0,0.0,0.0
G3_p5_w1_variable,G3_p2,0.0,1.0,1.0,0.0,0,0.0,0.0
G3_p5_w1_variable,G3_p2,-5.0,1.0,1.0,0.0,0,0.0,0.0
G3_p5_w1_variable,G3_p3,20.0,1.0,1.0,0.0,0,0.0,1.139846280904681e-16
G3_p5_w1_variable,G3_p3,10.0,1.0,1.0,0.0,0,0.0,0.0
G3_p5_w1_variable,G3_p3,0.0,1.0,1.0,0.0,0,0.0,0.0
G3_p5_w1_variable,G3_p3,-5.0,0.972972972972973,1.0,0.027027027027026973,0,0.027027027027026973,0.0
G3_p5_w1_variable,G3_p4,20.0,1.0,1.0,0.0,0,0.0,0.0
G3_p5_w1_variable,G3_p4,10.0,1.0,1.0,0.0,0,0.0,0.0
G3_p5_w1_variable,G3_p4,0.0,0.972972972972973,1.0,0.027027027027026973,0,0.027027027027026973,1.8237540494762208e-16
G3_p5_w1_variable,G3_p4,-5.0,0.8421052631578947,0.9230769230769231,0.08097165991902844,0,0.05263157894736836,0.0
G3_p5_w1_variable,G4_p1,20.0,1.0,1.0,0.0,0,0.0,1.139846280986356e-16
G3_p5_w1_variable,G4_p1,10.0,1.0,1.0,0.0,0,0.0,1.441804172155665e-16
G3_p5_w1_variable,G4_p1,0.0,0.8205128205128205,0.918918918918919,0.09840609840609849,0,0.06227106227106227,0.0
G3_p5_w1_variable,G4_p1,-5.0,0.6341463414634146,0.8372093023255814,0.2030629608621668,0,0.15539112050739967,0.0
G3_p5_w1_variable,G4_p2,20.0,1.0,1.0,0.0,0,0.0,0.0
G3_p5_w1_variable,G4_p2,10.0,1.0,1.0,0.0,0,0.0,1.4418041720766287e-16
G3_p5_w1_variable,G4_p2,0.0,1.0,1.0,0.0,0,0.027027027027026973,0.0
G3_p5_w1_variable,G4_p2,-5.0,0.8717948717948718,0.9,0.028205128205128216,0,0.07073170731707323,0.0
G3_p5_w1_variable,G4_p3,20.0,1.0,1.0,0.0,0,0.0,1.1398462808956162e-16
G3_p5_w1_variable,G4_p3,10.0,1.0,1.0,0.0,0,0.0,0.0
G3_p5_w1_variable,G4_p3,0.0,0.972972972972973,1.0,0.027027027027026973,0,0.027027027027026973,1.8237540494329863e-16
G3_p5_w1_variable,G4_p3,-5.0,0.972972972972973,1.0,0.027027027027026973,0,0.027027027027026973,2.0511445379588215e-16
G3_p5_w1_variable,G4_p4,20.0,1.0,1.0,0.0,0,0.0,1.1398462809250856e-16
G3_p5_w1_variable,G4_p4,10.0,1.0,1.0,0.0,0,0.0,1.4418041720781636e-16
G3_p5_w1_variable,G4_p4,0.0,0.9473684210526315,0.972972972972973,0.0256045519203415,1,0.0256045519203415,0.0
G3_p5_w1_variable,G4_p4,-5.0,0.7906976744186046,0.8571428571428571,0.06644518272425248,0,0.08441558441558439,0.0
G3_p5_w2_regular,G1_p1,20.0,1.0,1.0,0.0,0,0.0,0.0
G3_p5_w2_regular,G1_p1,10.0,1.0,1.0,0.0,0,0.0,0.0
G3_p5_w2_regular,G1_p1,0.0,0.9230769230769231,1.0,0.07692307692307687,1,0.072972972972973,0.0
G3_p5_w2_regular,G1_p1,-5.0,0.7727272727272727,0.9,0.12727272727272732,0,0.08441558441558439,0.0
G3_p5_w2_regular,G1_p2,20.0,1.0,1.0,0.0,0,0.0,1.1354032429787392e-16
G3_p5_w2_regular,G1_p2,10.0,1.0,1.0,0.0,0,0.0,1.4361841242217586e-16
G3_p5_w2_regular,G1_p2,0.0,0.9473684210526315,1.0,0.052631578947368474,1,0.052631578947368474,0.0
G3_p5_w2_regular,G1_p2,-5.0,0.8947368421052632,0.972972972972973,0.07823613086770986,1,0.024291497975708398,2.0431493257026688e-16
G3_p5_w2_regular,G1_p3,20.0,1.0,1.0,0.0,0,0.0,0.0
G3_p5_w2_regular,G1_p3,10.0,1.0,1.0,0.0,0,0.0,1.4361841242251896e-16
G3_p5_w2_regular,G1_p3,0.0,1.0,1.0,0.0,0,0.0,1.8166451887703222e-16
G3_p5_w2_regular,G1_p3,-5.0,0.972972972972973,1.0,0.027027027027026973,0,0.047368421052631504,0.0
G3_p5_w2_regular,G1_p4,20.0,1.0,1.0,0.0,0,0.0,1.1354032429530943e-16
G3_p5_w2_regular,G1_p4,10.0,0.9473684210526315,1.0,0.052631578947368474,1,0.052631578947368474,0.0
G3_p5_w2_regular,G1_p4,0.0,0.7,0.9,0.20000000000000007,0,0.12543554006968638,1.8166451887249506e-16
G3_p5_w2_regular,G1_p4,-5.0,0.14285714285714285,0.5,0.35714285714285715,0,0.18048780487804883,2.043149325656521e-16
G3_p5_w2_regular,G2_p1,20.0,1.0,1.0,0.0,0,0.0,1.135403243030332e-16
G3_p5_w2_regular,G2_p1,10.0,1.0,1.0,0.0,0,0.0,0.0
G3_p5_w2_regular,G2_p1,0.0,0.8947368421052632,0.972972972972973,0.07823613086770986,1,0.09492419248516815,0.0
G3_p5_w2_regular,G2_p1,-5.0,0.717948717948718,0.8205128205128205,0.10256410256410253,0,0.1265969802555168,2.04314932579551e-16
G3_p5_w2_regular,G2_p2,20.0,1.0,1.0,0.0,0,0.0,1.1354032429626129e-16
G3_p5_w2_regular,G2_p2,10.0,1.0,1.0,0.0,0,0.0,0.0
G3_p5_w2_regular,G2_p2,0.0,0.972972972972973,1.0,0.027027027027026973,0,0.027027027027026973,1.8166451887401803e-16
G3_p5_w2_regular,G2_p2,-5.0,0.8421052631578947,0.9473684210526315,0.10526315789473684,0,0.05263157894736836,2.0431493256736496e-16
G3_p5_w2_regular,G2_p3,20.0,1.0,1.0,0.0,0,0.0,1.135403243000718e-16
G3_p5_w2_regular,G2_p3,10.0,1.0,1.0,0.0,0,0.0,1.4361841242495605e-16
G3_p5_w2_regular,G2_p3,0.0,0.972972972972973,1.0,0.027027027027026973,0,0.052631578947368474,0.0
G3_p5_w2_regular,G2_p3,-5.0,0.8205128205128205,0.9473684210526315,0.12685560053981104,0,0.12307692307692308,2.0431493257422199e-16
G3_p5_w2_regular,G2_p4,20.0,1.0,1.0,0.0,0,0.0,0.0
G3_p5_w2_regular,G2_p4,10.0,1.0,1.0,0.0,0,0.052631578947368474,0.0
G3_p5_w2_regular,G2_p4,0.0,0.7027027027027027,0.85,0.14729729729729724,0,0.15714285714285714,1.8166451887317334e-16
G3_p5_w2_regular,G2_p4,-5.0,0.27586206896551724,0.7368421052631579,0.4609800362976406,0,0.16913319238900637,0.0
G3_p5_w2_regular,G3_p1,20.0,1.0,1.0,0.0,0,0.0,0.0
G3_p5_w2_regular,G3_p1,10.0,0.972972972972973,1.0,0.027027027027026973,0,0.027027027027026973,0.0
G3_p5_w2_regular,G3_p1,0.0,0.8717948717948718,0.9473684210526315,0.07557354925775972,0,0.09736842105263155,0.0
G3_p5_w2_regular,G3_p1,-5.0,0.6976744186046512,0.8,0.10232558139534886,0,0.09866962305986704,0.0
G3_p5_w2_regular,G3_p2,20.0,1.0,1.0,0.0,0,0.0,1.135403242944938e-16
G3_p5_w2_regular,G3_p2,10.0,1.0,1.0,0.0,0,0.0,1.4361841241790033e-16
G3_p5_w2_regular,G3_p2,0.0,1.0,1.0,0.0,0,0.0,0.0
G3_p5_w2_regular,G3_p2,-5.0,1.0,1.0,0.0,0,0.0,0.0
G3_p5_w2_regular,G3_p3,20.0,1.0,1.0,0.0,0,0.0,1.1354032429607482e-16
G3_p5_w2_regular,G3_p3,10.0,1.0,1.0,0.0,0,0.0,0.0
G3_p5_w2_regular,G3_p3,0.0,1.0,1.0,0.0,0,0.0,0.0
G3_p5_w2_regular,G3_p3,-5.0,0.972972972972973,1.0,0.027027027027026973,0,0.027027027027026973,0.0
G3_p5_w2_regular,G3_p4,20.0,1.0,1.0,0.0,0,0.0,0.0
G3_p5_w2_regular,G3_p4,10.0,1.0,1.0,0.0,0,0.0,0.0
G3_p5_w2_regular,G3_p4,0.0,0.972972972972973,1.0,0.027027027027026973,0,0.027027027027026973,0.0
G3_p5_w2_regular,G3_p4,-5.0,0.8205128205128205,0.9230769230769231,0.10256410256410264,0,0.09380863039399634,0.0
G3_p5_w2_regular,G4_p1,20.0,1.0,1.0,0.0,0,0.0,1.1354032430421047e-16
G3_p5_w2_regular,G4_p1,10.0,1.0,1.0,0.0,0,0.0,0.0
G3_p5_w2_regular,G4_p1,0.0,0.8205128205128205,0.8717948717948718,0.05128205128205132,0,0.07179487179487176,1.816645188867368e-16
G3_p5_w2_regular,G4_p1,-5.0,0.6341463414634146,0.7441860465116279,0.11003970504821325,0,0.09206349206349207,0.0
G3_p5_w2_regular,G4_p2,20.0,1.0,1.0,0.0,0,0.0,1.1354032429798648e-16
G3_p5_w2_regular,G4_p2,10.0,1.0,1.0,0.0,0,0.0,0.0
G3_p5_w2_regular,G4_p2,0.0,0.9473684210526315,1.0,0.052631578947368474,1,0.027027027027026973,0.0
G3_p5_w2_regular,G4_p2,-5.0,0.85,0.9,0.050000000000000044,0,0.13237924865831852,0.0
G3_p5_w2_regular,G4_p3,20.0,1.0,1.0,0.0,0,0.0,1.1354032429517187e-16
G3_p5_w2_regular,G4_p3,10.0,1.0,1.0,0.0,0,0.0,1.4361841241875804e-16
G3_p5_w2_regular,G4_p3,0.0,0.972972972972973,1.0,0.027027027027026973,0,0.027027027027026973,0.0
G3_p5_w2_regular,G4_p3,-5.0,0.972972972972973,1.0,0.027027027027026973,0,0.027027027027026973,2.043149325654046e-16
G3_p5_w2_regular,G4_p4,20.0,1.0,1.0,0.0,0,0.0,1.135403242981073e-16
G3_p5_w2_regular,G4_p4,10.0,1.0,1.0,0.0,0,0.0,0.0
G3_p5_w2_regular,G4_p4,0.0,0.972972972972973,1.0,0.027027027027026973,0,0.027027027027026973,0.0
G3_p5_w2_regular,G4_p4,-5.0,0.7804878048780488,0.8717948717948718,0.091307066916823,0,0.10581395348837208,0.0
G3_p5_w2_variable,G1_p1,20.0,1.0,1.0,0.0,0,0.0,1.1597644995200031e-16
G3_p5_w2_variable,G1_p1,10.0,1.0,1.0,0.0,0,0.0,0.0
G3_p5_w2_variable,G1_p1,0.0,0.918918918918919,1.0,0.08108108108108103,1,0.07669172932330826,1.855623199232005e-16
G3_p5_w2_variable,G1_p1,-5.0,0.8,0.8888888888888888,0.0888888888888888,0,0.1331575477916942,0.0
G3_p5_w2_variable,G1_p2,20.0,1.0,1.0,0.0,0,0.0,0.0
G3_p5_w2_variable,G1_p2,10.0,1.0,1.0,0.0,0,0.0,0.0
G3_p5_w2_variable,G1_p2,0.0,0.9714285714285714,1.0,0.02857142857142858,0,0.05555555555555558,0.0
G3_p5_w2_variable,G1_p2,-5.0,0.8421052631578947,0.9142857142857143,0.07218045112781957,0,0.07218045112781957,0.0
G3_p5_w2_variable,G1_p3,20.0,1.0,1.0,0.0,0,0.0,1.1597644994694317e-16
G3_p5_w2_variable,G1_p3,10.0,1.0,1.0,0.0,0,0.0,1.4669989470914185e-16
G3_p5_w2_variable,G1_p3,0.0,1.0,1.0,0.0,0,0.0,1.8556231991510908e-16
G3_p5_w2_variable,G1_p3,-5.0,0.9444444444444444,1.0,0.05555555555555558,1,0.07669172932330826,0.0
G3_p5_w2_variable,G1_p4,20.0,1.0,1.0,0.0,0,0.0,1.1597644994404662e-16
G3_p5_w2_variable,G1_p4,10.0,1.0,1.0,0.0,0,0.02857142857142858,1.4669989470547798e-16
G3_p5_w2_variable,G1_p4,0.0,0.6842105263157895,0.8947368421052632,0.21052631578947367,0,0.15384615384615385,1.8556231991047457e-16
G3_p5_w2_variable,G1_p4,-5.0,0.5,0.6486486486486487,0.14864864864864868,0,0.08013937282229966,0.0
G3_p5_w2_variable,G2_p1,20.0,1.0,1.0,0.0,0,0.0,1.1597644995193612e-16
G3_p5_w2_variable,G2_p1,10.0,1.0,1.0,0.0,0,0.0,0.0
G3_p5_w2_variable,G2_p1,0.0,0.9444444444444444,0.9714285714285714,0.026984126984127,1,0.1065637065637065,1.8556231992309775e-16
G3_p5_w2_variable,G2_p1,-5.0,0.7027027027027027,0.8888888888888888,0.1861861861861861,0,0.20000000000000007,0.0
G3_p5_w2_variable,G2_p2,20.0,1.0,1.0,0.0,0,0.0,0.0
G3_p5_w2_variable,G2_p2,10.0,1.0,1.0,0.0,0,0.0,0.0
G3_p5_w2_variable,G2_p2,0.0,0.9411764705882353,1.0,0.05882352941176472,1,0.05882352941176472,1.8556231991203025e-16
G3_p5_w2_variable,G2_p2,-5.0,0.8571428571428571,0.9714285714285714,0.11428571428571432,1,0.05714285714285716,0.0
G3_p5_w2_variable,G2_p3,20.0,1.0,1.0,0.0,0,0.0,0.0
G3_p5_w2_variable,G2_p3,10.0,1.0,1.0,0.0,0,0.0,0.0
G3_p5_w2_variable,G2_p3,0.0,1.0,1.0,0.0,0,0.02857142857142858,1.855623199182579e-16
G3_p5_w2_variable,G2_p3,-5.0,0.8648648648648649,0.9444444444444444,0.0795795795795795,0,0.07422402159244268,0.0
G3_p5_w2_variable,G2_p4,20.0,1.0,1.0,0.0,0,0.0,0.0
G3_p5_w2_variable,G2_p4,10.0,1.0,1.0,0.0,0,0.02857142857142858,0.0
G3_p5_w2_variable,G2_p4,0.0,0.7692307692307693,0.8648648648648649,0.09563409563409564,0,0.05128205128205121,0.0
G3_p5_w2_variable,G2_p4,-5.0,0.3448275862068966,0.5454545454545454,0.20062695924764884,0,0.0888888888888889,0.0
G3_p5_w2_variable,G3_p1,20.0,1.0,1.0,0.0,0,0.0,1.1597644995269469e-16
G3_p5_w2_variable,G3_p1,10.0,1.0,1.0,0.0,0,0.0,1.4669989471641697e-16
G3_p5_w2_variable,G3_p1,0.0,0.8648648648648649,0.9444444444444444,0.0795795795795795,0,0.07264957264957261,0.0
G3_p5_w2_variable,G3_p1,-5.0,0.7317073170731707,0.8205128205128205,0.08880550343964977,0,0.030487804878048808,0.0
G3_p5_w2_variable,G3_p2,20.0,1.0,1.0,0.0,0,0.0,0.0
G3_p5_w2_variable,G3_p2,10.0,1.0,1.0,0.0,0,0.0,0.0
G3_p5_w2_variable,G3_p2,0.0,1.0,1.0,0.0,0,0.0,1.8556231990914157e-16
G3_p5_w2_variable,G3_p2,-5.0,1.0,1.0,0.0,0,0.0,0.0
G3_p5_w2_variable,G3_p3,20.0,1.0,1.0,0.0,0,0.0,1.1597644994482844e-16
G3_p5_w2_variable,G3_p3,10.0,1.0,1.0,0.0,0,0.0,0.0
G3_p5_w2_variable,G3_p3,0.0,1.0,1.0,0.0,0,0.0,1.8556231991172548e-16
G3_p5_w2_variable,G3_p3,-5.0,0.9714285714285714,1.0,0.02857142857142858,0,0.02857142857142858,0.0
G3_p5_w2_variable,G3_p4,20.0,1.0,1.0,0.0,0,0.0,1.1597644994665549e-16
G3_p5_w2_variable,G3_p4,10.0,1.0,1.0,0.0,0,0.0,2.9339978941755587e-16
G3_p5_w2_variable,G3_p4,0.0,0.9714285714285714,1.0,0.02857142857142858,0,0.02857142857142858,0.0
G3_p5_w2_variable,G3_p4,-5.0,0.8648648648648649,0.9444444444444444,0.0795795795795795,0,0.12393162393162394,0.0
G3_p5_w2_variable,G4_p1,20.0,1.0,1.0,0.0,0,0.0,0.0
G3_p5_w2_variable,G4_p1,10.0,1.0,1.0,0.0,0,0.0,1.466998947169786e-16
G3_p5_w2_variable,G4_p1,0.0,0.8648648648648649,0.8947368421052632,0.02987197724039825,0,0.0855855855855856,1.8556231992502186e-16
G3_p5_w2_variable,G4_p1,-5.0,0.6153846153846154,0.7777777777777778,0.16239316239316237,0,0.10559396605908233,0.0
G3_p5_w2_variable,G4_p2,20.0,1.0,1.0,0.0,0,0.0,0.0
G3_p5_w2_variable,G4_p2,10.0,1.0,1.0,0.0,0,0.0,1.4669989470893684e-16
G3_p5_w2_variable,G4_p2,0.0,1.0,1.0,0.0,0,0.02857142857142858,1.8556231991484977e-16
G3_p5_w2_variable,G4_p2,-5.0,0.8108108108108109,0.8947368421052632,0.08392603129445231,0,0.1578947368421053,2.0869872177262427e-16
G3_p5_w2_variable,G4_p3,20.0,1.0,1.0,0.0,0,0.0,1.159764499439061e-16
G3_p5_w2_variable,G4_p3,10.0,1.0,1.0,0.0,0,0.0,1.4669989470530024e-16
G3_p5_w2_variable,G4_p3,0.0,0.9714285714285714,1.0,0.02857142857142858,0,0.02857142857142858,1.855623199102498e-16
G3_p5_w2_variable,G4_p3,-5.0,0.9411764705882353,1.0,0.05882352941176472,1,0.05882352941176472,0.0
G3_p5_w2_variable,G4_p4,20.0,1.0,1.0,0.0,0,0.0,0.0
G3_p5_w2_variable,G4_p4,10.0,1.0,1.0,0.0,0,0.0,1.4669989470909296e-16
G3_p5_w2_variable,G4_p4,0.0,0.9714285714285714,0.9714285714285714,0.0,0,0.026984126984127,0.0
G3_p5_w2_variable,G4_p4,-5.0,0.7692307692307693,0.8421052631578947,0.07287449392712542,0,0.06161745827984588,0.0
G3_p5_w3_regular,G1_p1,20.0,1.0,1.0,0.0,0,0.0,0.0
G3_p5_w3_regular,G1_p1,10.0,1.0,1.0,0.0,0,0.0,1.4803745839767216e-16
G3_p5_w3_regular,G1_p1,0.0,0.918918918918919,1.0,0.08108108108108103,1,0.07669172932330826,0.0
G3_p5_w3_regular,G1_p1,-5.0,0.7777777777777778,0.8648648648648649,0.08708708708708712,0,0.09756097560975607,2.106015713464593e-16
G3_p5_w3_regular,G1_p2,20.0,1.0,1.0,0.0,0,0.0,1.170338868843833e-16
G3_p5_w3_regular,G1_p2,10.0,1.0,1.0,0.0,0,0.0,0.0
G3_p5_w3_regular,G1_p2,0.0,0.9444444444444444,0.9714285714285714,0.026984126984127,1,0.030252100840336138,0.0
G3_p5_w3_regular,G1_p2,-5.0,0.8648648648648649,0.918918918918919,0.05405405405405406,0,0.1065637065637065,0.0
G3_p5_w3_regular,G1_p3,20.0,1.0,1.0,0.0,0,0.0,1.1703388688466287e-16
G3_p5_w3_regular,G1_p3,10.0,1.0,1.0,0.0,0,0.0,0.0
G3_p5_w3_regular,G1_p3,0.0,1.0,1.0,0.0,0,0.0,0.0
G3_p5_w3_regular,G1_p3,-5.0,0.9444444444444444,1.0,0.05555555555555558,1,0.05250965250965245,2.10601571337276e-16
G3_p5_w3_regular,G1_p4,20.0,1.0,1.0,0.0,0,0.0,0.0
G3_p5_w3_regular,G1_p4,10.0,0.9714285714285714,1.0,0.02857142857142858,0,0.02857142857142858,0.0
G3_p5_w3_regular,G1_p4,0.0,0.8108108108108109,0.8205128205128205,0.009702009702009629,0,0.02051282051282044,1.872542190107839e-16
G3_p5_w3_regular,G1_p4,-5.0,0.5945945945945946,0.6486486486486487,0.05405405405405406,0,0.09999999999999998,0.0
G3_p5_w3_regular,G2_p1,20.0,1.0,1.0,0.0,0,0.0,0.0
G3_p5_w3_regular,G2_p1,10.0,1.0,1.0,0.0,0,0.0,0.0
G3_p5_w3_regular,G2_p1,0.0,0.8888888888888888,0.9714285714285714,0.08253968253968258,1,0.08253968253968258,0.0
G3_p5_w3_regular,G2_p1,-5.0,0.7567567567567568,0.8888888888888888,0.13213213213213204,0,0.14210526315789473,0.0
G3_p5_w3_regular,G2_p2,20.0,1.0,1.0,0.0,0,0.0,0.0
G3_p5_w3_regular,G2_p2,10.0,1.0,1.0,0.0,0,0.0,0.0
G3_p5_w3_regular,G2_p2,0.0,0.9714285714285714,1.0,0.02857142857142858,0,0.02857142857142858,1.8725421901235373e-16
G3_p5_w3_regular,G2_p2,-5.0,0.9444444444444444,0.9714285714285714,0.026984126984127,1,0.0,2.1060157133378174e-16
G3_p5_w3_regular,G2_p3,20.0,1.0,1.0,0.0,0,0.0,1.1703388688664883e-16
G3_p5_w3_regular,G2_p3,10.0,1.0,1.0,0.0,0,0.0,1.480374583937291e-16
G3_p5_w3_regular,G2_p3,0.0,1.0,1.0,0.0,0,0.02857142857142858,0.0
G3_p5_w3_regular,G2_p3,-5.0,0.8108108108108109,0.9444444444444444,0.13363363363363356,0,0.12944523470839264,0.0
G3_p5_w3_regular,G2_p4,20.0,1.0,1.0,0.0,0,0.0,0.0
G3_p5_w3_regular,G2_p4,10.0,1.0,1.0,0.0,0,0.05555555555555558,1.4803745838807244e-16
G3_p5_w3_regular,G2_p4,0.0,0.7567567567567568,0.8717948717948718,0.11503811503811501,0,0.18758434547908232,1.8725421901148302e-16
G3_p5_w3_regular,G2_p4,-5.0,0.3870967741935484,0.6285714285714286,0.24147465437788018,0,0.08292682926829276,0.0
G3_p5_w3_regular,G3_p1,20.0,1.0,1.0,0.0,0,0.0,0.0
G3_p5_w3_regular,G3_p1,10.0,1.0,1.0,0.0,0,0.0,0.0
G3_p5_w3_regular,G3_p1,0.0,0.8888888888888888,0.9444444444444444,0.05555555555555558,0,0.13363363363363356,0.0
G3_p5_w3_regular,G3_p1,-5.0,0.7368421052631579,0.7894736842105263,0.052631578947368474,0,0.07152496626180838,0.0
G3_p5_w3_regular,G3_p2,20.0,1.0,1.0,0.0,0,0.0,0.0
G3_p5_w3_regular,G3_p2,10.0,1.0,1.0,0.0,0,0.0,1.4803745838645626e-16
G3_p5_w3_regular,G3_p2,0.0,1.0,1.0,0.0,0,0.0,0.0
G3_p5_w3_regular,G3_p2,-5.0,1.0,1.0,0.0,0,0.0,0.0
G3_p5_w3_regular,G3_p3,20.0,1.0,1.0,0.0,0,0.0,0.0
G3_p5_w3_regular,G3_p3,10.0,1.0,1.0,0.0,0,0.0,0.0
G3_p5_w3_regular,G3_p3,0.0,1.0,1.0,0.0,0,0.0,1.8725421901204617e-16
G3_p5_w3_regular,G3_p3,-5.0,0.9714285714285714,1.0,0.02857142857142858,0,0.02857142857142858,2.1060157133343582e-16
G3_p5_w3_regular,G3_p4,20.0,1.0,1.0,0.0,0,0.0,0.0
G3_p5_w3_regular,G3_p4,10.0,1.0,1.0,0.0,0,0.0,1.480374583908498e-16
G3_p5_w3_regular,G3_p4,0.0,0.9714285714285714,1.0,0.02857142857142858,0,0.05555555555555558,0.0
G3_p5_w3_regular,G3_p4,-5.0,0.8648648648648649,0.9444444444444444,0.0795795795795795,0,0.10233918128654973,2.1060157133675357e-16
G3_p5_w3_regular,G4_p1,20.0,1.0,1.0,0.0,0,0.0,0.0
G3_p5_w3_regular,G4_p1,10.0,1.0,1.0,0.0,0,0.0,0.0
G3_p5_w3_regular,G4_p1,0.0,0.8947368421052632,0.918918918918919,0.024182076813655806,0,0.07681365576102428,0.0
G3_p5_w3_regular,G4_p1,-5.0,0.7368421052631579,0.8205128205128205,0.08367071524966263,0,0.13758599124452775,2.106015713485263e-16
G3_p5_w3_regular,G4_p2,20.0,1.0,1.0,0.0,0,0.0,1.1703388688449933e-16
G3_p5_w3_regular,G4_p2,10.0,1.0,1.0,0.0,0,0.0,1.4803745839101013e-16
G3_p5_w3_regular,G4_p2,0.0,0.9714285714285714,1.0,0.02857142857142858,0,0.02857142857142858,0.0
G3_p5_w3_regular,G4_p2,-5.0,0.8421052631578947,0.918918918918919,0.07681365576102428,0,0.029689608636977116,0.0
G3_p5_w3_regular,G4_p3,20.0,1.0,1.0,0.0,0,0.0,0.0
G3_p5_w3_regular,G4_p3,10.0,1.0,1.0,0.0,0,0.0,0.0
G3_p5_w3_regular,G4_p3,0.0,1.0,1.0,0.0,0,0.0,1.8725421901055705e-16
G3_p5_w3_regular,G4_p3,-5.0,0.9714285714285714,1.0,0.02857142857142858,0,0.05882352941176472,0.0
G3_p5_w3_regular,G4_p4,20.0,1.0,1.0,0.0,0,0.0,0.0
G3_p5_w3_regular,G4_p4,10.0,1.0,1.0,0.0,0,0.0,1.4803745839116768e-16
G3_p5_w3_regular,G4_p4,0.0,0.9714285714285714,1.0,0.02857142857142858,0,0.02857142857142858,0.0
G3_p5_w3_regular,G4_p4,-5.0,0.8421052631578947,0.8717948717948718,0.029689608636977116,0,0.07179487179487176,0.0
G3_p5_w3_variable,G1_p1,20.0,1.0,1.0,0.0,0,0.0,0.0
G3_p5_w3_variable,G1_p1,10.0,1.0,1.0,0.0,0,0.0,1.446338441843093e-16
G3_p5_w3_variable,G1_p1,0.0,0.9743589743589743,1.0,0.02564102564102566,0,0.07317073170731703,0.0
G3_p5_w3_variable,G1_p1,-5.0,0.6956521739130435,0.9047619047619048,0.2091097308488613,0,0.1679841897233202,0.0
G3_p5_w3_variable,G1_p2,20.0,1.0,1.0,0.0,0,0.0,0.0
G3_p5_w3_variable,G1_p2,10.0,1.0,1.0,0.0,0,0.0,1.4463384417765705e-16
G3_p5_w3_variable,G1_p2,0.0,0.95,1.0,0.050000000000000044,0,0.050000000000000044,0.0
G3_p5_w3_variable,G1_p2,-5.0,0.8947368421052632,0.95,0.05526315789473679,1,0.04999999999999993,2.0575950967672436e-16
G3_p5_w3_variable,G1_p3,20.0,1.0,1.0,0.0,0,0.0,0.0
G3_p5_w3_variable,G1_p3,10.0,1.0,1.0,0.0,0,0.0,0.0
G3_p5_w3_variable,G1_p3,0.0,1.0,1.0,0.0,0,0.0,0.0
G3_p5_w3_variable,G1_p3,-5.0,0.9230769230769231,1.0,0.07692307692307687,1,0.047529706066291366,2.057595096772159e-16
G3_p5_w3_variable,G1_p4,20.0,1.0,1.0,0.0,0,0.0,0.0
G3_p5_w3_variable,G1_p4,10.0,0.95,1.0,0.050000000000000044,0,0.02564102564102566,0.0
G3_p5_w3_variable,G1_p4,0.0,0.7619047619047619,0.8372093023255814,0.07530454042081958,0,0.05627705627705637,0.0
G3_p5_w3_variable,G1_p4,-5.0,0.36363636363636365,0.55,0.1863636363636364,0,0.07953340402969244,0.0
G3_p5_w3_variable,G2_p1,20.0,1.0,1.0,0.0,0,0.0,0.0
G3_p5_w3_variable,G2_p1,10.0,1.0,1.0,0.0,0,0.0,0.0
G3_p5_w3_variable,G2_p1,0.0,0.9047619047619048,0.9743589743589743,0.06959706959706957,1,0.06959706959706957,0.0
G3_p5_w3_variable,G2_p1,-5.0,0.8292682926829268,0.8780487804878049,0.04878048780487809,0,0.08253968253968258,2.057595096860741e-16
G3_p5_w3_variable,G2_p2,20.0,1.0,1.0,0.0,0,0.0,1.1434309358519578e-16
G3_p5_w3_variable,G2_p2,10.0,1.0,1.0,0.0,0,0.0,0.0
G3_p5_w3_variable,G2_p2,0.0,0.9743589743589743,1.0,0.02564102564102566,0,0.02564102564102566,0.0
G3_p5_w3_variable,G2_p2,-5.0,0.9,0.9743589743589743,0.07435897435897432,1,0.07435897435897432,0.0
G3_p5_w3_variable,G2_p3,20.0,1.0,1.0,0.0,0,0.0,1.1434309358903324e-16
G3_p5_w3_variable,G2_p3,10.0,1.0,1.0,0.0,0,0.0,0.0
G3_p5_w3_variable,G2_p3,0.0,0.9743589743589743,1.0,0.02564102564102566,0,0.07317073170731703,1.829489497424532e-16
G3_p5_w3_variable,G2_p3,-5.0,0.8372093023255814,0.9047619047619048,0.06755260243632333,0,0.11309523809523814,0.0
G3_p5_w3_variable,G2_p4,20.0,1.0,1.0,0.0,0,0.0,0.0
G3_p5_w3_variable,G2_p4,10.0,1.0,1.0,0.0,0,0.0,1.4463384417493025e-16
G3_p5_w3_variable,G2_p4,0.0,0.7906976744186046,0.8571428571428571,0.06644518272425248,0,0.05672149744753263,1.8294894973546256e-16
G3_p5_w3_variable,G2_p4,-5.0,0.26666666666666666,0.5,0.23333333333333334,0,0.10505050505050506,0.0
G3_p5_w3_variable,G3_p1,20.0,1.0,1.0,0.0,0,0.0,1.1434309359276344e-16
G3_p5_w3_variable,G3_p1,10.0,1.0,1.0,0.0,0,0.0,0.0
G3_p5_w3_variable,G3_p1,0.0,0.8636363636363636,0.9230769230769231,0.05944055944055948,0,0.07863247863247869,1.8294894974842152e-16
G3_p5_w3_variable,G3_p1,-5.0,0.6808510638297872,0.7727272727272727,0.09187620889748549,0,0.06333498268184068,0.0
G3_p5_w3_variable,G3_p2,20.0,1.0,1.0,0.0,0,0.0,1.1434309358341578e-16
G3_p5_w3_variable,G3_p2,10.0,1.0,1.0,0.0,0,0.0,0.0
G3_p5_w3_variable,G3_p2,0.0,1.0,1.0,0.0,0,0.0,0.0
G3_p5_w3_variable,G3_p2,-5.0,1.0,1.0,0.0,0,0.0,0.0
G3_p5_w3_variable,G3_p3,20.0,1.0,1.0,0.0,0,0.0,1.14343093585008e-16
G3_p5_w3_variable,G3_p3,10.0,1.0,1.0,0.0,0,0.0,0.0
G3_p5_w3_variable,G3_p3,0.0,1.0,1.0,0.0,0,0.0,0.0
G3_p5_w3_variable,G3_p3,-5.0,0.9743589743589743,1.0,0.02564102564102566,0,0.02564102564102566,0.0
G3_p5_w3_variable,G3_p4,20.0,1.0,1.0,0.0,0,0.0,0.0
G3_p5_w3_variable,G3_p4,10.0,1.0,1.0,0.0,0,0.0,1.4463384417764378e-16
G3_p5_w3_variable,G3_p4,0.0,0.9743589743589743,1.0,0.02564102564102566,0,0.02564102564102566,0.0
G3_p5_w3_variable,G3_p4,-5.0,0.9047619047619048,1.0,0.09523809523809523,1,0.09063804412641618,2.057595096767055e-16
G3_p5_w3_variable,G4_p1,20.0,1.0,1.0,0.0,0,0.0,0.0
G3_p5_w3_variable,G4_p1,10.0,1.0,1.0,0.0,0,0.0,1.4463384418572887e-16
G3_p5_w3_variable,G4_p1,0.0,0.85,0.9230769230769231,0.07307692307692315,0,0.04878048780487809,1.8294894974912186e-16
G3_p5_w3_variable,G4_p1,-5.0,0.6363636363636364,0.7804878048780488,0.14412416851441245,0,0.191699604743083,0.0
G3_p5_w3_variable,G4_p2,20.0,1.0,1.0,0.0,0,0.0,1.1434309358693317e-16
G3_p5_w3_variable,G4_p2,10.0,1.0,1.0,0.0,0,0.0,1.446338441778004e-16
G3_p5_w3_variable,G4_p2,0.0,1.0,1.0,0.0,0,0.050000000000000044,0.0
G3_p5_w3_variable,G4_p2,-5.0,0.85,0.95,0.09999999999999998,1,0.11730545876887344,4.1151901935385656e-16
G3_p5_w3_variable,G4_p3,20.0,1.0,1.0,0.0,0,0.0,0.0
G3_p5_w3_variable,G4_p3,10.0,1.0,1.0,0.0,0,0.0,0.0
G3_p5_w3_variable,G4_p3,0.0,0.9743589743589743,1.0,0.02564102564102566,0,0.02564102564102566,0.0
G3_p5_w3_variable,G4_p3,-5.0,0.9473684210526315,1.0,0.052631578947368474,1,0.052631578947368474,2.0575950967182766e-16
G3_p5_w3_variable,G4_p4,20.0,1.0,1.0,0.0,0,0.0,0.0
G3_p5_w3_variable,G4_p4,10.0,1.0,1.0,0.0,0,0.0,0.0
G3_p5_w3_variable,G4_p4,0.0,0.95,1.0,0.050000000000000044,0,0.02564102564102566,0.0
G3_p5_w3_variable,G4_p4,-5.0,0.8095238095238095,0.9047619047619048,0.09523809523809523,0,0.09302325581395354,0.0
G4_p0_w0_regular,G1_p1,20.0,1.0,1.0,0.0,0,0.0,0.0
G4_p0_w0_regular,G1_p1,10.0,1.0,1.0,0.0,0,0.0,1.2567714868985764e-16
G4_p0_w0_regular,G1_p1,0.0,0.9302325581395349,0.975609756097561,0.04537719795802608,1,0.04329004329004327,1.5897041587823857e-16
G4_p0_w0_regular,G1_p1,-5.0,0.8,0.9090909090909091,0.10909090909090902,0,0.0628019323671497,1.7879126866205925e-16
G4_p0_w0_regular,G1_p2,20.0,1.0,1.0,0.0,0,0.0,0.0
G4_p0_w0_regular,G1_p2,10.0,1.0,1.0,0.0,0,0.0,1.2567714868407726e-16
G4_p0_w0_regular,G1_p2,0.0,0.975609756097561,0.975609756097561,0.0,0,0.023228803716608626,1.5897041587092694e-16
G4_p0_w0_regular,G1_p2,-5.0,0.926829268292683,0.975609756097561,0.04878048780487798,1,0.025551684088269355,1.7879126865383592e-16
G4_p0_w0_regular,G1_p3,20.0,1.0,1.0,0.0,0,0.0,1.9871301983913334e-16
G4_p0_w0_regular,G1_p3,10.0,1.0,1.0,0.0,0,0.0,1.256771486843775e-16
G4_p0_w0_regular,G1_p3,0.0,0.975609756097561,1.0,0.024390243902439046,0,0.024390243902439046,1.5897041587130668e-16
G4_p0_w0_regular,G1_p3,-5.0,0.9090909090909091,1.0,0.09090909090909094,1,0.04329004329004327,0.0
G4_p0_w0_regular,G1_p4,20.0,1.0,1.0,0.0,0,0.0,0.0
G4_p0_w0_regular,G1_p4,10.0,0.975609756097561,1.0,0.024390243902439046,0,0.04761904761904767,1.2567714868123864e-16
G4_p0_w0_regular,G1_p4,0.0,0.7727272727272727,0.8571428571428571,0.08441558441558439,0,0.09739952718676115,1.5897041586733637e-16
G4_p0_w0_regular,G1_p4,-5.0,0.125,0.34285714285714286,0.21785714285714286,0,0.2055335968379447,1.7879126864979767e-16
G4_p0_w0_regular,G2_p1,20.0,1.0,1.0,0.0,0,0.0,0.0
G4_p0_w0_regular,G2_p1,10.0,1.0,1.0,0.0,0,0.0,0.0
G4_p0_w0_regular,G2_p1,0.0,0.9090909090909091,0.9743589743589743,0.06526806526806528,1,0.11111111111111116,1.5897041587815056e-16
G4_p0_w0_regular,G2_p1,-5.0,0.7916666666666666,0.975609756097561,0.18394308943089432,1,0.18604651162790697,0.0
G4_p0_w0_regular,G2_p2,20.0,1.0,1.0,0.0,0,0.0,0.0
G4_p0_w0_regular,G2_p2,10.0,1.0,1.0,0.0,0,0.0,1.2567714868229226e-16
G4_p0_w0_regular,G2_p2,0.0,0.9523809523809523,0.975609756097561,0.023228803716608626,0,0.023228803716608626,1.589704158686691e-16
G4_p0_w0_regular,G2_p2,-5.0,0.9047619047619048,0.9523809523809523,0.04761904761904756,1,0.025470653377630104,0.0
G4_p0_w0_regular,G2_p3,20.0,1.0,1.0,0.0,0,0.0,1.987130198425053e-16
G4_p0_w0_regular,G2_p3,10.0,1.0,1.0,0.0,0,0.0,0.0
G4_p0_w0_regular,G2_p3,0.0,0.95,1.0,0.050000000000000044,0,0.024390243902439046,1.5897041587400426e-16
G4_p0_w0_regular,G2_p3,-5.0,0.7555555555555555,0.8888888888888888,0.1333333333333333,0,0.1133333333333334,1.7879126865729695e-16
G4_p0_w0_regular,G2_p4,20.0,1.0,1.0,0.0,0,0.0,0.0
G4_p0_w0_regular,G2_p4,10.0,0.9302325581395349,1.0,0.06976744186046513,1,0.06976744186046513,1.2567714868170787e-16
G4_p0_w0_regular,G2_p4,0.0,0.7727272727272727,0.8837209302325582,0.11099365750528545,0,0.10808080808080811,0.0
G4_p0_w0_regular,G2_p4,-5.0,0.2,0.3333333333333333,0.1333333333333333,0,0.1400709219858156,1.787912686504652e-16
G4_p0_w0_regular,G3_p1,20.0,1.0,1.0,0.0,0,0.0,0.0
G4_p0_w0_regular,G3_p1,10.0,0.975609756097561,1.0,0.024390243902439046,0,0.024390243902439046,0.0
G4_p0_w0_regular,G3_p1,0.0,0.8636363636363636,0.9523809523809523,0.08874458874458868,1,0.06968641114982588,1.5897041587919036e-16
G4_p0_w0_regular,G3_p1,-5.0,0.6976744186046512,0.8837209302325582,0.18604651162790697,0,0.16359338061465722,0.0
G4_p0_w0_regular,G3_p2,20.0,1.0,1.0,0.0,0,0.0,1.9871301983274298e-16
G4_p0_w0_regular,G3_p2,10.0,1.0,1.0,0.0,0,0.0,1.2567714868033582e-16
G4_p0_w0_regular,G3_p2,0.0,1.0,1.0,0.0,0,0.0,0.0
G4_p0_w0_regular,G3_p2,-5.0,1.0,1.0,0.0,0,0.0,1.787912686485133e-16
G4_p0_w0_regular,G3_p3,20.0,1.0,1.0,0.0,0,0.0,0.0
G4_p0_w0_regular,G3_p3,10.0,1.0,1.0,0.0,0,0.0,0.0
G4_p0_w0_regular,G3_p3,0.0,1.0,1.0,0.0,0,0.0,1.58970415868408e-16
G4_p0_w0_regular,G3_p3,-5.0,0.975609756097561,1.0,0.024390243902439046,0,0.024390243902439046,1.7879126865100292e-16
G4_p0_w0_regular,G3_p4,20.0,1.0,1.0,0.0,0,0.0,0.0
G4_p0_w0_regular,G3_p4,10.0,1.0,1.0,0.0,0,0.0,1.2567714868406572e-16
G4_p0_w0_regular,G3_p4,0.0,0.975609756097561,1.0,0.024390243902439046,0,0.04761904761904767,0.0
G4_p0_w0_regular,G3_p4,-5.0,0.8837209302325582,0.9302325581395349,0.046511627906976716,0,0.06659619450317122,0.0
G4_p0_w0_regular,G4_p1,20.0,1.0,1.0,0.0,0,0.0,0.0
G4_p0_w0_regular,G4_p1,10.0,1.0,1.0,0.0,0,0.0,1.2567714869109114e-16
G4_p0_w0_regular,G4_p1,0.0,0.8205128205128205,0.9302325581395349,0.10971973762671439,0,0.10909090909090902,1.5897041587979894e-16
G4_p0_w0_regular,G4_p1,-5.0,0.5909090909090909,0.7555555555555555,0.1646464646464646,0,0.10873440285204994,0.0
G4_p0_w0_regular,G4_p2,20.0,1.0,1.0,0.0,0,0.0,0.0
G4_p0_w0_regular,G4_p2,10.0,1.0,1.0,0.0,0,0.0,1.2567714868420185e-16
G4_p0_w0_regular,G4_p2,0.0,0.975609756097561,1.0,0.024390243902439046,0,0.04761904761904767,0.0
G4_p0_w0_regular,G4_p2,-5.0,0.782608695652174,0.9090909090909091,0.1264822134387351,0,0.11400966183574879,0.0
G4_p0_w0_regular,G4_p3,20.0,1.0,1.0,0.0,0,0.0,1.9871301983392967e-16
G4_p0_w0_regular,G4_p3,10.0,1.0,1.0,0.0,0,0.0,0.0
G4_p0_w0_regular,G4_p3,0.0,0.975609756097561,1.0,0.024390243902439046,0,0.024390243902439046,0.0
G4_p0_w0_regular,G4_p3,-5.0,0.975609756097561,1.0,0.024390243902439046,0,0.024390243902439046,1.7879126864958107e-16
G4_p0_w0_regular,G4_p4,20.0,1.0,1.0,0.0,0,0.0,0.0
G4_p0_w0_regular,G4_p4,10.0,1.0,1.0,0.0,0,0.0,1.256771486843356e-16
G4_p0_w0_regular,G4_p4,0.0,0.9090909090909091,0.975609756097561,0.0665188470066519,1,0.0665188470066519,0.0
G4_p0_w0_regular,G4_p4,-5.0,0.7659574468085106,0.8444444444444444,0.07848699763593381,0,0.06737588652482274,0.0
G4_p0_w0_variable,G1_p1,20.0,1.0,1.0,0.0,0,0.0,0.0
G4_p0_w0_variable,G1_p1,10.0,1.0,1.0,0.0,0,0.0,1.254037471407102e-16
G4_p0_w0_variable,G1_p1,0.0,0.9333333333333333,1.0,0.06666666666666665,1,0.125,0.0
G4_p0_w0_variable,G1_p1,-5.0,0.7906976744186046,0.8636363636363636,0.07293868921775903,0,0.05714285714285705,0.0
G4_p0_w0_variable,G1_p2,20.0,1.0,1.0,0.0,0,0.0,0.0
G4_p0_w0_variable,G1_p2,10.0,1.0,1.0,0.0,0,0.0,0.0
G4_p0_w0_variable,G1_p2,0.0,0.9767441860465116,1.0,0.023255813953488413,0,0.06666666666666665,0.0
G4_p0_w0_variable,G1_p2,-5.0,0.8444444444444444,0.9767441860465116,0.13229974160206714,1,0.10724637681159421,0.0
G4_p0_w0_variable,G1_p3,20.0,1.0,1.0,0.0,0,0.0,0.0
G4_p0_w0_variable,G1_p3,10.0,1.0,1.0,0.0,0,0.0,1.2540374713524198e-16
G4_p0_w0_variable,G1_p3,0.0,1.0,1.0,0.0,0,0.023255813953488413,0.0
G4_p0_w0_variable,G1_p3,-5.0,0.9302325581395349,0.9545454545454546,0.024312896405919715,1,0.08498023715415026,1.784023211778627e-16
G4_p0_w0_variable,G1_p4,20.0,1.0,1.0,0.0,0,0.0,0.0
G4_p0_w0_variable,G1_p4,10.0,0.9767441860465116,1.0,0.023255813953488413,0,0.023255813953488413,1.2540374713211e-16
G4_p0_w0_variable,G1_p4,0.0,0.7906976744186046,0.8695652173913043,0.07886754297269971,0,0.0684551341350601,1.5862458722291033e-16
G4_p0_w0_variable,G1_p4,-5.0,0.2857142857142857,0.4,0.11428571428571432,0,0.057354301572617894,1.7840232117340706e-16
G4_p0_w0_variable,G2_p1,20.0,1.0,1.0,0.0,0,0.0,0.0
G4_p0_w0_variable,G2_p1,10.0,1.0,1.0,0.0,0,0.0,0.0
G4_p0_w0_variable,G2_p1,0.0,0.8695652173913043,0.9130434782608695,0.04347826086956519,0,0.13821892393320967,0.0
G4_p0_w0_variable,G2_p1,-5.0,0.6956521739130435,0.8292682926829268,0.13361611876988333,0,0.14333175130517328,0.0
G4_p0_w0_variable,G2_p2,20.0,1.0,1.0,0.0,0,0.0,0.0
G4_p0_w0_variable,G2_p2,10.0,1.0,1.0,0.0,0,0.0,1.254037471331613e-16
G4_p0_w0_variable,G2_p2,0.0,0.9523809523809523,1.0,0.04761904761904767,0,0.04761904761904767,0.0
G4_p0_w0_variable,G2_p2,-5.0,0.9090909090909091,0.9545454545454546,0.045454545454545525,1,0.024312896405919715,0.0
G4_p0_w0_variable,G2_p3,20.0,1.0,1.0,0.0,0,0.0,0.0
G4_p0_w0_variable,G2_p3,10.0,1.0,1.0,0.0,0,0.0,1.2540374713736995e-16
G4_p0_w0_variable,G2_p3,0.0,0.975609756097561,1.0,0.024390243902439046,0,0.022198731501057,1.5862458722956373e-16
G4_p0_w0_variable,G2_p3,-5.0,0.8085106382978723,0.9130434782608695,0.10453283996299723,0,0.09068627450980393,0.0
G4_p0_w0_variable,G2_p4,20.0,1.0,1.0,0.0,0,0.0,1.9828073402937823e-16
G4_p0_w0_variable,G2_p4,10.0,0.9767441860465116,1.0,0.023255813953488413,0,0.023255813953488413,1.2540374713257816e-16
G4_p0_w0_variable,G2_p4,0.0,0.7555555555555555,0.8636363636363636,0.10808080808080811,0,0.14023210831721467,0.0
G4_p0_w0_variable,G2_p4,-5.0,0.17647058823529413,0.42424242424242425,0.24777183600713013,0,0.19452887537993924,0.0
G4_p0_w0_variable,G3_p1,20.0,1.0,1.0,0.0,0,0.0,1.982807340434232e-16
G4_p0_w0_variable,G3_p1,10.0,1.0,1.0,0.0,0,0.0,0.0
G4_p0_w0_variable,G3_p1,0.0,0.8260869565217391,0.8636363636363636,0.03754940711462451,0,0.08037825059101655,0.0
G4_p0_w0_variable,G3_p1,-5.0,0.5957446808510638,0.8636363636363636,0.26789168278529985,0,0.24211423699914747,0.0
G4_p0_w0_variable,G3_p2,20.0,1.0,1.0,0.0,0,0.0,0.0
G4_p0_w0_variable,G3_p2,10.0,1.0,1.0,0.0,0,0.0,1.2540374713120912e-16
G4_p0_w0_variable,G3_p2,0.0,1.0,1.0,0.0,0,0.0,0.0
G4_p0_w0_variable,G3_p2,-5.0,1.0,1.0,0.0,0,0.0,0.0
G4_p0_w0_variable,G3_p3,20.0,1.0,1.0,0.0,0,0.0,0.0
G4_p0_w0_variable,G3_p3,10.0,1.0,1.0,0.0,0,0.0,0.0
G4_p0_w0_variable,G3_p3,0.0,1.0,1.0,0.0,0,0.0,1.5862458722397965e-16
G4_p0_w0_variable,G3_p3,-5.0,0.9767441860465116,1.0,0.023255813953488413,0,0.023255813953488413,3.568046423492194e-16
G4_p0_w0_variable,G3_p4,20.0,1.0,1.0,0.0,0,0.0,1.9828073403309817e-16
G4_p0_w0_variable,G3_p4,10.0,1.0,1.0,0.0,0,0.0,1.2540374713493092e-16
G4_p0_w0_variable,G3_p4,0.0,0.9767441860465116,1.0,0.023255813953488413,0,0.0,0.0
G4_p0_w0_variable,G3_p4,-5.0,0.9047619047619048,0.9333333333333333,0.02857142857142858,0,0.0696969696969697,1.7840232117742016e-16
G4_p0_w0_variable,G4_p1,20.0,1.0,1.0,0.0,0,0.0,0.0
G4_p0_w0_variable,G4_p1,10.0,1.0,1.0,0.0,0,0.0,0.0
G4_p0_w0_variable,G4_p1,0.0,0.8444444444444444,0.9047619047619048,0.060317460317460325,0,0.08430232558139539,0.0
G4_p0_w0_variable,G4_p1,-5.0,0.6382978723404256,0.7058823529411765,0.06758448060075095,0,0.14177978883861242,0.0
G4_p0_w0_variable,G4_p2,20.0,1.0,1.0,0.0,0,0.0,0.0
G4_p0_w0_variable,G4_p2,10.0,1.0,1.0,0.0,0,0.0,1.2540374713506673e-16
G4_p0_w0_variable,G4_p2,0.0,0.9545454545454546,1.0,0.045454545454545414,0,0.1063829787234043,1.5862458722665037e-16
G4_p0_w0_variable,G4_p2,-5.0,0.8085106382978723,0.9090909090909091,0.10058027079303677,0,0.11742424242424243,0.0
G4_p0_w0_variable,G4_p3,20.0,1.0,1.0,0.0,0,0.0,1.9828073402839772e-16
G4_p0_w0_variable,G4_p3,10.0,1.0,1.0,0.0,0,0.0,2.5080749426391604e-16
G4_p0_w0_variable,G4_p3,0.0,0.9767441860465116,1.0,0.023255813953488413,0,0.023255813953488413,3.172491744454363e-16
G4_p0_w0_variable,G4_p3,-5.0,0.9767441860465116,1.0,0.023255813953488413,0,0.04761904761904767,0.0
G4_p0_w0_variable,G4_p4,20.0,1.0,1.0,0.0,0,0.0,1.9828073403352396e-16
G4_p0_w0_variable,G4_p4,10.0,1.0,1.0,0.0,0,0.0,1.254037471352002e-16
G4_p0_w0_variable,G4_p4,0.0,0.9545454545454546,1.0,0.045454545454545414,0,0.045454545454545414,1.586245872268192e-16
G4_p0_w0_variable,G4_p4,-5.0,0.7346938775510204,0.851063829787234,0.1163699522362136,0,0.09714285714285709,0.0
G4_p0_w1_regular,G1_p1,20.0,1.0,1.0,0.0,0,0.0,0.0
G4_p0_w1_regular,G1_p1,10.0,1.0,1.0,0.0,0,0.0,1.2602641620976063e-16
G4_p0_w1_regular,G1_p1,0.0,0.9523809523809523,0.975609756097561,0.023228803716608626,0,0.08672086720867211,1.5941220822848325e-16
G4_p0_w1_regular,G1_p1,-5.0,0.7755102040816326,0.95,0.17448979591836733,1,0.16806722689075626,1.792881448534503e-16
G4_p0_w1_regular,G1_p2,20.0,1.0,1.0,0.0,0,0.0,1.9926526027643907e-16
G4_p0_w1_regular,G1_p2,10.0,1.0,1.0,0.0,0,0.0,0.0
G4_p0_w1_regular,G1_p2,0.0,0.95,1.0,0.050000000000000044,0,0.07084785133565619,0.0
G4_p0_w1_regular,G1_p2,-5.0,0.8372093023255814,0.9302325581395349,0.09302325581395343,0,0.11205073995771664,0.0
G4_p0_w1_regular,G1_p3,20.0,1.0,1.0,0.0,0,0.0,0.0
G4_p0_w1_regular,G1_p3,10.0,1.0,1.0,0.0,0,0.0,1.2602641620426523e-16
G4_p0_w1_regular,G1_p3,0.0,1.0,1.0,0.0,0,0.0,1.5941220822153205e-16
G4_p0_w1_regular,G1_p3,-5.0,0.9302325581395349,1.0,0.06976744186046513,1,0.04329004329004327,1.792881448456324e-16
G4_p0_w1_regular,G1_p4,20.0,1.0,1.0,0.0,0,0.0,1.9926526027193837e-16
G4_p0_w1_regular,G1_p4,10.0,0.975609756097561,1.0,0.024390243902439046,0,0.024390243902439046,0.0
G4_p0_w1_regular,G1_p4,0.0,0.7727272727272727,0.8636363636363636,0.09090909090909094,0,0.07171717171717173,0.0
G4_p0_w1_regular,G1_p4,-5.0,0.13793103448275862,0.45714285714285713,0.3192118226600985,0,0.04444444444444451,0.0
G4_p0_w1_regular,G2_p1,20.0,1.0,1.0,0.0,0,0.0,0.0
G4_p0_w1_regular,G2_p1,10.0,1.0,1.0,0.0,0,0.024390243902439046,1.2602641620969084e-16
G4_p0_w1_regular,G2_p1,0.0,0.8695652173913043,1.0,0.13043478260869568,1,0.14893617021276595,1.5941220822839497e-16
G4_p0_w1_regular,G2_p1,-5.0,0.75,0.8947368421052632,0.14473684210526316,0,0.09528301886792445,0.0
G4_p0_w1_regular,G2_p2,20.0,1.0,1.0,0.0,0,0.0,0.0
G4_p0_w1_regular,G2_p2,10.0,1.0,1.0,0.0,0,0.0,0.0
G4_p0_w1_regular,G2_p2,0.0,0.95,1.0,0.050000000000000044,0,0.025609756097561,0.0
G4_p0_w1_regular,G2_p2,-5.0,0.926829268292683,0.9523809523809523,0.025551684088269355,1,0.0918888258650028,0.0
G4_p0_w1_regular,G2_p3,20.0,1.0,1.0,0.0,0,0.0,1.9926526028029645e-16
G4_p0_w1_regular,G2_p3,10.0,1.0,1.0,0.0,0,0.0,1.2602641620640378e-16
G4_p0_w1_regular,G2_p3,0.0,0.975609756097561,1.0,0.024390243902439046,0,0.04761904761904767,1.5941220822423716e-16
G4_p0_w1_regular,G2_p3,-5.0,0.8333333333333334,0.926829268292683,0.0934959349593496,0,0.06739439962031324,0.0
G4_p0_w1_regular,G2_p4,20.0,1.0,1.0,0.0,0,0.0,0.0
G4_p0_w1_regular,G2_p4,10.0,0.9743589743589743,1.0,0.02564102564102566,0,0.024390243902439046,0.0
G4_p0_w1_regular,G2_p4,0.0,0.6666666666666666,0.7906976744186046,0.12403100775193798,0,0.09090909090909094,0.0
G4_p0_w1_regular,G2_p4,-5.0,0.06666666666666667,0.45714285714285713,0.3904761904761905,0,0.19367588932806323,0.0
G4_p0_w1_regular,G3_p1,20.0,1.0,1.0,0.0,0,0.0,0.0
G4_p0_w1_regular,G3_p1,10.0,0.975609756097561,1.0,0.024390243902439046,0,0.024390243902439046,0.0
G4_p0_w1_regular,G3_p1,0.0,0.8571428571428571,0.975609756097561,0.11846689895470386,1,0.18367346938775508,0.0
G4_p0_w1_regular,G3_p1,-5.0,0.7272727272727273,0.8837209302325582,0.15644820295983086,0,0.11363636363636365,0.0
G4_p0_w1_regular,G3_p2,20.0,1.0,1.0,0.0,0,0.0,0.0
G4_p0_w1_regular,G3_p2,10.0,1.0,1.0,0.0,0,0.0,0.0
G4_p0_w1_regular,G3_p2,0.0,1.0,1.0,0.0,0,0.0,1.5941220821640554e-16
G4_p0_w1_regular,G3_p2,-5.0,1.0,1.0,0.0,0,0.0,0.0
G4_p0_w1_regular,G3_p3,20.0,1.0,1.0,0.0,0,0.0,0.0
G4_p0_w1_regular,G3_p3,10.0,1.0,1.0,0.0,0,0.0,2.520528324039345e-16
G4_p0_w1_regular,G3_p3,0.0,0.975609756097561,1.0,0.024390243902439046,0,0.024390243902439046,0.0
G4_p0_w1_regular,G3_p3,-5.0,0.975609756097561,1.0,0.024390243902439046,0,0.024390243902439046,1.7928814484236327e-16
G4_p0_w1_regular,G3_p4,20.0,1.0,1.0,0.0,0,0.0,1.9926526027642085e-16
G4_p0_w1_regular,G3_p4,10.0,1.0,1.0,0.0,0,0.0,0.0
G4_p0_w1_regular,G3_p4,0.0,0.975609756097561,1.0,0.024390243902439046,0,0.04537719795802608,0.0
G4_p0_w1_regular,G3_p4,-5.0,0.8372093023255814,0.975609756097561,0.13840045377197951,1,0.18491208167895634,0.0
G4_p0_w1_regular,G4_p1,20.0,1.0,1.0,0.0,0,0.0,0.0
G4_p0_w1_regular,G4_p1,10.0,1.0,1.0,0.0,0,0.0,1.2602641621099759e-16
G4_p0_w1_regular,G4_p1,0.0,0.8095238095238095,0.95,0.14047619047619042,1,0.22659574468085097,0.0
G4_p0_w1_regular,G4_p1,-5.0,0.6086956521739131,0.8,0.19130434782608696,0,0.16190476190476188,1.7928814485521004e-16
G4_p0_w1_regular,G4_p2,20.0,1.0,1.0,0.0,0,0.0,1.9926526027663665e-16
G4_p0_w1_regular,G4_p2,10.0,1.0,1.0,0.0,0,0.0,1.2602641620408914e-16
G4_p0_w1_regular,G4_p2,0.0,0.975609756097561,1.0,0.024390243902439046,0,0.04761904761904767,1.5941220822130932e-16
G4_p0_w1_regular,G4_p2,-5.0,0.8181818181818182,0.8837209302325582,0.06553911205073992,0,0.0810276679841897,0.0
G4_p0_w1_regular,G4_p3,20.0,1.0,1.0,0.0,0,0.0,0.0
G4_p0_w1_regular,G4_p3,10.0,1.0,1.0,0.0,0,0.0,0.0
G4_p0_w1_regular,G4_p3,0.0,0.975609756097561,1.0,0.024390243902439046,0,0.024390243902439046,1.594122082173576e-16
G4_p0_w1_regular,G4_p3,-5.0,0.95,1.0,0.050000000000000044,0,0.050000000000000044,1.7928814484093745e-16
G4_p0_w1_regular,G4_p4,20.0,1.0,1.0,0.0,0,0.0,0.0
G4_p0_w1_regular,G4_p4,10.0,1.0,1.0,0.0,0,0.0,0.0
G4_p0_w1_regular,G4_p4,0.0,0.9523809523809523,1.0,0.04761904761904767,0,0.04761904761904767,0.0
G4_p0_w1_regular,G4_p4,-5.0,0.7555555555555555,0.851063829787234,0.09550827423167851,0,0.12804878048780488,0.0
G4_p0_w1_variable,G1_p1,20.0,1.0,1.0,0.0,0,0.0,0.0
G4_p0_w1_variable,G1_p1,10.0,1.0,1.0,0.0,0,0.0,0.0
G4_p0_w1_variable,G1_p1,0.0,0.9302325581395349,1.0,0.06976744186046513,1,0.0665188470066519,0.0
G4_p0_w1_variable,G1_p1,-5.0,0.7727272727272727,0.8085106382978723,0.03578336557059958,0,0.04359925788497221,0.0
G4_p0_w1_variable,G1_p2,20.0,1.0,1.0,0.0,0,0.0,0.0
G4_p0_w1_variable,G1_p2,10.0,1.0,1.0,0.0,0,0.0,1.2596861383369142e-16
G4_p0_w1_variable,G1_p2,0.0,0.926829268292683,1.0,0.07317073170731703,1,0.07317073170731703,1.5933909336346393e-16
G4_p0_w1_variable,G1_p2,-5.0,0.8837209302325582,0.926829268292683,0.04310833806012482,0,0.046511627906976716,0.0
G4_p0_w1_variable,G1_p3,20.0,1.0,1.0,0.0,0,0.0,0.0
G4_p0_w1_variable,G1_p3,10.0,1.0,1.0,0.0,0,0.0,0.0
G4_p0_w1_variable,G1_p3,0.0,1.0,1.0,0.0,0,0.0,0.0
G4_p0_w1_variable,G1_p3,-5.0,0.9302325581395349,0.9523809523809523,0.022148394241417457,1,0.06349206349206349,0.0
G4_p0_w1_variable,G1_p4,20.0,1.0,1.0,0.0,0,0.0,0.0
G4_p0_w1_variable,G1_p4,10.0,0.9523809523809523,1.0,0.04761904761904767,0,0.06976744186046513,1.2596861383084622e-16
G4_p0_w1_variable,G1_p4,0.0,0.65,0.8888888888888888,0.23888888888888882,0,0.23541887592788968,0.0
G4_p0_w1_variable,G1_p4,-5.0,0.2,0.47368421052631576,0.27368421052631575,0,0.18099089989888772,0.0
G4_p0_w1_variable,G2_p1,20.0,1.0,1.0,0.0,0,0.0,1.9917386671338038e-16
G4_p0_w1_variable,G2_p1,10.0,1.0,1.0,0.0,0,0.0,0.0
G4_p0_w1_variable,G2_p1,0.0,0.9302325581395349,0.95,0.019767441860465085,1,0.10555555555555551,0.0
G4_p0_w1_variable,G2_p1,-5.0,0.723404255319149,0.8292682926829268,0.10586403736377781,0,0.11229946524064172,0.0
G4_p0_w1_variable,G2_p2,20.0,1.0,1.0,0.0,0,0.0,0.0
G4_p0_w1_variable,G2_p2,10.0,1.0,1.0,0.0,0,0.0,1.2596861383190228e-16
G4_p0_w1_variable,G2_p2,0.0,0.95,0.975609756097561,0.025609756097561,0,0.0,1.5933909336120084e-16
G4_p0_w1_variable,G2_p2,-5.0,0.8780487804878049,0.9302325581395349,0.05218377765172999,0,0.003403289846851898,1.792059138307329e-16
G4_p0_w1_variable,G2_p3,20.0,1.0,1.0,0.0,0,0.0,1.9917386670818549e-16
G4_p0_w1_variable,G2_p3,10.0,1.0,1.0,0.0,0,0.0,1.2596861383612989e-16
G4_p0_w1_variable,G2_p3,0.0,0.9523809523809523,0.975609756097561,0.023228803716608626,0,0.09090909090909094,1.5933909336654843e-16
G4_p0_w1_variable,G2_p3,-5.0,0.7659574468085106,0.9523809523809523,0.1864235055724417,1,0.09139307897071869,0.0
G4_p0_w1_variable,G2_p4,20.0,1.0,1.0,0.0,0,0.0,0.0
G4_p0_w1_variable,G2_p4,10.0,0.975609756097561,1.0,0.024390243902439046,0,0.04761904761904767,0.0
G4_p0_w1_variable,G2_p4,0.0,0.7619047619047619,0.8888888888888888,0.12698412698412698,0,0.12816537467700262,0.0
G4_p0_w1_variable,G2_p4,-5.0,0.26666666666666666,0.45714285714285713,0.19047619047619047,0,0.1333333333333333,1.792059138298996e-16
G4_p0_w1_variable,G3_p1,20.0,1.0,1.0,0.0,0,0.0,0.0
G4_p0_w1_variable,G3_p1,10.0,1.0,1.0,0.0,0,0.024390243902439046,0.0
G4_p0_w1_variable,G3_p1,0.0,0.8636363636363636,0.9302325581395349,0.06659619450317122,0,0.14762386248736092,1.5933909337174653e-16
G4_p0_w1_variable,G3_p1,-5.0,0.6190476190476191,0.8636363636363636,0.24458874458874458,0,0.20614657210401888,1.7920591384259341e-16
G4_p0_w1_variable,G3_p2,20.0,1.0,1.0,0.0,0,0.0,1.9917386669840045e-16
G4_p0_w1_variable,G3_p2,10.0,1.0,1.0,0.0,0,0.0,0.0
G4_p0_w1_variable,G3_p2,0.0,1.0,1.0,0.0,0,0.0,0.0
G4_p0_w1_variable,G3_p2,-5.0,1.0,1.0,0.0,0,0.0,1.7920591382794318e-16
G4_p0_w1_variable,G3_p3,20.0,1.0,1.0,0.0,0,0.0,0.0
G4_p0_w1_variable,G3_p3,10.0,1.0,1.0,0.0,0,0.0,1.259686138316954e-16
G4_p0_w1_variable,G3_p3,0.0,1.0,1.0,0.0,0,0.0,0.0
G4_p0_w1_variable,G3_p3,-5.0,0.975609756097561,1.0,0.024390243902439046,0,0.024390243902439046,0.0
G4_p0_w1_variable,G3_p4,20.0,1.0,1.0,0.0,0,0.0,0.0
G4_p0_w1_variable,G3_p4,10.0,1.0,1.0,0.0,0,0.0,1.2596861383367988e-16
G4_p0_w1_variable,G3_p4,0.0,0.975609756097561,1.0,0.024390243902439046,0,0.023228803716608626,0.0
G4_p0_w1_variable,G3_p4,-5.0,0.8837209302325582,0.9090909090909091,0.025369978858350906,0,0.0516795865633074,1.792059138332617e-16
G4_p0_w1_variable,G4_p1,20.0,1.0,1.0,0.0,0,0.0,0.0
G4_p0_w1_variable,G4_p1,10.0,1.0,1.0,0.0,0,0.0,0.0
G4_p0_w1_variable,G4_p1,0.0,0.8181818181818182,0.926829268292683,0.10864745011086474,0,0.03896103896103886,1.5933909337235647e-16
G4_p0_w1_variable,G4_p1,-5.0,0.6808510638297872,0.7659574468085106,0.08510638297872342,0,0.11673506611947104,0.0
G4_p0_w1_variable,G4_p2,20.0,1.0,1.0,0.0,0,0.0,1.9917386670452741e-16
G4_p0_w1_variable,G4_p2,10.0,1.0,1.0,0.0,0,0.0,0.0
G4_p0_w1_variable,G4_p2,0.0,0.926829268292683,1.0,0.07317073170731703,1,0.04761904761904767,0.0
G4_p0_w1_variable,G4_p2,-5.0,0.8636363636363636,0.9302325581395349,0.06659619450317122,0,0.08578811369509043,0.0
G4_p0_w1_variable,G4_p3,20.0,1.0,1.0,0.0,0,0.0,1.9917386669958998e-16
G4_p0_w1_variable,G4_p3,10.0,1.0,1.0,0.0,0,0.0,1.259686138306936e-16
G4_p0_w1_variable,G4_p3,0.0,1.0,1.0,0.0,0,0.0,1.5933909335967198e-16
G4_p0_w1_variable,G4_p3,-5.0,0.975609756097561,1.0,0.024390243902439046,0,0.024390243902439046,0.0
G4_p0_w1_variable,G4_p4,20.0,1.0,1.0,0.0,0,0.0,1.991738667047394e-16
G4_p0_w1_variable,G4_p4,10.0,1.0,1.0,0.0,0,0.0,0.0
G4_p0_w1_variable,G4_p4,0.0,0.9523809523809523,0.975609756097561,0.023228803716608626,0,0.024390243902439046,1.5933909336379148e-16
G4_p0_w1_variable,G4_p4,-5.0,0.7906976744186046,0.8636363636363636,0.07293868921775903,0,0.08510638297872342,1.7920591383364657e-16
G4_p0_w2_regular,G1_p1,20.0,1.0,1.0,0.0,0,0.0,2.0627954633198568e-16
G4_p0_w2_regular,G1_p1,10.0,1.0,1.0,0.0,0,0.0,0.0
G4_p0_w2_regular,G1_p1,0.0,0.9230769230769231,1.0,0.07692307692307687,1,0.09631019387116946,0.0
G4_p0_w2_regular,G1_p1,-5.0,0.7906976744186046,0.8780487804878049,0.08735110606920027,0,0.07530454042081958,0.0
G4_p0_w2_regular,G1_p2,20.0,1.0,1.0,0.0,0,0.0,0.0
G4_p0_w2_regular,G1_p2,10.0,1.0,1.0,0.0,0,0.0,0.0
G4_p0_w2_regular,G1_p2,0.0,0.9743589743589743,1.0,0.02564102564102566,0,0.024358974358974383,1.6502363705799845e-16
G4_p0_w2_regular,G1_p2,-5.0,0.9,0.9743589743589743,0.07435897435897432,1,0.04523809523809519,1.855992215018521e-16
G4_p0_w2_regular,G1_p3,20.0,1.0,1.0,0.0,0,0.0,0.0
G4_p0_w2_regular,G1_p3,10.0,1.0,1.0,0.0,0,0.0,0.0
G4_p0_w2_regular,G1_p3,0.0,1.0,1.0,0.0,0,0.0,1.6502363705839266e-16
G4_p0_w2_regular,G1_p3,-5.0,0.9230769230769231,1.0,0.07692307692307687,1,0.09063804412641618,1.8559922150229543e-16
G4_p0_w2_regular,G1_p4,20.0,1.0,1.0,0.0,0,0.0,2.062795463178389e-16
G4_p0_w2_regular,G1_p4,10.0,0.9743589743589743,1.0,0.02564102564102566,0,0.050000000000000044,1.304626402141141e-16
G4_p0_w2_regular,G1_p4,0.0,0.7,0.8292682926829268,0.12926829268292683,0,0.09523809523809523,0.0
G4_p0_w2_regular,G1_p4,-5.0,0.30303030303030304,0.4117647058823529,0.10873440285204988,0,0.03100775193798455,0.0
G4_p0_w2_regular,G2_p1,20.0,1.0,1.0,0.0,0,0.0,0.0
G4_p0_w2_regular,G2_p1,10.0,1.0,1.0,0.0,0,0.0,1.3046264022298906e-16
G4_p0_w2_regular,G2_p1,0.0,0.9047619047619048,1.0,0.09523809523809523,1,0.1282051282051282,1.6502363706549717e-16
G4_p0_w2_regular,G2_p1,-5.0,0.6829268292682927,0.9743589743589743,0.2914321450906816,1,0.3309523809523809,0.0
G4_p0_w2_regular,G2_p2,20.0,1.0,1.0,0.0,0,0.0,2.0627954631956824e-16
G4_p0_w2_regular,G2_p2,10.0,1.0,1.0,0.0,0,0.0,0.0
G4_p0_w2_regular,G2_p2,0.0,0.9743589743589743,1.0,0.02564102564102566,0,0.050000000000000044,1.650236370556546e-16
G4_p0_w2_regular,G2_p2,-5.0,0.9230769230769231,0.9743589743589743,0.05128205128205121,1,0.09631019387116946,0.0
G4_p0_w2_regular,G2_p3,20.0,1.0,1.0,0.0,0,0.0,2.062795463264912e-16
G4_p0_w2_regular,G2_p3,10.0,1.0,1.0,0.0,0,0.0,0.0
G4_p0_w2_regular,G2_p3,0.0,0.9743589743589743,1.0,0.02564102564102566,0,0.050000000000000044,1.6502363706119294e-16
G4_p0_w2_regular,G2_p3,-5.0,0.8292682926829268,0.95,0.12073170731707317,1,0.13516260162601634,0.0
G4_p0_w2_regular,G2_p4,20.0,1.0,1.0,0.0,0,0.0,0.0
G4_p0_w2_regular,G2_p4,10.0,0.9743589743589743,1.0,0.02564102564102566,0,0.050000000000000044,1.304626402146012e-16
G4_p0_w2_regular,G2_p4,0.0,0.6842105263157895,0.8571428571428571,0.1729323308270676,0,0.17165005537098554,1.6502363705488726e-16
G4_p0_w2_regular,G2_p4,-5.0,0.2,0.47058823529411764,0.27058823529411763,0,0.19873150105708248,0.0
G4_p0_w2_regular,G3_p1,20.0,1.0,1.0,0.0,0,0.0,0.0
G4_p0_w2_regular,G3_p1,10.0,1.0,1.0,0.0,0,0.0,0.0
G4_p0_w2_regular,G3_p1,0.0,0.85,0.9473684210526315,0.09736842105263155,0,0.10256410256410264,0.0
G4_p0_w2_regular,G3_p1,-5.0,0.7,0.8205128205128205,0.12051282051282053,0,0.17261904761904756,0.0
G4_p0_w2_regular,G3_p2,20.0,1.0,1.0,0.0,0,0.0,2.0627954631635706e-16
G4_p0_w2_regular,G3_p2,10.0,1.0,1.0,0.0,0,0.0,1.3046264021317694e-16
G4_p0_w2_regular,G3_p2,0.0,1.0,1.0,0.0,0,0.0,1.6502363705308567e-16
G4_p0_w2_regular,G3_p2,-5.0,1.0,1.0,0.0,0,0.0,0.0
G4_p0_w2_regular,G3_p3,20.0,1.0,1.0,0.0,0,0.0,0.0
G4_p0_w2_regular,G3_p3,10.0,1.0,1.0,0.0,0,0.0,1.3046264021499358e-16
G4_p0_w2_regular,G3_p3,0.0,1.0,1.0,0.0,0,0.0,0.0
G4_p0_w2_regular,G3_p3,-5.0,0.9743589743589743,1.0,0.02564102564102566,0,0.02564102564102566,0.0
G4_p0_w2_regular,G3_p4,20.0,1.0,1.0,0.0,0,0.0,0.0
G4_p0_w2_regular,G3_p4,10.0,1.0,1.0,0.0,0,0.0,2.609252804340977e-16
G4_p0_w2_regular,G3_p4,0.0,0.9743589743589743,1.0,0.02564102564102566,0,0.02564102564102566,0.0
G4_p0_w2_regular,G3_p4,-5.0,0.8837209302325582,0.9047619047619048,0.021040974529346612,0,0.021040974529346612,1.8559922150183508e-16
G4_p0_w2_regular,G4_p1,20.0,1.0,1.0,0.0,0,0.0,0.0
G4_p0_w2_regular,G4_p1,10.0,1.0,1.0,0.0,0,0.0,0.0
G4_p0_w2_regular,G4_p1,0.0,0.8372093023255814,0.8947368421052632,0.057527539779681724,0,0.09473684210526312,1.6502363706720826e-16
G4_p0_w2_regular,G4_p1,-5.0,0.6666666666666666,0.7619047619047619,0.09523809523809523,0,0.09968186638388121,0.0
G4_p0_w2_regular,G4_p2,20.0,1.0,1.0,0.0,0,0.0,0.0
G4_p0_w2_regular,G4_p2,10.0,1.0,1.0,0.0,0,0.0,0.0
G4_p0_w2_regular,G4_p2,0.0,0.9743589743589743,1.0,0.02564102564102566,0,0.050000000000000044,0.0
G4_p0_w2_regular,G4_p2,-5.0,0.7619047619047619,0.926829268292683,0.1649245063879211,0,0.16057585825027687,0.0
G4_p0_w2_regular,G4_p3,20.0,1.0,1.0,0.0,0,0.0,0.0
G4_p0_w2_regular,G4_p3,10.0,1.0,1.0,0.0,0,0.0,1.3046264021395606e-16
G4_p0_w2_regular,G4_p3,0.0,0.9743589743589743,1.0,0.02564102564102566,0,0.02564102564102566,0.0
G4_p0_w2_regular,G4_p3,-5.0,0.9743589743589743,1.0,0.02564102564102566,0,0.026990553306342813,0.0
G4_p0_w2_regular,G4_p4,20.0,1.0,1.0,0.0,0,0.0,2.0627954632292213e-16
G4_p0_w2_regular,G4_p4,10.0,1.0,1.0,0.0,0,0.0,1.30462640217329e-16
G4_p0_w2_regular,G4_p4,0.0,0.95,0.9743589743589743,0.024358974358974383,0,0.024358974358974383,0.0
G4_p0_w2_regular,G4_p4,-5.0,0.7555555555555555,0.8780487804878049,0.12249322493224934,0,0.08611955420466055,1.8559922150223363e-16
G4_p0_w2_variable,G1_p1,20.0,1.0,1.0,0.0,0,0.0,0.0
G4_p0_w2_variable,G1_p1,10.0,1.0,1.0,0.0,0,0.0,0.0
G4_p0_w2_variable,G1_p1,0.0,0.9523809523809523,0.975609756097561,0.023228803716608626,0,0.0665188470066519,0.0
G4_p0_w2_variable,G1_p1,-5.0,0.782608695652174,0.9047619047619048,0.12215320910973082,0,0.06956521739130428,0.0
G4_p0_w2_variable,G1_p2,20.0,1.0,1.0,0.0,0,0.0,2.0573204639818332e-16
G4_p0_w2_variable,G1_p2,10.0,1.0,1.0,0.0,0,0.0,0.0
G4_p0_w2_variable,G1_p2,0.0,0.975609756097561,1.0,0.024390243902439046,0,0.024390243902439046,0.0
G4_p0_w2_variable,G1_p2,-5.0,0.8780487804878049,0.975609756097561,0.09756097560975607,1,0.025470653377630104,0.0
G4_p0_w2_variable,G1_p3,20.0,1.0,1.0,0.0,0,0.0,2.0573204639867473e-16
G4_p0_w2_variable,G1_p3,10.0,1.0,1.0,0.0,0,0.0,0.0
G4_p0_w2_variable,G1_p3,0.0,1.0,1.0,0.0,0,0.0,1.645856371189398e-16
G4_p0_w2_variable,G1_p3,-5.0,0.9523809523809523,1.0,0.04761904761904767,0,0.082815734989648,0.0
G4_p0_w2_variable,G1_p4,20.0,1.0,1.0,0.0,0,0.0,0.0
G4_p0_w2_variable,G1_p4,10.0,0.9523809523809523,1.0,0.04761904761904767,0,0.04761904761904767,1.3011637085820106e-16
G4_p0_w2_variable,G1_p4,0.0,0.8181818181818182,0.9302325581395349,0.11205073995771664,0,0.11839323467230445,1.6458563711482922e-16
G4_p0_w2_variable,G1_p4,-5.0,0.1875,0.45161290322580644,0.26411290322580644,0,0.2483091787439614,0.0
G4_p0_w2_variable,G2_p1,20.0,1.0,1.0,0.0,0,0.0,2.057320464075318e-16
G4_p0_w2_variable,G2_p1,10.0,1.0,1.0,0.0,0,0.0,2.6023274173410485e-16
G4_p0_w2_variable,G2_p1,0.0,0.9090909090909091,1.0,0.09090909090909094,1,0.1311653116531165,0.0
G4_p0_w2_variable,G2_p1,-5.0,0.7692307692307693,0.9,0.13076923076923075,0,0.12637362637362637,1.8510661057749416e-16
G4_p0_w2_variable,G2_p2,20.0,1.0,1.0,0.0,0,0.0,2.0573204639526126e-16
G4_p0_w2_variable,G2_p2,10.0,1.0,1.0,0.0,0,0.0,1.3011637085929186e-16
G4_p0_w2_variable,G2_p2,0.0,0.975609756097561,1.0,0.024390243902439046,0,0.024390243902439046,0.0
G4_p0_w2_variable,G2_p2,-5.0,0.8780487804878049,0.9047619047619048,0.026713124274099886,0,0.06866002214839417,0.0
G4_p0_w2_variable,G2_p3,20.0,1.0,1.0,0.0,0,0.0,2.0573204640216584e-16
G4_p0_w2_variable,G2_p3,10.0,1.0,1.0,0.0,0,0.0,0.0
G4_p0_w2_variable,G2_p3,0.0,0.975609756097561,1.0,0.024390243902439046,0,0.04761904761904767,0.0
G4_p0_w2_variable,G2_p3,-5.0,0.8,0.8888888888888888,0.0888888888888888,0,0.03754940711462451,0.0
G4_p0_w2_variable,G2_p4,20.0,1.0,1.0,0.0,0,0.0,0.0
G4_p0_w2_variable,G2_p4,10.0,1.0,1.0,0.0,0,0.024390243902439046,2.6023274171737365e-16
G4_p0_w2_variable,G2_p4,0.0,0.7317073170731707,0.8571428571428571,0.12543554006968638,0,0.11717171717171715,0.0
G4_p0_w2_variable,G2_p4,-5.0,0.13333333333333333,0.35294117647058826,0.21960784313725493,0,0.1030732860520095,1.8510661056559304e-16
G4_p0_w2_variable,G3_p1,20.0,1.0,1.0,0.0,0,0.0,0.0
G4_p0_w2_variable,G3_p1,10.0,1.0,1.0,0.0,0,0.0,0.0
G4_p0_w2_variable,G3_p1,0.0,0.8636363636363636,0.975609756097561,0.11197339246119731,1,0.11197339246119731,1.6458563712710197e-16
G4_p0_w2_variable,G3_p1,-5.0,0.7272727272727273,0.8372093023255814,0.10993657505285415,0,0.17500000000000004,0.0
G4_p0_w2_variable,G3_p2,20.0,1.0,1.0,0.0,0,0.0,2.057320463920586e-16
G4_p0_w2_variable,G3_p2,10.0,1.0,1.0,0.0,0,0.0,0.0
G4_p0_w2_variable,G3_p2,0.0,1.0,1.0,0.0,0,0.0,1.645856371136469e-16
G4_p0_w2_variable,G3_p2,-5.0,1.0,1.0,0.0,0,0.0,0.0
G4_p0_w2_variable,G3_p3,20.0,1.0,1.0,0.0,0,0.0,0.0
G4_p0_w2_variable,G3_p3,10.0,1.0,1.0,0.0,0,0.0,0.0
G4_p0_w2_variable,G3_p3,0.0,1.0,1.0,0.0,0,0.0,1.6458563711593875e-16
G4_p0_w2_variable,G3_p3,-5.0,1.0,1.0,0.0,0,0.0,1.8510661056614978e-16
G4_p0_w2_variable,G3_p4,20.0,1.0,1.0,0.0,0,0.0,2.0573204639816447e-16
G4_p0_w2_variable,G3_p4,10.0,1.0,1.0,0.0,0,0.0,1.3011637086112798e-16
G4_p0_w2_variable,G3_p4,0.0,0.975609756097561,1.0,0.024390243902439046,0,0.024390243902439046,0.0
G4_p0_w2_variable,G3_p4,-5.0,0.8636363636363636,0.9523809523809523,0.08874458874458868,1,0.10793650793650789,0.0
G4_p0_w2_variable,G4_p1,20.0,1.0,1.0,0.0,0,0.0,0.0
G4_p0_w2_variable,G4_p1,10.0,1.0,1.0,0.0,0,0.0,1.3011637086840155e-16
G4_p0_w2_variable,G4_p1,0.0,0.8,0.926829268292683,0.12682926829268293,0,0.10074231177094384,1.6458563712773203e-16
G4_p0_w2_variable,G4_p1,-5.0,0.6956521739130435,0.7727272727272727,0.07707509881422925,0,0.16415261756876665,0.0
G4_p0_w2_variable,G4_p2,20.0,1.0,1.0,0.0,0,0.0,2.0573204639838727e-16
G4_p0_w2_variable,G4_p2,10.0,1.0,1.0,0.0,0,0.0,1.301163708612689e-16
G4_p0_w2_variable,G4_p2,0.0,0.95,1.0,0.050000000000000044,0,0.050000000000000044,1.645856371187098e-16
G4_p0_w2_variable,G4_p2,-5.0,0.8085106382978723,0.9047619047619048,0.09625126646403248,0,0.07521029193468587,0.0
G4_p0_w2_variable,G4_p3,20.0,1.0,1.0,0.0,0,0.0,0.0
G4_p0_w2_variable,G4_p3,10.0,1.0,1.0,0.0,0,0.0,0.0
G4_p0_w2_variable,G4_p3,0.0,0.975609756097561,1.0,0.024390243902439046,0,0.024390243902439046,0.0
G4_p0_w2_variable,G4_p3,-5.0,0.95,1.0,0.050000000000000044,0,0.050000000000000044,0.0
G4_p0_w2_variable,G4_p4,20.0,1.0,1.0,0.0,0,0.0,2.057320463986062e-16
G4_p0_w2_variable,G4_p4,10.0,1.0,1.0,0.0,0,0.0,1.301163708614074e-16
G4_p0_w2_variable,G4_p4,0.0,0.9090909090909091,1.0,0.09090909090909094,1,0.06976744186046513,0.0
G4_p0_w2_variable,G4_p4,-5.0,0.7659574468085106,0.9302325581395349,0.16427511133102424,0,0.03623188405797095,0.0
G4_p0_w3_regular,G1_p1,20.0,1.0,1.0,0.0,0,0.0,1.966531931105645e-16
G4_p0_w3_regular,G1_p1,10.0,1.0,1.0,0.0,0,0.0,1.243743998748633e-16
G4_p0_w3_regular,G1_p1,0.0,0.9130434782608695,1.0,0.08695652173913049,1,0.125,1.5732255448845163e-16
G4_p0_w3_regular,G1_p1,-5.0,0.6511627906976745,0.8444444444444444,0.19328165374676998,0,0.13043478260869568,1.7693794754673357e-16
G4_p0_w3_regular,G1_p2,20.0,1.0,1.0,0.0,0,0.0,1.9665319310151972e-16
G4_p0_w3_regular,G1_p2,10.0,1.0,1.0,0.0,0,0.0,1.2437439986914283e-16
G4_p0_w3_regular,G1_p2,0.0,0.9523809523809523,0.9767441860465116,0.02436323366555926,0,0.046511627906976716,0.0
G4_p0_w3_regular,G1_p2,-5.0,0.8636363636363636,0.9333333333333333,0.0696969696969697,0,0.09486166007905128,0.0
G4_p0_w3_regular,G1_p3,20.0,1.0,1.0,0.0,0,0.0,0.0
G4_p0_w3_regular,G1_p3,10.0,1.0,1.0,0.0,0,0.0,0.0
G4_p0_w3_regular,G1_p3,0.0,1.0,1.0,0.0,0,0.0,1.5732255448159157e-16
G4_p0_w3_regular,G1_p3,-5.0,0.8695652173913043,0.9333333333333333,0.06376811594202902,0,0.06565656565656575,0.0
G4_p0_w3_regular,G1_p4,20.0,1.0,1.0,0.0,0,0.0,0.0
G4_p0_w3_regular,G1_p4,10.0,0.9767441860465116,1.0,0.023255813953488413,0,0.045454545454545414,1.2437439986633367e-16
G4_p0_w3_regular,G1_p4,0.0,0.782608695652174,0.8695652173913043,0.08695652173913038,0,0.0684551341350601,1.573225544776624e-16
G4_p0_w3_regular,G1_p4,-5.0,0.2,0.4,0.2,0,0.053333333333333344,0.0
G4_p0_w3_regular,G2_p1,20.0,1.0,1.0,0.0,0,0.0,1.9665319311045564e-16
G4_p0_w3_regular,G2_p1,10.0,1.0,1.0,0.0,0,0.0,0.0
G4_p0_w3_regular,G2_p1,0.0,0.9130434782608695,0.9523809523809523,0.039337474120082816,1,0.03661553686293917,0.0
G4_p0_w3_regular,G2_p1,-5.0,0.7272727272727273,0.8085106382978723,0.081237911025145,0,0.07039337474120089,0.0
G4_p0_w3_regular,G2_p2,20.0,1.0,1.0,0.0,0,0.0,0.0
G4_p0_w3_regular,G2_p2,10.0,1.0,1.0,0.0,0,0.0,0.0
G4_p0_w3_regular,G2_p2,0.0,0.9523809523809523,1.0,0.04761904761904767,0,0.045454545454545414,3.1464510895796266e-16
G4_p0_w3_regular,G2_p2,-5.0,0.8837209302325582,0.9545454545454546,0.07082452431289643,1,0.09090909090909094,1.769379475360825e-16
G4_p0_w3_regular,G2_p3,20.0,1.0,1.0,0.0,0,0.0,0.0
G4_p0_w3_regular,G2_p3,10.0,1.0,1.0,0.0,0,0.0,0.0
G4_p0_w3_regular,G2_p3,0.0,0.9523809523809523,1.0,0.04761904761904767,0,0.06976744186046513,0.0
G4_p0_w3_regular,G2_p3,-5.0,0.75,0.8888888888888888,0.13888888888888884,0,0.09948979591836737,1.769379475420207e-16
G4_p0_w3_regular,G2_p4,20.0,1.0,1.0,0.0,0,0.0,0.0
G4_p0_w3_regular,G2_p4,10.0,0.9767441860465116,1.0,0.023255813953488413,0,0.023255813953488413,0.0
G4_p0_w3_regular,G2_p4,0.0,0.6511627906976745,0.7727272727272727,0.12156448202959824,0,0.11594202898550732,1.5732255447824978e-16
G4_p0_w3_regular,G2_p4,-5.0,0.12903225806451613,0.3333333333333333,0.2043010752688172,0,0.15602836879432624,1.7693794753525971e-16
G4_p0_w3_regular,G3_p1,20.0,1.0,1.0,0.0,0,0.0,0.0
G4_p0_w3_regular,G3_p1,10.0,0.9767441860465116,1.0,0.023255813953488413,0,0.023255813953488413,0.0
G4_p0_w3_regular,G3_p1,0.0,0.8780487804878049,0.9333333333333333,0.05528455284552847,0,0.009896091044037547,1.5732255448939353e-16
G4_p0_w3_regular,G3_p1,-5.0,0.7111111111111111,0.7391304347826086,0.02801932367149751,0,0.08333333333333337,0.0
G4_p0_w3_regular,G3_p2,20.0,1.0,1.0,0.0,0,0.0,0.0
G4_p0_w3_regular,G3_p2,10.0,1.0,1.0,0.0,0,0.0,1.2437439986544018e-16
G4_p0_w3_regular,G3_p2,0.0,1.0,1.0,0.0,0,0.0,1.5732255447653226e-16
G4_p0_w3_regular,G3_p2,-5.0,1.0,1.0,0.0,0,0.0,0.0
G4_p0_w3_regular,G3_p3,20.0,1.0,1.0,0.0,0,0.0,0.0
G4_p0_w3_regular,G3_p3,10.0,1.0,1.0,0.0,0,0.0,1.2437439986717208e-16
G4_p0_w3_regular,G3_p3,0.0,1.0,1.0,0.0,0,0.0,0.0
G4_p0_w3_regular,G3_p3,-5.0,0.9767441860465116,1.0,0.023255813953488413,0,0.023255813953488413,0.0
G4_p0_w3_regular,G3_p4,20.0,1.0,1.0,0.0,0,0.0,0.0
G4_p0_w3_regular,G3_p4,10.0,1.0,1.0,0.0,0,0.0,0.0
G4_p0_w3_regular,G3_p4,0.0,0.975609756097561,1.0,0.024390243902439046,0,0.0011344299489506326,0.0
G4_p0_w3_regular,G3_p4,-5.0,0.8936170212765957,0.9545454545454546,0.060928433268858884,1,0.04444444444444451,0.0
G4_p0_w3_regular,G4_p1,20.0,1.0,1.0,0.0,0,0.0,0.0
G4_p0_w3_regular,G4_p1,10.0,1.0,1.0,0.0,0,0.023255813953488413,0.0
G4_p0_w3_regular,G4_p1,0.0,0.8,0.8636363636363636,0.0636363636363636,0,0.08720930232558144,1.5732255448999575e-16
G4_p0_w3_regular,G4_p1,-5.0,0.5714285714285714,0.7111111111111111,0.13968253968253974,0,0.1132075471698114,0.0
G4_p0_w3_regular,G4_p2,20.0,1.0,1.0,0.0,0,0.0,1.9665319310171462e-16
G4_p0_w3_regular,G4_p2,10.0,1.0,1.0,0.0,0,0.0,1.2437439986926613e-16
G4_p0_w3_regular,G4_p2,0.0,0.9545454545454546,1.0,0.045454545454545414,0,0.06666666666666665,0.0
G4_p0_w3_regular,G4_p2,-5.0,0.8260869565217391,0.9545454545454546,0.12845849802371545,1,0.06197964847363546,0.0
G4_p0_w3_regular,G4_p3,20.0,1.0,1.0,0.0,0,0.0,0.0
G4_p0_w3_regular,G4_p3,10.0,1.0,1.0,0.0,0,0.0,0.0
G4_p0_w3_regular,G4_p3,0.0,0.9767441860465116,1.0,0.023255813953488413,0,0.023255813953488413,0.0
G4_p0_w3_regular,G4_p3,-5.0,0.9302325581395349,0.9767441860465116,0.046511627906976716,1,0.04761904761904767,1.7693794753438474e-16
G4_p0_w3_regular,G4_p4,20.0,1.0,1.0,0.0,0,0.0,0.0
G4_p0_w3_regular,G4_p4,10.0,1.0,1.0,0.0,0,0.0,0.0
G4_p0_w3_regular,G4_p4,0.0,0.9333333333333333,1.0,0.06666666666666665,1,0.06666666666666665,1.5732255448153916e-16
G4_p0_w3_regular,G4_p4,-5.0,0.7755102040816326,0.851063829787234,0.07555362570560142,0,0.058673469387755084,0.0
G4_p0_w3_variable,G1_p1,20.0,1.0,1.0,0.0,0,0.0,1.916851847313684e-16
G4_p0_w3_variable,G1_p1,10.0,1.0,1.0,0.0,0,0.0,1.2123235549225105e-16
G4_p0_w3_variable,G1_p1,0.0,0.9583333333333334,1.0,0.04166666666666663,0,0.020390070921985748,0.0
G4_p0_w3_variable,G1_p1,-5.0,0.76,0.9166666666666666,0.15666666666666662,0,0.1120448179271708,0.0
G4_p0_w3_variable,G1_p2,20.0,1.0,1.0,0.0,0,0.0,0.0
G4_p0_w3_variable,G1_p2,10.0,1.0,1.0,0.0,0,0.0,0.0
G4_p0_w3_variable,G1_p2,0.0,0.9777777777777777,1.0,0.022222222222222254,0,0.04166666666666663,1.5334814777804165e-16
G4_p0_w3_variable,G1_p2,-5.0,0.8260869565217391,0.9565217391304348,0.13043478260869568,1,0.11008325624421833,1.7246800127397887e-16
G4_p0_w3_variable,G1_p3,20.0,1.0,1.0,0.0,0,0.0,0.0
G4_p0_w3_variable,G1_p3,10.0,1.0,1.0,0.0,0,0.0,1.212323554869647e-16
G4_p0_w3_variable,G1_p3,0.0,0.9787234042553191,1.0,0.021276595744680882,0,0.021276595744680882,0.0
G4_p0_w3_variable,G1_p3,-5.0,0.88,0.9787234042553191,0.09872340425531911,1,0.1281446540880503,0.0
G4_p0_w3_variable,G1_p4,20.0,1.0,1.0,0.0,0,0.0,0.0
G4_p0_w3_variable,G1_p4,10.0,0.9787234042553191,1.0,0.021276595744680882,0,0.04166666666666663,1.212323554839369e-16
G4_p0_w3_variable,G1_p4,0.0,0.8,0.8571428571428571,0.05714285714285705,0,0.08163265306122447,0.0
G4_p0_w3_variable,G1_p4,-5.0,0.125,0.47368421052631576,0.34868421052631576,0,0.19333333333333336,1.7246800127008337e-16
G4_p0_w3_variable,G2_p1,20.0,1.0,1.0,0.0,0,0.0,0.0
G4_p0_w3_variable,G2_p1,10.0,1.0,1.0,0.0,0,0.0,0.0
G4_p0_w3_variable,G2_p1,0.0,0.8979591836734694,0.9583333333333334,0.060374149659863985,1,0.060374149659863985,1.533481477850098e-16
G4_p0_w3_variable,G2_p1,-5.0,0.76,0.84,0.07999999999999996,0,0.07843137254901955,0.0
G4_p0_w3_variable,G2_p2,20.0,1.0,1.0,0.0,0,0.0,0.0
G4_p0_w3_variable,G2_p2,10.0,1.0,1.0,0.0,0,0.0,0.0
G4_p0_w3_variable,G2_p2,0.0,0.9565217391304348,1.0,0.04347826086956519,0,0.04347826086956519,1.5334814777586365e-16
G4_p0_w3_variable,G2_p2,-5.0,0.875,1.0,0.125,1,0.125,1.7246800127152926e-16
G4_p0_w3_variable,G2_p3,20.0,1.0,1.0,0.0,0,0.0,0.0
G4_p0_w3_variable,G2_p3,10.0,1.0,1.0,0.0,0,0.0,0.0
G4_p0_w3_variable,G2_p3,0.0,0.9583333333333334,1.0,0.04166666666666663,0,0.0,1.5334814778101013e-16
G4_p0_w3_variable,G2_p3,-5.0,0.7924528301886793,0.8627450980392157,0.07029226785053644,0,0.09925925925925927,0.0
G4_p0_w3_variable,G2_p4,20.0,1.0,1.0,0.0,0,0.0,1.9168518471893825e-16
G4_p0_w3_variable,G2_p4,10.0,0.9583333333333334,1.0,0.04166666666666663,0,0.021276595744680882,1.212323554843895e-16
G4_p0_w3_variable,G2_p4,0.0,0.7346938775510204,0.8163265306122449,0.08163265306122447,0,0.10352941176470587,0.0
G4_p0_w3_variable,G2_p4,-5.0,0.2222222222222222,0.32432432432432434,0.10210210210210213,0,0.08084772370486659,1.7246800127072733e-16
G4_p0_w3_variable,G3_p1,20.0,1.0,1.0,0.0,0,0.0,0.0
G4_p0_w3_variable,G3_p1,10.0,0.9787234042553191,1.0,0.021276595744680882,0,0.04166666666666663,0.0
G4_p0_w3_variable,G3_p1,0.0,0.88,0.9787234042553191,0.09872340425531911,1,0.07833333333333337,0.0
G4_p0_w3_variable,G3_p1,-5.0,0.6938775510204082,0.7843137254901961,0.09043617446978791,0,0.12393162393162394,1.724680012829439e-16
G4_p0_w3_variable,G3_p2,20.0,1.0,1.0,0.0,0,0.0,1.9168518471684557e-16
G4_p0_w3_variable,G3_p2,10.0,1.0,1.0,0.0,0,0.0,0.0
G4_p0_w3_variable,G3_p2,0.0,1.0,1.0,0.0,0,0.0,1.5334814777347644e-16
G4_p0_w3_variable,G3_p2,-5.0,1.0,1.0,0.0,0,0.0,0.0
G4_p0_w3_variable,G3_p3,20.0,1.0,1.0,0.0,0,0.0,1.9168518471951476e-16
G4_p0_w3_variable,G3_p3,10.0,1.0,1.0,0.0,0,0.0,1.2123235548475413e-16
G4_p0_w3_variable,G3_p3,0.0,1.0,1.0,0.0,0,0.0,0.0
G4_p0_w3_variable,G3_p3,-5.0,0.9787234042553191,1.0,0.021276595744680882,0,0.021276595744680882,1.7246800127124603e-16
G4_p0_w3_variable,G3_p4,20.0,1.0,1.0,0.0,0,0.0,0.0
G4_p0_w3_variable,G3_p4,10.0,1.0,1.0,0.0,0,0.0,0.0
G4_p0_w3_variable,G3_p4,0.0,0.9787234042553191,1.0,0.021276595744680882,0,0.021276595744680882,0.0
G4_p0_w3_variable,G3_p4,-5.0,0.8979591836734694,0.9583333333333334,0.060374149659863985,1,0.03821102909248808,0.0
G4_p0_w3_variable,G4_p1,20.0,1.0,1.0,0.0,0,0.0,0.0
G4_p0_w3_variable,G4_p1,10.0,1.0,1.0,0.0,0,0.0,1.2123235549344095e-16
G4_p0_w3_variable,G4_p1,0.0,0.84,0.88,0.040000000000000036,0,0.03500000000000003,0.0
G4_p0_w3_variable,G4_p1,-5.0,0.625,0.6923076923076923,0.06730769230769229,0,0.1304675716440422,0.0
G4_p0_w3_variable,G4_p2,20.0,1.0,1.0,0.0,0,0.0,0.0
G4_p0_w3_variable,G4_p2,10.0,1.0,1.0,0.0,0,0.0,1.2123235548679529e-16
G4_p0_w3_variable,G4_p2,0.0,0.9583333333333334,1.0,0.04166666666666663,0,0.021276595744680882,1.5334814777819368e-16
G4_p0_w3_variable,G4_p2,-5.0,0.88,0.9787234042553191,0.09872340425531911,1,0.13480392156862753,1.7246800127414985e-16
G4_p0_w3_variable,G4_p3,20.0,1.0,1.0,0.0,0,0.0,1.9168518471799036e-16
G4_p0_w3_variable,G4_p3,10.0,1.0,1.0,0.0,0,0.0,2.4246471096758004e-16
G4_p0_w3_variable,G4_p3,0.0,0.9787234042553191,1.0,0.021276595744680882,0,0.021276595744680882,0.0
G4_p0_w3_variable,G4_p3,-5.0,0.9565217391304348,1.0,0.04347826086956519,0,0.021276595744680882,1.7246800126987445e-16
G4_p0_w3_variable,G4_p4,20.0,1.0,1.0,0.0,0,0.0,1.9168518472294613e-16
G4_p0_w3_variable,G4_p4,10.0,1.0,1.0,0.0,0,0.0,1.2123235548692431e-16
G4_p0_w3_variable,G4_p4,0.0,0.9565217391304348,1.0,0.04347826086956519,0,0.04166666666666663,1.5334814777835687e-16
G4_p0_w3_variable,G4_p4,-5.0,0.8,0.9387755102040817,0.13877551020408163,0,0.12989840348330906,0.0
G4_p5_w0_regular,G1_p1,20.0,1.0,1.0,0.0,0,0.0,0.0
G4_p5_w0_regular,G1_p1,10.0,1.0,1.0,0.0,0,0.0,1.3415050174741516e-16
G4_p5_w0_regular,G1_p1,0.0,0.9767441860465116,1.0,0.023255813953488413,0,0.02323232323232316,0.0
G4_p5_w0_regular,G1_p1,-5.0,0.7659574468085106,0.8888888888888888,0.1229314420803782,0,0.10360777058279369,0.0
G4_p5_w0_regular,G1_p2,20.0,1.0,1.0,0.0,0,0.0,0.0
G4_p5_w0_regular,G1_p2,10.0,1.0,1.0,0.0,0,0.0,1.341505017412451e-16
G4_p5_w0_regular,G1_p2,0.0,1.0,1.0,0.0,0,0.022222222222222254,0.0
G4_p5_w0_regular,G1_p2,-5.0,0.8888888888888888,0.9130434782608695,0.024154589371980673,0,0.039716312056737646,0.0
G4_p5_w0_regular,G1_p3,20.0,1.0,1.0,0.0,0,0.0,2.12110567378866e-16
G4_p5_w0_regular,G1_p3,10.0,1.0,1.0,0.0,0,0.0,0.0
G4_p5_w0_regular,G1_p3,0.0,1.0,1.0,0.0,0,0.0,1.6968845390309277e-16
G4_p5_w0_regular,G1_p3,-5.0,0.9565217391304348,0.9777777777777777,0.021256038647342934,0,0.061111111111111116,1.9084566007473333e-16
G4_p5_w0_regular,G1_p4,20.0,1.0,1.0,0.0,0,0.0,0.0
G4_p5_w0_regular,G1_p4,10.0,0.9565217391304348,1.0,0.04347826086956519,0,0.04347826086956519,0.0
G4_p5_w0_regular,G1_p4,0.0,0.8,0.9333333333333333,0.1333333333333333,0,0.14901960784313728,1.6968845389885476e-16
G4_p5_w0_regular,G1_p4,-5.0,0.2702702702702703,0.8181818181818182,0.547911547911548,0,0.1898989898989899,0.0
G4_p5_w0_regular,G2_p1,20.0,1.0,1.0,0.0,0,0.0,0.0
G4_p5_w0_regular,G2_p1,10.0,1.0,1.0,0.0,0,0.0,0.0
G4_p5_w0_regular,G2_p1,0.0,0.9090909090909091,1.0,0.09090909090909094,1,0.06666666666666665,1.696884539103981e-16
G4_p5_w0_regular,G2_p1,-5.0,0.75,0.8695652173913043,0.11956521739130432,0,0.04656862745098034,1.9084566008294947e-16
G4_p5_w0_regular,G2_p2,20.0,1.0,1.0,0.0,0,0.0,2.1211056737534662e-16
G4_p5_w0_regular,G2_p2,10.0,1.0,1.0,0.0,0,0.0,2.683010034786795e-16
G4_p5_w0_regular,G2_p2,0.0,0.9545454545454546,1.0,0.045454545454545414,0,0.021256038647342934,0.0
G4_p5_w0_regular,G2_p2,-5.0,0.8888888888888888,0.9777777777777777,0.0888888888888889,1,0.047281323877068626,0.0
G4_p5_w0_regular,G2_p3,20.0,1.0,1.0,0.0,0,0.0,0.0
G4_p5_w0_regular,G2_p3,10.0,1.0,1.0,0.0,0,0.0,1.3415050174384194e-16
G4_p5_w0_regular,G2_p3,0.0,1.0,1.0,0.0,0,0.022222222222222254,0.0
G4_p5_w0_regular,G2_p3,-5.0,0.8571428571428571,0.9565217391304348,0.09937888198757772,1,0.0961702127659575,0.0
G4_p5_w0_regular,G2_p4,20.0,1.0,1.0,0.0,0,0.0,0.0
G4_p5_w0_regular,G2_p4,10.0,1.0,1.0,0.0,0,0.022222222222222254,1.3415050173871595e-16
G4_p5_w0_regular,G2_p4,0.0,0.7916666666666666,0.8260869565217391,0.034420289855072506,0,0.125,0.0
G4_p5_w0_regular,G2_p4,-5.0,0.29411764705882354,0.5238095238095238,0.2296918767507003,0,0.13230769230769224,0.0
G4_p5_w0_regular,G3_p1,20.0,1.0,1.0,0.0,0,0.0,0.0
G4_p5_w0_regular,G3_p1,10.0,1.0,1.0,0.0,0,0.022222222222222254,2.683010034964367e-16
G4_p5_w0_regular,G3_p1,0.0,0.851063829787234,0.9777777777777777,0.1267139479905437,1,0.10545790934320076,0.0
G4_p5_w0_regular,G3_p1,-5.0,0.7843137254901961,0.8695652173913043,0.08525149190110826,0,0.1163699522362136,0.0
G4_p5_w0_regular,G3_p2,20.0,1.0,1.0,0.0,0,0.0,0.0
G4_p5_w0_regular,G3_p2,10.0,1.0,1.0,0.0,0,0.0,0.0
G4_p5_w0_regular,G3_p2,0.0,1.0,1.0,0.0,0,0.0,0.0
G4_p5_w0_regular,G3_p2,-5.0,1.0,1.0,0.0,0,0.0,0.0
G4_p5_w0_regular,G3_p3,20.0,1.0,1.0,0.0,0,0.0,0.0
G4_p5_w0_regular,G3_p3,10.0,1.0,1.0,0.0,0,0.0,0.0
G4_p5_w0_regular,G3_p3,0.0,1.0,1.0,0.0,0,0.0,0.0
G4_p5_w0_regular,G3_p3,-5.0,0.9777777777777777,1.0,0.022222222222222254,0,0.022222222222222254,1.9084566007125342e-16
G4_p5_w0_regular,G3_p4,20.0,1.0,1.0,0.0,0,0.0,0.0
G4_p5_w0_regular,G3_p4,10.0,1.0,1.0,0.0,0,0.0,1.3415050174123279e-16
G4_p5_w0_regular,G3_p4,0.0,0.9777777777777777,1.0,0.022222222222222254,0,0.022222222222222254,0.0
G4_p5_w0_regular,G3_p4,-5.0,0.875,0.9777777777777777,0.10277777777777775,1,0.1428571428571429,1.9084566007425992e-16
G4_p5_w0_regular,G4_p1,20.0,1.0,1.0,0.0,0,0.0,0.0
G4_p5_w0_regular,G4_p1,10.0,1.0,1.0,0.0,0,0.0,1.3415050174873187e-16
G4_p5_w0_regular,G4_p1,0.0,0.9090909090909091,0.9333333333333333,0.024242424242424288,0,0.06859903381642507,1.696884539121576e-16
G4_p5_w0_regular,G4_p1,-5.0,0.6956521739130435,0.75,0.05434782608695654,0,0.058529072006160976,0.0
G4_p5_w0_regular,G4_p2,20.0,1.0,1.0,0.0,0,0.0,0.0
G4_p5_w0_regular,G4_p2,10.0,1.0,1.0,0.0,0,0.0,1.3415050174137808e-16
G4_p5_w0_regular,G4_p2,0.0,1.0,1.0,0.0,0,0.04347826086956519,1.6968845390285566e-16
G4_p5_w0_regular,G4_p2,-5.0,0.8888888888888888,0.9361702127659575,0.047281323877068626,0,0.06197964847363546,0.0
G4_p5_w0_regular,G4_p3,20.0,1.0,1.0,0.0,0,0.0,2.1211056737331146e-16
G4_p5_w0_regular,G4_p3,10.0,1.0,1.0,0.0,0,0.0,0.0
G4_p5_w0_regular,G4_p3,0.0,1.0,1.0,0.0,0,0.0,1.696884538986492e-16
G4_p5_w0_regular,G4_p3,-5.0,0.9545454545454546,1.0,0.045454545454545414,0,0.045454545454545414,3.816913201394713e-16
G4_p5_w0_regular,G4_p4,20.0,1.0,1.0,0.0,0,0.0,0.0
G4_p5_w0_regular,G4_p4,10.0,1.0,1.0,0.0,0,0.0,1.3415050174152087e-16
G4_p5_w0_regular,G4_p4,0.0,0.9777777777777777,1.0,0.022222222222222254,0,0.022222222222222254,0.0
G4_p5_w0_regular,G4_p4,-5.0,0.8936170212765957,0.9090909090909091,0.015473887814313358,0,0.08152173913043481,1.9084566007466975e-16
G4_p5_w0_variable,G1_p1,20.0,1.0,1.0,0.0,0,0.0,2.0239238491331975e-16
G4_p5_w0_variable,G1_p1,10.0,1.0,1.0,0.0,0,0.0,1.280041834799182e-16
G4_p5_w0_variable,G1_p1,0.0,0.9583333333333334,1.0,0.04166666666666663,0,0.0,0.0
G4_p5_w0_variable,G1_p1,-5.0,0.76,0.8979591836734694,0.13795918367346938,0,0.17119155354449478,0.0
G4_p5_w0_variable,G1_p2,20.0,1.0,1.0,0.0,0,0.0,0.0
G4_p5_w0_variable,G1_p2,10.0,1.0,1.0,0.0,0,0.0,0.0
G4_p5_w0_variable,G1_p2,0.0,0.9787234042553191,1.0,0.021276595744680882,0,0.021276595744680882,0.0
G4_p5_w0_variable,G1_p2,-5.0,0.9361702127659575,1.0,0.06382978723404253,1,0.06382978723404253,0.0
G4_p5_w0_variable,G1_p3,20.0,1.0,1.0,0.0,0,0.0,0.0
G4_p5_w0_variable,G1_p3,10.0,1.0,1.0,0.0,0,0.0,2.560083669486731e-16
G4_p5_w0_variable,G1_p3,0.0,1.0,1.0,0.0,0,0.0,1.6191390792359562e-16
G4_p5_w0_variable,G1_p3,-5.0,0.9787234042553191,1.0,0.021276595744680882,0,0.020390070921985748,0.0
G4_p5_w0_variable,G1_p4,20.0,1.0,1.0,0.0,0,0.0,2.0239238489943967e-16
G4_p5_w0_variable,G1_p4,10.0,1.0,1.0,0.0,0,0.022222222222222254,0.0
G4_p5_w0_variable,G1_p4,0.0,0.8085106382978723,0.8695652173913043,0.06105457909343204,0,0.0778985507246377,0.0
G4_p5_w0_variable,G1_p4,-5.0,0.25,0.6666666666666666,0.41666666666666663,0,0.09411764705882353,0.0
G4_p5_w0_variable,G2_p1,20.0,1.0,1.0,0.0,0,0.0,2.0239238491320773e-16
G4_p5_w0_variable,G2_p1,10.0,1.0,1.0,0.0,0,0.0,1.2800418347984733e-16
G4_p5_w0_variable,G2_p1,0.0,0.8888888888888888,1.0,0.11111111111111116,1,0.08695652173913049,0.0
G4_p5_w0_variable,G2_p1,-5.0,0.75,0.8163265306122449,0.06632653061224492,0,0.04801920768307322,1.8210176310484553e-16
G4_p5_w0_variable,G2_p2,20.0,1.0,1.0,0.0,0,0.0,0.0
G4_p5_w0_variable,G2_p2,10.0,1.0,1.0,0.0,0,0.0,0.0
G4_p5_w0_variable,G2_p2,0.0,0.9787234042553191,1.0,0.021276595744680882,0,0.021276595744680882,0.0
G4_p5_w0_variable,G2_p2,-5.0,0.9583333333333334,0.9787234042553191,0.020390070921985748,0,0.020390070921985748,1.8210176309398442e-16
G4_p5_w0_variable,G2_p3,20.0,1.0,1.0,0.0,0,0.0,2.0239238490792887e-16
G4_p5_w0_variable,G2_p3,10.0,1.0,1.0,0.0,0,0.0,1.280041834765087e-16
G4_p5_w0_variable,G2_p3,0.0,1.0,1.0,0.0,0,0.021276595744680882,0.0
G4_p5_w0_variable,G2_p3,-5.0,0.8979591836734694,1.0,0.10204081632653061,1,0.09872340425531911,0.0
G4_p5_w0_variable,G2_p4,20.0,1.0,1.0,0.0,0,0.0,2.0239238490019528e-16
G4_p5_w0_variable,G2_p4,10.0,1.0,1.0,0.0,0,0.021276595744680882,0.0
G4_p5_w0_variable,G2_p4,0.0,0.8,0.8936170212765957,0.09361702127659566,0,0.04166666666666674,1.6191390792015626e-16
G4_p5_w0_variable,G2_p4,-5.0,0.2777777777777778,0.47368421052631576,0.19590643274853797,0,0.0658823529411765,0.0
G4_p5_w0_variable,G3_p1,20.0,1.0,1.0,0.0,0,0.0,2.0239238491453152e-16
G4_p5_w0_variable,G3_p1,10.0,1.0,1.0,0.0,0,0.021276595744680882,1.2800418348068453e-16
G4_p5_w0_variable,G3_p1,0.0,0.875,0.9583333333333334,0.08333333333333337,1,0.06377551020408168,1.619139079316252e-16
G4_p5_w0_variable,G3_p1,-5.0,0.6666666666666666,0.7755102040816326,0.108843537414966,0,0.19309262166405028,0.0
G4_p5_w0_variable,G3_p2,20.0,1.0,1.0,0.0,0,0.0,0.0
G4_p5_w0_variable,G3_p2,10.0,1.0,1.0,0.0,0,0.0,0.0
G4_p5_w0_variable,G3_p2,0.0,1.0,1.0,0.0,0,0.0,1.6191390791838862e-16
G4_p5_w0_variable,G3_p2,-5.0,1.0,1.0,0.0,0,0.0,1.8210176309114963e-16
G4_p5_w0_variable,G3_p3,20.0,1.0,1.0,0.0,0,0.0,2.0239238490080403e-16
G4_p5_w0_variable,G3_p3,10.0,1.0,1.0,0.0,0,0.0,0.0
G4_p5_w0_variable,G3_p3,0.0,1.0,1.0,0.0,0,0.0,1.6191390792064323e-16
G4_p5_w0_variable,G3_p3,-5.0,0.9787234042553191,1.0,0.021276595744680882,0,0.021276595744680882,1.8210176309368535e-16
G4_p5_w0_variable,G3_p4,20.0,1.0,1.0,0.0,0,0.0,0.0
G4_p5_w0_variable,G3_p4,10.0,1.0,1.0,0.0,0,0.0,1.2800418347401905e-16
G4_p5_w0_variable,G3_p4,0.0,1.0,1.0,0.0,0,0.021276595744680882,1.6191390792319396e-16
G4_p5_w0_variable,G3_p4,-5.0,0.8936170212765957,0.9565217391304348,0.06290471785383911,1,0.05617021276595746,0.0
G4_p5_w0_variable,G4_p1,20.0,1.0,1.0,0.0,0,0.0,2.0239238491530633e-16
G4_p5_w0_variable,G4_p1,10.0,0.9787234042553191,1.0,0.021276595744680882,0,0.0,1.2800418348117456e-16
G4_p5_w0_variable,G4_p1,0.0,0.8695652173913043,0.9583333333333334,0.08876811594202905,1,0.04081632653061229,0.0
G4_p5_w0_variable,G4_p1,-5.0,0.7083333333333334,0.7755102040816326,0.06717687074829926,0,0.0492307692307693,1.8210176310673372e-16
G4_p5_w0_variable,G4_p2,20.0,1.0,1.0,0.0,0,0.0,0.0
G4_p5_w0_variable,G4_p2,10.0,1.0,1.0,0.0,0,0.0,0.0
G4_p5_w0_variable,G4_p2,0.0,1.0,1.0,0.0,0,0.021276595744680882,1.6191390792336934e-16
G4_p5_w0_variable,G4_p2,-5.0,0.92,0.9361702127659575,0.016170212765957426,0,0.11652173913043484,1.8210176309675133e-16
G4_p5_w0_variable,G4_p3,20.0,1.0,1.0,0.0,0,0.0,2.0239238489919443e-16
G4_p5_w0_variable,G4_p3,10.0,1.0,1.0,0.0,0,0.0,1.2800418347098455e-16
G4_p5_w0_variable,G4_p3,0.0,0.9787234042553191,1.0,0.021276595744680882,0,0.021276595744680882,1.6191390791935559e-16
G4_p5_w0_variable,G4_p3,-5.0,0.9565217391304348,1.0,0.04347826086956519,0,0.04347826086956519,1.8210176309223717e-16
G4_p5_w0_variable,G4_p4,20.0,1.0,1.0,0.0,0,0.0,0.0
G4_p5_w0_variable,G4_p4,10.0,1.0,1.0,0.0,0,0.0,1.2800418347429392e-16
G4_p5_w0_variable,G4_p4,0.0,0.9583333333333334,1.0,0.04166666666666663,0,0.021276595744680882,0.0
G4_p5_w0_variable,G4_p4,-5.0,0.8301886792452831,0.88,0.04981132075471695,0,0.028148148148148144,0.0
G4_p5_w1_regular,G1_p1,20.0,1.0,1.0,0.0,0,0.0,1.1307218280726347e-16
G4_p5_w1_regular,G1_p1,10.0,1.0,1.0,0.0,0,0.0,0.0
G4_p5_w1_regular,G1_p1,0.0,0.9743589743589743,1.0,0.02564102564102566,0,0.07317073170731703,0.0
G4_p5_w1_regular,G1_p1,-5.0,0.8372093023255814,0.9,0.06279069767441858,0,0.10476190476190472,2.0347251559040623e-16
G4_p5_w1_regular,G1_p2,20.0,1.0,1.0,0.0,0,0.0,1.1307218280206284e-16
G4_p5_w1_regular,G1_p2,10.0,1.0,1.0,0.0,0,0.0,0.0
G4_p5_w1_regular,G1_p2,0.0,0.9743589743589743,1.0,0.02564102564102566,0,0.02564102564102566,0.0
G4_p5_w1_regular,G1_p2,-5.0,0.8780487804878049,0.95,0.07195121951219507,1,0.07195121951219507,0.0
G4_p5_w1_regular,G1_p3,20.0,1.0,1.0,0.0,0,0.0,0.0
G4_p5_w1_regular,G1_p3,10.0,1.0,1.0,0.0,0,0.0,0.0
G4_p5_w1_regular,G1_p3,0.0,1.0,1.0,0.0,0,0.0,1.8091549248373271e-16
G4_p5_w1_regular,G1_p3,-5.0,0.9473684210526315,1.0,0.052631578947368474,1,0.12195121951219512,0.0
G4_p5_w1_regular,G1_p4,20.0,1.0,1.0,0.0,0,0.0,1.1307218279950895e-16
G4_p5_w1_regular,G1_p4,10.0,1.0,1.0,0.0,0,0.050000000000000044,0.0
G4_p5_w1_regular,G1_p4,0.0,0.7441860465116279,0.8571428571428571,0.1129568106312292,0,0.1129568106312292,0.0
G4_p5_w1_regular,G1_p4,-5.0,0.30303030303030304,0.7692307692307693,0.46620046620046623,0,0.191699604743083,0.0
G4_p5_w1_regular,G2_p1,20.0,1.0,1.0,0.0,0,0.0,0.0
G4_p5_w1_regular,G2_p1,10.0,1.0,1.0,0.0,0,0.0,0.0
G4_p5_w1_regular,G2_p1,0.0,0.9047619047619048,1.0,0.09523809523809523,1,0.11627906976744184,0.0
G4_p5_w1_regular,G2_p1,-5.0,0.8292682926829268,0.9743589743589743,0.14509068167604755,1,0.14634146341463417,0.0
G4_p5_w1_regular,G2_p2,20.0,1.0,1.0,0.0,0,0.0,0.0
G4_p5_w1_regular,G2_p2,10.0,1.0,1.0,0.0,0,0.0,0.0
G4_p5_w1_regular,G2_p2,0.0,0.9743589743589743,1.0,0.02564102564102566,0,0.02564102564102566,0.0
G4_p5_w1_regular,G2_p2,-5.0,0.9230769230769231,0.9743589743589743,0.05128205128205121,1,0.07435897435897432,0.0
G4_p5_w1_regular,G2_p3,20.0,1.0,1.0,0.0,0,0.0,1.1307218280425168e-16
G4_p5_w1_regular,G2_p3,10.0,1.0,1.0,0.0,0,0.0,0.0
G4_p5_w1_regular,G2_p3,0.0,0.9743589743589743,1.0,0.02564102564102566,0,0.02564102564102566,0.0
G4_p5_w1_regular,G2_p3,-5.0,0.8837209302325582,1.0,0.11627906976744184,1,0.11072261072261069,0.0
G4_p5_w1_regular,G2_p4,20.0,1.0,1.0,0.0,0,0.0,0.0
G4_p5_w1_regular,G2_p4,10.0,1.0,1.0,0.0,0,0.050000000000000044,1.4302625506187898e-16
G4_p5_w1_regular,G2_p4,0.0,0.6842105263157895,0.8372093023255814,0.15299877600979195,0,0.15714285714285714,0.0
G4_p5_w1_regular,G2_p4,-5.0,0.26666666666666666,0.7,0.4333333333333333,0,0.14949494949494957,2.0347251557721172e-16
G4_p5_w1_regular,G3_p1,20.0,1.0,1.0,0.0,0,0.0,1.1307218280794042e-16
G4_p5_w1_regular,G3_p1,10.0,1.0,1.0,0.0,0,0.0,0.0
G4_p5_w1_regular,G3_p1,0.0,0.9047619047619048,0.9743589743589743,0.06959706959706957,1,0.07435897435897432,1.8091549249270473e-16
G4_p5_w1_regular,G3_p1,-5.0,0.75,0.8292682926829268,0.07926829268292679,0,0.051567239635995965,2.0347251559162445e-16
G4_p5_w1_regular,G3_p2,20.0,1.0,1.0,0.0,0,0.0,2.2614436559739333e-16
G4_p5_w1_regular,G3_p2,10.0,1.0,1.0,0.0,0,0.0,2.86052510120635e-16
G4_p5_w1_regular,G3_p2,0.0,1.0,1.0,0.0,0,0.0,0.0
G4_p5_w1_regular,G3_p2,-5.0,1.0,1.0,0.0,0,0.0,0.0
G4_p5_w1_regular,G3_p3,20.0,1.0,1.0,0.0,0,0.0,1.1307218280027118e-16
G4_p5_w1_regular,G3_p3,10.0,1.0,1.0,0.0,0,0.0,0.0
G4_p5_w1_regular,G3_p3,0.0,1.0,1.0,0.0,0,0.0,0.0
G4_p5_w1_regular,G3_p3,-5.0,0.9743589743589743,1.0,0.02564102564102566,0,0.02564102564102566,0.0
G4_p5_w1_regular,G3_p4,20.0,1.0,1.0,0.0,0,0.0,1.1307218280205248e-16
G4_p5_w1_regular,G3_p4,10.0,1.0,1.0,0.0,0,0.0,1.4302625506456234e-16
G4_p5_w1_regular,G3_p4,0.0,0.9743589743589743,1.0,0.02564102564102566,0,0.02564102564102566,0.0
G4_p5_w1_regular,G3_p4,-5.0,0.9230769230769231,0.95,0.026923076923076827,1,0.04523809523809519,0.0
G4_p5_w1_regular,G4_p1,20.0,1.0,1.0,0.0,0,0.0,0.0
G4_p5_w1_regular,G4_p1,10.0,1.0,1.0,0.0,0,0.0,0.0
G4_p5_w1_regular,G4_p1,0.0,0.8181818181818182,0.9473684210526315,0.1291866028708133,0,0.07655502392344493,0.0
G4_p5_w1_regular,G4_p1,-5.0,0.7317073170731707,0.782608695652174,0.05090137857900323,0,0.0357142857142857,0.0
G4_p5_w1_regular,G4_p2,20.0,1.0,1.0,0.0,0,0.0,0.0
G4_p5_w1_regular,G4_p2,10.0,1.0,1.0,0.0,0,0.0,1.4302625506471722e-16
G4_p5_w1_regular,G4_p2,0.0,1.0,1.0,0.0,0,0.050000000000000044,1.8091549248347996e-16
G4_p5_w1_regular,G4_p2,-5.0,0.8571428571428571,0.95,0.09285714285714286,1,0.1499999999999999,0.0
G4_p5_w1_regular,G4_p3,20.0,1.0,1.0,0.0,0,0.0,0.0
G4_p5_w1_regular,G4_p3,10.0,1.0,1.0,0.0,0,0.0,1.4302625506117171e-16
G4_p5_w1_regular,G4_p3,0.0,0.9743589743589743,1.0,0.02564102564102566,0,0.02564102564102566,0.0
G4_p5_w1_regular,G4_p3,-5.0,0.9743589743589743,1.0,0.02564102564102566,0,0.02564102564102566,2.034725155762055e-16
G4_p5_w1_regular,G4_p4,20.0,1.0,1.0,0.0,0,0.0,0.0
G4_p5_w1_regular,G4_p4,10.0,1.0,1.0,0.0,0,0.0,1.4302625506486945e-16
G4_p5_w1_regular,G4_p4,0.0,0.95,1.0,0.050000000000000044,0,0.050000000000000044,0.0
G4_p5_w1_regular,G4_p4,-5.0,0.8095238095238095,0.9047619047619048,0.09523809523809523,0,0.12181616832779629,2.0347251558146604e-16
G4_p5_w1_variable,G1_p1,20.0,1.0,1.0,0.0,0,0.0,1.1290505528117386e-16
G4_p5_w1_variable,G1_p1,10.0,1.0,1.0,0.0,0,0.0,0.0
G4_p5_w1_variable,G1_p1,0.0,0.9743589743589743,1.0,0.02564102564102566,0,0.02564102564102566,0.0
G4_p5_w1_variable,G1_p1,-5.0,0.8181818181818182,0.926829268292683,0.10864745011086474,0,0.11099365750528545,2.031717709040158e-16
G4_p5_w1_variable,G1_p2,20.0,1.0,1.0,0.0,0,0.0,0.0
G4_p5_w1_variable,G1_p2,10.0,1.0,1.0,0.0,0,0.0,1.4281485360772416e-16
G4_p5_w1_variable,G1_p2,0.0,0.9743589743589743,1.0,0.02564102564102566,0,0.02564102564102566,0.0
G4_p5_w1_variable,G1_p2,-5.0,0.9230769230769231,0.9743589743589743,0.05128205128205121,1,0.023170731707316983,0.0
G4_p5_w1_variable,G1_p3,20.0,1.0,1.0,0.0,0,0.0,1.129050552762506e-16
G4_p5_w1_variable,G1_p3,10.0,1.0,1.0,0.0,0,0.0,0.0
G4_p5_w1_variable,G1_p3,0.0,1.0,1.0,0.0,0,0.0,0.0
G4_p5_w1_variable,G1_p3,-5.0,0.9743589743589743,1.0,0.02564102564102566,0,0.06959706959706957,0.0
G4_p5_w1_variable,G1_p4,20.0,1.0,1.0,0.0,0,0.0,0.0
G4_p5_w1_variable,G1_p4,10.0,1.0,1.0,0.0,0,0.0,0.0
G4_p5_w1_variable,G1_p4,0.0,0.7317073170731707,0.8292682926829268,0.09756097560975607,0,0.1265969802555168,1.8064808843748926e-16
G4_p5_w1_variable,G1_p4,-5.0,0.4,0.65,0.25,0,0.059595959595959536,2.031717708900822e-16
G4_p5_w1_variable,G2_p1,20.0,1.0,1.0,0.0,0,0.0,0.0
G4_p5_w1_variable,G2_p1,10.0,1.0,1.0,0.0,0,0.0,1.4281485361421368e-16
G4_p5_w1_variable,G2_p1,0.0,0.8780487804878049,0.9743589743589743,0.09631019387116946,1,0.11721611721611724,1.8064808844977814e-16
G4_p5_w1_variable,G2_p1,-5.0,0.7727272727272727,0.9047619047619048,0.13203463203463206,0,0.16563146997929612,0.0
G4_p5_w1_variable,G2_p2,20.0,1.0,1.0,0.0,0,0.0,0.0
G4_p5_w1_variable,G2_p2,10.0,1.0,1.0,0.0,0,0.0,0.0
G4_p5_w1_variable,G2_p2,0.0,0.9473684210526315,1.0,0.052631578947368474,1,0.02564102564102566,1.806480884390037e-16
G4_p5_w1_variable,G2_p2,-5.0,0.9,0.9743589743589743,0.07435897435897432,1,0.07435897435897432,0.0
G4_p5_w1_variable,G2_p3,20.0,1.0,1.0,0.0,0,0.0,1.129050552781665e-16
G4_p5_w1_variable,G2_p3,10.0,1.0,1.0,0.0,0,0.0,0.0
G4_p5_w1_variable,G2_p3,0.0,0.95,1.0,0.050000000000000044,0,0.07317073170731703,0.0
G4_p5_w1_variable,G2_p3,-5.0,0.8372093023255814,0.9047619047619048,0.06755260243632333,0,0.06755260243632333,0.0
G4_p5_w1_variable,G2_p4,20.0,1.0,1.0,0.0,0,0.0,1.1290505527385232e-16
G4_p5_w1_variable,G2_p4,10.0,0.9743589743589743,1.0,0.02564102564102566,0,0.02564102564102566,1.4281485360503168e-16
G4_p5_w1_variable,G2_p4,0.0,0.8,0.85,0.04999999999999993,0,0.05654101995565408,0.0
G4_p5_w1_variable,G2_p4,-5.0,0.3333333333333333,0.5263157894736842,0.19298245614035087,0,0.07727272727272727,2.0317177089084068e-16
G4_p5_w1_variable,G3_p1,20.0,1.0,1.0,0.0,0,0.0,0.0
G4_p5_w1_variable,G3_p1,10.0,0.9743589743589743,1.0,0.02564102564102566,0,0.02564102564102566,0.0
G4_p5_w1_variable,G3_p1,0.0,0.9047619047619048,1.0,0.09523809523809523,1,0.11627906976744184,0.0
G4_p5_w1_variable,G3_p1,-5.0,0.7619047619047619,0.8095238095238095,0.04761904761904767,0,0.12050739957716705,0.0
G4_p5_w1_variable,G3_p2,20.0,1.0,1.0,0.0,0,0.0,0.0
G4_p5_w1_variable,G3_p2,10.0,1.0,1.0,0.0,0,0.0,1.4281485360347255e-16
G4_p5_w1_variable,G3_p2,0.0,1.0,1.0,0.0,0,0.0,0.0
G4_p5_w1_variable,G3_p2,-5.0,1.0,1.0,0.0,0,0.0,0.0
G4_p5_w1_variable,G3_p3,20.0,1.0,1.0,0.0,0,0.0,0.0
G4_p5_w1_variable,G3_p3,10.0,1.0,1.0,0.0,0,0.0,0.0
G4_p5_w1_variable,G3_p3,0.0,1.0,1.0,0.0,0,0.0,0.0
G4_p5_w1_variable,G3_p3,-5.0,0.9743589743589743,1.0,0.02564102564102566,0,0.02564102564102566,2.031717708914518e-16
G4_p5_w1_variable,G3_p4,20.0,1.0,1.0,0.0,0,0.0,0.0
G4_p5_w1_variable,G3_p4,10.0,1.0,1.0,0.0,0,0.0,1.428148536077111e-16
G4_p5_w1_variable,G3_p4,0.0,0.9743589743589743,1.0,0.02564102564102566,0,0.02564102564102566,0.0
G4_p5_w1_variable,G3_p4,-5.0,0.9230769230769231,1.0,0.07692307692307687,1,0.16279069767441856,0.0
G4_p5_w1_variable,G4_p1,20.0,1.0,1.0,0.0,0,0.0,2.2581011056456403e-16
G4_p5_w1_variable,G4_p1,10.0,1.0,1.0,0.0,0,0.0,0.0
G4_p5_w1_variable,G4_p1,0.0,0.926829268292683,0.9743589743589743,0.047529706066291366,1,0.07820512820512815,0.0
G4_p5_w1_variable,G4_p1,-5.0,0.6046511627906976,0.8372093023255814,0.2325581395348838,0,0.195959595959596,0.0
G4_p5_w1_variable,G4_p2,20.0,1.0,1.0,0.0,0,0.0,1.1290505527609283e-16
G4_p5_w1_variable,G4_p2,10.0,1.0,1.0,0.0,0,0.0,0.0
G4_p5_w1_variable,G4_p2,0.0,1.0,1.0,0.0,0,0.0,0.0
G4_p5_w1_variable,G4_p2,-5.0,0.9,0.95,0.04999999999999993,1,0.04999999999999993,0.0
G4_p5_w1_variable,G4_p3,20.0,1.0,1.0,0.0,0,0.0,1.1290505527329398e-16
G4_p5_w1_variable,G4_p3,10.0,1.0,1.0,0.0,0,0.0,1.4281485360432546e-16
G4_p5_w1_variable,G4_p3,0.0,1.0,1.0,0.0,0,0.0,1.8064808843727043e-16
G4_p5_w1_variable,G4_p3,-5.0,0.9743589743589743,1.0,0.02564102564102566,0,0.052631578947368474,0.0
G4_p5_w1_variable,G4_p4,20.0,1.0,1.0,0.0,0,0.0,0.0
G4_p5_w1_variable,G4_p4,10.0,1.0,1.0,0.0,0,0.0,0.0
G4_p5_w1_variable,G4_p4,0.0,0.95,1.0,0.050000000000000044,0,0.050000000000000044,3.6129617688388166e-16
G4_p5_w1_variable,G4_p4,-5.0,0.8372093023255814,0.9047619047619048,0.06755260243632333,0,0.019191919191919204,2.0317177089508877e-16
G4_p5_w2_regular,G1_p1,20.0,1.0,1.0,0.0,0,0.0,2.1700344917435424e-16
G4_p5_w2_regular,G1_p1,10.0,1.0,1.0,0.0,0,0.0,0.0
G4_p5_w2_regular,G1_p1,0.0,0.926829268292683,1.0,0.07317073170731703,1,0.047529706066291366,0.0
G4_p5_w2_regular,G1_p1,-5.0,0.8,0.9230769230769231,0.12307692307692308,0,0.09544008483563093,0.0
G4_p5_w2_regular,G1_p2,20.0,1.0,1.0,0.0,0,0.0,0.0
G4_p5_w2_regular,G1_p2,10.0,1.0,1.0,0.0,0,0.0,0.0
G4_p5_w2_regular,G1_p2,0.0,0.9743589743589743,1.0,0.02564102564102566,0,0.02564102564102566,0.0
G4_p5_w2_regular,G1_p2,-5.0,0.9,0.9743589743589743,0.07435897435897432,1,0.09631019387116946,0.0
G4_p5_w2_regular,G1_p3,20.0,1.0,1.0,0.0,0,0.0,2.1700344916489175e-16
G4_p5_w2_regular,G1_p3,10.0,1.0,1.0,0.0,0,0.0,0.0
G4_p5_w2_regular,G1_p3,0.0,1.0,1.0,0.0,0,0.0,0.0
G4_p5_w2_regular,G1_p3,-5.0,0.926829268292683,1.0,0.07317073170731703,1,0.023170731707316983,0.0
G4_p5_w2_regular,G1_p4,20.0,1.0,1.0,0.0,0,0.0,0.0
G4_p5_w2_regular,G1_p4,10.0,1.0,1.0,0.0,0,0.0,1.3724503189129665e-16
G4_p5_w2_regular,G1_p4,0.0,0.8095238095238095,0.8837209302325582,0.07419712070874862,0,0.10323312535450935,0.0
G4_p5_w2_regular,G1_p4,-5.0,0.3125,0.7,0.38749999999999996,0,0.14883720930232558,0.0
G4_p5_w2_regular,G2_p1,20.0,1.0,1.0,0.0,0,0.0,0.0
G4_p5_w2_regular,G2_p1,10.0,1.0,1.0,0.0,0,0.0,0.0
G4_p5_w2_regular,G2_p1,0.0,0.918918918918919,0.926829268292683,0.007910349373764003,0,0.06931964056482665,0.0
G4_p5_w2_regular,G2_p1,-5.0,0.7317073170731707,0.8292682926829268,0.09756097560975607,0,0.13636363636363646,0.0
G4_p5_w2_regular,G2_p2,20.0,1.0,1.0,0.0,0,0.0,0.0
G4_p5_w2_regular,G2_p2,10.0,1.0,1.0,0.0,0,0.0,2.744900637848944e-16
G4_p5_w2_regular,G2_p2,0.0,0.9473684210526315,1.0,0.052631578947368474,1,0.052631578947368474,0.0
G4_p5_w2_regular,G2_p2,-5.0,0.9230769230769231,0.9743589743589743,0.05128205128205121,1,0.05128205128205121,1.9524801147557934e-16
G4_p5_w2_regular,G2_p3,20.0,1.0,1.0,0.0,0,0.0,0.0
G4_p5_w2_regular,G2_p3,10.0,1.0,1.0,0.0,0,0.0,0.0
G4_p5_w2_regular,G2_p3,0.0,1.0,1.0,0.0,0,0.02564102564102566,1.736027593348593e-16
G4_p5_w2_regular,G2_p3,-5.0,0.8636363636363636,0.9743589743589743,0.11072261072261069,1,0.12682926829268293,1.9524801148213206e-16
G4_p5_w2_regular,G2_p4,20.0,1.0,1.0,0.0,0,0.0,0.0
G4_p5_w2_regular,G2_p4,10.0,1.0,1.0,0.0,0,0.050000000000000044,1.3724503189180904e-16
G4_p5_w2_regular,G2_p4,0.0,0.7619047619047619,0.8571428571428571,0.09523809523809523,0,0.08735110606920027,1.7360275932822582e-16
G4_p5_w2_regular,G2_p4,-5.0,0.27586206896551724,0.6842105263157895,0.40834845735027225,0,0.11725768321512997,0.0
G4_p5_w2_regular,G3_p1,20.0,1.0,1.0,0.0,0,0.0,0.0
G4_p5_w2_regular,G3_p1,10.0,1.0,1.0,0.0,0,0.0,0.0
G4_p5_w2_regular,G3_p1,0.0,0.8095238095238095,0.9473684210526315,0.137844611528822,0,0.11015911872705009,0.0
G4_p5_w2_regular,G3_p1,-5.0,0.7441860465116279,0.8181818181818182,0.07399577167019034,0,0.0434782608695653,0.0
G4_p5_w2_regular,G3_p2,20.0,1.0,1.0,0.0,0,0.0,2.1700344915791322e-16
G4_p5_w2_regular,G3_p2,10.0,1.0,1.0,0.0,0,0.0,0.0
G4_p5_w2_regular,G3_p2,0.0,1.0,1.0,0.0,0,0.0,1.7360275932633053e-16
G4_p5_w2_regular,G3_p2,-5.0,1.0,1.0,0.0,0,0.0,0.0
G4_p5_w2_regular,G3_p3,20.0,1.0,1.0,0.0,0,0.0,0.0
G4_p5_w2_regular,G3_p3,10.0,1.0,1.0,0.0,0,0.0,0.0
G4_p5_w2_regular,G3_p3,0.0,1.0,1.0,0.0,0,0.0,1.7360275932874792e-16
G4_p5_w2_regular,G3_p3,-5.0,0.9743589743589743,1.0,0.02564102564102566,0,0.02564102564102566,0.0
G4_p5_w2_regular,G3_p4,20.0,1.0,1.0,0.0,0,0.0,0.0
G4_p5_w2_regular,G3_p4,10.0,1.0,1.0,0.0,0,0.0,1.3724503189438393e-16
G4_p5_w2_regular,G3_p4,0.0,0.9743589743589743,1.0,0.02564102564102566,0,0.02564102564102566,0.0
G4_p5_w2_regular,G3_p4,-5.0,0.9230769230769231,1.0,0.07692307692307687,1,0.04999999999999993,0.0
G4_p5_w2_regular,G4_p1,20.0,1.0,1.0,0.0,0,0.0,0.0
G4_p5_w2_regular,G4_p1,10.0,1.0,1.0,0.0,0,0.0,0.0
G4_p5_w2_regular,G4_p1,0.0,0.8717948717948718,0.9,0.028205128205128216,0,0.07073170731707323,0.0
G4_p5_w2_regular,G4_p1,-5.0,0.6818181818181818,0.7727272727272727,0.09090909090909094,0,0.09399224806201545,1.952480114892491e-16
G4_p5_w2_regular,G4_p2,20.0,1.0,1.0,0.0,0,0.0,0.0
G4_p5_w2_regular,G4_p2,10.0,1.0,1.0,0.0,0,0.0,1.3724503189453258e-16
G4_p5_w2_regular,G4_p2,0.0,1.0,1.0,0.0,0,0.0,1.7360275933167083e-16
G4_p5_w2_regular,G4_p2,-5.0,0.9047619047619048,0.926829268292683,0.022067363530778206,0,0.0662790697674418,0.0
G4_p5_w2_regular,G4_p3,20.0,1.0,1.0,0.0,0,0.0,2.1700344915920914e-16
G4_p5_w2_regular,G4_p3,10.0,1.0,1.0,0.0,0,0.0,1.3724503189113038e-16
G4_p5_w2_regular,G4_p3,0.0,0.9743589743589743,1.0,0.02564102564102566,0,0.02564102564102566,0.0
G4_p5_w2_regular,G4_p3,-5.0,0.9473684210526315,1.0,0.052631578947368474,1,0.052631578947368474,1.9524801147370597e-16
G4_p5_w2_regular,G4_p4,20.0,1.0,1.0,0.0,0,0.0,0.0
G4_p5_w2_regular,G4_p4,10.0,1.0,1.0,0.0,0,0.0,0.0
G4_p5_w2_regular,G4_p4,0.0,0.95,1.0,0.050000000000000044,0,0.050000000000000044,0.0
G4_p5_w2_regular,G4_p4,-5.0,0.7727272727272727,0.8571428571428571,0.08441558441558439,0,0.10864745011086474,0.0
G4_p5_w2_variable,G1_p1,20.0,1.0,1.0,0.0,0,0.0,0.0
G4_p5_w2_variable,G1_p1,10.0,1.0,1.0,0.0,0,0.0,0.0
G4_p5_w2_variable,G1_p1,0.0,0.95,0.9743589743589743,0.024358974358974383,0,0.07317073170731703,0.0
G4_p5_w2_variable,G1_p1,-5.0,0.8292682926829268,0.9047619047619048,0.07549361207897798,0,0.07419712070874862,0.0
G4_p5_w2_variable,G1_p2,20.0,1.0,1.0,0.0,0,0.0,0.0
G4_p5_w2_variable,G1_p2,10.0,1.0,1.0,0.0,0,0.0,1.3712676203025925e-16
G4_p5_w2_variable,G1_p2,0.0,0.9743589743589743,1.0,0.02564102564102566,0,0.0,0.0
G4_p5_w2_variable,G1_p2,-5.0,0.8571428571428571,0.9230769230769231,0.06593406593406603,0,0.07307692307692315,0.0
G4_p5_w2_variable,G1_p3,20.0,1.0,1.0,0.0,0,0.0,0.0
G4_p5_w2_variable,G1_p3,10.0,1.0,1.0,0.0,0,0.0,0.0
G4_p5_w2_variable,G1_p3,0.0,1.0,1.0,0.0,0,0.0,0.0
G4_p5_w2_variable,G1_p3,-5.0,0.9743589743589743,1.0,0.02564102564102566,0,0.024358974358974383,1.9507975798743974e-16
G4_p5_w2_variable,G1_p4,20.0,1.0,1.0,0.0,0,0.0,0.0
G4_p5_w2_variable,G1_p4,10.0,1.0,1.0,0.0,0,0.02564102564102566,1.37126762027162e-16
G4_p5_w2_variable,G1_p4,0.0,0.7317073170731707,0.95,0.21829268292682924,1,0.15476190476190477,0.0
G4_p5_w2_variable,G1_p4,-5.0,0.5142857142857142,0.6666666666666666,0.1523809523809524,0,0.13720930232558148,0.0
G4_p5_w2_variable,G2_p1,20.0,1.0,1.0,0.0,0,0.0,0.0
G4_p5_w2_variable,G2_p1,10.0,1.0,1.0,0.0,0,0.0,2.7425352407298054e-16
G4_p5_w2_variable,G2_p1,0.0,0.8780487804878049,1.0,0.12195121951219512,1,0.12195121951219512,0.0
G4_p5_w2_variable,G2_p1,-5.0,0.7368421052631579,0.8372093023255814,0.10036719706242359,0,0.10000000000000009,0.0
G4_p5_w2_variable,G2_p2,20.0,1.0,1.0,0.0,0,0.0,0.0
G4_p5_w2_variable,G2_p2,10.0,1.0,1.0,0.0,0,0.0,2.7425352405662326e-16
G4_p5_w2_variable,G2_p2,0.0,0.9473684210526315,0.9743589743589743,0.026990553306342813,1,0.026990553306342813,0.0
G4_p5_w2_variable,G2_p2,-5.0,0.8717948717948718,0.9743589743589743,0.10256410256410253,1,0.07435897435897432,1.9507975798420302e-16
G4_p5_w2_variable,G2_p3,20.0,1.0,1.0,0.0,0,0.0,2.168164480939543e-16
G4_p5_w2_variable,G2_p3,10.0,1.0,1.0,0.0,0,0.0,0.0
G4_p5_w2_variable,G2_p3,0.0,1.0,1.0,0.0,0,0.0,0.0
G4_p5_w2_variable,G2_p3,-5.0,0.8717948717948718,0.95,0.07820512820512815,1,0.05503439649781117,0.0
G4_p5_w2_variable,G2_p4,20.0,1.0,1.0,0.0,0,0.0,2.168164480856695e-16
G4_p5_w2_variable,G2_p4,10.0,0.9743589743589743,1.0,0.02564102564102566,0,0.02564102564102566,0.0
G4_p5_w2_variable,G2_p4,0.0,0.7317073170731707,0.8571428571428571,0.12543554006968638,0,0.10952380952380958,0.0
G4_p5_w2_variable,G2_p4,-5.0,0.35294117647058826,0.6486486486486487,0.2957074721780604,0,0.2016651248843664,0.0
G4_p5_w2_variable,G3_p1,20.0,1.0,1.0,0.0,0,0.0,0.0
G4_p5_w2_variable,G3_p1,10.0,1.0,1.0,0.0,0,0.0,0.0
G4_p5_w2_variable,G3_p1,0.0,0.8780487804878049,0.95,0.07195121951219507,1,0.09285714285714286,0.0
G4_p5_w2_variable,G3_p1,-5.0,0.6956521739130435,0.8205128205128205,0.12486064659977703,0,0.057083549558899827,0.0
G4_p5_w2_variable,G3_p2,20.0,1.0,1.0,0.0,0,0.0,2.1681644808330248e-16
G4_p5_w2_variable,G3_p2,10.0,1.0,1.0,0.0,0,0.0,0.0
G4_p5_w2_variable,G3_p2,0.0,1.0,1.0,0.0,0,0.0,0.0
G4_p5_w2_variable,G3_p2,-5.0,1.0,1.0,0.0,0,0.0,0.0
G4_p5_w2_variable,G3_p3,20.0,1.0,1.0,0.0,0,0.0,0.0
G4_p5_w2_variable,G3_p3,10.0,1.0,1.0,0.0,0,0.0,0.0
G4_p5_w2_variable,G3_p3,0.0,1.0,1.0,0.0,0,0.0,0.0
G4_p5_w2_variable,G3_p3,-5.0,0.9743589743589743,1.0,0.02564102564102566,0,0.02564102564102566,1.9507975798388265e-16
G4_p5_w2_variable,G3_p4,20.0,1.0,1.0,0.0,0,0.0,2.1681644808973732e-16
G4_p5_w2_variable,G3_p4,10.0,1.0,1.0,0.0,0,0.0,0.0
G4_p5_w2_variable,G3_p4,0.0,0.9743589743589743,1.0,0.02564102564102566,0,0.02564102564102566,1.7345315847178985e-16
G4_p5_w2_variable,G3_p4,-5.0,0.8717948717948718,0.95,0.07820512820512815,1,0.05128205128205132,1.9507975798695583e-16
G4_p5_w2_variable,G4_p1,20.0,1.0,1.0,0.0,0,0.0,0.0
G4_p5_w2_variable,G4_p1,10.0,1.0,1.0,0.0,0,0.0,1.3712676203791212e-16
G4_p5_w2_variable,G4_p1,0.0,0.8571428571428571,0.95,0.09285714285714286,1,0.06755260243632333,0.0
G4_p5_w2_variable,G4_p1,-5.0,0.7441860465116279,0.7906976744186046,0.046511627906976716,0,0.09477756286266925,0.0
G4_p5_w2_variable,G4_p2,20.0,1.0,1.0,0.0,0,0.0,0.0
G4_p5_w2_variable,G4_p2,10.0,1.0,1.0,0.0,0,0.0,0.0
G4_p5_w2_variable,G4_p2,0.0,1.0,1.0,0.0,0,0.0,0.0
G4_p5_w2_variable,G4_p2,-5.0,0.8780487804878049,0.95,0.07195121951219507,1,0.06968641114982588,0.0
G4_p5_w2_variable,G4_p3,20.0,1.0,1.0,0.0,0,0.0,2.1681644808459742e-16
G4_p5_w2_variable,G4_p3,10.0,1.0,1.0,0.0,0,0.0,0.0
G4_p5_w2_variable,G4_p3,0.0,1.0,1.0,0.0,0,0.02564102564102566,0.0
G4_p5_w2_variable,G4_p3,-5.0,0.9743589743589743,1.0,0.02564102564102566,0,0.02564102564102566,0.0
G4_p5_w2_variable,G4_p4,20.0,1.0,1.0,0.0,0,0.0,0.0
G4_p5_w2_variable,G4_p4,10.0,1.0,1.0,0.0,0,0.0,0.0
G4_p5_w2_variable,G4_p4,0.0,0.9743589743589743,1.0,0.02564102564102566,0,0.02564102564102566,0.0
G4_p5_w2_variable,G4_p4,-5.0,0.7906976744186046,0.8837209302325582,0.09302325581395354,0,0.09302325581395354,1.9507975798737478e-16
G4_p5_w3_regular,G1_p1,20.0,1.0,1.0,0.0,0,0.0,2.215317902342611e-16
G4_p5_w3_regular,G1_p1,10.0,1.0,1.0,0.0,0,0.0,0.0
G4_p5_w3_regular,G1_p1,0.0,0.9743589743589743,1.0,0.02564102564102566,0,0.050000000000000044,0.0
G4_p5_w3_regular,G1_p1,-5.0,0.8372093023255814,0.926829268292683,0.08961996596710153,0,0.06755260243632333,0.0
G4_p5_w3_regular,G1_p2,20.0,1.0,1.0,0.0,0,0.0,0.0
G4_p5_w3_regular,G1_p2,10.0,1.0,1.0,0.0,0,0.0,0.0
G4_p5_w3_regular,G1_p2,0.0,0.9743589743589743,1.0,0.02564102564102566,0,0.02564102564102566,1.7722543217925757e-16
G4_p5_w3_regular,G1_p2,-5.0,0.8717948717948718,0.9473684210526315,0.07557354925775972,0,0.07557354925775972,1.9932236877823207e-16
G4_p5_w3_regular,G1_p3,20.0,1.0,1.0,0.0,0,0.0,0.0
G4_p5_w3_regular,G1_p3,10.0,1.0,1.0,0.0,0,0.0,0.0
G4_p5_w3_regular,G1_p3,0.0,1.0,1.0,0.0,0,0.0,0.0
G4_p5_w3_regular,G1_p3,-5.0,0.95,1.0,0.050000000000000044,0,0.050000000000000044,0.0
G4_p5_w3_regular,G1_p4,20.0,1.0,1.0,0.0,0,0.0,0.0
G4_p5_w3_regular,G1_p4,10.0,0.9743589743589743,1.0,0.02564102564102566,0,0.02564102564102566,1.4010900624537353e-16
G4_p5_w3_regular,G1_p4,0.0,0.7804878048780488,0.8780487804878049,0.09756097560975607,0,0.07665505226480829,0.0
G4_p5_w3_regular,G1_p4,-5.0,0.375,0.6666666666666666,0.29166666666666663,0,0.06333498268184068,0.0
G4_p5_w3_regular,G2_p1,20.0,1.0,1.0,0.0,0,0.0,0.0
G4_p5_w3_regular,G2_p1,10.0,1.0,1.0,0.0,0,0.0,0.0
G4_p5_w3_regular,G2_p1,0.0,0.9,0.926829268292683,0.02682926829268295,0,0.07962213225371118,0.0
G4_p5_w3_regular,G2_p1,-5.0,0.6818181818181818,0.8421052631578947,0.16028708133971292,0,0.11086956521739133,0.0
G4_p5_w3_regular,G2_p2,20.0,1.0,1.0,0.0,0,0.0,2.2153179022092557e-16
G4_p5_w3_regular,G2_p2,10.0,1.0,1.0,0.0,0,0.0,1.4010900624654815e-16
G4_p5_w3_regular,G2_p2,0.0,0.9743589743589743,1.0,0.02564102564102566,0,0.02564102564102566,1.7722543217674044e-16
G4_p5_w3_regular,G2_p2,-5.0,0.9473684210526315,0.9743589743589743,0.026990553306342813,1,0.026990553306342813,0.0
G4_p5_w3_regular,G2_p3,20.0,1.0,1.0,0.0,0,0.0,0.0
G4_p5_w3_regular,G2_p3,10.0,1.0,1.0,0.0,0,0.0,1.4010900625125032e-16
G4_p5_w3_regular,G2_p3,0.0,1.0,1.0,0.0,0,0.02564102564102566,1.772254321826883e-16
G4_p5_w3_regular,G2_p3,-5.0,0.8372093023255814,0.95,0.11279069767441852,1,0.11730545876887344,0.0
G4_p5_w3_regular,G2_p4,20.0,1.0,1.0,0.0,0,0.0,0.0
G4_p5_w3_regular,G2_p4,10.0,1.0,1.0,0.0,0,0.02564102564102566,0.0
G4_p5_w3_regular,G2_p4,0.0,0.75,0.8571428571428571,0.1071428571428571,0,0.11363636363636365,1.7722543217591635e-16
G4_p5_w3_regular,G2_p4,-5.0,0.47058823529411764,0.7804878048780488,0.30989956958393117,0,0.04444444444444451,0.0
G4_p5_w3_regular,G3_p1,20.0,1.0,1.0,0.0,0,0.0,0.0
G4_p5_w3_regular,G3_p1,10.0,1.0,1.0,0.0,0,0.02564102564102566,1.4010900625582108e-16
G4_p5_w3_regular,G3_p1,0.0,0.8780487804878049,0.9473684210526315,0.06931964056482665,0,0.06968641114982588,1.772254321884699e-16
G4_p5_w3_regular,G3_p1,-5.0,0.7317073170731707,0.8095238095238095,0.07781649245063882,0,0.08571428571428574,1.9932236878859302e-16
G4_p5_w3_regular,G3_p2,20.0,1.0,1.0,0.0,0,0.0,2.2153179021747692e-16
G4_p5_w3_regular,G3_p2,10.0,1.0,1.0,0.0,0,0.0,1.4010900624436704e-16
G4_p5_w3_regular,G3_p2,0.0,1.0,1.0,0.0,0,0.0,1.7722543217398154e-16
G4_p5_w3_regular,G3_p2,-5.0,1.0,1.0,0.0,0,0.0,0.0
G4_p5_w3_regular,G3_p3,20.0,1.0,1.0,0.0,0,0.0,2.215317902205617e-16
G4_p5_w3_regular,G3_p3,10.0,1.0,1.0,0.0,0,0.0,1.4010900624631805e-16
G4_p5_w3_regular,G3_p3,0.0,1.0,1.0,0.0,0,0.0,1.7722543217644937e-16
G4_p5_w3_regular,G3_p3,-5.0,0.9743589743589743,1.0,0.02564102564102566,0,0.02564102564102566,0.0
G4_p5_w3_regular,G3_p4,20.0,1.0,1.0,0.0,0,0.0,0.0
G4_p5_w3_regular,G3_p4,10.0,1.0,1.0,0.0,0,0.0,0.0
G4_p5_w3_regular,G3_p4,0.0,0.9743589743589743,1.0,0.02564102564102566,0,0.050000000000000044,0.0
G4_p5_w3_regular,G3_p4,-5.0,0.9,0.9743589743589743,0.07435897435897432,1,0.11279069767441852,1.9932236877821383e-16
G4_p5_w3_regular,G4_p1,20.0,1.0,1.0,0.0,0,0.0,0.0
G4_p5_w3_regular,G4_p1,10.0,1.0,1.0,0.0,0,0.0,0.0
G4_p5_w3_regular,G4_p1,0.0,0.8837209302325582,1.0,0.11627906976744184,1,0.11627906976744184,1.7722543218914836e-16
G4_p5_w3_regular,G4_p1,-5.0,0.7391304347826086,0.8717948717948718,0.13266443701226316,0,0.04255319148936165,0.0
G4_p5_w3_regular,G4_p2,20.0,1.0,1.0,0.0,0,0.0,0.0
G4_p5_w3_regular,G4_p2,10.0,1.0,1.0,0.0,0,0.0,1.40109006248677e-16
G4_p5_w3_regular,G4_p2,0.0,1.0,1.0,0.0,0,0.02564102564102566,0.0
G4_p5_w3_regular,G4_p2,-5.0,0.8571428571428571,0.95,0.09285714285714286,1,0.04878048780487809,0.0
G4_p5_w3_regular,G4_p3,20.0,1.0,1.0,0.0,0,0.0,0.0
G4_p5_w3_regular,G4_p3,10.0,1.0,1.0,0.0,0,0.0,0.0
G4_p5_w3_regular,G4_p3,0.0,1.0,1.0,0.0,0,0.0,1.7722543217503997e-16
G4_p5_w3_regular,G4_p3,-5.0,0.9743589743589743,1.0,0.02564102564102566,0,0.02564102564102566,0.0
G4_p5_w3_regular,G4_p4,20.0,1.0,1.0,0.0,0,0.0,0.0
G4_p5_w3_regular,G4_p4,10.0,1.0,1.0,0.0,0,0.0,0.0
G4_p5_w3_regular,G4_p4,0.0,0.9743589743589743,1.0,0.02564102564102566,0,0.02564102564102566,1.7722543217962192e-16
G4_p5_w3_regular,G4_p4,-5.0,0.7906976744186046,0.926829268292683,0.13613159387407836,0,0.11406423034330015,0.0
G4_p5_w3_variable,G1_p1,20.0,1.0,1.0,0.0,0,0.0,0.0
G4_p5_w3_variable,G1_p1,10.0,1.0,1.0,0.0,0,0.0,1.370700810531214e-16
G4_p5_w3_variable,G1_p1,0.0,0.975609756097561,1.0,0.024390243902439046,0,0.04761904761904767,0.0
G4_p5_w3_variable,G1_p1,-5.0,0.8780487804878049,0.9302325581395349,0.05218377765172999,0,0.046511627906976716,0.0
G4_p5_w3_variable,G1_p2,20.0,1.0,1.0,0.0,0,0.0,0.0
G4_p5_w3_variable,G1_p2,10.0,1.0,1.0,0.0,0,0.0,1.3707008104681703e-16
G4_p5_w3_variable,G1_p2,0.0,0.975609756097561,1.0,0.024390243902439046,0,0.04761904761904767,0.0
G4_p5_w3_variable,G1_p2,-5.0,0.8780487804878049,0.975609756097561,0.09756097560975607,1,0.09756097560975607,0.0
G4_p5_w3_variable,G1_p3,20.0,1.0,1.0,0.0,0,0.0,2.1672682758642704e-16
G4_p5_w3_variable,G1_p3,10.0,1.0,1.0,0.0,0,0.0,1.3707008104714445e-16
G4_p5_w3_variable,G1_p3,0.0,1.0,1.0,0.0,0,0.0,0.0
G4_p5_w3_variable,G1_p3,-5.0,0.9523809523809523,1.0,0.04761904761904767,0,0.0665188470066519,1.949991222868027e-16
G4_p5_w3_variable,G1_p4,20.0,1.0,1.0,0.0,0,0.0,0.0
G4_p5_w3_variable,G1_p4,10.0,0.975609756097561,1.0,0.024390243902439046,0,0.0,1.370700810437211e-16
G4_p5_w3_variable,G1_p4,0.0,0.7727272727272727,0.8372093023255814,0.06448202959830873,0,0.12292358803986714,0.0
G4_p5_w3_variable,G1_p4,-5.0,0.26666666666666666,0.46153846153846156,0.1948717948717949,0,0.1769825918762089,1.9499912228193257e-16
G4_p5_w3_variable,G2_p1,20.0,1.0,1.0,0.0,0,0.0,0.0
G4_p5_w3_variable,G2_p1,10.0,1.0,1.0,0.0,0,0.0,1.3707008105304548e-16
G4_p5_w3_variable,G2_p1,0.0,0.926829268292683,1.0,0.07317073170731703,1,0.09090909090909094,0.0
G4_p5_w3_variable,G2_p1,-5.0,0.7317073170731707,0.8695652173913043,0.1378579003181336,0,0.12272727272727268,0.0
G4_p5_w3_variable,G2_p2,20.0,1.0,1.0,0.0,0,0.0,2.1672682758283111e-16
G4_p5_w3_variable,G2_p2,10.0,1.0,1.0,0.0,0,0.0,0.0
G4_p5_w3_variable,G2_p2,0.0,1.0,1.0,0.0,0,0.0,0.0
G4_p5_w3_variable,G2_p2,-5.0,0.926829268292683,0.9523809523809523,0.025551684088269355,1,0.025551684088269355,0.0
G4_p5_w3_variable,G2_p3,20.0,1.0,1.0,0.0,0,0.0,0.0
G4_p5_w3_variable,G2_p3,10.0,1.0,1.0,0.0,0,0.0,0.0
G4_p5_w3_variable,G2_p3,0.0,0.975609756097561,1.0,0.024390243902439046,0,0.024390243902439046,1.7338146207208374e-16
G4_p5_w3_variable,G2_p3,-5.0,0.9090909090909091,0.9302325581395349,0.02114164904862581,0,0.050387596899224785,1.9499912229011167e-16
G4_p5_w3_variable,G2_p4,20.0,1.0,1.0,0.0,0,0.0,0.0
G4_p5_w3_variable,G2_p4,10.0,0.975609756097561,1.0,0.024390243902439046,0,0.04761904761904767,0.0
G4_p5_w3_variable,G2_p4,0.0,0.7619047619047619,0.8181818181818182,0.05627705627705637,0,0.12050739957716705,1.7338146206545868e-16
G4_p5_w3_variable,G2_p4,-5.0,0.30303030303030304,0.6341463414634146,0.3311160384331116,0,0.059288537549407105,0.0
G4_p5_w3_variable,G3_p1,20.0,1.0,1.0,0.0,0,0.0,0.0
G4_p5_w3_variable,G3_p1,10.0,1.0,1.0,0.0,0,0.0,0.0
G4_p5_w3_variable,G3_p1,0.0,0.8636363636363636,0.926829268292683,0.06319290465631933,0,0.08961996596710153,0.0
G4_p5_w3_variable,G3_p1,-5.0,0.6829268292682927,0.8181818181818182,0.1352549889135255,0,0.1462450592885376,0.0
G4_p5_w3_variable,G3_p2,20.0,1.0,1.0,0.0,0,0.0,2.167268275794573e-16
G4_p5_w3_variable,G3_p2,10.0,1.0,1.0,0.0,0,0.0,0.0
G4_p5_w3_variable,G3_p2,0.0,1.0,1.0,0.0,0,0.0,0.0
G4_p5_w3_variable,G3_p2,-5.0,1.0,1.0,0.0,0,0.0,0.0
G4_p5_w3_variable,G3_p3,20.0,1.0,1.0,0.0,0,0.0,0.0
G4_p5_w3_variable,G3_p3,10.0,1.0,1.0,0.0,0,0.0,1.370700810446451e-16
G4_p5_w3_variable,G3_p3,0.0,1.0,1.0,0.0,0,0.0,0.0
G4_p5_w3_variable,G3_p3,-5.0,0.975609756097561,1.0,0.024390243902439046,0,0.024390243902439046,1.9499912228324708e-16
G4_p5_w3_variable,G3_p4,20.0,1.0,1.0,0.0,0,0.0,0.0
G4_p5_w3_variable,G3_p4,10.0,1.0,1.0,0.0,0,0.0,0.0
G4_p5_w3_variable,G3_p4,0.0,0.975609756097561,1.0,0.024390243902439046,0,0.024390243902439046,0.0
G4_p5_w3_variable,G3_p4,-5.0,0.8837209302325582,0.926829268292683,0.04310833806012482,0,0.022067363530778206,1.9499912228631903e-16
G4_p5_w3_variable,G4_p1,20.0,1.0,1.0,0.0,0,0.0,2.167268275980046e-16
G4_p5_w3_variable,G4_p1,10.0,1.0,1.0,0.0,0,0.0,0.0
G4_p5_w3_variable,G4_p1,0.0,0.8717948717948718,0.975609756097561,0.10381488430268915,1,0.07560975609756093,0.0
G4_p5_w3_variable,G4_p1,-5.0,0.6808510638297872,0.8181818181818182,0.13733075435203101,0,0.13733075435203101,1.9499912229721958e-16
G4_p5_w3_variable,G4_p2,20.0,1.0,1.0,0.0,0,0.0,0.0
G4_p5_w3_variable,G4_p2,10.0,1.0,1.0,0.0,0,0.0,1.370700810469529e-16
G4_p5_w3_variable,G4_p2,0.0,0.975609756097561,1.0,0.024390243902439046,0,0.024390243902439046,1.7338146206889937e-16
G4_p5_w3_variable,G4_p2,-5.0,0.8837209302325582,0.9523809523809523,0.06866002214839417,1,0.046511627906976716,0.0
G4_p5_w3_variable,G4_p3,20.0,1.0,1.0,0.0,0,0.0,0.0
G4_p5_w3_variable,G4_p3,10.0,1.0,1.0,0.0,0,0.0,1.3707008104355504e-16
G4_p5_w3_variable,G4_p3,0.0,0.975609756097561,1.0,0.024390243902439046,0,0.024390243902439046,1.7338146206460134e-16
G4_p5_w3_variable,G4_p3,-5.0,0.975609756097561,1.0,0.024390243902439046,0,0.050000000000000044,1.9499912228169633e-16
G4_p5_w3_variable,G4_p4,20.0,1.0,1.0,0.0,0,0.0,0.0
G4_p5_w3_variable,G4_p4,10.0,1.0,1.0,0.0,0,0.0,1.370700810470988e-16
G4_p5_w3_variable,G4_p4,0.0,0.9523809523809523,1.0,0.04761904761904767,0,0.024390243902439046,0.0
G4_p5_w3_variable,G4_p4,-5.0,0.7659574468085106,0.9302325581395349,0.16427511133102424,0,0.11776348342404752,0.0
