target,residual,snr_db,min_f1,max_f1,f1_range,straddles_failure,amplitude_f1_range,noise_rms_relative_range,target_group,residual_group,activity_phase
G1_p0_w0_regular,G1_p1,20.0,1.0,1.0,0.0,0,0.0,0.0,G1,G1,1
G1_p0_w0_regular,G1_p1,10.0,1.0,1.0,0.0,0,0.0,1.3131332387108483e-16,G1,G1,1
G1_p0_w0_regular,G1_p1,0.0,0.9302325581395348,1.0,0.0697674418604651,1,0.0634920634920634,0.0,G1,G1,1
G1_p0_w0_regular,G1_p1,-5.0,0.6818181818181818,0.8372093023255814,0.1553911205073996,0,0.1594202898550725,1.8680942408297824e-16,G1,G1,1
G1_p0_w0_regular,G1_p2,20.0,1.0,1.0,0.0,0,0.0,0.0,G1,G1,2
G1_p0_w0_regular,G1_p2,10.0,1.0,1.0,0.0,0,0.0,1.3131332386504526e-16,G1,G1,2
G1_p0_w0_regular,G1_p2,0.0,0.926829268292683,0.975609756097561,0.0487804878048779,1,0.024390243902439,0.0,G1,G1,2
G1_p0_w0_regular,G1_p2,-5.0,0.8372093023255814,0.9523809523809524,0.1151716500553708,1,0.0267131242740998,1.8680942407438611e-16,G1,G1,2
G1_p0_w0_regular,G1_p3,20.0,1.0,1.0,0.0,0,0.0,0.0,G1,G1,3
G1_p0_w0_regular,G1_p3,10.0,1.0,1.0,0.0,0,0.0,0.0,G1,G1,3
G1_p0_w0_regular,G1_p3,0.0,1.0,1.0,0.0,0,0.0,0.0,G1,G1,3
G1_p0_w0_regular,G1_p3,-5.0,0.9090909090909092,0.9523809523809524,0.0432900432900432,1,0.082815734989648,0.0,G1,G1,3
G1_p0_w0_regular,G1_p4,20.0,1.0,1.0,0.0,0,0.0,0.0,G1,G1,4
G1_p0_w0_regular,G1_p4,10.0,0.975609756097561,1.0,0.024390243902439,0,0.024390243902439,0.0,G1,G1,4
G1_p0_w0_regular,G1_p4,0.0,0.7555555555555555,0.8181818181818182,0.0626262626262627,0,0.1260981912144703,0.0,G1,G1,4
G1_p0_w0_regular,G1_p4,-5.0,0.1935483870967742,0.3333333333333333,0.1397849462365591,0,0.0889787664307381,0.0,G1,G1,4
G1_p0_w0_regular,G2_p1,20.0,1.0,1.0,0.0,0,0.0,0.0,G1,G2,1
G1_p0_w0_regular,G2_p1,10.0,1.0,1.0,0.0,0,0.0,1.313133238710121e-16,G1,G2,1
G1_p0_w0_regular,G2_p1,0.0,0.8636363636363636,1.0,0.1363636363636363,1,0.1707317073170732,0.0,G1,G2,1
G1_p0_w0_regular,G2_p1,-5.0,0.7619047619047619,0.8780487804878049,0.116144018583043,0,0.116144018583043,0.0,G1,G2,1
G1_p0_w0_regular,G2_p2,20.0,1.0,1.0,0.0,0,0.0,2.0762459526749504e-16,G1,G2,2
G1_p0_w0_regular,G2_p2,10.0,1.0,1.0,0.0,0,0.0,0.0,G1,G2,2
G1_p0_w0_regular,G2_p2,0.0,0.95,0.975609756097561,0.025609756097561,0,0.0232288037166086,1.6609967621399603e-16,G1,G2,2
G1_p0_w0_regular,G2_p2,-5.0,0.8571428571428571,0.9523809523809524,0.0952380952380952,1,0.0952380952380952,1.868094240717329e-16,G1,G2,2
G1_p0_w0_regular,G2_p3,20.0,1.0,1.0,0.0,0,0.0,0.0,G1,G2,3
G1_p0_w0_regular,G2_p3,10.0,1.0,1.0,0.0,0,0.0,1.3131332386758721e-16,G1,G2,3
G1_p0_w0_regular,G2_p3,0.0,0.9523809523809524,1.0,0.0476190476190476,0,0.0697674418604651,1.6609967621957052e-16,G1,G2,3
G1_p0_w0_regular,G2_p3,-5.0,0.7727272727272727,0.8888888888888888,0.1161616161616161,0,0.114975845410628,0.0,G1,G2,3
G1_p0_w0_regular,G2_p4,20.0,1.0,1.0,0.0,0,0.0,2.076245952665296e-16,G1,G2,4
G1_p0_w0_regular,G2_p4,10.0,0.9523809523809524,1.0,0.0476190476190476,0,0.0697674418604651,0.0,G1,G2,4
G1_p0_w0_regular,G2_p4,0.0,0.7142857142857143,0.8636363636363636,0.1493506493506493,0,0.1109936575052854,0.0,G1,G2,4
G1_p0_w0_regular,G2_p4,-5.0,0.2580645161290322,0.375,0.1169354838709677,0,0.0851063829787234,1.8680942407086422e-16,G1,G2,4
G1_p0_w0_regular,G3_p1,20.0,1.0,1.0,0.0,0,0.0,2.0762459528123643e-16,G1,G3,1
G1_p0_w0_regular,G3_p1,10.0,1.0,1.0,0.0,0,0.024390243902439,0.0,G1,G3,1
G1_p0_w0_regular,G3_p1,0.0,0.8095238095238095,0.9302325581395348,0.1207087486157253,0,0.0793650793650793,0.0,G1,G3,1
G1_p0_w0_regular,G3_p1,-5.0,0.6341463414634146,0.8372093023255814,0.2030629608621668,0,0.1835106382978722,0.0,G1,G3,1
G1_p0_w0_regular,G3_p2,20.0,1.0,1.0,0.0,0,0.0,2.076245952642629e-16,G1,G3,2
G1_p0_w0_regular,G3_p2,10.0,1.0,1.0,0.0,0,0.0,1.3131332386113606e-16,G1,G3,2
G1_p0_w0_regular,G3_p2,0.0,1.0,1.0,0.0,0,0.0,0.0,G1,G3,2
G1_p0_w0_regular,G3_p2,-5.0,1.0,1.0,0.0,0,0.0,1.868094240688248e-16,G1,G3,2
G1_p0_w0_regular,G3_p3,20.0,1.0,1.0,0.0,0,0.0,2.0762459526715408e-16,G1,G3,3
G1_p0_w0_regular,G3_p3,10.0,1.0,1.0,0.0,0,0.0,0.0,G1,G3,3
G1_p0_w0_regular,G3_p3,0.0,1.0,1.0,0.0,0,0.0,0.0,G1,G3,3
G1_p0_w0_regular,G3_p3,-5.0,1.0,1.0,0.0,0,0.0,0.0,G1,G3,3
G1_p0_w0_regular,G3_p4,20.0,1.0,1.0,0.0,0,0.0,2.0762459527042492e-16,G1,G3,4
G1_p0_w0_regular,G3_p4,10.0,1.0,1.0,0.0,0,0.0,0.0,G1,G3,4
G1_p0_w0_regular,G3_p4,0.0,0.9523809523809524,1.0,0.0476190476190476,0,0.0476190476190476,0.0,G1,G3,4
G1_p0_w0_regular,G3_p4,-5.0,0.8636363636363636,0.9302325581395348,0.0665961945031712,0,0.1041456016177957,0.0,G1,G3,4
G1_p0_w0_regular,G4_p1,20.0,1.0,1.0,0.0,0,0.0,0.0,G1,G4,1
G1_p0_w0_regular,G4_p1,10.0,0.9523809523809524,1.0,0.0476190476190476,0,0.024390243902439,0.0,G1,G4,1
G1_p0_w0_regular,G4_p1,0.0,0.8372093023255814,1.0,0.1627906976744185,1,0.1818181818181817,1.66099676225625e-16,G1,G4,1
G1_p0_w0_regular,G4_p1,-5.0,0.5909090909090909,0.8333333333333334,0.2424242424242424,0,0.3566362715298885,0.0,G1,G4,1
G1_p0_w0_regular,G4_p2,20.0,1.0,1.0,0.0,0,0.0,0.0,G1,G4,2
G1_p0_w0_regular,G4_p2,10.0,1.0,1.0,0.0,0,0.0,1.3131332386517542e-16,G1,G4,2
G1_p0_w0_regular,G4_p2,0.0,0.9523809523809524,0.975609756097561,0.0232288037166086,0,0.045377197958026,0.0,G1,G4,2
G1_p0_w0_regular,G4_p2,-5.0,0.8,0.9523809523809524,0.1523809523809522,1,0.1229314420803782,0.0,G1,G4,2
G1_p0_w0_regular,G4_p3,20.0,1.0,1.0,0.0,0,0.0,0.0,G1,G4,3
G1_p0_w0_regular,G4_p3,10.0,1.0,1.0,0.0,0,0.0,1.3131332386192026e-16,G1,G4,3
G1_p0_w0_regular,G4_p3,0.0,0.975609756097561,1.0,0.024390243902439,0,0.024390243902439,0.0,G1,G4,3
G1_p0_w0_regular,G4_p3,-5.0,0.975609756097561,1.0,0.024390243902439,0,0.024390243902439,0.0,G1,G4,3
G1_p0_w0_regular,G4_p4,20.0,1.0,1.0,0.0,0,0.0,0.0,G1,G4,4
G1_p0_w0_regular,G4_p4,10.0,1.0,1.0,0.0,0,0.0,0.0,G1,G4,4
G1_p0_w0_regular,G4_p4,0.0,0.9047619047619048,0.975609756097561,0.0708478513356561,1,0.0255516840882693,0.0,G1,G4,4
G1_p0_w0_regular,G4_p4,-5.0,0.7083333333333334,0.851063829787234,0.1427304964539006,0,0.0673758865248227,1.8680942407477022e-16,G1,G4,4
G1_p0_w0_variable,G1_p1,20.0,1.0,1.0,0.0,0,0.0,0.0,G1,G1,1
G1_p0_w0_variable,G1_p1,10.0,1.0,1.0,0.0,0,0.0,1.3121857225890902e-16,G1,G1,1
G1_p0_w0_variable,G1_p1,0.0,0.8888888888888888,0.975609756097561,0.0867208672086721,1,0.0867208672086721,0.0,G1,G1,1
G1_p0_w0_variable,G1_p1,-5.0,0.7111111111111111,0.8085106382978723,0.0973995271867611,0,0.1098466105888174,0.0,G1,G1,1
G1_p0_w0_variable,G1_p2,20.0,1.0,1.0,0.0,0,0.0,0.0,G1,G1,2
G1_p0_w0_variable,G1_p2,10.0,1.0,1.0,0.0,0,0.0,0.0,G1,G1,2
G1_p0_w0_variable,G1_p2,0.0,0.975609756097561,1.0,0.024390243902439,0,0.0476190476190476,0.0,G1,G1,2
G1_p0_w0_variable,G1_p2,-5.0,0.8837209302325582,0.975609756097561,0.0918888258650028,1,0.0665961945031712,0.0,G1,G1,2
G1_p0_w0_variable,G1_p3,20.0,1.0,1.0,0.0,0,0.0,0.0,G1,G1,3
G1_p0_w0_variable,G1_p3,10.0,1.0,1.0,0.0,0,0.0,0.0,G1,G1,3
G1_p0_w0_variable,G1_p3,0.0,1.0,1.0,0.0,0,0.0476190476190476,1.659798238541777e-16,G1,G1,3
G1_p0_w0_variable,G1_p3,-5.0,0.8837209302325582,0.9523809523809524,0.0686600221483941,1,0.1190476190476189,0.0,G1,G1,3
G1_p0_w0_variable,G1_p4,20.0,1.0,1.0,0.0,0,0.0,0.0,G1,G1,4
G1_p0_w0_variable,G1_p4,10.0,0.9523809523809524,1.0,0.0476190476190476,0,0.0476190476190476,0.0,G1,G1,4
G1_p0_w0_variable,G1_p4,0.0,0.7906976744186046,0.9047619047619048,0.1140642303433001,0,0.2091097308488613,1.6597982385003234e-16,G1,G1,4
G1_p0_w0_variable,G1_p4,-5.0,0.0666666666666666,0.6060606060606061,0.5393939393939394,0,0.1458937198067633,0.0,G1,G1,4
G1_p0_w0_variable,G2_p1,20.0,1.0,1.0,0.0,0,0.0,0.0,G1,G2,1
G1_p0_w0_variable,G2_p1,10.0,1.0,1.0,0.0,0,0.024390243902439,0.0,G1,G2,1
G1_p0_w0_variable,G2_p1,0.0,0.8780487804878049,0.9523809523809524,0.0743321718931474,1,0.0930232558139534,1.6597982386132336e-16,G1,G2,1
G1_p0_w0_variable,G2_p1,-5.0,0.72,0.8,0.08,0,0.0788497217068645,1.8667462821007462e-16,G1,G2,1
G1_p0_w0_variable,G2_p2,20.0,1.0,1.0,0.0,0,0.0,2.074747798142798e-16,G1,G2,2
G1_p0_w0_variable,G2_p2,10.0,1.0,1.0,0.0,0,0.0,0.0,G1,G2,2
G1_p0_w0_variable,G2_p2,0.0,0.926829268292683,0.975609756097561,0.0487804878048779,1,0.0487804878048779,1.6597982385142382e-16,G1,G2,2
G1_p0_w0_variable,G2_p2,-5.0,0.8780487804878049,0.9302325581395348,0.0521837776517299,0,0.0253699788583509,1.8667462819894078e-16,G1,G2,2
G1_p0_w0_variable,G2_p3,20.0,1.0,1.0,0.0,0,0.0,2.0747477982124284e-16,G1,G2,3
G1_p0_w0_variable,G2_p3,10.0,1.0,1.0,0.0,0,0.0,0.0,G1,G2,3
G1_p0_w0_variable,G2_p3,0.0,0.9090909090909092,0.975609756097561,0.0665188470066519,1,0.0909090909090909,0.0,G1,G2,3
G1_p0_w0_variable,G2_p3,-5.0,0.8085106382978723,0.9047619047619048,0.0962512664640324,0,0.100334448160535,0.0,G1,G2,3
G1_p0_w0_variable,G2_p4,20.0,1.0,1.0,0.0,0,0.0,0.0,G1,G2,4
G1_p0_w0_variable,G2_p4,10.0,0.975609756097561,1.0,0.024390243902439,0,0.0476190476190476,1.312185722503999e-16,G1,G2,4
G1_p0_w0_variable,G2_p4,0.0,0.75,0.8372093023255814,0.0872093023255814,0,0.0816537467700259,0.0,G1,G2,4
G1_p0_w0_variable,G2_p4,-5.0,0.2580645161290322,0.3125,0.0544354838709677,0,0.1456264775413712,0.0,G1,G2,4
G1_p0_w0_variable,G3_p1,20.0,1.0,1.0,0.0,0,0.0,2.0747477982801126e-16,G1,G3,1
G1_p0_w0_variable,G3_p1,10.0,1.0,1.0,0.0,0,0.024390243902439,0.0,G1,G3,1
G1_p0_w0_variable,G3_p1,0.0,0.8372093023255814,0.9047619047619048,0.0675526024363233,0,0.0392764857881137,1.65979823862409e-16,G1,G3,1
G1_p0_w0_variable,G3_p1,-5.0,0.6666666666666666,0.7441860465116279,0.0775193798449612,0,0.0888888888888889,0.0,G1,G3,1
G1_p0_w0_variable,G3_p2,20.0,1.0,1.0,0.0,0,0.0,0.0,G1,G3,2
G1_p0_w0_variable,G3_p2,10.0,1.0,1.0,0.0,0,0.0,0.0,G1,G3,2
G1_p0_w0_variable,G3_p2,0.0,1.0,1.0,0.0,0,0.0,0.0,G1,G3,2
G1_p0_w0_variable,G3_p2,-5.0,1.0,1.0,0.0,0,0.0,0.0,G1,G3,2
G1_p0_w0_variable,G3_p3,20.0,1.0,1.0,0.0,0,0.0,2.0747477981393902e-16,G1,G3,3
G1_p0_w0_variable,G3_p3,10.0,1.0,1.0,0.0,0,0.0,0.0,G1,G3,3
G1_p0_w0_variable,G3_p3,0.0,1.0,1.0,0.0,0,0.0,0.0,G1,G3,3
G1_p0_w0_variable,G3_p3,-5.0,1.0,1.0,0.0,0,0.0,1.866746281986342e-16,G1,G3,3
G1_p0_w0_variable,G3_p4,20.0,1.0,1.0,0.0,0,0.0,0.0,G1,G3,4
G1_p0_w0_variable,G3_p4,10.0,1.0,1.0,0.0,0,0.0,0.0,G1,G3,4
G1_p0_w0_variable,G3_p4,0.0,0.975609756097561,1.0,0.024390243902439,0,0.0476190476190476,0.0,G1,G3,4
G1_p0_w0_variable,G3_p4,-5.0,0.8837209302325582,0.9523809523809524,0.0686600221483941,1,0.0887445887445886,0.0,G1,G3,4
G1_p0_w0_variable,G4_p1,20.0,1.0,1.0,0.0,0,0.0,0.0,G1,G4,1
G1_p0_w0_variable,G4_p1,10.0,1.0,1.0,0.0,0,0.0,1.3121857226019694e-16,G1,G4,1
G1_p0_w0_variable,G4_p1,0.0,0.8372093023255814,0.8888888888888888,0.0516795865633074,0,0.0718816067653276,0.0,G1,G4,1
G1_p0_w0_variable,G4_p1,-5.0,0.6222222222222222,0.7272727272727273,0.105050505050505,0,0.0963960052105948,0.0,G1,G4,1
G1_p0_w0_variable,G4_p2,20.0,1.0,1.0,0.0,0,0.0,2.0747477981743222e-16,G1,G4,2
G1_p0_w0_variable,G4_p2,10.0,1.0,1.0,0.0,0,0.0,0.0,G1,G4,2
G1_p0_w0_variable,G4_p2,0.0,0.9523809523809524,1.0,0.0476190476190476,0,0.045377197958026,0.0,G1,G4,2
G1_p0_w0_variable,G4_p2,-5.0,0.8181818181818182,0.926829268292683,0.1086474501108647,0,0.1041456016177957,0.0,G1,G4,2
G1_p0_w0_variable,G4_p3,20.0,1.0,1.0,0.0,0,0.0,0.0,G1,G4,3
G1_p0_w0_variable,G4_p3,10.0,1.0,1.0,0.0,0,0.0,1.3121857224975104e-16,G1,G4,3
G1_p0_w0_variable,G4_p3,0.0,0.975609756097561,1.0,0.024390243902439,0,0.024390243902439,1.6597982384983123e-16,G1,G4,3
G1_p0_w0_variable,G4_p3,-5.0,0.975609756097561,1.0,0.024390243902439,0,0.025609756097561,1.8667462819714963e-16,G1,G4,3
G1_p0_w0_variable,G4_p4,20.0,1.0,1.0,0.0,0,0.0,0.0,G1,G4,4
G1_p0_w0_variable,G4_p4,10.0,1.0,1.0,0.0,0,0.0,0.0,G1,G4,4
G1_p0_w0_variable,G4_p4,0.0,0.9523809523809524,1.0,0.0476190476190476,0,0.0697674418604651,0.0,G1,G4,4
G1_p0_w0_variable,G4_p4,-5.0,0.7916666666666666,0.8780487804878049,0.0863821138211382,0,0.0695652173913042,0.0,G1,G4,4
G1_p0_w1_regular,G1_p1,20.0,1.0,1.0,0.0,0,0.0,0.0,G1,G1,1
G1_p0_w1_regular,G1_p1,10.0,1.0,1.0,0.0,0,0.0,0.0,G1,G1,1
G1_p0_w1_regular,G1_p1,0.0,0.926829268292683,0.9743589743589745,0.0475297060662913,1,0.0452380952380951,0.0,G1,G1,1
G1_p0_w1_regular,G1_p1,-5.0,0.7317073170731707,0.7906976744186046,0.0589903573454339,0,0.1705426356589148,0.0,G1,G1,1
G1_p0_w1_regular,G1_p2,20.0,1.0,1.0,0.0,0,0.0,0.0,G1,G1,2
G1_p0_w1_regular,G1_p2,10.0,1.0,1.0,0.0,0,0.0,0.0,G1,G1,2
G1_p0_w1_regular,G1_p2,0.0,0.9743589743589745,1.0,0.0256410256410256,0,0.0256410256410256,0.0,G1,G1,2
G1_p0_w1_regular,G1_p2,-5.0,0.85,0.95,0.0999999999999999,1,0.0754936120789779,0.0,G1,G1,2
G1_p0_w1_regular,G1_p3,20.0,1.0,1.0,0.0,0,0.0,2.08314851708508e-16,G1,G1,3
G1_p0_w1_regular,G1_p3,10.0,1.0,1.0,0.0,0,0.0,0.0,G1,G1,3
G1_p0_w1_regular,G1_p3,0.0,0.9743589743589745,1.0,0.0256410256410256,0,0.0256410256410256,0.0,G1,G1,3
G1_p0_w1_regular,G1_p3,-5.0,0.8780487804878049,1.0,0.1219512195121951,1,0.0963101938711694,0.0,G1,G1,3
G1_p0_w1_regular,G1_p4,20.0,1.0,1.0,0.0,0,0.0,0.0,G1,G1,4
G1_p0_w1_regular,G1_p4,10.0,0.95,1.0,0.05,0,0.05,1.3174988036453023e-16,G1,G1,4
G1_p0_w1_regular,G1_p4,0.0,0.7441860465116279,0.8571428571428571,0.1129568106312292,0,0.1428571428571428,0.0,G1,G1,4
G1_p0_w1_regular,G1_p4,-5.0,0.1875,0.4516129032258064,0.2641129032258064,0,0.1202020202020202,0.0,G1,G1,4
G1_p0_w1_regular,G2_p1,20.0,1.0,1.0,0.0,0,0.0,0.0,G1,G2,1
G1_p0_w1_regular,G2_p1,10.0,1.0,1.0,0.0,0,0.0256410256410256,0.0,G1,G2,1
G1_p0_w1_regular,G2_p1,0.0,0.8837209302325582,1.0,0.1162790697674418,1,0.1162790697674418,0.0,G1,G2,1
G1_p0_w1_regular,G2_p1,-5.0,0.7317073170731707,0.95,0.2182926829268292,1,0.1904761904761904,1.8743047963461867e-16,G1,G2,1
G1_p0_w1_regular,G2_p2,20.0,1.0,1.0,0.0,0,0.0,2.0831485170505167e-16,G1,G2,2
G1_p0_w1_regular,G2_p2,10.0,1.0,1.0,0.0,0,0.0,0.0,G1,G2,2
G1_p0_w1_regular,G2_p2,0.0,0.9743589743589745,0.9743589743589745,0.0,0,0.0,0.0,G1,G2,2
G1_p0_w1_regular,G2_p2,-5.0,0.9,0.9743589743589745,0.0743589743589743,1,0.0963101938711694,0.0,G1,G2,2
G1_p0_w1_regular,G2_p3,20.0,1.0,1.0,0.0,0,0.0,0.0,G1,G2,3
G1_p0_w1_regular,G2_p3,10.0,1.0,1.0,0.0,0,0.0,2.634997607401128e-16,G1,G2,3
G1_p0_w1_regular,G2_p3,0.0,0.95,1.0,0.05,0,0.073170731707317,1.6665188136963434e-16,G1,G2,3
G1_p0_w1_regular,G2_p3,-5.0,0.7111111111111111,0.95,0.2388888888888888,1,0.1224489795918366,0.0,G1,G2,3
G1_p0_w1_regular,G2_p4,20.0,1.0,1.0,0.0,0,0.0,0.0,G1,G2,4
G1_p0_w1_regular,G2_p4,10.0,0.95,1.0,0.05,0,0.073170731707317,0.0,G1,G2,4
G1_p0_w1_regular,G2_p4,0.0,0.6341463414634146,0.8,0.1658536585365854,0,0.1809523809523809,0.0,G1,G2,4
G1_p0_w1_regular,G2_p4,-5.0,0.1875,0.4242424242424242,0.2367424242424242,0,0.1940133037694013,0.0,G1,G2,4
G1_p0_w1_regular,G3_p1,20.0,1.0,1.0,0.0,0,0.0,0.0,G1,G3,1
G1_p0_w1_regular,G3_p1,10.0,1.0,1.0,0.0,0,0.0256410256410256,1.3174988037435443e-16,G1,G3,1
G1_p0_w1_regular,G3_p1,0.0,0.8717948717948718,0.95,0.0782051282051281,1,0.0999999999999999,0.0,G1,G3,1
G1_p0_w1_regular,G3_p1,-5.0,0.7142857142857143,0.7804878048780488,0.0662020905923345,0,0.0761099365750528,0.0,G1,G3,1
G1_p0_w1_regular,G3_p2,20.0,1.0,1.0,0.0,0,0.0,0.0,G1,G3,2
G1_p0_w1_regular,G3_p2,10.0,1.0,1.0,0.0,0,0.0,1.3174988036358381e-16,G1,G3,2
G1_p0_w1_regular,G3_p2,0.0,1.0,1.0,0.0,0,0.0,3.333037627228941e-16,G1,G3,2
G1_p0_w1_regular,G3_p2,-5.0,1.0,1.0,0.0,0,0.0,0.0,G1,G3,2
G1_p0_w1_regular,G3_p3,20.0,1.0,1.0,0.0,0,0.0,0.0,G1,G3,3
G1_p0_w1_regular,G3_p3,10.0,1.0,1.0,0.0,0,0.0,0.0,G1,G3,3
G1_p0_w1_regular,G3_p3,0.0,0.9743589743589745,1.0,0.0256410256410256,0,0.0256410256410256,0.0,G1,G3,3
G1_p0_w1_regular,G3_p3,-5.0,0.9743589743589745,1.0,0.0256410256410256,0,0.05,0.0,G1,G3,3
G1_p0_w1_regular,G3_p4,20.0,1.0,1.0,0.0,0,0.0,0.0,G1,G3,4
G1_p0_w1_regular,G3_p4,10.0,1.0,1.0,0.0,0,0.0,0.0,G1,G3,4
G1_p0_w1_regular,G3_p4,0.0,0.9743589743589745,1.0,0.0256410256410256,0,0.05,0.0,G1,G3,4
G1_p0_w1_regular,G3_p4,-5.0,0.8780487804878049,0.926829268292683,0.048780487804878,0,0.0476190476190476,0.0,G1,G3,4
G1_p0_w1_regular,G4_p1,20.0,1.0,1.0,0.0,0,0.0,0.0,G1,G4,1
G1_p0_w1_regular,G4_p1,10.0,1.0,1.0,0.0,0,0.0256410256410256,0.0,G1,G4,1
G1_p0_w1_regular,G4_p1,0.0,0.8205128205128205,0.85,0.0294871794871794,0,0.0990675990675991,0.0,G1,G4,1
G1_p0_w1_regular,G4_p1,-5.0,0.6222222222222222,0.7391304347826086,0.1169082125603864,0,0.0879676440849341,0.0,G1,G4,1
G1_p0_w1_regular,G4_p2,20.0,1.0,1.0,0.0,0,0.0,0.0,G1,G4,2
G1_p0_w1_regular,G4_p2,10.0,1.0,1.0,0.0,0,0.0,0.0,G1,G4,2
G1_p0_w1_regular,G4_p2,0.0,0.9230769230769232,0.9743589743589745,0.0512820512820512,1,0.0231707317073169,1.6665188136657351e-16,G1,G4,2
G1_p0_w1_regular,G4_p2,-5.0,0.8,0.9047619047619048,0.1047619047619047,0,0.1221532091097308,0.0,G1,G4,2
G1_p0_w1_regular,G4_p3,20.0,1.0,1.0,0.0,0,0.0,0.0,G1,G4,3
G1_p0_w1_regular,G4_p3,10.0,1.0,1.0,0.0,0,0.0,1.317498803643706e-16,G1,G4,3
G1_p0_w1_regular,G4_p3,0.0,0.9743589743589745,1.0,0.0256410256410256,0,0.0256410256410256,1.6665188136244232e-16,G1,G4,3
G1_p0_w1_regular,G4_p3,-5.0,0.9743589743589745,1.0,0.0256410256410256,0,0.0269905533063428,1.8743047962164131e-16,G1,G4,3
G1_p0_w1_regular,G4_p4,20.0,1.0,1.0,0.0,0,0.0,0.0,G1,G4,4
G1_p0_w1_regular,G4_p4,10.0,1.0,1.0,0.0,0,0.0,1.3174988036777683e-16,G1,G4,4
G1_p0_w1_regular,G4_p4,0.0,0.926829268292683,0.9743589743589745,0.0475297060662913,1,0.0243589743589743,0.0,G1,G4,4
G1_p0_w1_regular,G4_p4,-5.0,0.7391304347826086,0.8444444444444444,0.1053140096618358,0,0.1363636363636363,0.0,G1,G4,4
G1_p0_w1_variable,G1_p1,20.0,1.0,1.0,0.0,0,0.0,0.0,G1,G1,1
G1_p0_w1_variable,G1_p1,10.0,1.0,1.0,0.0,0,0.0,0.0,G1,G1,1
G1_p0_w1_variable,G1_p1,0.0,0.9047619047619048,0.9743589743589745,0.0695970695970695,1,0.0452380952380951,0.0,G1,G1,1
G1_p0_w1_variable,G1_p1,-5.0,0.6829268292682927,0.8571428571428571,0.1742160278745643,0,0.1777777777777778,0.0,G1,G1,1
G1_p0_w1_variable,G1_p2,20.0,1.0,1.0,0.0,0,0.0,2.0823119411018804e-16,G1,G1,2
G1_p0_w1_variable,G1_p2,10.0,1.0,1.0,0.0,0,0.0,0.0,G1,G1,2
G1_p0_w1_variable,G1_p2,0.0,0.9743589743589745,1.0,0.0256410256410256,0,0.0243589743589743,1.6658495528815043e-16,G1,G1,2
G1_p0_w1_variable,G1_p2,-5.0,0.8,0.926829268292683,0.1268292682926829,0,0.1463414634146341,0.0,G1,G1,2
G1_p0_w1_variable,G1_p3,20.0,1.0,1.0,0.0,0,0.0,0.0,G1,G1,3
G1_p0_w1_variable,G1_p3,10.0,1.0,1.0,0.0,0,0.0,1.316969706572812e-16,G1,G1,3
G1_p0_w1_variable,G1_p3,0.0,1.0,1.0,0.0,0,0.0,0.0,G1,G1,3
G1_p0_w1_variable,G1_p3,-5.0,0.8636363636363636,0.9743589743589745,0.1107226107226106,1,0.0823848238482385,0.0,G1,G1,3
G1_p0_w1_variable,G1_p4,20.0,1.0,1.0,0.0,0,0.0,0.0,G1,G1,4
G1_p0_w1_variable,G1_p4,10.0,0.95,1.0,0.05,0,0.05,1.3169697065399202e-16,G1,G1,4
G1_p0_w1_variable,G1_p4,0.0,0.7441860465116279,0.85,0.105813953488372,0,0.0739957716701903,0.0,G1,G1,4
G1_p0_w1_variable,G1_p4,-5.0,0.1333333333333333,0.4444444444444444,0.3111111111111111,0,0.1956521739130434,0.0,G1,G1,4
G1_p0_w1_variable,G2_p1,20.0,1.0,1.0,0.0,0,0.0,0.0,G1,G2,1
G1_p0_w1_variable,G2_p1,10.0,1.0,1.0,0.0,0,0.0,0.0,G1,G2,1
G1_p0_w1_variable,G2_p1,0.0,0.8947368421052632,0.9047619047619048,0.0100250626566416,0,0.0219512195121951,1.665849552957201e-16,G1,G2,1
G1_p0_w1_variable,G2_p1,-5.0,0.6666666666666666,0.8372093023255814,0.1705426356589148,0,0.1658536585365854,0.0,G1,G2,1
G1_p0_w1_variable,G2_p2,20.0,1.0,1.0,0.0,0,0.0,0.0,G1,G2,2
G1_p0_w1_variable,G2_p2,10.0,1.0,1.0,0.0,0,0.0,0.0,G1,G2,2
G1_p0_w1_variable,G2_p2,0.0,0.9230769230769232,1.0,0.0769230769230768,1,0.0526315789473684,0.0,G1,G2,2
G1_p0_w1_variable,G2_p2,-5.0,0.9,0.95,0.0499999999999999,1,0.0499999999999999,1.873552090243661e-16,G1,G2,2
G1_p0_w1_variable,G2_p3,20.0,1.0,1.0,0.0,0,0.0,0.0,G1,G2,3
G1_p0_w1_variable,G2_p3,10.0,1.0,1.0,0.0,0,0.0,1.31696970659516e-16,G1,G2,3
G1_p0_w1_variable,G2_p3,0.0,0.9743589743589745,1.0,0.0256410256410256,0,0.0243589743589743,1.6658495529137515e-16,G1,G2,3
G1_p0_w1_variable,G2_p3,-5.0,0.7441860465116279,0.8372093023255814,0.0930232558139535,0,0.127659574468085,0.0,G1,G2,3
G1_p0_w1_variable,G2_p4,20.0,1.0,1.0,0.0,0,0.0,2.0823119410626222e-16,G1,G2,4
G1_p0_w1_variable,G2_p4,10.0,0.95,1.0,0.05,0,0.05,1.3169697065448375e-16,G1,G2,4
G1_p0_w1_variable,G2_p4,0.0,0.6976744186046512,0.9047619047619048,0.2070874861572536,0,0.1363636363636364,0.0,G1,G2,4
G1_p0_w1_variable,G2_p4,-5.0,0.0666666666666666,0.4375,0.3708333333333333,0,0.1458937198067633,0.0,G1,G2,4
G1_p0_w1_variable,G3_p1,20.0,1.0,1.0,0.0,0,0.0,0.0,G1,G3,1
G1_p0_w1_variable,G3_p1,10.0,0.9743589743589745,1.0,0.0256410256410256,0,0.0256410256410256,0.0,G1,G3,1
G1_p0_w1_variable,G3_p1,0.0,0.7906976744186046,0.9047619047619048,0.1140642303433001,0,0.1221532091097308,0.0,G1,G3,1
G1_p0_w1_variable,G3_p1,-5.0,0.5853658536585366,0.7555555555555555,0.1701897018970189,0,0.1136363636363636,1.8735520903676603e-16,G1,G3,1
G1_p0_w1_variable,G3_p2,20.0,1.0,1.0,0.0,0,0.0,2.082311941039889e-16,G1,G3,2
G1_p0_w1_variable,G3_p2,10.0,1.0,1.0,0.0,0,0.0,1.3169697065304596e-16,G1,G3,2
G1_p0_w1_variable,G3_p2,0.0,1.0,1.0,0.0,0,0.0,1.6658495528319116e-16,G1,G3,2
G1_p0_w1_variable,G3_p2,-5.0,1.0,1.0,0.0,0,0.0,0.0,G1,G3,2
G1_p0_w1_variable,G3_p3,20.0,1.0,1.0,0.0,0,0.0,0.0,G1,G3,3
G1_p0_w1_variable,G3_p3,10.0,1.0,1.0,0.0,0,0.0,1.3169697065487984e-16,G1,G3,3
G1_p0_w1_variable,G3_p3,0.0,1.0,1.0,0.0,0,0.0,1.6658495528551083e-16,G1,G3,3
G1_p0_w1_variable,G3_p3,-5.0,0.9743589743589745,1.0,0.0256410256410256,0,0.0256410256410256,0.0,G1,G3,3
G1_p0_w1_variable,G3_p4,20.0,1.0,1.0,0.0,0,0.0,0.0,G1,G3,4
G1_p0_w1_variable,G3_p4,10.0,1.0,1.0,0.0,0,0.0,0.0,G1,G3,4
G1_p0_w1_variable,G3_p4,0.0,0.9473684210526316,1.0,0.0526315789473684,1,0.05,0.0,G1,G3,4
G1_p0_w1_variable,G3_p4,-5.0,0.8372093023255814,0.926829268292683,0.0896199659671015,0,0.0465116279069767,0.0,G1,G3,4
G1_p0_w1_variable,G4_p1,20.0,1.0,1.0,0.0,0,0.0,0.0,G1,G4,1
G1_p0_w1_variable,G4_p1,10.0,0.9743589743589745,1.0,0.0256410256410256,0,0.0,0.0,G1,G4,1
G1_p0_w1_variable,G4_p1,0.0,0.8292682926829268,0.8780487804878049,0.048780487804878,0,0.1053215077605321,0.0,G1,G4,1
G1_p0_w1_variable,G4_p1,-5.0,0.65,0.7727272727272727,0.1227272727272726,0,0.1462450592885376,1.8735520903748323e-16,G1,G4,1
G1_p0_w1_variable,G4_p2,20.0,1.0,1.0,0.0,0,0.0,2.0823119411039447e-16,G1,G4,2
G1_p0_w1_variable,G4_p2,10.0,1.0,1.0,0.0,0,0.0,0.0,G1,G4,2
G1_p0_w1_variable,G4_p2,0.0,0.926829268292683,1.0,0.073170731707317,1,0.0475297060662913,1.6658495528831558e-16,G1,G4,2
G1_p0_w1_variable,G4_p2,-5.0,0.7391304347826086,0.8095238095238095,0.0703933747412008,0,0.0349206349206349,1.873552090272129e-16,G1,G4,2
G1_p0_w1_variable,G4_p3,20.0,1.0,1.0,0.0,0,0.0,0.0,G1,G4,3
G1_p0_w1_variable,G4_p3,10.0,1.0,1.0,0.0,0,0.0,1.3169697065383247e-16,G1,G4,3
G1_p0_w1_variable,G4_p3,0.0,0.9743589743589745,1.0,0.0256410256410256,0,0.0256410256410256,1.6658495528418611e-16,G1,G4,3
G1_p0_w1_variable,G4_p3,-5.0,0.9473684210526316,0.9743589743589745,0.0269905533063428,1,0.0269905533063428,0.0,G1,G4,3
G1_p0_w1_variable,G4_p4,20.0,1.0,1.0,0.0,0,0.0,0.0,G1,G4,4
G1_p0_w1_variable,G4_p4,10.0,1.0,1.0,0.0,0,0.0,1.3169697065723735e-16,G1,G4,4
G1_p0_w1_variable,G4_p4,0.0,0.9047619047619048,0.9743589743589745,0.0695970695970695,1,0.1162790697674418,1.665849552884929e-16,G1,G4,4
G1_p0_w1_variable,G4_p4,-5.0,0.7391304347826086,0.8837209302325582,0.1445904954499495,0,0.1053140096618358,1.8735520902741228e-16,G1,G4,4
G1_p0_w2_regular,G1_p1,20.0,1.0,1.0,0.0,0,0.0,2.085722192975661e-16,G1,G1,1
G1_p0_w2_regular,G1_p1,10.0,1.0,1.0,0.0,0,0.0,0.0,G1,G1,1
G1_p0_w2_regular,G1_p1,0.0,0.9302325581395348,1.0,0.0697674418604651,1,0.0634920634920634,0.0,G1,G1,1
G1_p0_w2_regular,G1_p1,-5.0,0.7391304347826086,0.8444444444444444,0.1053140096618358,0,0.0444444444444444,1.8766204511629671e-16,G1,G1,1
G1_p0_w2_regular,G1_p2,20.0,1.0,1.0,0.0,0,0.0,0.0,G1,G1,2
G1_p0_w2_regular,G1_p2,10.0,1.0,1.0,0.0,0,0.0,0.0,G1,G1,2
G1_p0_w2_regular,G1_p2,0.0,0.975609756097561,0.975609756097561,0.0,0,0.0232288037166086,0.0,G1,G1,2
G1_p0_w2_regular,G1_p2,-5.0,0.8571428571428571,0.975609756097561,0.1184668989547038,1,0.0519480519480519,0.0,G1,G1,2
G1_p0_w2_regular,G1_p3,20.0,1.0,1.0,0.0,0,0.0,2.085722192884713e-16,G1,G1,3
G1_p0_w2_regular,G1_p3,10.0,1.0,1.0,0.0,0,0.0,0.0,G1,G1,3
G1_p0_w2_regular,G1_p3,0.0,1.0,1.0,0.0,0,0.0,0.0,G1,G1,3
G1_p0_w2_regular,G1_p3,-5.0,0.9302325581395348,0.9523809523809524,0.0221483942414174,1,0.0211416490486258,0.0,G1,G1,3
G1_p0_w2_regular,G1_p4,20.0,1.0,1.0,0.0,0,0.0,0.0,G1,G1,4
G1_p0_w2_regular,G1_p4,10.0,0.9523809523809524,1.0,0.0476190476190476,0,0.0,0.0,G1,G1,4
G1_p0_w2_regular,G1_p4,0.0,0.7727272727272727,0.8571428571428571,0.0844155844155843,0,0.0888888888888889,0.0,G1,G1,4
G1_p0_w2_regular,G1_p4,-5.0,0.064516129032258,0.2941176470588235,0.2296015180265654,0,0.0621521335807049,0.0,G1,G1,4
G1_p0_w2_regular,G2_p1,20.0,1.0,1.0,0.0,0,0.0,0.0,G1,G2,1
G1_p0_w2_regular,G2_p1,10.0,1.0,1.0,0.0,0,0.024390243902439,0.0,G1,G2,1
G1_p0_w2_regular,G2_p1,0.0,0.8372093023255814,0.975609756097561,0.1384004537719795,1,0.1422764227642275,0.0,G1,G2,1
G1_p0_w2_regular,G2_p1,-5.0,0.7317073170731707,0.975609756097561,0.2439024390243902,1,0.1932367149758453,0.0,G1,G2,1
G1_p0_w2_regular,G2_p2,20.0,1.0,1.0,0.0,0,0.0,0.0,G1,G2,2
G1_p0_w2_regular,G2_p2,10.0,1.0,1.0,0.0,0,0.0,0.0,G1,G2,2
G1_p0_w2_regular,G2_p2,0.0,0.95,1.0,0.05,0,0.025609756097561,0.0,G1,G2,2
G1_p0_w2_regular,G2_p2,-5.0,0.8837209302325582,0.9302325581395348,0.0465116279069767,0,0.1119733924611973,1.8766204510500003e-16,G1,G2,2
G1_p0_w2_regular,G2_p3,20.0,1.0,1.0,0.0,0,0.0,0.0,G1,G2,3
G1_p0_w2_regular,G2_p3,10.0,1.0,1.0,0.0,0,0.0,2.638253078395462e-16,G1,G2,3
G1_p0_w2_regular,G2_p3,0.0,0.9302325581395348,1.0,0.0697674418604651,1,0.0697674418604651,0.0,G1,G2,3
G1_p0_w2_regular,G2_p3,-5.0,0.8181818181818182,0.9523809523809524,0.1341991341991341,1,0.1195652173913043,0.0,G1,G2,3
G1_p0_w2_regular,G2_p4,20.0,1.0,1.0,0.0,0,0.0,2.0857221928404084e-16,G1,G2,4
G1_p0_w2_regular,G2_p4,10.0,0.9523809523809524,1.0,0.0476190476190476,0,0.0476190476190476,0.0,G1,G2,4
G1_p0_w2_regular,G2_p4,0.0,0.7142857142857143,0.8837209302325582,0.1694352159468438,0,0.1080808080808081,0.0,G1,G2,4
G1_p0_w2_regular,G2_p4,-5.0,0.1333333333333333,0.4848484848484848,0.3515151515151515,0,0.0861111111111111,0.0,G1,G2,4
G1_p0_w2_regular,G3_p1,20.0,1.0,1.0,0.0,0,0.0,0.0,G1,G3,1
G1_p0_w2_regular,G3_p1,10.0,1.0,1.0,0.0,0,0.024390243902439,1.3191265392407646e-16,G1,G3,1
G1_p0_w2_regular,G3_p1,0.0,0.8444444444444444,0.926829268292683,0.0823848238482385,0,0.0392764857881137,0.0,G1,G3,1
G1_p0_w2_regular,G3_p1,-5.0,0.6363636363636364,0.8292682926829268,0.1929046563192904,0,0.2094861660079051,0.0,G1,G3,1
G1_p0_w2_regular,G3_p2,20.0,1.0,1.0,0.0,0,0.0,0.0,G1,G3,2
G1_p0_w2_regular,G3_p2,10.0,1.0,1.0,0.0,0,0.0,0.0,G1,G3,2
G1_p0_w2_regular,G3_p2,0.0,1.0,1.0,0.0,0,0.0,1.6685777542541106e-16,G1,G3,2
G1_p0_w2_regular,G3_p2,-5.0,1.0,1.0,0.0,0,0.0,1.876620451020787e-16,G1,G3,2
G1_p0_w2_regular,G3_p3,20.0,1.0,1.0,0.0,0,0.0,0.0,G1,G3,3
G1_p0_w2_regular,G3_p3,10.0,1.0,1.0,0.0,0,0.0,2.638253078302587e-16,G1,G3,3
G1_p0_w2_regular,G3_p3,0.0,1.0,1.0,0.0,0,0.0,1.6685777542773455e-16,G1,G3,3
G1_p0_w2_regular,G3_p3,-5.0,0.975609756097561,1.0,0.024390243902439,0,0.024390243902439,0.0,G1,G3,3
G1_p0_w2_regular,G3_p4,20.0,1.0,1.0,0.0,0,0.0,2.0857221928795398e-16,G1,G3,4
G1_p0_w2_regular,G3_p4,10.0,1.0,1.0,0.0,0,0.0,2.638253078344149e-16,G1,G3,4
G1_p0_w2_regular,G3_p4,0.0,0.975609756097561,1.0,0.024390243902439,0,0.024390243902439,1.668577754303632e-16,G1,G3,4
G1_p0_w2_regular,G3_p4,-5.0,0.8837209302325582,0.9302325581395348,0.0465116279069767,0,0.0686600221483941,0.0,G1,G3,4
G1_p0_w2_regular,G4_p1,20.0,1.0,1.0,0.0,0,0.0,2.0857221929961322e-16,G1,G4,1
G1_p0_w2_regular,G4_p1,10.0,1.0,1.0,0.0,0,0.0,1.3191265392458142e-16,G1,G4,1
G1_p0_w2_regular,G4_p1,0.0,0.8095238095238095,1.0,0.1904761904761904,1,0.2272727272727273,0.0,G1,G4,1
G1_p0_w2_regular,G4_p1,-5.0,0.6511627906976745,0.8947368421052632,0.2435740514075887,0,0.1159420289855073,0.0,G1,G4,1
G1_p0_w2_regular,G4_p2,20.0,1.0,1.0,0.0,0,0.0,0.0,G1,G4,2
G1_p0_w2_regular,G4_p2,10.0,1.0,1.0,0.0,0,0.0,0.0,G1,G4,2
G1_p0_w2_regular,G4_p2,0.0,0.975609756097561,1.0,0.024390243902439,0,0.024390243902439,0.0,G1,G4,2
G1_p0_w2_regular,G4_p2,-5.0,0.8636363636363636,0.9302325581395348,0.0665961945031712,0,0.0707070707070706,0.0,G1,G4,2
G1_p0_w2_regular,G4_p3,20.0,1.0,1.0,0.0,0,0.0,0.0,G1,G4,3
G1_p0_w2_regular,G4_p3,10.0,1.0,1.0,0.0,0,0.0,0.0,G1,G4,3
G1_p0_w2_regular,G4_p3,0.0,0.975609756097561,1.0,0.024390243902439,0,0.024390243902439,1.668577754264076e-16,G1,G4,3
G1_p0_w2_regular,G4_p3,-5.0,0.975609756097561,1.0,0.024390243902439,0,0.024390243902439,0.0,G1,G4,3
G1_p0_w2_regular,G4_p4,20.0,1.0,1.0,0.0,0,0.0,0.0,G1,G4,4
G1_p0_w2_regular,G4_p4,10.0,1.0,1.0,0.0,0,0.0,0.0,G1,G4,4
G1_p0_w2_regular,G4_p4,0.0,0.9302325581395348,0.975609756097561,0.045377197958026,1,0.045377197958026,0.0,G1,G4,4
G1_p0_w2_regular,G4_p4,-5.0,0.8085106382978723,0.8695652173913043,0.061054579093432,0,0.0777777777777778,0.0,G1,G4,4
G1_p0_w2_variable,G1_p1,20.0,1.0,1.0,0.0,0,0.0,0.0,G1,G1,1
G1_p0_w2_variable,G1_p1,10.0,1.0,1.0,0.0,0,0.0,0.0,G1,G1,1
G1_p0_w2_variable,G1_p1,0.0,0.9090909090909092,1.0,0.0909090909090909,1,0.1111111111111111,0.0,G1,G1,1
G1_p0_w2_variable,G1_p1,-5.0,0.7755102040816326,0.8095238095238095,0.0340136054421769,0,0.1904761904761904,0.0,G1,G1,1
G1_p0_w2_variable,G1_p2,20.0,1.0,1.0,0.0,0,0.0,0.0,G1,G1,2
G1_p0_w2_variable,G1_p2,10.0,1.0,1.0,0.0,0,0.0,0.0,G1,G1,2
G1_p0_w2_variable,G1_p2,0.0,0.95,1.0,0.05,0,0.025609756097561,0.0,G1,G1,2
G1_p0_w2_variable,G1_p2,-5.0,0.8095238095238095,0.95,0.1404761904761904,1,0.1361315938740783,0.0,G1,G1,2
G1_p0_w2_variable,G1_p3,20.0,1.0,1.0,0.0,0,0.0,0.0,G1,G1,3
G1_p0_w2_variable,G1_p3,10.0,1.0,1.0,0.0,0,0.0,1.2859906489150735e-16,G1,G1,3
G1_p0_w2_variable,G1_p3,0.0,1.0,1.0,0.0,0,0.024390243902439,0.0,G1,G1,3
G1_p0_w2_variable,G1_p3,-5.0,0.8695652173913043,0.975609756097561,0.1060445387062566,1,0.082815734989648,1.829480553974615e-16,G1,G1,3
G1_p0_w2_variable,G1_p4,20.0,1.0,1.0,0.0,0,0.0,0.0,G1,G1,4
G1_p0_w2_variable,G1_p4,10.0,0.975609756097561,1.0,0.024390243902439,0,0.024390243902439,0.0,G1,G1,4
G1_p0_w2_variable,G1_p4,0.0,0.7441860465116279,0.8571428571428571,0.1129568106312292,0,0.105813953488372,1.6266638000592035e-16,G1,G1,4
G1_p0_w2_variable,G1_p4,-5.0,0.0666666666666666,0.3870967741935484,0.3204301075268817,0,0.1233766233766233,1.8294805539289227e-16,G1,G1,4
G1_p0_w2_variable,G2_p1,20.0,1.0,1.0,0.0,0,0.0,2.0333297502123246e-16,G1,G2,1
G1_p0_w2_variable,G2_p1,10.0,1.0,1.0,0.0,0,0.0,0.0,G1,G2,1
G1_p0_w2_variable,G2_p1,0.0,0.8780487804878049,0.926829268292683,0.048780487804878,0,0.0896199659671015,1.62666380016986e-16,G1,G2,1
G1_p0_w2_variable,G2_p1,-5.0,0.6818181818181818,0.8571428571428571,0.1753246753246753,0,0.152399802078179,0.0,G1,G2,1
G1_p0_w2_variable,G2_p2,20.0,1.0,1.0,0.0,0,0.0,0.0,G1,G2,2
G1_p0_w2_variable,G2_p2,10.0,1.0,1.0,0.0,0,0.0,0.0,G1,G2,2
G1_p0_w2_variable,G2_p2,0.0,0.975609756097561,0.975609756097561,0.0,0,0.0,0.0,G1,G2,2
G1_p0_w2_variable,G2_p2,-5.0,0.8780487804878049,0.975609756097561,0.097560975609756,1,0.1184668989547038,1.8294805539442604e-16,G1,G2,2
G1_p0_w2_variable,G2_p3,20.0,1.0,1.0,0.0,0,0.0,0.0,G1,G2,3
G1_p0_w2_variable,G2_p3,10.0,1.0,1.0,0.0,0,0.0,1.2859906489368956e-16,G1,G2,3
G1_p0_w2_variable,G2_p3,0.0,0.95,1.0,0.05,0,0.0476190476190476,0.0,G1,G2,3
G1_p0_w2_variable,G2_p3,-5.0,0.7619047619047619,0.9047619047619048,0.1428571428571429,0,0.1047619047619047,1.8294805540056594e-16,G1,G2,3
G1_p0_w2_variable,G2_p4,20.0,1.0,1.0,0.0,0,0.0,0.0,G1,G2,4
G1_p0_w2_variable,G2_p4,10.0,0.9523809523809524,1.0,0.0476190476190476,0,0.0476190476190476,1.2859906488877567e-16,G1,G2,4
G1_p0_w2_variable,G2_p4,0.0,0.7619047619047619,0.8,0.0380952380952381,0,0.0822510822510822,0.0,G1,G2,4
G1_p0_w2_variable,G2_p4,-5.0,0.0666666666666666,0.4375,0.3708333333333333,0,0.0711462450592885,0.0,G1,G2,4
G1_p0_w2_variable,G3_p1,20.0,1.0,1.0,0.0,0,0.0,0.0,G1,G3,1
G1_p0_w2_variable,G3_p1,10.0,1.0,1.0,0.0,0,0.0,1.2859906489788484e-16,G1,G3,1
G1_p0_w2_variable,G3_p1,0.0,0.8095238095238095,0.8372093023255814,0.0276854928017719,0,0.0562770562770563,0.0,G1,G3,1
G1_p0_w2_variable,G3_p1,-5.0,0.5581395348837209,0.7727272727272727,0.2145877378435517,0,0.1581868640148012,1.8294805540653424e-16,G1,G3,1
G1_p0_w2_variable,G3_p2,20.0,1.0,1.0,0.0,0,0.0,0.0,G1,G3,2
G1_p0_w2_variable,G3_p2,10.0,1.0,1.0,0.0,0,0.0,0.0,G1,G3,2
G1_p0_w2_variable,G3_p2,0.0,1.0,1.0,0.0,0,0.0,1.6266638000475178e-16,G1,G3,2
G1_p0_w2_variable,G3_p2,-5.0,1.0,1.0,0.0,0,0.0,1.8294805539157803e-16,G1,G3,2
G1_p0_w2_variable,G3_p3,20.0,1.0,1.0,0.0,0,0.0,0.0,G1,G3,3
G1_p0_w2_variable,G3_p3,10.0,1.0,1.0,0.0,0,0.0,1.2859906488916248e-16,G1,G3,3
G1_p0_w2_variable,G3_p3,0.0,1.0,1.0,0.0,0,0.024390243902439,0.0,G1,G3,3
G1_p0_w2_variable,G3_p3,-5.0,0.95,1.0,0.05,0,0.05,0.0,G1,G3,3
G1_p0_w2_variable,G3_p4,20.0,1.0,1.0,0.0,0,0.0,0.0,G1,G3,4
G1_p0_w2_variable,G3_p4,10.0,1.0,1.0,0.0,0,0.0,0.0,G1,G3,4
G1_p0_w2_variable,G3_p4,0.0,0.975609756097561,1.0,0.024390243902439,0,0.0476190476190476,0.0,G1,G3,4
G1_p0_w2_variable,G3_p4,-5.0,0.7727272727272727,0.9090909090909092,0.1363636363636363,0,0.0888888888888888,0.0,G1,G3,4
G1_p0_w2_variable,G4_p1,20.0,1.0,1.0,0.0,0,0.0,2.033329750233408e-16,G1,G4,1
G1_p0_w2_variable,G4_p1,10.0,0.975609756097561,1.0,0.024390243902439,0,0.024390243902439,0.0,G1,G4,1
G1_p0_w2_variable,G4_p1,0.0,0.8095238095238095,0.9047619047619048,0.0952380952380952,0,0.0685249709639953,0.0,G1,G4,1
G1_p0_w2_variable,G4_p1,-5.0,0.5777777777777777,0.7142857142857143,0.1365079365079365,0,0.1097308488612835,1.829480554072346e-16,G1,G4,1
G1_p0_w2_variable,G4_p2,20.0,1.0,1.0,0.0,0,0.0,0.0,G1,G4,2
G1_p0_w2_variable,G4_p2,10.0,1.0,1.0,0.0,0,0.0,0.0,G1,G4,2
G1_p0_w2_variable,G4_p2,0.0,0.9523809523809524,1.0,0.0476190476190476,0,0.0476190476190476,0.0,G1,G4,2
G1_p0_w2_variable,G4_p2,-5.0,0.8260869565217391,0.926829268292683,0.1007423117709438,0,0.0757575757575756,0.0,G1,G4,2
G1_p0_w2_variable,G4_p3,20.0,1.0,1.0,0.0,0,0.0,0.0,G1,G4,3
G1_p0_w2_variable,G4_p3,10.0,1.0,1.0,0.0,0,0.0,1.2859906488813975e-16,G1,G4,3
G1_p0_w2_variable,G4_p3,0.0,0.975609756097561,1.0,0.024390243902439,0,0.024390243902439,1.6266638000572326e-16,G1,G4,3
G1_p0_w2_variable,G4_p3,-5.0,0.975609756097561,1.0,0.024390243902439,0,0.024390243902439,0.0,G1,G4,3
G1_p0_w2_variable,G4_p4,20.0,1.0,1.0,0.0,0,0.0,0.0,G1,G4,4
G1_p0_w2_variable,G4_p4,10.0,1.0,1.0,0.0,0,0.0,1.285990648914645e-16,G1,G4,4
G1_p0_w2_variable,G4_p4,0.0,0.9090909090909092,1.0,0.0909090909090909,1,0.0665188470066519,0.0,G1,G4,4
G1_p0_w2_variable,G4_p4,-5.0,0.7111111111111111,0.8695652173913043,0.1584541062801931,0,0.0833333333333333,0.0,G1,G4,4
G1_p0_w3_regular,G1_p1,20.0,1.0,1.0,0.0,0,0.0,2.136504211739097e-16,G1,G1,1
G1_p0_w3_regular,G1_p1,10.0,1.0,1.0,0.0,0,0.0,0.0,G1,G1,1
G1_p0_w3_regular,G1_p1,0.0,0.95,0.9743589743589745,0.0243589743589743,0,0.0475297060662913,0.0,G1,G1,1
G1_p0_w3_regular,G1_p1,-5.0,0.6521739130434783,0.8372093023255814,0.1850353892821031,0,0.1739130434782608,0.0,G1,G1,1
G1_p0_w3_regular,G1_p2,20.0,1.0,1.0,0.0,0,0.0,2.136504211640832e-16,G1,G1,2
G1_p0_w3_regular,G1_p2,10.0,1.0,1.0,0.0,0,0.0,0.0,G1,G1,2
G1_p0_w3_regular,G1_p2,0.0,0.95,1.0,0.05,0,0.05,0.0,G1,G1,2
G1_p0_w3_regular,G1_p2,-5.0,0.8292682926829268,0.9,0.0707317073170732,0,0.1173054587688734,0.0,G1,G1,2
G1_p0_w3_regular,G1_p3,20.0,1.0,1.0,0.0,0,0.0,0.0,G1,G1,3
G1_p0_w3_regular,G1_p3,10.0,1.0,1.0,0.0,0,0.0,1.351243907868719e-16,G1,G1,3
G1_p0_w3_regular,G1_p3,0.0,1.0,1.0,0.0,0,0.0256410256410256,1.7092033693167481e-16,G1,G1,3
G1_p0_w3_regular,G1_p3,-5.0,0.9230769230769232,0.9743589743589745,0.0512820512820512,1,0.0662790697674418,0.0,G1,G1,3
G1_p0_w3_regular,G1_p4,20.0,1.0,1.0,0.0,0,0.0,0.0,G1,G1,4
G1_p0_w3_regular,G1_p4,10.0,0.9743589743589745,1.0,0.0256410256410256,0,0.0256410256410256,0.0,G1,G1,4
G1_p0_w3_regular,G1_p4,0.0,0.75,0.926829268292683,0.1768292682926829,0,0.1657722122838402,0.0,G1,G1,4
G1_p0_w3_regular,G1_p4,-5.0,0.2142857142857142,0.4375,0.2232142857142857,0,0.0568181818181817,0.0,G1,G1,4
G1_p0_w3_regular,G2_p1,20.0,1.0,1.0,0.0,0,0.0,0.0,G1,G2,1
G1_p0_w3_regular,G2_p1,10.0,1.0,1.0,0.0,0,0.0256410256410256,1.351243907926892e-16,G1,G2,1
G1_p0_w3_regular,G2_p1,0.0,0.8947368421052632,0.9743589743589745,0.0796221322537111,1,0.0755735492577597,0.0,G1,G2,1
G1_p0_w3_regular,G2_p1,-5.0,0.7,0.8,0.1,0,0.1488372093023255,0.0,G1,G2,1
G1_p0_w3_regular,G2_p2,20.0,1.0,1.0,0.0,0,0.0,2.1365042116104864e-16,G1,G2,2
G1_p0_w3_regular,G2_p2,10.0,1.0,1.0,0.0,0,0.0,0.0,G1,G2,2
G1_p0_w3_regular,G2_p2,0.0,0.9230769230769232,0.9743589743589745,0.0512820512820512,1,0.0512820512820512,0.0,G1,G2,2
G1_p0_w3_regular,G2_p2,-5.0,0.9,0.9743589743589745,0.0743589743589743,1,0.0963101938711694,1.9223113754108847e-16,G1,G2,2
G1_p0_w3_regular,G2_p3,20.0,1.0,1.0,0.0,0,0.0,2.1365042116821887e-16,G1,G2,3
G1_p0_w3_regular,G2_p3,10.0,1.0,1.0,0.0,0,0.0,0.0,G1,G2,3
G1_p0_w3_regular,G2_p3,0.0,0.9743589743589745,1.0,0.0256410256410256,0,0.0256410256410256,0.0,G1,G2,3
G1_p0_w3_regular,G2_p3,-5.0,0.8,0.8571428571428571,0.057142857142857,0,0.1301587301587301,0.0,G1,G2,3
G1_p0_w3_regular,G2_p4,20.0,1.0,1.0,0.0,0,0.0,0.0,G1,G2,4
G1_p0_w3_regular,G2_p4,10.0,0.95,1.0,0.05,0,0.05,0.0,G1,G2,4
G1_p0_w3_regular,G2_p4,0.0,0.7619047619047619,0.8,0.0380952380952381,0,0.1352549889135255,0.0,G1,G2,4
G1_p0_w3_regular,G2_p4,-5.0,0.2068965517241379,0.3870967741935484,0.1802002224694104,0,0.1656565656565657,0.0,G1,G2,4
G1_p0_w3_regular,G3_p1,20.0,1.0,1.0,0.0,0,0.0,0.0,G1,G3,1
G1_p0_w3_regular,G3_p1,10.0,0.9743589743589745,1.0,0.0256410256410256,0,0.0256410256410256,0.0,G1,G3,1
G1_p0_w3_regular,G3_p1,0.0,0.85,0.9743589743589745,0.1243589743589743,1,0.1173054587688734,1.709203369401511e-16,G1,G3,1
G1_p0_w3_regular,G3_p1,-5.0,0.6363636363636364,0.7619047619047619,0.1255411255411255,0,0.1913043478260869,0.0,G1,G3,1
G1_p0_w3_regular,G3_p2,20.0,1.0,1.0,0.0,0,0.0,2.1365042115772275e-16,G1,G3,2
G1_p0_w3_regular,G3_p2,10.0,1.0,1.0,0.0,0,0.0,0.0,G1,G3,2
G1_p0_w3_regular,G3_p2,0.0,1.0,1.0,0.0,0,0.0,0.0,G1,G3,2
G1_p0_w3_regular,G3_p2,-5.0,1.0,1.0,0.0,0,0.0,0.0,G1,G3,2
G1_p0_w3_regular,G3_p3,20.0,1.0,1.0,0.0,0,0.0,2.1365042116069782e-16,G1,G3,3
G1_p0_w3_regular,G3_p3,10.0,1.0,1.0,0.0,0,0.0,0.0,G1,G3,3
G1_p0_w3_regular,G3_p3,0.0,0.9743589743589745,1.0,0.0256410256410256,0,0.0256410256410256,0.0,G1,G3,3
G1_p0_w3_regular,G3_p3,-5.0,0.9473684210526316,1.0,0.0526315789473684,1,0.0526315789473684,0.0,G1,G3,3
G1_p0_w3_regular,G3_p4,20.0,1.0,1.0,0.0,0,0.0,2.1365042116406362e-16,G1,G3,4
G1_p0_w3_regular,G3_p4,10.0,1.0,1.0,0.0,0,0.0,2.702487815730735e-16,G1,G3,4
G1_p0_w3_regular,G3_p4,0.0,0.95,1.0,0.05,0,0.05,0.0,G1,G3,4
G1_p0_w3_regular,G3_p4,-5.0,0.8780487804878049,0.9743589743589745,0.0963101938711694,1,0.0662790697674418,1.9223113754380114e-16,G1,G3,4
G1_p0_w3_regular,G4_p1,20.0,1.0,1.0,0.0,0,0.0,0.0,G1,G4,1
G1_p0_w3_regular,G4_p1,10.0,0.9743589743589745,1.0,0.0256410256410256,0,0.05,1.3512439079409028e-16,G1,G4,1
G1_p0_w3_regular,G4_p1,0.0,0.7906976744186046,0.926829268292683,0.1361315938740783,0,0.0685249709639953,0.0,G1,G4,1
G1_p0_w3_regular,G4_p1,-5.0,0.5777777777777777,0.7555555555555555,0.1777777777777778,0,0.134479271991911,0.0,G1,G4,1
G1_p0_w3_regular,G4_p2,20.0,1.0,1.0,0.0,0,0.0,0.0,G1,G4,2
G1_p0_w3_regular,G4_p2,10.0,1.0,1.0,0.0,0,0.0,1.351243907866831e-16,G1,G4,2
G1_p0_w3_regular,G4_p2,0.0,0.95,1.0,0.05,0,0.05,0.0,G1,G4,2
G1_p0_w3_regular,G4_p2,-5.0,0.8,0.95,0.1499999999999999,1,0.1880952380952381,0.0,G1,G4,2
G1_p0_w3_regular,G4_p3,20.0,1.0,1.0,0.0,0,0.0,0.0,G1,G4,3
G1_p0_w3_regular,G4_p3,10.0,1.0,1.0,0.0,0,0.0,0.0,G1,G4,3
G1_p0_w3_regular,G4_p3,0.0,0.9743589743589745,1.0,0.0256410256410256,0,0.0256410256410256,0.0,G1,G4,3
G1_p0_w3_regular,G4_p3,-5.0,0.9743589743589745,1.0,0.0256410256410256,0,0.0256410256410256,0.0,G1,G4,3
G1_p0_w3_regular,G4_p4,20.0,1.0,1.0,0.0,0,0.0,0.0,G1,G4,4
G1_p0_w3_regular,G4_p4,10.0,1.0,1.0,0.0,0,0.0,1.3512439078682691e-16,G1,G4,4
G1_p0_w3_regular,G4_p4,0.0,0.95,0.9743589743589745,0.0243589743589743,0,0.0231707317073169,0.0,G1,G4,4
G1_p0_w3_regular,G4_p4,-5.0,0.7083333333333334,0.8636363636363636,0.1553030303030302,0,0.0944444444444444,1.9223113754421394e-16,G1,G4,4
G1_p0_w3_variable,G1_p1,20.0,1.0,1.0,0.0,0,0.0,2.0877304995341471e-16,G1,G1,1
G1_p0_w3_variable,G1_p1,10.0,1.0,1.0,0.0,0,0.0,0.0,G1,G1,1
G1_p0_w3_variable,G1_p1,0.0,0.926829268292683,0.975609756097561,0.0487804878048779,1,0.045377197958026,0.0,G1,G1,1
G1_p0_w3_variable,G1_p1,-5.0,0.7272727272727273,0.8444444444444444,0.1171717171717171,0,0.1932816537467699,0.0,G1,G1,1
G1_p0_w3_variable,G1_p2,20.0,1.0,1.0,0.0,0,0.0,0.0,G1,G1,2
G1_p0_w3_variable,G1_p2,10.0,1.0,1.0,0.0,0,0.0,1.3203967037650702e-16,G1,G1,2
G1_p0_w3_variable,G1_p2,0.0,0.95,1.0,0.05,0,0.0476190476190476,1.670184399550499e-16,G1,G1,2
G1_p0_w3_variable,G1_p2,-5.0,0.8571428571428571,0.926829268292683,0.0696864111498258,0,0.1120507399577166,0.0,G1,G1,2
G1_p0_w3_variable,G1_p3,20.0,1.0,1.0,0.0,0,0.0,0.0,G1,G1,3
G1_p0_w3_variable,G1_p3,10.0,1.0,1.0,0.0,0,0.0,0.0,G1,G1,3
G1_p0_w3_variable,G1_p3,0.0,0.975609756097561,1.0,0.024390243902439,0,0.024390243902439,0.0,G1,G1,3
G1_p0_w3_variable,G1_p3,-5.0,0.8888888888888888,0.9523809523809524,0.0634920634920634,1,0.041343669250646,0.0,G1,G1,3
G1_p0_w3_variable,G1_p4,20.0,1.0,1.0,0.0,0,0.0,2.0877304993909694e-16,G1,G1,4
G1_p0_w3_variable,G1_p4,10.0,0.9523809523809524,1.0,0.0476190476190476,0,0.0476190476190476,0.0,G1,G1,4
G1_p0_w3_variable,G1_p4,0.0,0.7555555555555555,0.9047619047619048,0.1492063492063492,0,0.0705314009661836,0.0,G1,G1,4
G1_p0_w3_variable,G1_p4,-5.0,0.1935483870967742,0.3888888888888889,0.1953405017921147,0,0.0571705426356589,1.8784274170685239e-16,G1,G1,4
G1_p0_w3_variable,G2_p1,20.0,1.0,1.0,0.0,0,0.0,0.0,G1,G2,1
G1_p0_w3_variable,G2_p1,10.0,1.0,1.0,0.0,0,0.0,1.3203967038250695e-16,G1,G2,1
G1_p0_w3_variable,G2_p1,0.0,0.8837209302325582,0.975609756097561,0.0918888258650028,1,0.1079365079365078,1.6701843996263924e-16,G1,G2,1
G1_p0_w3_variable,G2_p1,-5.0,0.7142857142857143,0.8636363636363636,0.1493506493506493,0,0.0888888888888889,0.0,G1,G2,1
G1_p0_w3_variable,G2_p2,20.0,1.0,1.0,0.0,0,0.0,2.087730499408471e-16,G1,G2,2
G1_p0_w3_variable,G2_p2,10.0,1.0,1.0,0.0,0,0.0,0.0,G1,G2,2
G1_p0_w3_variable,G2_p2,0.0,0.95,1.0,0.05,0,0.05,1.6701843995267775e-16,G1,G2,2
G1_p0_w3_variable,G2_p2,-5.0,0.8571428571428571,0.975609756097561,0.1184668989547038,1,0.1463414634146341,1.8784274170842708e-16,G1,G2,2
G1_p0_w3_variable,G2_p3,20.0,1.0,1.0,0.0,0,0.0,0.0,G1,G2,3
G1_p0_w3_variable,G2_p3,10.0,1.0,1.0,0.0,0,0.0,1.3203967037906303e-16,G1,G2,3
G1_p0_w3_variable,G2_p3,0.0,0.9523809523809524,1.0,0.0476190476190476,0,0.0697674418604651,1.6701843995828302e-16,G1,G2,3
G1_p0_w3_variable,G2_p3,-5.0,0.76,0.8372093023255814,0.0772093023255814,0,0.109750566893424,0.0,G1,G2,3
G1_p0_w3_variable,G2_p4,20.0,1.0,1.0,0.0,0,0.0,0.0,G1,G2,4
G1_p0_w3_variable,G2_p4,10.0,0.975609756097561,1.0,0.024390243902439,0,0.0476190476190476,0.0,G1,G2,4
G1_p0_w3_variable,G2_p4,0.0,0.6511627906976745,0.8444444444444444,0.1932816537467699,0,0.1932816537467699,0.0,G1,G2,4
G1_p0_w3_variable,G2_p4,-5.0,0.1212121212121212,0.4117647058823529,0.2905525846702317,0,0.1982608695652173,0.0,G1,G2,4
G1_p0_w3_variable,G3_p1,20.0,1.0,1.0,0.0,0,0.0,0.0,G1,G3,1
G1_p0_w3_variable,G3_p1,10.0,0.975609756097561,1.0,0.024390243902439,0,0.024390243902439,1.3203967038337058e-16,G1,G3,1
G1_p0_w3_variable,G3_p1,0.0,0.8181818181818182,0.95,0.1318181818181817,1,0.0786749482401656,1.6701843996373166e-16,G1,G3,1
G1_p0_w3_variable,G3_p1,-5.0,0.55,0.8444444444444444,0.2944444444444444,0,0.1456264775413712,1.8784274172085923e-16,G1,G3,1
G1_p0_w3_variable,G3_p2,20.0,1.0,1.0,0.0,0,0.0,0.0,G1,G3,2
G1_p0_w3_variable,G3_p2,10.0,1.0,1.0,0.0,0,0.0,1.320396703725762e-16,G1,G3,2
G1_p0_w3_variable,G3_p2,0.0,1.0,1.0,0.0,0,0.0,1.6701843995007776e-16,G1,G3,2
G1_p0_w3_variable,G3_p2,-5.0,1.0,1.0,0.0,0,0.0,0.0,G1,G3,2
G1_p0_w3_variable,G3_p3,20.0,1.0,1.0,0.0,0,0.0,2.0877304994050431e-16,G1,G3,3
G1_p0_w3_variable,G3_p3,10.0,1.0,1.0,0.0,0,0.0,1.3203967037441484e-16,G1,G3,3
G1_p0_w3_variable,G3_p3,0.0,1.0,1.0,0.0,0,0.0,1.6701843995240342e-16,G1,G3,3
G1_p0_w3_variable,G3_p3,-5.0,1.0,1.0,0.0,0,0.024390243902439,0.0,G1,G3,3
G1_p0_w3_variable,G3_p4,20.0,1.0,1.0,0.0,0,0.0,2.0877304994379322e-16,G1,G3,4
G1_p0_w3_variable,G3_p4,10.0,1.0,1.0,0.0,0,0.0,0.0,G1,G3,4
G1_p0_w3_variable,G3_p4,0.0,0.9523809523809524,1.0,0.0476190476190476,0,0.0476190476190476,0.0,G1,G3,4
G1_p0_w3_variable,G3_p4,-5.0,0.8372093023255814,0.9302325581395348,0.0930232558139534,0,0.0454545454545454,0.0,G1,G3,4
G1_p0_w3_variable,G4_p1,20.0,1.0,1.0,0.0,0,0.0,0.0,G1,G4,1
G1_p0_w3_variable,G4_p1,10.0,1.0,1.0,0.0,0,0.024390243902439,0.0,G1,G4,1
G1_p0_w3_variable,G4_p1,0.0,0.8095238095238095,0.9047619047619048,0.0952380952380952,0,0.1080808080808081,0.0,G1,G4,1
G1_p0_w3_variable,G4_p1,-5.0,0.5777777777777777,0.8,0.2222222222222223,0,0.1141304347826086,0.0,G1,G4,1
G1_p0_w3_variable,G4_p2,20.0,1.0,1.0,0.0,0,0.0,2.087730499440193e-16,G1,G4,2
G1_p0_w3_variable,G4_p2,10.0,1.0,1.0,0.0,0,0.0,0.0,G1,G4,2
G1_p0_w3_variable,G4_p2,0.0,0.975609756097561,1.0,0.024390243902439,0,0.0232288037166086,1.6701843995521551e-16,G1,G4,2
G1_p0_w3_variable,G4_p2,-5.0,0.8571428571428571,0.9047619047619048,0.0476190476190476,0,0.0434782608695651,0.0,G1,G4,2
G1_p0_w3_variable,G4_p3,20.0,1.0,1.0,0.0,0,0.0,0.0,G1,G4,3
G1_p0_w3_variable,G4_p3,10.0,1.0,1.0,0.0,0,0.0,0.0,G1,G4,3
G1_p0_w3_variable,G4_p3,0.0,1.0,1.0,0.0,0,0.024390243902439,1.670184399510752e-16,G1,G4,3
G1_p0_w3_variable,G4_p3,-5.0,0.95,1.0,0.05,0,0.05,0.0,G1,G4,3
G1_p0_w3_variable,G4_p4,20.0,1.0,1.0,0.0,0,0.0,0.0,G1,G4,4
G1_p0_w3_variable,G4_p4,10.0,1.0,1.0,0.0,0,0.0,0.0,G1,G4,4
G1_p0_w3_variable,G4_p4,0.0,0.9302325581395348,0.975609756097561,0.045377197958026,1,0.0232288037166086,0.0,G1,G4,4
G1_p0_w3_variable,G4_p4,-5.0,0.782608695652174,0.851063829787234,0.0684551341350601,0,0.131063829787234,1.878427417114812e-16,G1,G4,4
G1_p5_w0_regular,G1_p1,20.0,1.0,1.0,0.0,0,0.0,0.0,G1,G1,1
G1_p5_w0_regular,G1_p1,10.0,1.0,1.0,0.0,0,0.0,1.4625531779033487e-16,G1,G1,1
G1_p5_w0_regular,G1_p1,0.0,0.9545454545454546,1.0,0.0454545454545454,0,0.063700707785642,0.0,G1,G1,1
G1_p5_w0_regular,G1_p1,-5.0,0.8,0.8837209302325582,0.0837209302325581,0,0.099407204742362,0.0,G1,G1,1
G1_p5_w0_regular,G1_p2,20.0,1.0,1.0,0.0,0,0.0,0.0,G1,G1,2
G1_p5_w0_regular,G1_p2,10.0,1.0,1.0,0.0,0,0.0,1.4625531778360803e-16,G1,G1,2
G1_p5_w0_regular,G1_p2,0.0,0.9545454545454546,1.0,0.0454545454545454,0,0.0454545454545454,1.8499996964317236e-16,G1,G1,2
G1_p5_w0_regular,G1_p2,-5.0,0.8837209302325582,0.9545454545454546,0.0708245243128964,1,0.0496124031007751,0.0,G1,G1,2
G1_p5_w0_regular,G1_p3,20.0,1.0,1.0,0.0,0,0.0,1.156249810272589e-16,G1,G1,3
G1_p5_w0_regular,G1_p3,10.0,1.0,1.0,0.0,0,0.0,1.462553177839574e-16,G1,G1,3
G1_p5_w0_regular,G1_p3,0.0,1.0,1.0,0.0,0,0.0,1.8499996964361424e-16,G1,G1,3
G1_p5_w0_regular,G1_p3,-5.0,0.9767441860465116,0.9767441860465116,0.0,0,0.0666666666666666,2.0806625617912874e-16,G1,G1,3
G1_p5_w0_regular,G1_p4,20.0,1.0,1.0,0.0,0,0.0,0.0,G1,G1,4
G1_p5_w0_regular,G1_p4,10.0,0.9767441860465116,1.0,0.0232558139534884,0,0.0,0.0,G1,G1,4
G1_p5_w0_regular,G1_p4,0.0,0.75,0.8372093023255814,0.0872093023255814,0,0.097678916827853,1.8499996963899383e-16,G1,G1,4
G1_p5_w0_regular,G1_p4,-5.0,0.1714285714285714,0.6341463414634146,0.4627177700348432,0,0.075098814229249,2.0806625617393232e-16,G1,G1,4
G1_p5_w0_regular,G2_p1,20.0,1.0,1.0,0.0,0,0.0,0.0,G1,G2,1
G1_p5_w0_regular,G2_p1,10.0,1.0,1.0,0.0,0,0.0,1.4625531779025391e-16,G1,G2,1
G1_p5_w0_regular,G2_p1,0.0,0.9090909090909092,1.0,0.0909090909090909,1,0.0434108527131782,0.0,G1,G2,1
G1_p5_w0_regular,G2_p1,-5.0,0.8095238095238095,0.8571428571428571,0.0476190476190475,0,0.1264822134387351,2.0806625618808636e-16,G1,G2,1
G1_p5_w0_regular,G2_p2,20.0,1.0,1.0,0.0,0,0.0,1.1562498102534046e-16,G1,G2,2
G1_p5_w0_regular,G2_p2,10.0,1.0,1.0,0.0,0,0.0,0.0,G1,G2,2
G1_p5_w0_regular,G2_p2,0.0,0.9523809523809524,1.0,0.0476190476190476,0,0.0476190476190476,0.0,G1,G2,2
G1_p5_w0_regular,G2_p2,-5.0,0.9302325581395348,0.9523809523809524,0.0221483942414174,1,0.0465116279069767,0.0,G1,G2,2
G1_p5_w0_regular,G2_p3,20.0,1.0,1.0,0.0,0,0.0,1.1562498102922094e-16,G1,G2,3
G1_p5_w0_regular,G2_p3,10.0,1.0,1.0,0.0,0,0.0,1.4625531778643923e-16,G1,G2,3
G1_p5_w0_regular,G2_p3,0.0,0.975609756097561,1.0,0.024390243902439,0,0.0434108527131782,1.8499996964675351e-16,G1,G2,3
G1_p5_w0_regular,G2_p3,-5.0,0.8,0.9333333333333332,0.1333333333333333,0,0.1213768115942028,0.0,G1,G2,3
G1_p5_w0_regular,G2_p4,20.0,1.0,1.0,0.0,0,0.0,0.0,G1,G2,4
G1_p5_w0_regular,G2_p4,10.0,0.9767441860465116,1.0,0.0232558139534884,0,0.0,0.0,G1,G2,4
G1_p5_w0_regular,G2_p4,0.0,0.7555555555555555,0.8695652173913043,0.1140096618357487,0,0.061054579093432,1.849999696396845e-16,G1,G2,4
G1_p5_w0_regular,G2_p4,-5.0,0.2580645161290322,0.3636363636363636,0.1055718475073314,0,0.1377551020408163,2.0806625617470907e-16,G1,G2,4
G1_p5_w0_regular,G3_p1,20.0,1.0,1.0,0.0,0,0.0,0.0,G1,G3,1
G1_p5_w0_regular,G3_p1,10.0,0.9767441860465116,1.0,0.0232558139534884,0,0.0232558139534884,0.0,G1,G3,1
G1_p5_w0_regular,G3_p1,0.0,0.8837209302325582,0.9767441860465116,0.0930232558139534,1,0.0974025974025974,0.0,G1,G3,1
G1_p5_w0_regular,G3_p1,-5.0,0.6818181818181818,0.8085106382978723,0.1266924564796905,0,0.1555183946488294,0.0,G1,G3,1
G1_p5_w0_regular,G3_p2,20.0,1.0,1.0,0.0,0,0.0,1.1562498102354053e-16,G1,G3,2
G1_p5_w0_regular,G3_p2,10.0,1.0,1.0,0.0,0,0.0,1.46255317779254e-16,G1,G3,2
G1_p5_w0_regular,G3_p2,0.0,1.0,1.0,0.0,0,0.0,1.8499996963766483e-16,G1,G3,2
G1_p5_w0_regular,G3_p2,-5.0,1.0,1.0,0.0,0,0.0,0.0,G1,G3,2
G1_p5_w0_regular,G3_p3,20.0,1.0,1.0,0.0,0,0.0,0.0,G1,G3,3
G1_p5_w0_regular,G3_p3,10.0,1.0,1.0,0.0,0,0.0,1.4625531778129056e-16,G1,G3,3
G1_p5_w0_regular,G3_p3,0.0,1.0,1.0,0.0,0,0.0,0.0,G1,G3,3
G1_p5_w0_regular,G3_p3,-5.0,0.9767441860465116,1.0,0.0232558139534884,0,0.0232558139534884,0.0,G1,G3,3
G1_p5_w0_regular,G3_p4,20.0,1.0,1.0,0.0,0,0.0,1.156249810269721e-16,G1,G3,4
G1_p5_w0_regular,G3_p4,10.0,1.0,1.0,0.0,0,0.0,1.4625531778359462e-16,G1,G3,4
G1_p5_w0_regular,G3_p4,0.0,0.9767441860465116,1.0,0.0232558139534884,0,0.0232558139534884,0.0,G1,G3,4
G1_p5_w0_regular,G3_p4,-5.0,0.9090909090909092,0.9545454545454546,0.0454545454545455,1,0.0656565656565657,0.0,G1,G3,4
G1_p5_w0_regular,G4_p1,20.0,1.0,1.0,0.0,0,0.0,0.0,G1,G4,1
G1_p5_w0_regular,G4_p1,10.0,1.0,1.0,0.0,0,0.0,1.4625531779177038e-16,G1,G4,1
G1_p5_w0_regular,G4_p1,0.0,0.8936170212765957,0.9302325581395348,0.0366155368629391,0,0.0646464646464646,1.8499996965349692e-16,G1,G4,1
G1_p5_w0_regular,G4_p1,-5.0,0.7083333333333334,0.8636363636363636,0.1553030303030302,0,0.1427304964539006,0.0,G1,G4,1
G1_p5_w0_regular,G4_p2,20.0,1.0,1.0,0.0,0,0.0,1.156249810270973e-16,G1,G4,2
G1_p5_w0_regular,G4_p2,10.0,1.0,1.0,0.0,0,0.0,1.4625531778375304e-16,G1,G4,2
G1_p5_w0_regular,G4_p2,0.0,1.0,1.0,0.0,0,0.0232558139534884,0.0,G1,G4,2
G1_p5_w0_regular,G4_p2,-5.0,0.8888888888888888,0.9767441860465116,0.0878552971576227,1,0.0849802371541502,0.0,G1,G4,2
G1_p5_w0_regular,G4_p3,20.0,1.0,1.0,0.0,0,0.0,0.0,G1,G4,3
G1_p5_w0_regular,G4_p3,10.0,1.0,1.0,0.0,0,0.0,1.4625531778012748e-16,G1,G4,3
G1_p5_w0_regular,G4_p3,0.0,1.0,1.0,0.0,0,0.0,0.0,G1,G4,3
G1_p5_w0_regular,G4_p3,-5.0,0.9523809523809524,1.0,0.0476190476190476,0,0.0243632336655592,2.080662561736801e-16,G1,G4,3
G1_p5_w0_regular,G4_p4,20.0,1.0,1.0,0.0,0,0.0,0.0,G1,G4,4
G1_p5_w0_regular,G4_p4,10.0,1.0,1.0,0.0,0,0.0,0.0,G1,G4,4
G1_p5_w0_regular,G4_p4,0.0,0.9767441860465116,1.0,0.0232558139534884,0,0.0454545454545454,0.0,G1,G4,4
G1_p5_w0_regular,G4_p4,-5.0,0.8695652173913043,0.9302325581395348,0.0606673407482305,0,0.0425531914893616,2.0806625617905947e-16,G1,G4,4
G1_p5_w0_variable,G1_p1,20.0,1.0,1.0,0.0,0,0.0,0.0,G1,G1,1
G1_p5_w0_variable,G1_p1,10.0,1.0,1.0,0.0,0,0.0,0.0,G1,G1,1
G1_p5_w0_variable,G1_p1,0.0,0.9777777777777776,1.0,0.0222222222222222,0,0.0434782608695651,0.0,G1,G1,1
G1_p5_w0_variable,G1_p1,-5.0,0.8085106382978723,0.8936170212765957,0.0851063829787234,0,0.0664893617021277,0.0,G1,G1,1
G1_p5_w0_variable,G1_p2,20.0,1.0,1.0,0.0,0,0.0,1.1786708560329759e-16,G1,G1,2
G1_p5_w0_variable,G1_p2,10.0,1.0,1.0,0.0,0,0.0,1.490913806689848e-16,G1,G1,2
G1_p5_w0_variable,G1_p2,0.0,0.9333333333333332,1.0,0.0666666666666666,1,0.0638297872340425,1.8858733696527622e-16,G1,G1,2
G1_p5_w0_variable,G1_p2,-5.0,0.8444444444444444,0.9361702127659576,0.091725768321513,0,0.0444444444444445,0.0,G1,G1,2
G1_p5_w0_variable,G1_p3,20.0,1.0,1.0,0.0,0,0.0,0.0,G1,G1,3
G1_p5_w0_variable,G1_p3,10.0,1.0,1.0,0.0,0,0.0,0.0,G1,G1,3
G1_p5_w0_variable,G1_p3,0.0,1.0,1.0,0.0,0,0.0,0.0,G1,G1,3
G1_p5_w0_variable,G1_p3,-5.0,0.9130434782608696,1.0,0.0869565217391304,1,0.0638297872340425,0.0,G1,G1,3
G1_p5_w0_variable,G1_p4,20.0,1.0,1.0,0.0,0,0.0,1.178670856006354e-16,G1,G1,4
G1_p5_w0_variable,G1_p4,10.0,1.0,1.0,0.0,0,0.0222222222222222,0.0,G1,G1,4
G1_p5_w0_variable,G1_p4,0.0,0.782608695652174,0.875,0.092391304347826,0,0.0936170212765956,0.0,G1,G1,4
G1_p5_w0_variable,G1_p4,-5.0,0.2941176470588235,0.55,0.2558823529411765,0,0.0699999999999999,0.0,G1,G1,4
G1_p5_w0_variable,G2_p1,20.0,1.0,1.0,0.0,0,0.0,0.0,G1,G2,1
G1_p5_w0_variable,G2_p1,10.0,1.0,1.0,0.0,0,0.0,0.0,G1,G2,1
G1_p5_w0_variable,G2_p1,0.0,0.9130434782608696,0.9777777777777776,0.0647342995169082,1,0.0647342995169082,0.0,G1,G2,1
G1_p5_w0_variable,G2_p1,-5.0,0.8085106382978723,0.8571428571428571,0.0486322188449848,0,0.0682624113475176,2.1210090597598248e-16,G1,G2,1
G1_p5_w0_variable,G2_p2,20.0,1.0,1.0,0.0,0,0.0,0.0,G1,G2,2
G1_p5_w0_variable,G2_p2,10.0,1.0,1.0,0.0,0,0.0,0.0,G1,G2,2
G1_p5_w0_variable,G2_p2,0.0,0.9777777777777776,1.0,0.0222222222222222,0,0.0222222222222222,0.0,G1,G2,2
G1_p5_w0_variable,G2_p2,-5.0,0.9333333333333332,0.9777777777777776,0.0444444444444444,1,0.0647342995169082,0.0,G1,G2,2
G1_p5_w0_variable,G2_p3,20.0,1.0,1.0,0.0,0,0.0,1.1786708560557927e-16,G1,G2,3
G1_p5_w0_variable,G2_p3,10.0,1.0,1.0,0.0,0,0.0,1.490913806718709e-16,G1,G2,3
G1_p5_w0_variable,G2_p3,0.0,0.9565217391304348,1.0,0.0434782608695651,0,0.0434782608695651,0.0,G1,G2,3
G1_p5_w0_variable,G2_p3,-5.0,0.8888888888888888,0.9361702127659576,0.0472813238770686,0,0.093776641091219,2.1210090597045042e-16,G1,G2,3
G1_p5_w0_variable,G2_p4,20.0,1.0,1.0,0.0,0,0.0,1.1786708560107544e-16,G1,G2,4
G1_p5_w0_variable,G2_p4,10.0,0.9777777777777776,1.0,0.0222222222222222,0,0.0222222222222222,1.4909138066617395e-16,G1,G2,4
G1_p5_w0_variable,G2_p4,0.0,0.7727272727272727,0.8333333333333334,0.0606060606060606,0,0.0760869565217391,1.8858733696172075e-16,G1,G2,4
G1_p5_w0_variable,G2_p4,-5.0,0.1875,0.3428571428571428,0.1553571428571428,0,0.0960884353741496,2.121009059623459e-16,G1,G2,4
G1_p5_w0_variable,G3_p1,20.0,1.0,1.0,0.0,0,0.0,1.1786708560942442e-16,G1,G3,1
G1_p5_w0_variable,G3_p1,10.0,1.0,1.0,0.0,0,0.0,1.490913806767347e-16,G1,G3,1
G1_p5_w0_variable,G3_p1,0.0,0.8888888888888888,0.9130434782608696,0.0241545893719806,0,0.0194264569842738,0.0,G1,G3,1
G1_p5_w0_variable,G3_p1,-5.0,0.7272727272727273,0.8936170212765957,0.1663442940038684,0,0.1079931972789115,2.1210090597736974e-16,G1,G3,1
G1_p5_w0_variable,G3_p2,20.0,1.0,1.0,0.0,0,0.0,1.1786708559978866e-16,G1,G3,2
G1_p5_w0_variable,G3_p2,10.0,1.0,1.0,0.0,0,0.0,0.0,G1,G3,2
G1_p5_w0_variable,G3_p2,0.0,1.0,1.0,0.0,0,0.0,1.8858733695966187e-16,G1,G3,2
G1_p5_w0_variable,G3_p2,-5.0,1.0,1.0,0.0,0,0.0,2.1210090596003036e-16,G1,G3,2
G1_p5_w0_variable,G3_p3,20.0,1.0,1.0,0.0,0,0.0,1.178670856014299e-16,G1,G3,3
G1_p5_w0_variable,G3_p3,10.0,1.0,1.0,0.0,0,0.0,1.4909138066662242e-16,G1,G3,3
G1_p5_w0_variable,G3_p3,0.0,1.0,1.0,0.0,0,0.0,1.8858733696228796e-16,G1,G3,3
G1_p5_w0_variable,G3_p3,-5.0,0.9777777777777776,1.0,0.0222222222222222,0,0.0222222222222222,0.0,G1,G3,3
G1_p5_w0_variable,G3_p4,20.0,1.0,1.0,0.0,0,0.0,1.1786708560328681e-16,G1,G3,4
G1_p5_w0_variable,G3_p4,10.0,1.0,1.0,0.0,0,0.0,1.490913806689711e-16,G1,G3,4
G1_p5_w0_variable,G3_p4,0.0,0.9777777777777776,1.0,0.0222222222222222,0,0.0638297872340425,0.0,G1,G3,4
G1_p5_w0_variable,G3_p4,-5.0,0.875,0.9565217391304348,0.0815217391304348,1,0.0611702127659574,0.0,G1,G3,4
G1_p5_w0_variable,G4_p1,20.0,1.0,1.0,0.0,0,0.0,0.0,G1,G4,1
G1_p5_w0_variable,G4_p1,10.0,1.0,1.0,0.0,0,0.0,0.0,G1,G4,1
G1_p5_w0_variable,G4_p1,0.0,0.8333333333333334,0.9545454545454546,0.1212121212121212,1,0.1416666666666667,0.0,G1,G4,1
G1_p5_w0_variable,G4_p1,-5.0,0.6521739130434783,0.7555555555555555,0.1033816425120772,0,0.0933333333333333,2.121009059781817e-16,G1,G4,1
G1_p5_w0_variable,G4_p2,20.0,1.0,1.0,0.0,0,0.0,0.0,G1,G4,2
G1_p5_w0_variable,G4_p2,10.0,1.0,1.0,0.0,0,0.0,0.0,G1,G4,2
G1_p5_w0_variable,G4_p2,0.0,1.0,1.0,0.0,0,0.0222222222222222,0.0,G1,G4,2
G1_p5_w0_variable,G4_p2,-5.0,0.8936170212765957,0.9565217391304348,0.0629047178538391,1,0.0790273556231003,2.121009059665549e-16,G1,G4,2
G1_p5_w0_variable,G4_p3,20.0,1.0,1.0,0.0,0,0.0,1.178670856004926e-16,G1,G4,3
G1_p5_w0_variable,G4_p3,10.0,1.0,1.0,0.0,0,0.0,0.0,G1,G4,3
G1_p5_w0_variable,G4_p3,0.0,0.9777777777777776,1.0,0.0222222222222222,0,0.0222222222222222,0.0,G1,G4,3
G1_p5_w0_variable,G4_p3,-5.0,0.9545454545454546,1.0,0.0454545454545454,0,0.0232323232323231,0.0,G1,G4,3
G1_p5_w0_variable,G4_p4,20.0,1.0,1.0,0.0,0,0.0,0.0,G1,G4,4
G1_p5_w0_variable,G4_p4,10.0,1.0,1.0,0.0,0,0.0,0.0,G1,G4,4
G1_p5_w0_variable,G4_p4,0.0,0.9565217391304348,1.0,0.0434782608695651,0,0.0434782608695651,1.8858733696566387e-16,G1,G4,4
G1_p5_w0_variable,G4_p4,-5.0,0.8333333333333334,0.9565217391304348,0.1231884057971014,1,0.0734251147267417,2.1210090596678064e-16,G1,G4,4
G1_p5_w1_regular,G1_p1,20.0,1.0,1.0,0.0,0,0.0,1.1166350933542384e-16,G1,G1,1
G1_p5_w1_regular,G1_p1,10.0,1.0,1.0,0.0,0,0.0,1.412444084109656e-16,G1,G1,1
G1_p5_w1_regular,G1_p1,0.0,0.9523809523809524,0.975609756097561,0.0232288037166086,0,0.0634920634920634,0.0,G1,G1,1
G1_p5_w1_regular,G1_p1,-5.0,0.8181818181818182,0.8444444444444444,0.0262626262626262,0,0.1229314420803782,0.0,G1,G1,1
G1_p5_w1_regular,G1_p2,20.0,1.0,1.0,0.0,0,0.0,1.11663509330288e-16,G1,G1,2
G1_p5_w1_regular,G1_p2,10.0,1.0,1.0,0.0,0,0.0,1.4124440840446926e-16,G1,G1,2
G1_p5_w1_regular,G1_p2,0.0,0.975609756097561,0.975609756097561,0.0,0,0.0232288037166086,1.7866161492846083e-16,G1,G1,2
G1_p5_w1_regular,G1_p2,-5.0,0.8837209302325582,0.975609756097561,0.0918888258650028,1,0.1119733924611973,2.00937618599037e-16,G1,G1,2
G1_p5_w1_regular,G1_p3,20.0,1.0,1.0,0.0,0,0.0,0.0,G1,G1,3
G1_p5_w1_regular,G1_p3,10.0,1.0,1.0,0.0,0,0.0,0.0,G1,G1,3
G1_p5_w1_regular,G1_p3,0.0,1.0,1.0,0.0,0,0.0,1.786616149288876e-16,G1,G1,3
G1_p5_w1_regular,G1_p3,-5.0,0.926829268292683,1.0,0.073170731707317,1,0.0887445887445886,0.0,G1,G1,3
G1_p5_w1_regular,G1_p4,20.0,1.0,1.0,0.0,0,0.0,1.116635093277659e-16,G1,G1,4
G1_p5_w1_regular,G1_p4,10.0,0.975609756097561,1.0,0.024390243902439,0,0.024390243902439,0.0,G1,G1,4
G1_p5_w1_regular,G1_p4,0.0,0.7727272727272727,0.9302325581395348,0.1575052854122621,0,0.1746770025839793,0.0,G1,G1,4
G1_p5_w1_regular,G1_p4,-5.0,0.2424242424242424,0.3636363636363636,0.1212121212121212,0,0.1305555555555555,0.0,G1,G1,4
G1_p5_w1_regular,G2_p1,20.0,1.0,1.0,0.0,0,0.0,1.11663509335362e-16,G1,G2,1
G1_p5_w1_regular,G2_p1,10.0,1.0,1.0,0.0,0,0.0,1.4124440841088743e-16,G1,G2,1
G1_p5_w1_regular,G2_p1,0.0,0.85,1.0,0.15,1,0.1463414634146341,0.0,G1,G2,1
G1_p5_w1_regular,G2_p1,-5.0,0.7804878048780488,0.851063829787234,0.0705760249091852,0,0.0890538033395176,0.0,G1,G2,1
G1_p5_w1_regular,G2_p2,20.0,1.0,1.0,0.0,0,0.0,1.11663509328702e-16,G1,G2,2
G1_p5_w1_regular,G2_p2,10.0,1.0,1.0,0.0,0,0.0,0.0,G1,G2,2
G1_p5_w1_regular,G2_p2,0.0,0.95,1.0,0.05,0,0.024390243902439,0.0,G1,G2,2
G1_p5_w1_regular,G2_p2,-5.0,0.9302325581395348,0.975609756097561,0.045377197958026,1,0.0708478513356561,0.0,G1,G2,2
G1_p5_w1_regular,G2_p3,20.0,1.0,1.0,0.0,0,0.0,0.0,G1,G2,3
G1_p5_w1_regular,G2_p3,10.0,1.0,1.0,0.0,0,0.0,0.0,G1,G2,3
G1_p5_w1_regular,G2_p3,0.0,0.975609756097561,1.0,0.024390243902439,0,0.024390243902439,1.7866161493191932e-16,G1,G2,3
G1_p5_w1_regular,G2_p3,-5.0,0.8444444444444444,0.975609756097561,0.1311653116531165,1,0.0803782505910165,0.0,G1,G2,3
G1_p5_w1_regular,G2_p4,20.0,1.0,1.0,0.0,0,0.0,0.0,G1,G2,4
G1_p5_w1_regular,G2_p4,10.0,0.975609756097561,1.0,0.024390243902439,0,0.0697674418604651,1.4124440840180636e-16,G1,G2,4
G1_p5_w1_regular,G2_p4,0.0,0.7555555555555555,0.8444444444444444,0.0888888888888889,0,0.1080808080808081,1.7866161492509251e-16,G1,G2,4
G1_p5_w1_regular,G2_p4,-5.0,0.1290322580645161,0.3636363636363636,0.2346041055718475,0,0.1153664302600473,0.0,G1,G2,4
G1_p5_w1_regular,G3_p1,20.0,1.0,1.0,0.0,0,0.0,0.0,G1,G3,1
G1_p5_w1_regular,G3_p1,10.0,1.0,1.0,0.0,0,0.024390243902439,0.0,G1,G3,1
G1_p5_w1_regular,G3_p1,0.0,0.8292682926829268,0.95,0.1207317073170731,1,0.1173054587688734,1.786616149377478e-16,G1,G3,1
G1_p5_w1_regular,G3_p1,-5.0,0.7619047619047619,0.8292682926829268,0.0673635307781649,0,0.076595744680851,0.0,G1,G3,1
G1_p5_w1_regular,G3_p2,20.0,1.0,1.0,0.0,0,0.0,1.1166350932696375e-16,G1,G3,2
G1_p5_w1_regular,G3_p2,10.0,1.0,1.0,0.0,0,0.0,0.0,G1,G3,2
G1_p5_w1_regular,G3_p2,0.0,1.0,1.0,0.0,0,0.0,1.78661614923142e-16,G1,G3,2
G1_p5_w1_regular,G3_p2,-5.0,1.0,1.0,0.0,0,0.0,2.0093761859305511e-16,G1,G3,2
G1_p5_w1_regular,G3_p3,20.0,1.0,1.0,0.0,0,0.0,1.1166350932851862e-16,G1,G3,3
G1_p5_w1_regular,G3_p3,10.0,1.0,1.0,0.0,0,0.0,0.0,G1,G3,3
G1_p5_w1_regular,G3_p3,0.0,1.0,1.0,0.0,0,0.0,0.0,G1,G3,3
G1_p5_w1_regular,G3_p3,-5.0,0.975609756097561,1.0,0.024390243902439,0,0.024390243902439,0.0,G1,G3,3
G1_p5_w1_regular,G3_p4,20.0,1.0,1.0,0.0,0,0.0,1.1166350933027776e-16,G1,G3,4
G1_p5_w1_regular,G3_p4,10.0,1.0,1.0,0.0,0,0.0,0.0,G1,G3,4
G1_p5_w1_regular,G3_p4,0.0,0.9523809523809524,1.0,0.0476190476190476,0,0.0476190476190476,0.0,G1,G3,4
G1_p5_w1_regular,G3_p4,-5.0,0.8888888888888888,0.9302325581395348,0.041343669250646,0,0.0887445887445886,0.0,G1,G3,4
G1_p5_w1_regular,G4_p1,20.0,1.0,1.0,0.0,0,0.0,0.0,G1,G4,1
G1_p5_w1_regular,G4_p1,10.0,1.0,1.0,0.0,0,0.0,0.0,G1,G4,1
G1_p5_w1_regular,G4_p1,0.0,0.85,0.9,0.05,0,0.0280487804878049,1.786616149384317e-16,G1,G4,1
G1_p5_w1_regular,G4_p1,-5.0,0.6808510638297872,0.8372093023255814,0.1563582384957942,0,0.1305555555555555,4.018752372205023e-16,G1,G4,1
G1_p5_w1_regular,G4_p2,20.0,1.0,1.0,0.0,0,0.0,0.0,G1,G4,2
G1_p5_w1_regular,G4_p2,10.0,1.0,1.0,0.0,0,0.0,0.0,G1,G4,2
G1_p5_w1_regular,G4_p2,0.0,0.975609756097561,1.0,0.024390243902439,0,0.024390243902439,0.0,G1,G4,2
G1_p5_w1_regular,G4_p2,-5.0,0.8636363636363636,0.9523809523809524,0.0887445887445886,1,0.1476238624873609,0.0,G1,G4,2
G1_p5_w1_regular,G4_p3,20.0,1.0,1.0,0.0,0,0.0,0.0,G1,G4,3
G1_p5_w1_regular,G4_p3,10.0,1.0,1.0,0.0,0,0.0,0.0,G1,G4,3
G1_p5_w1_regular,G4_p3,0.0,0.975609756097561,1.0,0.024390243902439,0,0.024390243902439,0.0,G1,G4,3
G1_p5_w1_regular,G4_p3,-5.0,0.95,0.975609756097561,0.025609756097561,0,0.025609756097561,0.0,G1,G4,3
G1_p5_w1_regular,G4_p4,20.0,1.0,1.0,0.0,0,0.0,0.0,G1,G4,4
G1_p5_w1_regular,G4_p4,10.0,1.0,1.0,0.0,0,0.0,1.412444084047596e-16,G1,G4,4
G1_p5_w1_regular,G4_p4,0.0,0.975609756097561,0.975609756097561,0.0,0,0.0476190476190476,1.7866161492882811e-16,G1,G4,4
G1_p5_w1_regular,G4_p4,-5.0,0.723404255319149,0.8837209302325582,0.1603166749134091,0,0.1805555555555554,0.0,G1,G4,4
G1_p5_w1_variable,G1_p1,20.0,1.0,1.0,0.0,0,0.0,0.0,G1,G1,1
G1_p5_w1_variable,G1_p1,10.0,1.0,1.0,0.0,0,0.0,0.0,G1,G1,1
G1_p5_w1_variable,G1_p1,0.0,0.926829268292683,1.0,0.073170731707317,1,0.0952380952380952,0.0,G1,G1,1
G1_p5_w1_variable,G1_p1,-5.0,0.7727272727272727,0.8095238095238095,0.0367965367965368,0,0.1338627339761769,0.0,G1,G1,1
G1_p5_w1_variable,G1_p2,20.0,1.0,1.0,0.0,0,0.0,1.1149748688837368e-16,G1,G1,2
G1_p5_w1_variable,G1_p2,10.0,1.0,1.0,0.0,0,0.0,0.0,G1,G1,2
G1_p5_w1_variable,G1_p2,0.0,0.95,1.0,0.05,0,0.05,1.7839597902139792e-16,G1,G1,2
G1_p5_w1_variable,G1_p2,-5.0,0.8780487804878049,0.95,0.071951219512195,1,0.0693196405648266,2.006388625030452e-16,G1,G1,2
G1_p5_w1_variable,G1_p3,20.0,1.0,1.0,0.0,0,0.0,0.0,G1,G1,3
G1_p5_w1_variable,G1_p3,10.0,1.0,1.0,0.0,0,0.0,0.0,G1,G1,3
G1_p5_w1_variable,G1_p3,0.0,1.0,1.0,0.0,0,0.0256410256410256,1.7839597902182402e-16,G1,G1,3
G1_p5_w1_variable,G1_p3,-5.0,0.926829268292683,0.9743589743589745,0.0475297060662913,1,0.0475297060662913,0.0,G1,G1,3
G1_p5_w1_variable,G1_p4,20.0,1.0,1.0,0.0,0,0.0,2.2299497377171073e-16,G1,G1,4
G1_p5_w1_variable,G1_p4,10.0,0.9743589743589745,1.0,0.0256410256410256,0,0.05,1.4103440477762291e-16,G1,G1,4
G1_p5_w1_variable,G1_p4,0.0,0.7619047619047619,0.8095238095238095,0.0476190476190476,0,0.0476190476190476,1.7839597901736854e-16,G1,G1,4
G1_p5_w1_variable,G1_p4,-5.0,0.2142857142857142,0.4705882352941176,0.2563025210084033,0,0.1904761904761904,2.0063886249851354e-16,G1,G1,4
G1_p5_w1_variable,G2_p1,20.0,1.0,1.0,0.0,0,0.0,1.1149748689344011e-16,G1,G2,1
G1_p5_w1_variable,G2_p1,10.0,1.0,1.0,0.0,0,0.0,1.4103440478721694e-16,G1,G2,1
G1_p5_w1_variable,G2_p1,0.0,0.9,0.9743589743589745,0.0743589743589743,1,0.0952380952380952,0.0,G1,G2,1
G1_p5_w1_variable,G2_p1,-5.0,0.6842105263157895,0.8372093023255814,0.1529987760097919,0,0.0553359683794466,0.0,G1,G2,1
G1_p5_w1_variable,G2_p2,20.0,1.0,1.0,0.0,0,0.0,0.0,G1,G2,2
G1_p5_w1_variable,G2_p2,10.0,1.0,1.0,0.0,0,0.0,0.0,G1,G2,2
G1_p5_w1_variable,G2_p2,0.0,0.9473684210526316,1.0,0.0526315789473684,1,0.05,1.7839597901886412e-16,G1,G2,2
G1_p5_w1_variable,G2_p2,-5.0,0.8947368421052632,0.9743589743589745,0.0796221322537111,1,0.1025641025641025,2.0063886250019554e-16,G1,G2,2
G1_p5_w1_variable,G2_p3,20.0,1.0,1.0,0.0,0,0.0,1.1149748689053203e-16,G1,G2,3
G1_p5_w1_variable,G2_p3,10.0,1.0,1.0,0.0,0,0.0,1.4103440478353846e-16,G1,G2,3
G1_p5_w1_variable,G2_p3,0.0,0.9743589743589745,1.0,0.0256410256410256,0,0.073170731707317,0.0,G1,G2,3
G1_p5_w1_variable,G2_p3,-5.0,0.8444444444444444,0.8837209302325582,0.0392764857881137,0,0.0962512664640324,2.006388625069291e-16,G1,G2,3
G1_p5_w1_variable,G2_p4,20.0,1.0,1.0,0.0,0,0.0,1.114974868862716e-16,G1,G2,4
G1_p5_w1_variable,G2_p4,10.0,1.0,1.0,0.0,0,0.05,0.0,G1,G2,4
G1_p5_w1_variable,G2_p4,0.0,0.6829268292682927,0.8571428571428571,0.1742160278745643,0,0.2059800664451826,0.0,G1,G2,4
G1_p5_w1_variable,G2_p4,-5.0,0.074074074074074,0.3870967741935484,0.3130227001194743,0,0.0394337714863498,0.0,G1,G2,4
G1_p5_w1_variable,G3_p1,20.0,1.0,1.0,0.0,0,0.0,1.1149748689416941e-16,G1,G3,1
G1_p5_w1_variable,G3_p1,10.0,1.0,1.0,0.0,0,0.0256410256410256,0.0,G1,G3,1
G1_p5_w1_variable,G3_p1,0.0,0.8780487804878049,1.0,0.1219512195121951,1,0.1450906816760475,0.0,G1,G3,1
G1_p5_w1_variable,G3_p1,-5.0,0.7142857142857143,0.7906976744186046,0.0764119601328903,0,0.0582793709528214,2.0063886251347456e-16,G1,G3,1
G1_p5_w1_variable,G3_p2,20.0,1.0,1.0,0.0,0,0.0,0.0,G1,G3,2
G1_p5_w1_variable,G3_p2,10.0,1.0,1.0,0.0,0,0.0,0.0,G1,G3,2
G1_p5_w1_variable,G3_p2,0.0,1.0,1.0,0.0,0,0.0,0.0,G1,G3,2
G1_p5_w1_variable,G3_p2,-5.0,1.0,1.0,0.0,0,0.0,2.0063886249707207e-16,G1,G3,2
G1_p5_w1_variable,G3_p3,20.0,1.0,1.0,0.0,0,0.0,1.1149748688660695e-16,G1,G3,3
G1_p5_w1_variable,G3_p3,10.0,1.0,1.0,0.0,0,0.0,1.410344047785736e-16,G1,G3,3
G1_p5_w1_variable,G3_p3,0.0,1.0,1.0,0.0,0,0.0,0.0,G1,G3,3
G1_p5_w1_variable,G3_p3,-5.0,0.9743589743589745,1.0,0.0256410256410256,0,0.0256410256410256,2.00638862499866e-16,G1,G3,3
G1_p5_w1_variable,G3_p4,20.0,1.0,1.0,0.0,0,0.0,1.1149748688836342e-16,G1,G3,4
G1_p5_w1_variable,G3_p4,10.0,1.0,1.0,0.0,0,0.0,0.0,G1,G3,4
G1_p5_w1_variable,G3_p4,0.0,0.9743589743589745,1.0,0.0256410256410256,0,0.05,0.0,G1,G3,4
G1_p5_w1_variable,G3_p4,-5.0,0.8780487804878049,0.9473684210526316,0.0693196405648266,0,0.0627906976744185,0.0,G1,G3,4
G1_p5_w1_variable,G4_p1,20.0,1.0,1.0,0.0,0,0.0,1.1149748689459624e-16,G1,G4,1
G1_p5_w1_variable,G4_p1,10.0,1.0,1.0,0.0,0,0.0,1.4103440478867932e-16,G1,G4,1
G1_p5_w1_variable,G4_p1,0.0,0.8095238095238095,0.8837209302325582,0.0741971207087486,0,0.0717171717171717,1.7839597903135396e-16,G1,G4,1
G1_p5_w1_variable,G4_p1,-5.0,0.6190476190476191,0.75,0.1309523809523809,0,0.1219638242894056,0.0,G1,G4,1
G1_p5_w1_variable,G4_p2,20.0,1.0,1.0,0.0,0,0.0,0.0,G1,G4,2
G1_p5_w1_variable,G4_p2,10.0,1.0,1.0,0.0,0,0.0,1.4103440478094816e-16,G1,G4,2
G1_p5_w1_variable,G4_p2,0.0,0.9743589743589745,1.0,0.0256410256410256,0,0.05,0.0,G1,G4,2
G1_p5_w1_variable,G4_p2,-5.0,0.8571428571428571,0.9047619047619048,0.0476190476190476,0,0.026578073089701,2.0063886250324407e-16,G1,G4,2
G1_p5_w1_variable,G4_p3,20.0,1.0,1.0,0.0,0,0.0,0.0,G1,G4,3
G1_p5_w1_variable,G4_p3,10.0,1.0,1.0,0.0,0,0.0,0.0,G1,G4,3
G1_p5_w1_variable,G4_p3,0.0,0.9743589743589745,1.0,0.0256410256410256,0,0.0256410256410256,0.0,G1,G4,3
G1_p5_w1_variable,G4_p3,-5.0,0.9473684210526316,1.0,0.0526315789473684,1,0.0256410256410256,0.0,G1,G4,3
G1_p5_w1_variable,G4_p4,20.0,1.0,1.0,0.0,0,0.0,0.0,G1,G4,4
G1_p5_w1_variable,G4_p4,10.0,1.0,1.0,0.0,0,0.0,0.0,G1,G4,4
G1_p5_w1_variable,G4_p4,0.0,0.95,1.0,0.05,0,0.0475297060662913,0.0,G1,G4,4
G1_p5_w1_variable,G4_p4,-5.0,0.6956521739130435,0.8292682926829268,0.1336161187698833,0,0.1053140096618358,2.0063886250345763e-16,G1,G4,4
G1_p5_w2_regular,G1_p1,20.0,1.0,1.0,0.0,0,0.0,0.0,G1,G1,1
G1_p5_w2_regular,G1_p1,10.0,1.0,1.0,0.0,0,0.0,0.0,G1,G1,1
G1_p5_w2_regular,G1_p1,0.0,0.9230769230769232,1.0,0.0769230769230768,1,0.072972972972973,1.8385604157407975e-16,G1,G1,1
G1_p5_w2_regular,G1_p1,-5.0,0.7619047619047619,0.9230769230769232,0.1611721611721612,0,0.0880952380952381,0.0,G1,G1,1
G1_p5_w2_regular,G1_p2,20.0,1.0,1.0,0.0,0,0.0,1.149100259785147e-16,G1,G1,2
G1_p5_w2_regular,G1_p2,10.0,1.0,1.0,0.0,0,0.0,1.4535096323249002e-16,G1,G1,2
G1_p5_w2_regular,G1_p2,0.0,0.9473684210526316,1.0,0.0526315789473684,1,0.0526315789473684,0.0,G1,G1,2
G1_p5_w2_regular,G1_p2,-5.0,0.8947368421052632,0.972972972972973,0.0782361308677098,1,0.0498960498960499,0.0,G1,G1,2
G1_p5_w2_regular,G1_p3,20.0,1.0,1.0,0.0,0,0.0,0.0,G1,G1,3
G1_p5_w2_regular,G1_p3,10.0,1.0,1.0,0.0,0,0.0,0.0,G1,G1,3
G1_p5_w2_regular,G1_p3,0.0,1.0,1.0,0.0,0,0.0,1.838560415660627e-16,G1,G1,3
G1_p5_w2_regular,G1_p3,-5.0,0.9473684210526316,0.972972972972973,0.0256045519203415,1,0.0230769230769231,0.0,G1,G1,3
G1_p5_w2_regular,G1_p4,20.0,1.0,1.0,0.0,0,0.0,0.0,G1,G1,4
G1_p5_w2_regular,G1_p4,10.0,0.9473684210526316,1.0,0.0526315789473684,1,0.0526315789473684,0.0,G1,G1,4
G1_p5_w2_regular,G1_p4,0.0,0.7368421052631579,0.8780487804878049,0.141206675224647,0,0.141206675224647,0.0,G1,G1,4
G1_p5_w2_regular,G1_p4,-5.0,0.2,0.4848484848484848,0.2848484848484848,0,0.1588201928530913,2.067797001118588e-16,G1,G1,4
G1_p5_w2_regular,G2_p1,20.0,1.0,1.0,0.0,0,0.0,1.1491002598373622e-16,G1,G2,1
G1_p5_w2_regular,G2_p1,10.0,1.0,1.0,0.0,0,0.0,0.0,G1,G2,1
G1_p5_w2_regular,G2_p1,0.0,0.8947368421052632,0.972972972972973,0.0782361308677098,1,0.1011781011781012,1.8385604157397792e-16,G1,G2,1
G1_p5_w2_regular,G2_p1,-5.0,0.75,0.85,0.0999999999999999,0,0.1118493909191583,2.0677970012592536e-16,G1,G2,1
G1_p5_w2_regular,G2_p2,20.0,1.0,1.0,0.0,0,0.0,0.0,G1,G2,2
G1_p5_w2_regular,G2_p2,10.0,1.0,1.0,0.0,0,0.0,1.4535096323042562e-16,G1,G2,2
G1_p5_w2_regular,G2_p2,0.0,0.9444444444444444,1.0,0.0555555555555555,1,0.0285285285285286,0.0,G1,G2,2
G1_p5_w2_regular,G2_p2,-5.0,0.8717948717948718,0.918918918918919,0.0471240471240471,0,0.1011781011781012,0.0,G1,G2,2
G1_p5_w2_regular,G2_p3,20.0,1.0,1.0,0.0,0,0.0,0.0,G1,G2,3
G1_p5_w2_regular,G2_p3,10.0,1.0,1.0,0.0,0,0.0,0.0,G1,G2,3
G1_p5_w2_regular,G2_p3,0.0,0.918918918918919,1.0,0.081081081081081,1,0.1052631578947368,1.8385604156918256e-16,G1,G2,3
G1_p5_w2_regular,G2_p3,-5.0,0.8292682926829268,0.8717948717948718,0.042526579111945,0,0.0810971973762672,0.0,G1,G2,3
G1_p5_w2_regular,G2_p4,20.0,1.0,1.0,0.0,0,0.0,1.1491002597634832e-16,G1,G2,4
G1_p5_w2_regular,G2_p4,10.0,0.972972972972973,1.0,0.0270270270270269,0,0.0769230769230768,2.9070192645949953e-16,G1,G2,4
G1_p5_w2_regular,G2_p4,0.0,0.7368421052631579,0.8292682926829268,0.0924261874197689,0,0.1254355400696863,1.838560415621573e-16,G1,G2,4
G1_p5_w2_regular,G2_p4,-5.0,0.2758620689655172,0.3448275862068966,0.0689655172413793,0,0.1936758893280632,0.0,G1,G2,4
G1_p5_w2_regular,G3_p1,20.0,1.0,1.0,0.0,0,0.0,1.149100259844878e-16,G1,G3,1
G1_p5_w2_regular,G3_p1,10.0,0.972972972972973,1.0,0.0270270270270269,0,0.0270270270270269,0.0,G1,G3,1
G1_p5_w2_regular,G3_p1,0.0,0.8292682926829268,0.9473684210526316,0.1181001283697047,0,0.0938086303939963,1.838560415751805e-16,G1,G3,1
G1_p5_w2_regular,G3_p1,-5.0,0.65,0.7894736842105263,0.1394736842105263,0,0.1107419712070874,2.0677970012727784e-16,G1,G3,1
G1_p5_w2_regular,G3_p2,20.0,1.0,1.0,0.0,0,0.0,2.298200519501876e-16,G1,G3,2
G1_p5_w2_regular,G3_p2,10.0,1.0,1.0,0.0,0,0.0,2.907019264563259e-16,G1,G3,2
G1_p5_w2_regular,G3_p2,0.0,1.0,1.0,0.0,0,0.0,0.0,G1,G3,2
G1_p5_w2_regular,G3_p2,-5.0,1.0,1.0,0.0,0,0.0,2.067797001103734e-16,G1,G3,2
G1_p5_w2_regular,G3_p3,20.0,1.0,1.0,0.0,0,0.0,0.0,G1,G3,3
G1_p5_w2_regular,G3_p3,10.0,1.0,1.0,0.0,0,0.0,2.9070192646037384e-16,G1,G3,3
G1_p5_w2_regular,G3_p3,0.0,0.972972972972973,1.0,0.0270270270270269,0,0.0270270270270269,0.0,G1,G3,3
G1_p5_w2_regular,G3_p3,-5.0,0.972972972972973,1.0,0.0270270270270269,0,0.0270270270270269,0.0,G1,G3,3
G1_p5_w2_regular,G3_p4,20.0,1.0,1.0,0.0,0,0.0,1.1491002597850415e-16,G1,G3,4
G1_p5_w2_regular,G3_p4,10.0,1.0,1.0,0.0,0,0.0,0.0,G1,G3,4
G1_p5_w2_regular,G3_p4,0.0,0.9473684210526316,1.0,0.0526315789473684,1,0.0526315789473684,0.0,G1,G3,4
G1_p5_w2_regular,G3_p4,-5.0,0.85,0.9,0.05,0,0.0447368421052631,0.0,G1,G3,4
G1_p5_w2_regular,G4_p1,20.0,1.0,1.0,0.0,0,0.0,0.0,G1,G4,1
G1_p5_w2_regular,G4_p1,10.0,1.0,1.0,0.0,0,0.0,1.453509632406019e-16,G1,G4,1
G1_p5_w2_regular,G4_p1,0.0,0.85,0.9,0.05,0,0.0717948717948717,0.0,G1,G4,1
G1_p5_w2_regular,G4_p1,-5.0,0.631578947368421,0.8181818181818182,0.1866028708133972,0,0.1159420289855073,0.0,G1,G4,1
G1_p5_w2_regular,G4_p2,20.0,1.0,1.0,0.0,0,0.0,1.149100259786286e-16,G1,G4,2
G1_p5_w2_regular,G4_p2,10.0,1.0,1.0,0.0,0,0.0,1.4535096323263411e-16,G1,G4,2
G1_p5_w2_regular,G4_p2,0.0,1.0,1.0,0.0,0,0.0526315789473684,1.8385604156580574e-16,G1,G4,2
G1_p5_w2_regular,G4_p2,-5.0,0.8095238095238095,0.9473684210526316,0.137844611528822,0,0.0873511060692002,2.0677970011673424e-16,G1,G4,2
G1_p5_w2_regular,G4_p3,20.0,1.0,1.0,0.0,0,0.0,1.1491002597578006e-16,G1,G4,3
G1_p5_w2_regular,G4_p3,10.0,1.0,1.0,0.0,0,0.0,1.45350963229031e-16,G1,G4,3
G1_p5_w2_regular,G4_p3,0.0,0.972972972972973,1.0,0.0270270270270269,0,0.0270270270270269,0.0,G1,G4,3
G1_p5_w2_regular,G4_p3,-5.0,0.972972972972973,1.0,0.0270270270270269,0,0.0555555555555555,2.0677970011160835e-16,G1,G4,3
G1_p5_w2_regular,G4_p4,20.0,1.0,1.0,0.0,0,0.0,1.1491002597875092e-16,G1,G4,4
G1_p5_w2_regular,G4_p4,10.0,1.0,1.0,0.0,0,0.0,1.4535096323278883e-16,G1,G4,4
G1_p5_w2_regular,G4_p4,0.0,0.9473684210526316,1.0,0.0526315789473684,1,0.0526315789473684,0.0,G1,G4,4
G1_p5_w2_regular,G4_p4,-5.0,0.7804878048780488,0.8571428571428571,0.0766550522648082,0,0.0367965367965368,2.067797001169543e-16,G1,G4,4
G1_p5_w2_variable,G1_p1,20.0,1.0,1.0,0.0,0,0.0,0.0,G1,G1,1
G1_p5_w2_variable,G1_p1,10.0,1.0,1.0,0.0,0,0.0,0.0,G1,G1,1
G1_p5_w2_variable,G1_p1,0.0,0.926829268292683,0.9743589743589745,0.0475297060662913,1,0.0220673635307782,1.7970800575134562e-16,G1,G1,1
G1_p5_w2_variable,G1_p1,-5.0,0.8,0.9047619047619048,0.1047619047619047,0,0.0865800865800865,2.0211447620305314e-16,G1,G1,1
G1_p5_w2_variable,G1_p2,20.0,1.0,1.0,0.0,0,0.0,1.1231750358942507e-16,G1,G1,2
G1_p5_w2_variable,G1_p2,10.0,1.0,1.0,0.0,0,0.0,1.4207165297868827e-16,G1,G1,2
G1_p5_w2_variable,G1_p2,0.0,0.9473684210526316,1.0,0.0526315789473684,1,0.05,0.0,G1,G1,2
G1_p5_w2_variable,G1_p2,-5.0,0.8421052631578947,0.9,0.0578947368421053,0,0.0575359599749843,0.0,G1,G1,2
G1_p5_w2_variable,G1_p3,20.0,1.0,1.0,0.0,0,0.0,1.1231750358969338e-16,G1,G1,3
G1_p5_w2_variable,G1_p3,10.0,1.0,1.0,0.0,0,0.0,0.0,G1,G1,3
G1_p5_w2_variable,G1_p3,0.0,1.0,1.0,0.0,0,0.0,1.797080057435094e-16,G1,G1,3
G1_p5_w2_variable,G1_p3,-5.0,0.926829268292683,0.9743589743589745,0.0475297060662913,1,0.0210409745293466,0.0,G1,G1,3
G1_p5_w2_variable,G1_p4,20.0,1.0,1.0,0.0,0,0.0,0.0,G1,G1,4
G1_p5_w2_variable,G1_p4,10.0,0.9743589743589745,1.0,0.0256410256410256,0,0.0256410256410256,0.0,G1,G1,4
G1_p5_w2_variable,G1_p4,0.0,0.7441860465116279,0.8780487804878049,0.1338627339761769,0,0.1594684385382059,0.0,G1,G1,4
G1_p5_w2_variable,G1_p4,-5.0,0.25,0.6486486486486487,0.3986486486486487,0,0.2075098814229249,0.0,G1,G1,4
G1_p5_w2_variable,G2_p1,20.0,1.0,1.0,0.0,0,0.0,2.246350071890576e-16,G1,G2,1
G1_p5_w2_variable,G2_p1,10.0,1.0,1.0,0.0,0,0.0,0.0,G1,G2,1
G1_p5_w2_variable,G2_p1,0.0,0.8947368421052632,0.9743589743589745,0.0796221322537111,1,0.1107226107226106,0.0,G1,G2,1
G1_p5_w2_variable,G2_p1,-5.0,0.782608695652174,0.8571428571428571,0.0745341614906831,0,0.1594684385382059,0.0,G1,G2,1
G1_p5_w2_variable,G2_p2,20.0,1.0,1.0,0.0,0,0.0,0.0,G1,G2,2
G1_p5_w2_variable,G2_p2,10.0,1.0,1.0,0.0,0,0.0,0.0,G1,G2,2
G1_p5_w2_variable,G2_p2,0.0,0.9473684210526316,1.0,0.0526315789473684,1,0.0526315789473684,0.0,G1,G2,2
G1_p5_w2_variable,G2_p2,-5.0,0.9,0.9743589743589745,0.0743589743589743,1,0.0743589743589743,2.021144761908864e-16,G1,G2,2
G1_p5_w2_variable,G2_p3,20.0,1.0,1.0,0.0,0,0.0,1.123175035915993e-16,G1,G2,3
G1_p5_w2_variable,G2_p3,10.0,1.0,1.0,0.0,0,0.0,1.4207165298143847e-16,G1,G2,3
G1_p5_w2_variable,G2_p3,0.0,0.9743589743589745,1.0,0.0256410256410256,0,0.073170731707317,1.7970800574655886e-16,G1,G2,3
G1_p5_w2_variable,G2_p3,-5.0,0.7619047619047619,0.8636363636363636,0.1017316017316017,0,0.1109936575052854,0.0,G1,G2,3
G1_p5_w2_variable,G2_p4,20.0,1.0,1.0,0.0,0,0.0,1.1231750358730755e-16,G1,G2,4
G1_p5_w2_variable,G2_p4,10.0,0.9743589743589745,1.0,0.0256410256410256,0,0.05,1.420716529760098e-16,G1,G2,4
G1_p5_w2_variable,G2_p4,0.0,0.7441860465116279,0.85,0.105813953488372,0,0.1357142857142856,1.797080057396921e-16,G1,G2,4
G1_p5_w2_variable,G2_p4,-5.0,0.4117647058823529,0.5142857142857142,0.1025210084033613,0,0.092063492063492,0.0,G1,G2,4
G1_p5_w2_variable,G3_p1,20.0,1.0,1.0,0.0,0,0.0,0.0,G1,G3,1
G1_p5_w2_variable,G3_p1,10.0,0.9743589743589745,1.0,0.0256410256410256,0,0.0256410256410256,0.0,G1,G3,1
G1_p5_w2_variable,G3_p1,0.0,0.8780487804878049,0.9743589743589745,0.0963101938711694,1,0.0963101938711694,0.0,G1,G3,1
G1_p5_w2_variable,G3_p1,-5.0,0.6341463414634146,0.7692307692307693,0.1350844277673546,0,0.1070707070707071,2.0211447620426318e-16,G1,G3,1
G1_p5_w2_variable,G3_p2,20.0,1.0,1.0,0.0,0,0.0,1.1231750358608136e-16,G1,G3,2
G1_p5_w2_variable,G3_p2,10.0,1.0,1.0,0.0,0,0.0,0.0,G1,G3,2
G1_p5_w2_variable,G3_p2,0.0,1.0,1.0,0.0,0,0.0,0.0,G1,G3,2
G1_p5_w2_variable,G3_p2,-5.0,1.0,1.0,0.0,0,0.0,0.0,G1,G3,2
G1_p5_w2_variable,G3_p3,20.0,1.0,1.0,0.0,0,0.0,0.0,G1,G3,3
G1_p5_w2_variable,G3_p3,10.0,1.0,1.0,0.0,0,0.0,0.0,G1,G3,3
G1_p5_w2_variable,G3_p3,0.0,1.0,1.0,0.0,0,0.0256410256410256,0.0,G1,G3,3
G1_p5_w2_variable,G3_p3,-5.0,0.9743589743589745,1.0,0.0256410256410256,0,0.0256410256410256,0.0,G1,G3,3
G1_p5_w2_variable,G3_p4,20.0,1.0,1.0,0.0,0,0.0,0.0,G1,G3,4
G1_p5_w2_variable,G3_p4,10.0,1.0,1.0,0.0,0,0.0,0.0,G1,G3,4
G1_p5_w2_variable,G3_p4,0.0,0.9743589743589745,1.0,0.0256410256410256,0,0.05,0.0,G1,G3,4
G1_p5_w2_variable,G3_p4,-5.0,0.8205128205128205,0.926829268292683,0.1063164477798624,0,0.0550343964978111,0.0,G1,G3,4
G1_p5_w2_variable,G4_p1,20.0,1.0,1.0,0.0,0,0.0,1.1231750359569338e-16,G1,G4,1
G1_p5_w2_variable,G4_p1,10.0,1.0,1.0,0.0,0,0.0,1.4207165298661714e-16,G1,G4,1
G1_p5_w2_variable,G4_p1,0.0,0.8108108108108109,0.8636363636363636,0.0528255528255527,0,0.0930232558139535,1.797080057531094e-16,G1,G4,1
G1_p5_w2_variable,G4_p1,-5.0,0.6511627906976745,0.7555555555555555,0.104392764857881,0,0.0425531914893617,0.0,G1,G4,1
G1_p5_w2_variable,G4_p2,20.0,1.0,1.0,0.0,0,0.0,1.1231750358953642e-16,G1,G4,2
G1_p5_w2_variable,G4_p2,10.0,1.0,1.0,0.0,0,0.0,1.4207165297882914e-16,G1,G4,2
G1_p5_w2_variable,G4_p2,0.0,1.0,1.0,0.0,0,0.0256410256410256,0.0,G1,G4,2
G1_p5_w2_variable,G4_p2,-5.0,0.8717948717948718,0.95,0.0782051282051281,1,0.0896199659671015,2.0211447619395747e-16,G1,G4,2
G1_p5_w2_variable,G4_p3,20.0,1.0,1.0,0.0,0,0.0,1.1231750358675214e-16,G1,G4,3
G1_p5_w2_variable,G4_p3,10.0,1.0,1.0,0.0,0,0.0,0.0,G1,G4,3
G1_p5_w2_variable,G4_p3,0.0,0.9743589743589745,1.0,0.0256410256410256,0,0.0256410256410256,0.0,G1,G4,3
G1_p5_w2_variable,G4_p3,-5.0,0.9743589743589745,1.0,0.0256410256410256,0,0.0526315789473684,0.0,G1,G4,3
G1_p5_w2_variable,G4_p4,20.0,1.0,1.0,0.0,0,0.0,1.1231750358965596e-16,G1,G4,4
G1_p5_w2_variable,G4_p4,10.0,1.0,1.0,0.0,0,0.0,2.841433059579607e-16,G1,G4,4
G1_p5_w2_variable,G4_p4,0.0,0.95,1.0,0.05,0,0.0243589743589743,0.0,G1,G4,4
G1_p5_w2_variable,G4_p4,-5.0,0.7111111111111111,0.8444444444444444,0.1333333333333333,0,0.0952380952380952,0.0,G1,G4,4
G1_p5_w3_regular,G1_p1,20.0,1.0,1.0,0.0,0,0.0,1.174981527100641e-16,G1,G1,1
G1_p5_w3_regular,G1_p1,10.0,1.0,1.0,0.0,0,0.0,0.0,G1,G1,1
G1_p5_w3_regular,G1_p1,0.0,0.9230769230769232,1.0,0.0769230769230768,1,0.072972972972973,1.8799704433610254e-16,G1,G1,1
G1_p5_w3_regular,G1_p1,-5.0,0.7317073170731707,0.8947368421052632,0.1630295250320924,0,0.116144018583043,0.0,G1,G1,1
G1_p5_w3_regular,G1_p2,20.0,1.0,1.0,0.0,0,0.0,0.0,G1,G1,2
G1_p5_w3_regular,G1_p2,10.0,1.0,1.0,0.0,0,0.0,0.0,G1,G1,2
G1_p5_w3_regular,G1_p2,0.0,0.9473684210526316,1.0,0.0526315789473684,1,0.0526315789473684,0.0,G1,G1,2
G1_p5_w3_regular,G1_p2,-5.0,0.8717948717948718,0.9473684210526316,0.0755735492577597,0,0.0755735492577597,0.0,G1,G1,2
G1_p5_w3_regular,G1_p3,20.0,1.0,1.0,0.0,0,0.0,1.1749815270494061e-16,G1,G1,3
G1_p5_w3_regular,G1_p3,10.0,1.0,1.0,0.0,0,0.0,0.0,G1,G1,3
G1_p5_w3_regular,G1_p3,0.0,1.0,1.0,0.0,0,0.0,0.0,G1,G1,3
G1_p5_w3_regular,G1_p3,-5.0,0.9230769230769232,0.972972972972973,0.0498960498960499,1,0.0902255639097744,2.1143701407844575e-16,G1,G1,3
G1_p5_w3_regular,G1_p4,20.0,1.0,1.0,0.0,0,0.0,0.0,G1,G1,4
G1_p5_w3_regular,G1_p4,10.0,1.0,1.0,0.0,0,0.0270270270270269,1.4862471336024266e-16,G1,G1,4
G1_p5_w3_regular,G1_p4,0.0,0.717948717948718,0.8292682926829268,0.1113195747342088,0,0.1571428571428571,0.0,G1,G1,4
G1_p5_w3_regular,G1_p4,-5.0,0.3529411764705882,0.4,0.0470588235294117,0,0.0952380952380952,2.1143701407316504e-16,G1,G1,4
G1_p5_w3_regular,G2_p1,20.0,1.0,1.0,0.0,0,0.0,0.0,G1,G2,1
G1_p5_w3_regular,G2_p1,10.0,1.0,1.0,0.0,0,0.0,0.0,G1,G2,1
G1_p5_w3_regular,G2_p1,0.0,0.85,0.972972972972973,0.122972972972973,1,0.0973684210526315,1.8799704433599846e-16,G1,G2,1
G1_p5_w3_regular,G2_p1,-5.0,0.7,0.8292682926829268,0.1292682926829268,0,0.2383592017738358,0.0,G1,G2,1
G1_p5_w3_regular,G2_p2,20.0,1.0,1.0,0.0,0,0.0,0.0,G1,G2,2
G1_p5_w3_regular,G2_p2,10.0,1.0,1.0,0.0,0,0.0,0.0,G1,G2,2
G1_p5_w3_regular,G2_p2,0.0,0.9444444444444444,1.0,0.0555555555555555,1,0.054054054054054,1.8799704432478576e-16,G1,G2,2
G1_p5_w3_regular,G2_p2,-5.0,0.8648648648648649,0.918918918918919,0.054054054054054,0,0.0726495726495726,0.0,G1,G2,2
G1_p5_w3_regular,G2_p3,20.0,1.0,1.0,0.0,0,0.0,0.0,G1,G2,3
G1_p5_w3_regular,G2_p3,10.0,1.0,1.0,0.0,0,0.0,1.4862471336647664e-16,G1,G2,3
G1_p5_w3_regular,G2_p3,0.0,0.9473684210526316,1.0,0.0526315789473684,1,0.0526315789473684,1.8799704433109512e-16,G1,G2,3
G1_p5_w3_regular,G2_p3,-5.0,0.8181818181818182,0.9230769230769232,0.1048951048951049,0,0.0745341614906831,0.0,G1,G2,3
G1_p5_w3_regular,G2_p4,20.0,1.0,1.0,0.0,0,0.0,2.349963054048894e-16,G1,G2,4
G1_p5_w3_regular,G2_p4,10.0,1.0,1.0,0.0,0,0.0526315789473684,0.0,G1,G2,4
G1_p5_w3_regular,G2_p4,0.0,0.7567567567567568,0.8780487804878049,0.121292023731048,0,0.1192605843768634,1.879970443239116e-16,G1,G2,4
G1_p5_w3_regular,G2_p4,-5.0,0.2758620689655172,0.4848484848484848,0.2089864158829676,0,0.1997885835095136,0.0,G1,G2,4
G1_p5_w3_regular,G3_p1,20.0,1.0,1.0,0.0,0,0.0,1.1749815271076758e-16,G1,G3,1
G1_p5_w3_regular,G3_p1,10.0,1.0,1.0,0.0,0,0.0270270270270269,0.0,G1,G3,1
G1_p5_w3_regular,G3_p1,0.0,0.85,0.9230769230769232,0.0730769230769231,0,0.0938086303939963,0.0,G1,G3,1
G1_p5_w3_regular,G3_p1,-5.0,0.6829268292682927,0.8095238095238095,0.1265969802555168,0,0.138580931263858,0.0,G1,G3,1
G1_p5_w3_regular,G3_p2,20.0,1.0,1.0,0.0,0,0.0,0.0,G1,G3,2
G1_p5_w3_regular,G3_p2,10.0,1.0,1.0,0.0,0,0.0,1.48624713359175e-16,G1,G3,2
G1_p5_w3_regular,G3_p2,0.0,1.0,1.0,0.0,0,0.0,1.879970443218592e-16,G1,G3,2
G1_p5_w3_regular,G3_p2,-5.0,1.0,1.0,0.0,0,0.0,2.1143701407164611e-16,G1,G3,2
G1_p5_w3_regular,G3_p3,20.0,1.0,1.0,0.0,0,0.0,0.0,G1,G3,3
G1_p5_w3_regular,G3_p3,10.0,1.0,1.0,0.0,0,0.0,1.4862471336124454e-16,G1,G3,3
G1_p5_w3_regular,G3_p3,0.0,1.0,1.0,0.0,0,0.0,1.8799704432447695e-16,G1,G3,3
G1_p5_w3_regular,G3_p3,-5.0,0.972972972972973,1.0,0.0270270270270269,0,0.0270270270270269,2.114370140745904e-16,G1,G3,3
G1_p5_w3_regular,G3_p4,20.0,1.0,1.0,0.0,0,0.0,1.1749815270464915e-16,G1,G3,4
G1_p5_w3_regular,G3_p4,10.0,1.0,1.0,0.0,0,0.0,1.486247133635859e-16,G1,G3,4
G1_p5_w3_regular,G3_p4,0.0,0.9444444444444444,1.0,0.0555555555555555,1,0.0270270270270269,0.0,G1,G3,4
G1_p5_w3_regular,G3_p4,-5.0,0.9,0.972972972972973,0.072972972972973,1,0.0617760617760618,0.0,G1,G3,4
G1_p5_w3_regular,G4_p1,20.0,1.0,1.0,0.0,0,0.0,1.1749815271121736e-16,G1,G4,1
G1_p5_w3_regular,G4_p1,10.0,1.0,1.0,0.0,0,0.0270270270270269,0.0,G1,G4,1
G1_p5_w3_regular,G4_p1,0.0,0.8717948717948718,0.9230769230769232,0.0512820512820513,0,0.1105263157894737,0.0,G1,G4,1
G1_p5_w3_regular,G4_p1,-5.0,0.6190476190476191,0.8292682926829268,0.2102206736353077,0,0.2383592017738358,2.1143701408974078e-16,G1,G4,1
G1_p5_w3_regular,G4_p2,20.0,1.0,1.0,0.0,0,0.0,0.0,G1,G4,2
G1_p5_w3_regular,G4_p2,10.0,1.0,1.0,0.0,0,0.0,0.0,G1,G4,2
G1_p5_w3_regular,G4_p2,0.0,1.0,1.0,0.0,0,0.0270270270270269,0.0,G1,G4,2
G1_p5_w3_regular,G4_p2,-5.0,0.8717948717948718,0.9473684210526316,0.0755735492577597,0,0.0730769230769231,0.0,G1,G4,2
G1_p5_w3_regular,G4_p3,20.0,1.0,1.0,0.0,0,0.0,0.0,G1,G4,3
G1_p5_w3_regular,G4_p3,10.0,1.0,1.0,0.0,0,0.0,0.0,G1,G4,3
G1_p5_w3_regular,G4_p3,0.0,0.972972972972973,1.0,0.0270270270270269,0,0.0270270270270269,0.0,G1,G4,3
G1_p5_w3_regular,G4_p3,-5.0,0.972972972972973,1.0,0.0270270270270269,0,0.0270270270270269,2.114370140729089e-16,G1,G4,3
G1_p5_w3_regular,G4_p4,20.0,1.0,1.0,0.0,0,0.0,1.1749815270490144e-16,G1,G4,4
G1_p5_w3_regular,G4_p4,10.0,1.0,1.0,0.0,0,0.0,0.0,G1,G4,4
G1_p5_w3_regular,G4_p4,0.0,0.972972972972973,1.0,0.0270270270270269,0,0.0270270270270269,0.0,G1,G4,4
G1_p5_w3_regular,G4_p4,-5.0,0.8,0.8780487804878049,0.0780487804878048,0,0.0664451827242524,0.0,G1,G4,4
G1_p5_w3_variable,G1_p1,20.0,1.0,1.0,0.0,0,0.0,1.148489787987596e-16,G1,G1,1
G1_p5_w3_variable,G1_p1,10.0,1.0,1.0,0.0,0,0.0,1.4527374397938774e-16,G1,G1,1
G1_p5_w3_variable,G1_p1,0.0,0.9047619047619048,1.0,0.0952380952380952,1,0.1299145299145299,0.0,G1,G1,1
G1_p5_w3_variable,G1_p1,-5.0,0.7391304347826086,0.9047619047619048,0.1656314699792961,0,0.1445904954499495,2.066698461902489e-16,G1,G1,1
G1_p5_w3_variable,G1_p2,20.0,1.0,1.0,0.0,0,0.0,1.1484897879347722e-16,G1,G1,2
G1_p5_w3_variable,G1_p2,10.0,1.0,1.0,0.0,0,0.0,1.4527374397270607e-16,G1,G1,2
G1_p5_w3_variable,G1_p2,0.0,0.9473684210526316,1.0,0.0526315789473684,1,0.0269905533063428,0.0,G1,G1,2
G1_p5_w3_variable,G1_p2,-5.0,0.85,0.926829268292683,0.076829268292683,0,0.048780487804878,0.0,G1,G1,2
G1_p5_w3_variable,G1_p3,20.0,1.0,1.0,0.0,0,0.0,1.1484897879375163e-16,G1,G1,3
G1_p5_w3_variable,G1_p3,10.0,1.0,1.0,0.0,0,0.0,0.0,G1,G1,3
G1_p5_w3_variable,G1_p3,0.0,1.0,1.0,0.0,0,0.0256410256410256,0.0,G1,G1,3
G1_p5_w3_variable,G1_p3,-5.0,0.95,1.0,0.05,0,0.0952380952380952,0.0,G1,G1,3
G1_p5_w3_variable,G1_p4,20.0,1.0,1.0,0.0,0,0.0,0.0,G1,G1,4
G1_p5_w3_variable,G1_p4,10.0,1.0,1.0,0.0,0,0.0256410256410256,0.0,G1,G1,4
G1_p5_w3_variable,G1_p4,0.0,0.7441860465116279,0.8571428571428571,0.1129568106312292,0,0.1194503171247357,0.0,G1,G1,4
G1_p5_w3_variable,G1_p4,-5.0,0.2580645161290322,0.5641025641025641,0.3060380479735318,0,0.0444444444444445,0.0,G1,G1,4
G1_p5_w3_variable,G2_p1,20.0,1.0,1.0,0.0,0,0.0,1.1484897879869603e-16,G1,G2,1
G1_p5_w3_variable,G2_p1,10.0,1.0,1.0,0.0,0,0.0,0.0,G1,G2,1
G1_p5_w3_variable,G2_p1,0.0,0.9,0.95,0.0499999999999999,1,0.0499999999999999,0.0,G1,G2,1
G1_p5_w3_variable,G2_p1,-5.0,0.7441860465116279,0.9047619047619048,0.1605758582502768,0,0.1070707070707071,0.0,G1,G2,1
G1_p5_w3_variable,G2_p2,20.0,1.0,1.0,0.0,0,0.0,0.0,G1,G2,2
G1_p5_w3_variable,G2_p2,10.0,1.0,1.0,0.0,0,0.0,0.0,G1,G2,2
G1_p5_w3_variable,G2_p2,0.0,0.9743589743589745,1.0,0.0256410256410256,0,0.0256410256410256,0.0,G1,G2,2
G1_p5_w3_variable,G2_p2,-5.0,0.8421052631578947,0.9743589743589745,0.1322537112010796,1,0.0796221322537111,2.0666984617780803e-16,G1,G2,2
G1_p5_w3_variable,G2_p3,20.0,1.0,1.0,0.0,0,0.0,0.0,G1,G2,3
G1_p5_w3_variable,G2_p3,10.0,1.0,1.0,0.0,0,0.0,1.4527374397551823e-16,G1,G2,3
G1_p5_w3_variable,G2_p3,0.0,1.0,1.0,0.0,0,0.05,1.8375836607312082e-16,G1,G2,3
G1_p5_w3_variable,G2_p3,-5.0,0.75,0.95,0.1999999999999999,1,0.2543478260869565,0.0,G1,G2,3
G1_p5_w3_variable,G2_p4,20.0,1.0,1.0,0.0,0,0.0,0.0,G1,G2,4
G1_p5_w3_variable,G2_p4,10.0,0.9743589743589745,1.0,0.0256410256410256,0,0.073170731707317,0.0,G1,G2,4
G1_p5_w3_variable,G2_p4,0.0,0.7727272727272727,0.8095238095238095,0.0367965367965368,0,0.0454545454545455,1.8375836606609927e-16,G1,G2,4
G1_p5_w3_variable,G2_p4,-5.0,0.2142857142857142,0.6486486486486487,0.4343629343629344,0,0.1462450592885376,0.0,G1,G2,4
G1_p5_w3_variable,G3_p1,20.0,1.0,1.0,0.0,0,0.0,0.0,G1,G3,1
G1_p5_w3_variable,G3_p1,10.0,1.0,1.0,0.0,0,0.0256410256410256,0.0,G1,G3,1
G1_p5_w3_variable,G3_p1,0.0,0.8571428571428571,0.95,0.0928571428571428,1,0.0696864111498258,0.0,G1,G3,1
G1_p5_w3_variable,G3_p1,-5.0,0.6511627906976745,0.9047619047619048,0.2535991140642303,0,0.2149870801033592,0.0,G1,G3,1
G1_p5_w3_variable,G3_p2,20.0,1.0,1.0,0.0,0,0.0,1.148489787900582e-16,G1,G3,2
G1_p5_w3_variable,G3_p2,10.0,1.0,1.0,0.0,0,0.0,1.452737439683812e-16,G1,G3,2
G1_p5_w3_variable,G3_p2,0.0,1.0,1.0,0.0,0,0.0,0.0,G1,G3,2
G1_p5_w3_variable,G3_p2,-5.0,1.0,1.0,0.0,0,0.0,0.0,G1,G3,2
G1_p5_w3_variable,G3_p3,20.0,1.0,1.0,0.0,0,0.0,1.1484897879165745e-16,G1,G3,3
G1_p5_w3_variable,G3_p3,10.0,1.0,1.0,0.0,0,0.0,1.4527374397040415e-16,G1,G3,3
G1_p5_w3_variable,G3_p3,0.0,1.0,1.0,0.0,0,0.0,0.0,G1,G3,3
G1_p5_w3_variable,G3_p3,-5.0,0.9743589743589745,1.0,0.0256410256410256,0,0.0256410256410256,0.0,G1,G3,3
G1_p5_w3_variable,G3_p4,20.0,1.0,1.0,0.0,0,0.0,0.0,G1,G3,4
G1_p5_w3_variable,G3_p4,10.0,1.0,1.0,0.0,0,0.0,0.0,G1,G3,4
G1_p5_w3_variable,G3_p4,0.0,0.9743589743589745,1.0,0.0256410256410256,0,0.0256410256410256,1.8375836606954679e-16,G1,G3,4
G1_p5_w3_variable,G3_p4,-5.0,0.8095238095238095,0.9743589743589745,0.1648351648351648,1,0.0952380952380952,0.0,G1,G3,4
G1_p5_w3_variable,G4_p1,20.0,1.0,1.0,0.0,0,0.0,1.1484897879988687e-16,G1,G4,1
G1_p5_w3_variable,G4_p1,10.0,1.0,1.0,0.0,0,0.0,0.0,G1,G4,1
G1_p5_w3_variable,G4_p1,0.0,0.8292682926829268,0.95,0.1207317073170731,1,0.1086474501108647,0.0,G1,G4,1
G1_p5_w3_variable,G4_p1,-5.0,0.6956521739130435,0.7906976744186046,0.0950455005055611,0,0.0321513002364065,0.0,G1,G4,1
G1_p5_w3_variable,G4_p2,20.0,1.0,1.0,0.0,0,0.0,1.1484897879359114e-16,G1,G4,2
G1_p5_w3_variable,G4_p2,10.0,1.0,1.0,0.0,0,0.0,0.0,G1,G4,2
G1_p5_w3_variable,G4_p2,0.0,0.95,1.0,0.05,0,0.05,0.0,G1,G4,2
G1_p5_w3_variable,G4_p2,-5.0,0.8372093023255814,0.95,0.1127906976744185,1,0.1086474501108647,0.0,G1,G4,2
G1_p5_w3_variable,G4_p3,20.0,1.0,1.0,0.0,0,0.0,1.148489787907441e-16,G1,G4,3
G1_p5_w3_variable,G4_p3,10.0,1.0,1.0,0.0,0,0.0,1.452737439692488e-16,G1,G4,3
G1_p5_w3_variable,G4_p3,0.0,0.9743589743589745,1.0,0.0256410256410256,0,0.0256410256410256,1.837583660651906e-16,G1,G4,3
G1_p5_w3_variable,G4_p3,-5.0,0.9230769230769232,1.0,0.0769230769230768,1,0.0256410256410256,0.0,G1,G4,3
G1_p5_w3_variable,G4_p4,20.0,1.0,1.0,0.0,0,0.0,1.1484897879371337e-16,G1,G4,4
G1_p5_w3_variable,G4_p4,10.0,1.0,1.0,0.0,0,0.0,0.0,G1,G4,4
G1_p5_w3_variable,G4_p4,0.0,0.95,1.0,0.05,0,0.073170731707317,0.0,G1,G4,4
G1_p5_w3_variable,G4_p4,-5.0,0.7619047619047619,0.8837209302325582,0.1218161683277962,0,0.0636363636363636,0.0,G1,G4,4
G2_p0_w0_regular,G1_p1,20.0,1.0,1.0,0.0,0,0.0,0.0,G2,G1,1
G2_p0_w0_regular,G1_p1,10.0,1.0,1.0,0.0,0,0.0,0.0,G2,G1,1
G2_p0_w0_regular,G1_p1,0.0,0.9333333333333332,0.9767441860465116,0.0434108527131782,1,0.0869565217391304,1.681109818271869e-16,G2,G1,1
G2_p0_w0_regular,G1_p1,-5.0,0.72,0.9047619047619048,0.1847619047619048,0,0.1768707482993197,0.0,G2,G1,1
G2_p0_w0_regular,G1_p2,20.0,1.0,1.0,0.0,0,0.0,2.101387272743185e-16,G2,G1,2
G2_p0_w0_regular,G1_p2,10.0,1.0,1.0,0.0,0,0.0,2.6580680111831723e-16,G2,G1,2
G2_p0_w0_regular,G1_p2,0.0,0.9767441860465116,1.0,0.0232558139534884,0,0.0232558139534884,1.6811098181945483e-16,G2,G1,2
G2_p0_w0_regular,G1_p2,-5.0,0.9090909090909092,0.9545454545454546,0.0454545454545455,1,0.0454545454545455,0.0,G2,G1,2
G2_p0_w0_regular,G1_p3,20.0,1.0,1.0,0.0,0,0.0,0.0,G2,G1,3
G2_p0_w0_regular,G1_p3,10.0,1.0,1.0,0.0,0,0.0,0.0,G2,G1,3
G2_p0_w0_regular,G1_p3,0.0,1.0,1.0,0.0,0,0.0232558139534884,0.0,G2,G1,3
G2_p0_w0_regular,G1_p3,-5.0,0.9333333333333332,0.9767441860465116,0.0434108527131782,1,0.0212121212121212,0.0,G2,G1,3
G2_p0_w0_regular,G1_p4,20.0,1.0,1.0,0.0,0,0.0,0.0,G2,G1,4
G2_p0_w0_regular,G1_p4,10.0,0.9767441860465116,1.0,0.0232558139534884,0,0.0232558139534884,0.0,G2,G1,4
G2_p0_w0_regular,G1_p4,0.0,0.7555555555555555,0.8444444444444444,0.0888888888888889,0,0.1333333333333333,0.0,G2,G1,4
G2_p0_w0_regular,G1_p4,-5.0,0.2857142857142857,0.5,0.2142857142857143,0,0.059903381642512,0.0,G2,G1,4
G2_p0_w0_regular,G2_p1,20.0,1.0,1.0,0.0,0,0.0,0.0,G2,G2,1
G2_p0_w0_regular,G2_p1,10.0,1.0,1.0,0.0,0,0.0,0.0,G2,G2,1
G2_p0_w0_regular,G2_p1,0.0,0.9130434782608696,1.0,0.0869565217391304,1,0.1063829787234043,0.0,G2,G2,1
G2_p0_w0_regular,G2_p1,-5.0,0.8076923076923077,0.9523809523809524,0.1446886446886446,1,0.2267441860465116,0.0,G2,G2,1
G2_p0_w0_regular,G2_p2,20.0,1.0,1.0,0.0,0,0.0,2.1013872727133396e-16,G2,G2,2
G2_p0_w0_regular,G2_p2,10.0,1.0,1.0,0.0,0,0.0,1.32903400557271e-16,G2,G2,2
G2_p0_w0_regular,G2_p2,0.0,0.9767441860465116,1.0,0.0232558139534884,0,0.0232558139534884,0.0,G2,G2,2
G2_p0_w0_regular,G2_p2,-5.0,0.8837209302325582,0.9767441860465116,0.0930232558139534,1,0.0676532769556025,0.0,G2,G2,2
G2_p0_w0_regular,G2_p3,20.0,1.0,1.0,0.0,0,0.0,2.101387272783864e-16,G2,G2,3
G2_p0_w0_regular,G2_p3,10.0,1.0,1.0,0.0,0,0.0,1.3290340056173136e-16,G2,G2,3
G2_p0_w0_regular,G2_p3,0.0,0.9767441860465116,1.0,0.0232558139534884,0,0.0,0.0,G2,G2,3
G2_p0_w0_regular,G2_p3,-5.0,0.8636363636363636,0.9130434782608696,0.0494071146245058,0,0.0994897959183673,1.8907150459446582e-16,G2,G2,3
G2_p0_w0_regular,G2_p4,20.0,1.0,1.0,0.0,0,0.0,0.0,G2,G2,4
G2_p0_w0_regular,G2_p4,10.0,1.0,1.0,0.0,0,0.0232558139534884,0.0,G2,G2,4
G2_p0_w0_regular,G2_p4,0.0,0.7906976744186046,0.8260869565217391,0.0353892821031345,0,0.0869565217391304,0.0,G2,G2,4
G2_p0_w0_regular,G2_p4,-5.0,0.2580645161290322,0.6,0.3419354838709677,0,0.1572617946345975,0.0,G2,G2,4
G2_p0_w0_regular,G3_p1,20.0,1.0,1.0,0.0,0,0.0,2.1013872728524167e-16,G2,G3,1
G2_p0_w0_regular,G3_p1,10.0,1.0,1.0,0.0,0,0.0232558139534884,1.3290340056606707e-16,G2,G3,1
G2_p0_w0_regular,G3_p1,0.0,0.875,1.0,0.125,1,0.1017441860465115,0.0,G2,G3,1
G2_p0_w0_regular,G3_p1,-5.0,0.7272727272727273,0.8837209302325582,0.1564482029598308,0,0.1402321083172146,0.0,G2,G3,1
G2_p0_w0_regular,G3_p2,20.0,1.0,1.0,0.0,0,0.0,0.0,G2,G3,2
G2_p0_w0_regular,G3_p2,10.0,1.0,1.0,0.0,0,0.0,1.3290340055520206e-16,G2,G3,2
G2_p0_w0_regular,G3_p2,0.0,1.0,1.0,0.0,0,0.0,3.3622196362890035e-16,G2,G3,2
G2_p0_w0_regular,G3_p2,-5.0,1.0,1.0,0.0,0,0.0,1.890715045851771e-16,G2,G3,2
G2_p0_w0_regular,G3_p3,20.0,1.0,1.0,0.0,0,0.0,0.0,G2,G3,3
G2_p0_w0_regular,G3_p3,10.0,1.0,1.0,0.0,0,0.0,0.0,G2,G3,3
G2_p0_w0_regular,G3_p3,0.0,1.0,1.0,0.0,0,0.0,0.0,G2,G3,3
G2_p0_w0_regular,G3_p3,-5.0,0.9767441860465116,1.0,0.0232558139534884,0,0.0232558139534884,1.8907150458780996e-16,G2,G3,3
G2_p0_w0_regular,G3_p4,20.0,1.0,1.0,0.0,0,0.0,0.0,G2,G3,4
G2_p0_w0_regular,G3_p4,10.0,1.0,1.0,0.0,0,0.0,0.0,G2,G3,4
G2_p0_w0_regular,G3_p4,0.0,0.9545454545454546,1.0,0.0454545454545454,0,0.0454545454545454,0.0,G2,G3,4
G2_p0_w0_regular,G3_p4,-5.0,0.9333333333333332,0.9545454545454546,0.0212121212121212,1,0.0202898550724638,0.0,G2,G3,4
G2_p0_w0_regular,G4_p1,20.0,1.0,1.0,0.0,0,0.0,0.0,G2,G4,1
G2_p0_w0_regular,G4_p1,10.0,1.0,1.0,0.0,0,0.0,0.0,G2,G4,1
G2_p0_w0_regular,G4_p1,0.0,0.8260869565217391,0.9523809523809524,0.1262939958592132,1,0.1607142857142857,0.0,G2,G4,1
G2_p0_w0_regular,G4_p1,-5.0,0.6808510638297872,0.8837209302325582,0.2028698664027709,0,0.1389365351629503,0.0,G2,G4,1
G2_p0_w0_regular,G4_p2,20.0,1.0,1.0,0.0,0,0.0,0.0,G2,G4,2
G2_p0_w0_regular,G4_p2,10.0,1.0,1.0,0.0,0,0.0,1.329034005592904e-16,G2,G4,2
G2_p0_w0_regular,G4_p2,0.0,0.9767441860465116,1.0,0.0232558139534884,0,0.0232558139534884,1.681109818196215e-16,G2,G4,2
G2_p0_w0_regular,G4_p2,-5.0,0.8444444444444444,0.8936170212765957,0.0491725768321512,0,0.0869565217391303,0.0,G2,G4,2
G2_p0_w0_regular,G4_p3,20.0,1.0,1.0,0.0,0,0.0,0.0,G2,G4,3
G2_p0_w0_regular,G4_p3,10.0,1.0,1.0,0.0,0,0.0,1.329034005559958e-16,G2,G4,3
G2_p0_w0_regular,G4_p3,0.0,0.9767441860465116,1.0,0.0232558139534884,0,0.0232558139534884,0.0,G2,G4,3
G2_p0_w0_regular,G4_p3,-5.0,0.9523809523809524,1.0,0.0476190476190476,0,0.0476190476190476,1.8907150458630636e-16,G2,G4,3
G2_p0_w0_regular,G4_p4,20.0,1.0,1.0,0.0,0,0.0,0.0,G2,G4,4
G2_p0_w0_regular,G4_p4,10.0,1.0,1.0,0.0,0,0.0,0.0,G2,G4,4
G2_p0_w0_regular,G4_p4,0.0,0.9545454545454546,1.0,0.0454545454545454,0,0.0454545454545454,0.0,G2,G4,4
G2_p0_w0_regular,G4_p4,-5.0,0.7916666666666666,0.8372093023255814,0.0455426356589148,0,0.0888888888888888,1.8907150459119446e-16,G2,G4,4
G2_p0_w0_variable,G1_p1,20.0,1.0,1.0,0.0,0,0.0,0.0,G2,G1,1
G2_p0_w0_variable,G1_p1,10.0,1.0,1.0,0.0,0,0.0,1.328214394127878e-16,G2,G1,1
G2_p0_w0_variable,G1_p1,0.0,0.975609756097561,1.0,0.024390243902439,0,0.0476190476190476,0.0,G2,G1,1
G2_p0_w0_variable,G1_p1,-5.0,0.8292682926829268,0.9047619047619048,0.0754936120789779,0,0.0541125541125541,0.0,G2,G1,1
G2_p0_w0_variable,G1_p2,20.0,1.0,1.0,0.0,0,0.0,0.0,G2,G1,2
G2_p0_w0_variable,G1_p2,10.0,1.0,1.0,0.0,0,0.0,0.0,G2,G1,2
G2_p0_w0_variable,G1_p2,0.0,0.926829268292683,1.0,0.073170731707317,1,0.073170731707317,1.6800730825085944e-16,G2,G1,2
G2_p0_w0_variable,G1_p2,-5.0,0.9047619047619048,0.9302325581395348,0.0254706533776301,0,0.0476190476190475,0.0,G2,G1,2
G2_p0_w0_variable,G1_p3,20.0,1.0,1.0,0.0,0,0.0,0.0,G2,G1,3
G2_p0_w0_variable,G1_p3,10.0,1.0,1.0,0.0,0,0.0,0.0,G2,G1,3
G2_p0_w0_variable,G1_p3,0.0,1.0,1.0,0.0,0,0.0,0.0,G2,G1,3
G2_p0_w0_variable,G1_p3,-5.0,0.9090909090909092,1.0,0.0909090909090909,1,0.0665188470066519,3.779098094547098e-16,G2,G1,3
G2_p0_w0_variable,G1_p4,20.0,1.0,1.0,0.0,0,0.0,0.0,G2,G1,4
G2_p0_w0_variable,G1_p4,10.0,0.975609756097561,1.0,0.024390243902439,0,0.024390243902439,0.0,G2,G1,4
G2_p0_w0_variable,G1_p4,0.0,0.7727272727272727,0.8837209302325582,0.1109936575052854,0,0.0909090909090909,0.0,G2,G1,4
G2_p0_w0_variable,G1_p4,-5.0,0.1935483870967742,0.55,0.3564516129032258,0,0.064246975385899,0.0,G2,G1,4
G2_p0_w0_variable,G2_p1,20.0,1.0,1.0,0.0,0,0.0,0.0,G2,G2,1
G2_p0_w0_variable,G2_p1,10.0,1.0,1.0,0.0,0,0.0,0.0,G2,G2,1
G2_p0_w0_variable,G2_p1,0.0,0.9090909090909092,0.95,0.0409090909090908,1,0.0804347826086956,0.0,G2,G2,1
G2_p0_w0_variable,G2_p1,-5.0,0.72,0.8780487804878049,0.1580487804878049,0,0.2098481362172113,1.8895490473548966e-16,G2,G2,1
G2_p0_w0_variable,G2_p2,20.0,1.0,1.0,0.0,0,0.0,2.1000913531059152e-16,G2,G2,2
G2_p0_w0_variable,G2_p2,10.0,1.0,1.0,0.0,0,0.0,0.0,G2,G2,2
G2_p0_w0_variable,G2_p2,0.0,0.975609756097561,1.0,0.024390243902439,0,0.024390243902439,0.0,G2,G2,2
G2_p0_w0_variable,G2_p2,-5.0,0.9047619047619048,0.9523809523809524,0.0476190476190475,1,0.0686600221483941,0.0,G2,G2,2
G2_p0_w0_variable,G2_p3,20.0,1.0,1.0,0.0,0,0.0,2.1000913531763962e-16,G2,G2,3
G2_p0_w0_variable,G2_p3,10.0,1.0,1.0,0.0,0,0.0,1.3282143940925002e-16,G2,G2,3
G2_p0_w0_variable,G2_p3,0.0,0.9523809523809524,1.0,0.0476190476190476,0,0.0476190476190476,0.0,G2,G2,3
G2_p0_w0_variable,G2_p3,-5.0,0.8444444444444444,0.975609756097561,0.1311653116531165,1,0.1385658914728682,1.889549047305613e-16,G2,G2,3
G2_p0_w0_variable,G2_p4,20.0,1.0,1.0,0.0,0,0.0,0.0,G2,G2,4
G2_p0_w0_variable,G2_p4,10.0,1.0,1.0,0.0,0,0.024390243902439,1.3282143940417476e-16,G2,G2,4
G2_p0_w0_variable,G2_p4,0.0,0.6829268292682927,0.8181818181818182,0.1352549889135255,0,0.1395348837209301,0.0,G2,G2,4
G2_p0_w0_variable,G2_p4,-5.0,0.1935483870967742,0.4210526315789473,0.2275042444821731,0,0.1666666666666666,0.0,G2,G2,4
G2_p0_w0_variable,G3_p1,20.0,1.0,1.0,0.0,0,0.0,0.0,G2,G3,1
G2_p0_w0_variable,G3_p1,10.0,0.975609756097561,1.0,0.024390243902439,0,0.024390243902439,2.65642878827166e-16,G2,G3,1
G2_p0_w0_variable,G3_p1,0.0,0.8636363636363636,0.9302325581395348,0.0665961945031712,0,0.1041456016177957,0.0,G2,G3,1
G2_p0_w0_variable,G3_p1,-5.0,0.6956521739130435,0.8260869565217391,0.1304347826086956,0,0.1024943310657596,1.8895490473672556e-16,G2,G3,1
G2_p0_w0_variable,G3_p2,20.0,1.0,1.0,0.0,0,0.0,2.100091353073223e-16,G2,G3,2
G2_p0_w0_variable,G3_p2,10.0,1.0,1.0,0.0,0,0.0,0.0,G2,G3,2
G2_p0_w0_variable,G3_p2,0.0,1.0,1.0,0.0,0,0.0,0.0,G2,G3,2
G2_p0_w0_variable,G3_p2,-5.0,1.0,1.0,0.0,0,0.0,0.0,G2,G3,2
G2_p0_w0_variable,G3_p3,20.0,1.0,1.0,0.0,0,0.0,0.0,G2,G3,3
G2_p0_w0_variable,G3_p3,10.0,1.0,1.0,0.0,0,0.0,0.0,G2,G3,3
G2_p0_w0_variable,G3_p3,0.0,1.0,1.0,0.0,0,0.0,0.0,G2,G3,3
G2_p0_w0_variable,G3_p3,-5.0,0.975609756097561,1.0,0.024390243902439,0,0.024390243902439,0.0,G2,G3,3
G2_p0_w0_variable,G3_p4,20.0,1.0,1.0,0.0,0,0.0,2.1000913531355502e-16,G2,G3,4
G2_p0_w0_variable,G3_p4,10.0,1.0,1.0,0.0,0,0.0,0.0,G2,G3,4
G2_p0_w0_variable,G3_p4,0.0,1.0,1.0,0.0,0,0.024390243902439,0.0,G2,G3,4
G2_p0_w0_variable,G3_p4,-5.0,0.8571428571428571,0.9302325581395348,0.0730897009966777,0,0.0830039525691699,0.0,G2,G3,4
G2_p0_w0_variable,G4_p1,20.0,1.0,1.0,0.0,0,0.0,0.0,G2,G4,1
G2_p0_w0_variable,G4_p1,10.0,1.0,1.0,0.0,0,0.024390243902439,0.0,G2,G4,1
G2_p0_w0_variable,G4_p1,0.0,0.8695652173913043,0.95,0.0804347826086956,1,0.1166666666666665,1.6800730826023574e-16,G2,G4,1
G2_p0_w0_variable,G4_p1,-5.0,0.6666666666666666,0.8,0.1333333333333334,0,0.1543340380549682,0.0,G2,G4,1
G2_p0_w0_variable,G4_p2,20.0,1.0,1.0,0.0,0,0.0,2.100091353137825e-16,G2,G4,2
G2_p0_w0_variable,G4_p2,10.0,1.0,1.0,0.0,0,0.0,1.3282143940681054e-16,G2,G4,2
G2_p0_w0_variable,G4_p2,0.0,1.0,1.0,0.0,0,0.0,0.0,G2,G4,2
G2_p0_w0_variable,G4_p2,-5.0,0.8372093023255814,0.9302325581395348,0.0930232558139534,0,0.0695652173913042,1.8895490472709083e-16,G2,G4,2
G2_p0_w0_variable,G4_p3,20.0,1.0,1.0,0.0,0,0.0,0.0,G2,G4,3
G2_p0_w0_variable,G4_p3,10.0,1.0,1.0,0.0,0,0.0,0.0,G2,G4,3
G2_p0_w0_variable,G4_p3,0.0,0.975609756097561,1.0,0.024390243902439,0,0.024390243902439,0.0,G2,G4,3
G2_p0_w0_variable,G4_p3,-5.0,0.95,1.0,0.05,0,0.05,0.0,G2,G4,3
G2_p0_w0_variable,G4_p4,20.0,1.0,1.0,0.0,0,0.0,0.0,G2,G4,4
G2_p0_w0_variable,G4_p4,10.0,1.0,1.0,0.0,0,0.0,1.328214394069519e-16,G2,G4,4
G2_p0_w0_variable,G4_p4,0.0,0.9523809523809524,0.975609756097561,0.0232288037166086,0,0.0232288037166086,0.0,G2,G4,4
G2_p0_w0_variable,G4_p4,-5.0,0.8085106382978723,0.8636363636363636,0.0551257253384913,0,0.0869565217391303,1.88954904727292e-16,G2,G4,4
G2_p0_w1_regular,G1_p1,20.0,1.0,1.0,0.0,0,0.0,0.0,G2,G1,1
G2_p0_w1_regular,G1_p1,10.0,1.0,1.0,0.0,0,0.0,0.0,G2,G1,1
G2_p0_w1_regular,G1_p1,0.0,0.975609756097561,1.0,0.024390243902439,0,0.0909090909090909,0.0,G2,G1,1
G2_p0_w1_regular,G1_p1,-5.0,0.8,0.9047619047619048,0.1047619047619047,0,0.1140642303433001,0.0,G2,G1,1
G2_p0_w1_regular,G1_p2,20.0,1.0,1.0,0.0,0,0.0,0.0,G2,G1,2
G2_p0_w1_regular,G1_p2,10.0,1.0,1.0,0.0,0,0.0,1.360324311082704e-16,G2,G1,2
G2_p0_w1_regular,G1_p2,0.0,0.975609756097561,1.0,0.024390243902439,0,0.0232288037166086,0.0,G2,G1,2
G2_p0_w1_regular,G1_p2,-5.0,0.8571428571428571,0.9302325581395348,0.0730897009966777,0,0.0730897009966777,0.0,G2,G1,2
G2_p0_w1_regular,G1_p3,20.0,1.0,1.0,0.0,0,0.0,0.0,G2,G1,3
G2_p0_w1_regular,G1_p3,10.0,1.0,1.0,0.0,0,0.0,2.7206486221719074e-16,G2,G1,3
G2_p0_w1_regular,G1_p3,0.0,1.0,1.0,0.0,0,0.024390243902439,1.7206892718124204e-16,G2,G1,3
G2_p0_w1_regular,G1_p3,-5.0,0.9302325581395348,1.0,0.0697674418604651,1,0.0432900432900432,1.9352293707036266e-16,G2,G1,3
G2_p0_w1_regular,G1_p4,20.0,1.0,1.0,0.0,0,0.0,0.0,G2,G1,4
G2_p0_w1_regular,G1_p4,10.0,0.975609756097561,1.0,0.024390243902439,0,0.0476190476190476,0.0,G2,G1,4
G2_p0_w1_regular,G1_p4,0.0,0.7619047619047619,0.8636363636363636,0.1017316017316017,0,0.0454545454545455,0.0,G2,G1,4
G2_p0_w1_regular,G1_p4,-5.0,0.1935483870967742,0.4571428571428571,0.2635944700460829,0,0.125,1.9352293706552943e-16,G2,G1,4
G2_p0_w1_regular,G2_p1,20.0,1.0,1.0,0.0,0,0.0,0.0,G2,G2,1
G2_p0_w1_regular,G2_p1,10.0,1.0,1.0,0.0,0,0.0,1.3603243111445175e-16,G2,G2,1
G2_p0_w1_regular,G2_p1,0.0,0.8095238095238095,0.9523809523809524,0.1428571428571428,1,0.0718816067653276,0.0,G2,G2,1
G2_p0_w1_regular,G2_p1,-5.0,0.7,0.7916666666666666,0.0916666666666666,0,0.036595744680851,0.0,G2,G2,1
G2_p0_w1_regular,G2_p2,20.0,1.0,1.0,0.0,0,0.0,2.1508615897298395e-16,G2,G2,2
G2_p0_w1_regular,G2_p2,10.0,1.0,1.0,0.0,0,0.0,1.3603243110633834e-16,G2,G2,2
G2_p0_w1_regular,G2_p2,0.0,0.975609756097561,1.0,0.024390243902439,0,0.024390243902439,0.0,G2,G2,2
G2_p0_w1_regular,G2_p2,-5.0,0.9302325581395348,1.0,0.0697674418604651,1,0.0697674418604651,0.0,G2,G2,2
G2_p0_w1_regular,G2_p3,20.0,1.0,1.0,0.0,0,0.0,0.0,G2,G2,3
G2_p0_w1_regular,G2_p3,10.0,1.0,1.0,0.0,0,0.0,0.0,G2,G2,3
G2_p0_w1_regular,G2_p3,0.0,0.975609756097561,1.0,0.024390243902439,0,0.0476190476190476,1.720689271841619e-16,G2,G2,3
G2_p0_w1_regular,G2_p3,-5.0,0.7317073170731707,0.9090909090909092,0.1773835920177383,0,0.1333333333333333,0.0,G2,G2,3
G2_p0_w1_regular,G2_p4,20.0,1.0,1.0,0.0,0,0.0,0.0,G2,G2,4
G2_p0_w1_regular,G2_p4,10.0,0.975609756097561,1.0,0.024390243902439,0,0.0476190476190476,0.0,G2,G2,4
G2_p0_w1_regular,G2_p4,0.0,0.7142857142857143,0.8444444444444444,0.1301587301587301,0,0.1194503171247357,0.0,G2,G2,4
G2_p0_w1_regular,G2_p4,-5.0,0.0666666666666666,0.6341463414634146,0.567479674796748,0,0.1859389454209065,0.0,G2,G2,4
G2_p0_w1_regular,G3_p1,20.0,1.0,1.0,0.0,0,0.0,2.1508615898721921e-16,G2,G3,1
G2_p0_w1_regular,G3_p1,10.0,0.975609756097561,1.0,0.024390243902439,0,0.024390243902439,0.0,G2,G3,1
G2_p0_w1_regular,G3_p1,0.0,0.8444444444444444,0.95,0.1055555555555555,1,0.0823848238482385,0.0,G2,G3,1
G2_p0_w1_regular,G3_p1,-5.0,0.7083333333333334,0.7916666666666666,0.0833333333333332,0,0.1243474133839581,0.0,G2,G3,1
G2_p0_w1_regular,G3_p2,20.0,1.0,1.0,0.0,0,0.0,2.1508615896963563e-16,G2,G3,2
G2_p0_w1_regular,G3_p2,10.0,1.0,1.0,0.0,0,0.0,0.0,G2,G3,2
G2_p0_w1_regular,G3_p2,0.0,1.0,1.0,0.0,0,0.0,0.0,G2,G3,2
G2_p0_w1_regular,G3_p2,-5.0,1.0,1.0,0.0,0,0.0,0.0,G2,G3,2
G2_p0_w1_regular,G3_p3,20.0,1.0,1.0,0.0,0,0.0,0.0,G2,G3,3
G2_p0_w1_regular,G3_p3,10.0,1.0,1.0,0.0,0,0.0,1.3603243110611495e-16,G2,G3,3
G2_p0_w1_regular,G3_p3,0.0,1.0,1.0,0.0,0,0.0,0.0,G2,G3,3
G2_p0_w1_regular,G3_p3,-5.0,0.975609756097561,1.0,0.024390243902439,0,0.024390243902439,0.0,G2,G3,3
G2_p0_w1_regular,G3_p4,20.0,1.0,1.0,0.0,0,0.0,0.0,G2,G3,4
G2_p0_w1_regular,G3_p4,10.0,1.0,1.0,0.0,0,0.0,0.0,G2,G3,4
G2_p0_w1_regular,G3_p4,0.0,0.975609756097561,1.0,0.024390243902439,0,0.0476190476190476,0.0,G2,G3,4
G2_p0_w1_regular,G3_p4,-5.0,0.8780487804878049,0.9302325581395348,0.0521837776517299,0,0.0519480519480519,1.9352293706988271e-16,G2,G3,4
G2_p0_w1_regular,G4_p1,20.0,1.0,1.0,0.0,0,0.0,2.150861589880425e-16,G2,G4,1
G2_p0_w1_regular,G4_p1,10.0,1.0,1.0,0.0,0,0.0,1.3603243111586223e-16,G2,G4,1
G2_p0_w1_regular,G4_p1,0.0,0.851063829787234,1.0,0.1489361702127659,1,0.1666666666666666,0.0,G2,G4,1
G2_p0_w1_regular,G4_p1,-5.0,0.6511627906976745,0.95,0.2988372093023255,1,0.3614718614718614,1.9352293708070076e-16,G2,G4,1
G2_p0_w1_regular,G4_p2,20.0,1.0,1.0,0.0,0,0.0,0.0,G2,G4,2
G2_p0_w1_regular,G4_p2,10.0,1.0,1.0,0.0,0,0.0,0.0,G2,G4,2
G2_p0_w1_regular,G4_p2,0.0,0.975609756097561,1.0,0.024390243902439,0,0.0697674418604651,0.0,G2,G4,2
G2_p0_w1_regular,G4_p2,-5.0,0.8372093023255814,0.9090909090909092,0.0718816067653276,0,0.1036077705827936,1.935229370700923e-16,G2,G4,2
G2_p0_w1_regular,G4_p3,20.0,1.0,1.0,0.0,0,0.0,0.0,G2,G4,3
G2_p0_w1_regular,G4_p3,10.0,1.0,1.0,0.0,0,0.0,0.0,G2,G4,3
G2_p0_w1_regular,G4_p3,0.0,0.975609756097561,1.0,0.024390243902439,0,0.024390243902439,3.4413785435347233e-16,G2,G4,3
G2_p0_w1_regular,G4_p3,-5.0,0.95,1.0,0.05,0,0.024390243902439,1.9352293706529492e-16,G2,G4,3
G2_p0_w1_regular,G4_p4,20.0,1.0,1.0,0.0,0,0.0,2.1508615897648094e-16,G2,G4,4
G2_p0_w1_regular,G4_p4,10.0,1.0,1.0,0.0,0,0.0,0.0,G2,G4,4
G2_p0_w1_regular,G4_p4,0.0,0.9302325581395348,0.975609756097561,0.045377197958026,1,0.045377197958026,0.0,G2,G4,4
G2_p0_w1_regular,G4_p4,-5.0,0.8260869565217391,0.8695652173913043,0.0434782608695651,0,0.0434782608695651,1.9352293707029827e-16,G2,G4,4
G2_p0_w1_variable,G1_p1,20.0,1.0,1.0,0.0,0,0.0,0.0,G2,G1,1
G2_p0_w1_variable,G1_p1,10.0,1.0,1.0,0.0,0,0.0,0.0,G2,G1,1
G2_p0_w1_variable,G1_p1,0.0,0.9302325581395348,0.9767441860465116,0.0465116279069767,1,0.0465116279069767,1.6840067349459606e-16,G2,G1,1
G2_p0_w1_variable,G1_p1,-5.0,0.7272727272727273,0.851063829787234,0.1237911025145067,0,0.0890538033395176,1.8939731579179682e-16,G2,G1,1
G2_p0_w1_variable,G1_p2,20.0,1.0,1.0,0.0,0,0.0,0.0,G2,G1,2
G2_p0_w1_variable,G1_p2,10.0,1.0,1.0,0.0,0,0.0,0.0,G2,G1,2
G2_p0_w1_variable,G1_p2,0.0,0.9767441860465116,1.0,0.0232558139534884,0,0.0454545454545454,0.0,G2,G1,2
G2_p0_w1_variable,G1_p2,-5.0,0.8837209302325582,0.9302325581395348,0.0465116279069767,0,0.0494071146245058,0.0,G2,G1,2
G2_p0_w1_variable,G1_p3,20.0,1.0,1.0,0.0,0,0.0,2.1050084185906616e-16,G2,G1,3
G2_p0_w1_variable,G1_p3,10.0,1.0,1.0,0.0,0,0.0,0.0,G2,G1,3
G2_p0_w1_variable,G1_p3,0.0,1.0,1.0,0.0,0,0.0,1.684006734872529e-16,G2,G1,3
G2_p0_w1_variable,G1_p3,-5.0,0.9130434782608696,0.9767441860465116,0.063700707785642,1,0.041501976284585,1.8939731578353816e-16,G2,G1,3
G2_p0_w1_variable,G1_p4,20.0,1.0,1.0,0.0,0,0.0,2.1050084185380882e-16,G2,G1,4
G2_p0_w1_variable,G1_p4,10.0,1.0,1.0,0.0,0,0.0232558139534884,1.3313242192818736e-16,G2,G1,4
G2_p0_w1_variable,G1_p4,0.0,0.782608695652174,0.8444444444444444,0.0618357487922704,0,0.1140096618357487,1.6840067348304707e-16,G2,G1,4
G2_p0_w1_variable,G1_p4,-5.0,0.1875,0.3125,0.125,0,0.1418439716312056,1.8939731577880795e-16,G2,G1,4
G2_p0_w1_variable,G2_p1,20.0,1.0,1.0,0.0,0,0.0,0.0,G2,G2,1
G2_p0_w1_variable,G2_p1,10.0,1.0,1.0,0.0,0,0.0,1.3313242193724388e-16,G2,G2,1
G2_p0_w1_variable,G2_p1,0.0,0.8888888888888888,1.0,0.1111111111111111,1,0.1063829787234043,1.684006734945028e-16,G2,G2,1
G2_p0_w1_variable,G2_p1,-5.0,0.7692307692307693,0.8571428571428571,0.0879120879120878,0,0.111601766358892,1.89397315791692e-16,G2,G2,1
G2_p0_w1_variable,G2_p2,20.0,1.0,1.0,0.0,0,0.0,0.0,G2,G2,2
G2_p0_w1_variable,G2_p2,10.0,1.0,1.0,0.0,0,0.0,2.662648438586069e-16,G2,G2,2
G2_p0_w1_variable,G2_p2,0.0,0.9767441860465116,1.0,0.0232558139534884,0,0.0232558139534884,1.6840067348445886e-16,G2,G2,2
G2_p0_w1_variable,G2_p2,-5.0,0.8372093023255814,0.9767441860465116,0.1395348837209301,1,0.0930232558139534,0.0,G2,G2,2
G2_p0_w1_variable,G2_p3,20.0,1.0,1.0,0.0,0,0.0,2.1050084186263812e-16,G2,G2,3
G2_p0_w1_variable,G2_p3,10.0,1.0,1.0,0.0,0,0.0,0.0,G2,G2,3
G2_p0_w1_variable,G2_p3,0.0,0.9302325581395348,1.0,0.0697674418604651,1,0.0454545454545454,1.6840067349011055e-16,G2,G2,3
G2_p0_w1_variable,G2_p3,-5.0,0.8333333333333334,0.9333333333333332,0.0999999999999999,0,0.0362318840579709,1.893973157867521e-16,G2,G2,3
G2_p0_w1_variable,G2_p4,20.0,1.0,1.0,0.0,0,0.0,2.1050084185459475e-16,G2,G2,4
G2_p0_w1_variable,G2_p4,10.0,0.9523809523809524,1.0,0.0476190476190476,0,0.0232558139534884,1.3313242192868441e-16,G2,G2,4
G2_p0_w1_variable,G2_p4,0.0,0.7727272727272727,0.8,0.0272727272727273,0,0.0533596837944664,0.0,G2,G2,4
G2_p0_w1_variable,G2_p4,-5.0,0.25,0.4615384615384615,0.2115384615384615,0,0.137212331741207,1.8939731577951502e-16,G2,G2,4
G2_p0_w1_variable,G3_p1,20.0,1.0,1.0,0.0,0,0.0,0.0,G2,G3,1
G2_p0_w1_variable,G3_p1,10.0,1.0,1.0,0.0,0,0.0232558139534884,0.0,G2,G3,1
G2_p0_w1_variable,G3_p1,0.0,0.8181818181818182,0.9523809523809524,0.1341991341991341,1,0.1262939958592132,0.0,G2,G3,1
G2_p0_w1_variable,G3_p1,-5.0,0.6818181818181818,0.8372093023255814,0.1553911205073996,0,0.1224489795918366,1.8939731579293078e-16,G2,G3,1
G2_p0_w1_variable,G3_p2,20.0,1.0,1.0,0.0,0,0.0,0.0,G2,G3,2
G2_p0_w1_variable,G3_p2,10.0,1.0,1.0,0.0,0,0.0,0.0,G2,G3,2
G2_p0_w1_variable,G3_p2,0.0,1.0,1.0,0.0,0,0.0,0.0,G2,G3,2
G2_p0_w1_variable,G3_p2,-5.0,1.0,1.0,0.0,0,0.0,0.0,G2,G3,2
G2_p0_w1_variable,G3_p3,20.0,1.0,1.0,0.0,0,0.0,0.0,G2,G3,3
G2_p0_w1_variable,G3_p3,10.0,1.0,1.0,0.0,0,0.0,1.3313242192908479e-16,G2,G3,3
G2_p0_w1_variable,G3_p3,0.0,0.9767441860465116,1.0,0.0232558139534884,0,0.0232558139534884,0.0,G2,G3,3
G2_p0_w1_variable,G3_p3,-5.0,0.9767441860465116,1.0,0.0232558139534884,0,0.0232558139534884,0.0,G2,G3,3
G2_p0_w1_variable,G3_p4,20.0,1.0,1.0,0.0,0,0.0,0.0,G2,G3,4
G2_p0_w1_variable,G3_p4,10.0,1.0,1.0,0.0,0,0.0,0.0,G2,G3,4
G2_p0_w1_variable,G3_p4,0.0,0.9767441860465116,1.0,0.0232558139534884,0,0.0232558139534884,1.6840067348683523e-16,G2,G3,4
G2_p0_w1_variable,G3_p4,-5.0,0.9130434782608696,0.9545454545454546,0.041501976284585,1,0.0609284332688588,1.893973157830684e-16,G2,G3,4
G2_p0_w1_variable,G4_p1,20.0,1.0,1.0,0.0,0,0.0,0.0,G2,G4,1
G2_p0_w1_variable,G4_p1,10.0,1.0,1.0,0.0,0,0.0,0.0,G2,G4,1
G2_p0_w1_variable,G4_p1,0.0,0.8444444444444444,0.9047619047619048,0.0603174603174603,0,0.0962512664640324,1.684006734962489e-16,G2,G4,1
G2_p0_w1_variable,G4_p1,-5.0,0.6086956521739131,0.75,0.1413043478260869,0,0.0682011935208866,1.8939731579365582e-16,G2,G4,1
G2_p0_w1_variable,G4_p2,20.0,1.0,1.0,0.0,0,0.0,0.0,G2,G4,2
G2_p0_w1_variable,G4_p2,10.0,1.0,1.0,0.0,0,0.0,0.0,G2,G4,2
G2_p0_w1_variable,G4_p2,0.0,0.9545454545454546,1.0,0.0454545454545454,0,0.0666666666666666,0.0,G2,G4,2
G2_p0_w1_variable,G4_p2,-5.0,0.851063829787234,0.8936170212765957,0.0425531914893616,0,0.0999999999999999,1.8939731578327355e-16,G2,G4,2
G2_p0_w1_variable,G4_p3,20.0,1.0,1.0,0.0,0,0.0,0.0,G2,G4,3
G2_p0_w1_variable,G4_p3,10.0,1.0,1.0,0.0,0,0.0,1.3313242192802606e-16,G2,G4,3
G2_p0_w1_variable,G4_p3,0.0,0.9767441860465116,1.0,0.0232558139534884,0,0.0232558139534884,1.6840067348284302e-16,G2,G4,3
G2_p0_w1_variable,G4_p3,-5.0,0.9767441860465116,1.0,0.0232558139534884,0,0.0232558139534884,0.0,G2,G4,3
G2_p0_w1_variable,G4_p4,20.0,1.0,1.0,0.0,0,0.0,0.0,G2,G4,4
G2_p0_w1_variable,G4_p4,10.0,1.0,1.0,0.0,0,0.0,0.0,G2,G4,4
G2_p0_w1_variable,G4_p4,0.0,0.9545454545454546,1.0,0.0454545454545454,0,0.0666666666666666,0.0,G2,G4,4
G2_p0_w1_variable,G4_p4,-5.0,0.8163265306122449,0.9090909090909092,0.0927643784786641,0,0.0408163265306121,0.0,G2,G4,4
G2_p0_w2_regular,G1_p1,20.0,1.0,1.0,0.0,0,0.0,2.1257760319833772e-16,G2,G1,1
G2_p0_w2_regular,G1_p1,10.0,1.0,1.0,0.0,0,0.0,1.3444588112924834e-16,G2,G1,1
G2_p0_w2_regular,G1_p1,0.0,0.975609756097561,1.0,0.024390243902439,0,0.0476190476190476,0.0,G2,G1,1
G2_p0_w2_regular,G1_p1,-5.0,0.75,0.9,0.15,0,0.105813953488372,0.0,G2,G1,1
G2_p0_w2_regular,G1_p2,20.0,1.0,1.0,0.0,0,0.0,0.0,G2,G1,2
G2_p0_w2_regular,G1_p2,10.0,1.0,1.0,0.0,0,0.0,1.3444588112306466e-16,G2,G1,2
G2_p0_w2_regular,G1_p2,0.0,0.926829268292683,1.0,0.073170731707317,1,0.05,1.700620825508484e-16,G2,G1,2
G2_p0_w2_regular,G1_p2,-5.0,0.8372093023255814,0.9302325581395348,0.0930232558139534,0,0.1341991341991341,1.9126587373254927e-16,G2,G1,2
G2_p0_w2_regular,G1_p3,20.0,1.0,1.0,0.0,0,0.0,0.0,G2,G1,3
G2_p0_w2_regular,G1_p3,10.0,1.0,1.0,0.0,0,0.0,0.0,G2,G1,3
G2_p0_w2_regular,G1_p3,0.0,1.0,1.0,0.0,0,0.024390243902439,1.7006208255125463e-16,G2,G1,3
G2_p0_w2_regular,G1_p3,-5.0,0.9523809523809524,1.0,0.0476190476190476,0,0.0211416490486258,0.0,G2,G1,3
G2_p0_w2_regular,G1_p4,20.0,1.0,1.0,0.0,0,0.0,2.1257760318375915e-16,G2,G1,4
G2_p0_w2_regular,G1_p4,10.0,0.975609756097561,1.0,0.024390243902439,0,0.024390243902439,0.0,G2,G1,4
G2_p0_w2_regular,G1_p4,0.0,0.7272727272727273,0.8837209302325582,0.1564482029598308,0,0.124505928853755,0.0,G2,G1,4
G2_p0_w2_regular,G1_p4,-5.0,0.2424242424242424,0.4615384615384615,0.2191142191142191,0,0.100832562442183,0.0,G2,G1,4
G2_p0_w2_regular,G2_p1,20.0,1.0,1.0,0.0,0,0.0,2.1257760319822003e-16,G2,G2,1
G2_p0_w2_regular,G2_p1,10.0,1.0,1.0,0.0,0,0.0,0.0,G2,G2,1
G2_p0_w2_regular,G2_p1,0.0,0.8780487804878049,0.95,0.071951219512195,1,0.0804347826086956,0.0,G2,G2,1
G2_p0_w2_regular,G2_p1,-5.0,0.7804878048780488,0.8181818181818182,0.0376940133037694,0,0.1418439716312056,0.0,G2,G2,1
G2_p0_w2_regular,G2_p2,20.0,1.0,1.0,0.0,0,0.0,0.0,G2,G2,2
G2_p0_w2_regular,G2_p2,10.0,1.0,1.0,0.0,0,0.0,0.0,G2,G2,2
G2_p0_w2_regular,G2_p2,0.0,0.975609756097561,1.0,0.024390243902439,0,0.024390243902439,1.7006208254843302e-16,G2,G2,2
G2_p0_w2_regular,G2_p2,-5.0,0.8571428571428571,0.975609756097561,0.1184668989547038,1,0.073170731707317,1.9126587372983275e-16,G2,G2,2
G2_p0_w2_regular,G2_p3,20.0,1.0,1.0,0.0,0,0.0,0.0,G2,G2,3
G2_p0_w2_regular,G2_p3,10.0,1.0,1.0,0.0,0,0.0,1.3444588112566724e-16,G2,G2,3
G2_p0_w2_regular,G2_p3,0.0,0.975609756097561,1.0,0.024390243902439,0,0.0697674418604651,1.7006208255414048e-16,G2,G2,3
G2_p0_w2_regular,G2_p3,-5.0,0.8260869565217391,0.9302325581395348,0.1041456016177957,0,0.0972222222222222,0.0,G2,G2,3
G2_p0_w2_regular,G2_p4,20.0,1.0,1.0,0.0,0,0.0,0.0,G2,G2,4
G2_p0_w2_regular,G2_p4,10.0,0.975609756097561,1.0,0.024390243902439,0,0.0476190476190476,1.3444588112052998e-16,G2,G2,4
G2_p0_w2_regular,G2_p4,0.0,0.7317073170731707,0.8444444444444444,0.1127371273712737,0,0.1171717171717171,0.0,G2,G2,4
G2_p0_w2_regular,G2_p4,-5.0,0.25,0.4117647058823529,0.1617647058823529,0,0.1047430830039525,1.9126587372894336e-16,G2,G2,4
G2_p0_w2_regular,G3_p1,20.0,1.0,1.0,0.0,0,0.0,0.0,G2,G3,1
G2_p0_w2_regular,G3_p1,10.0,1.0,1.0,0.0,0,0.024390243902439,1.3444588113005328e-16,G2,G3,1
G2_p0_w2_regular,G3_p1,0.0,0.851063829787234,0.95,0.0989361702127659,1,0.1239130434782608,0.0,G2,G3,1
G2_p0_w2_regular,G3_p1,-5.0,0.6666666666666666,0.7755102040816326,0.108843537414966,0,0.1096938775510204,1.9126587374249143e-16,G2,G3,1
G2_p0_w2_regular,G3_p2,20.0,1.0,1.0,0.0,0,0.0,0.0,G2,G3,2
G2_p0_w2_regular,G3_p2,10.0,1.0,1.0,0.0,0,0.0,1.344458811190622e-16,G2,G3,2
G2_p0_w2_regular,G3_p2,0.0,1.0,1.0,0.0,0,0.0,0.0,G2,G3,2
G2_p0_w2_regular,G3_p2,-5.0,1.0,1.0,0.0,0,0.0,1.9126587372685532e-16,G2,G3,2
G2_p0_w2_regular,G3_p3,20.0,1.0,1.0,0.0,0,0.0,0.0,G2,G3,3
G2_p0_w2_regular,G3_p3,10.0,1.0,1.0,0.0,0,0.0,0.0,G2,G3,3
G2_p0_w2_regular,G3_p3,0.0,1.0,1.0,0.0,0,0.0,1.7006208254815374e-16,G2,G3,3
G2_p0_w2_regular,G3_p3,-5.0,0.975609756097561,1.0,0.024390243902439,0,0.024390243902439,0.0,G2,G3,3
G2_p0_w2_regular,G3_p4,20.0,1.0,1.0,0.0,0,0.0,0.0,G2,G3,4
G2_p0_w2_regular,G3_p4,10.0,1.0,1.0,0.0,0,0.0,1.3444588112305236e-16,G2,G3,4
G2_p0_w2_regular,G3_p4,0.0,0.975609756097561,1.0,0.024390243902439,0,0.024390243902439,0.0,G2,G3,4
G2_p0_w2_regular,G3_p4,-5.0,0.8837209302325582,0.926829268292683,0.0431083380601248,0,0.0454545454545454,0.0,G2,G3,4
G2_p0_w2_regular,G4_p1,20.0,1.0,1.0,0.0,0,0.0,0.0,G2,G4,1
G2_p0_w2_regular,G4_p1,10.0,1.0,1.0,0.0,0,0.0,0.0,G2,G4,1
G2_p0_w2_regular,G4_p1,0.0,0.85,0.95,0.0999999999999999,1,0.0999999999999999,0.0,G2,G4,1
G2_p0_w2_regular,G4_p1,-5.0,0.7450980392156863,0.8780487804878049,0.1329507412721186,0,0.2268859897901304,1.9126587374322361e-16,G2,G4,1
G2_p0_w2_regular,G4_p2,20.0,1.0,1.0,0.0,0,0.0,2.1257760318877128e-16,G2,G4,2
G2_p0_w2_regular,G4_p2,10.0,1.0,1.0,0.0,0,0.0,1.3444588112319795e-16,G2,G4,2
G2_p0_w2_regular,G4_p2,0.0,0.975609756097561,1.0,0.024390243902439,0,0.0476190476190476,0.0,G2,G4,2
G2_p0_w2_regular,G4_p2,-5.0,0.8695652173913043,0.9523809523809524,0.082815734989648,1,0.0646464646464646,0.0,G2,G4,2
G2_p0_w2_regular,G4_p3,20.0,1.0,1.0,0.0,0,0.0,2.1257760318350159e-16,G2,G4,3
G2_p0_w2_regular,G4_p3,10.0,1.0,1.0,0.0,0,0.0,0.0,G2,G4,3
G2_p0_w2_regular,G4_p3,0.0,0.975609756097561,1.0,0.024390243902439,0,0.024390243902439,1.700620825468013e-16,G2,G4,3
G2_p0_w2_regular,G4_p3,-5.0,0.95,1.0,0.05,0,0.024390243902439,1.9126587372799754e-16,G2,G4,3
G2_p0_w2_regular,G4_p4,20.0,1.0,1.0,0.0,0,0.0,0.0,G2,G4,4
G2_p0_w2_regular,G4_p4,10.0,1.0,1.0,0.0,0,0.0,1.3444588112334106e-16,G2,G4,4
G2_p0_w2_regular,G4_p4,0.0,0.9523809523809524,0.975609756097561,0.0232288037166086,0,0.0476190476190476,0.0,G2,G4,4
G2_p0_w2_regular,G4_p4,-5.0,0.8260869565217391,0.8695652173913043,0.0434782608695651,0,0.0434782608695651,1.9126587373294244e-16,G2,G4,4
G2_p0_w2_variable,G1_p1,20.0,1.0,1.0,0.0,0,0.0,0.0,G2,G1,1
G2_p0_w2_variable,G1_p1,10.0,1.0,1.0,0.0,0,0.0,1.3725921799727995e-16,G2,G1,1
G2_p0_w2_variable,G1_p1,0.0,0.9743589743589745,1.0,0.0256410256410256,0,0.0475297060662913,1.73620703489992e-16,G2,G1,1
G2_p0_w2_variable,G1_p1,-5.0,0.8181818181818182,0.8780487804878049,0.0598669623059866,0,0.1180124223602484,0.0,G2,G1,1
G2_p0_w2_variable,G1_p2,20.0,1.0,1.0,0.0,0,0.0,0.0,G2,G1,2
G2_p0_w2_variable,G1_p2,10.0,1.0,1.0,0.0,0,0.0,0.0,G2,G1,2
G2_p0_w2_variable,G1_p2,0.0,0.95,0.9743589743589745,0.0243589743589743,0,0.0243589743589743,0.0,G2,G1,2
G2_p0_w2_variable,G1_p2,-5.0,0.9,0.95,0.0499999999999999,1,0.071951219512195,0.0,G2,G1,2
G2_p0_w2_variable,G1_p3,20.0,1.0,1.0,0.0,0,0.0,0.0,G2,G1,3
G2_p0_w2_variable,G1_p3,10.0,1.0,1.0,0.0,0,0.0,2.7451843598258947e-16,G2,G1,3
G2_p0_w2_variable,G1_p3,0.0,1.0,1.0,0.0,0,0.0,0.0,G2,G1,3
G2_p0_w2_variable,G1_p3,-5.0,0.9473684210526316,1.0,0.0526315789473684,1,0.0475297060662913,0.0,G2,G1,3
G2_p0_w2_variable,G1_p4,20.0,1.0,1.0,0.0,0,0.0,0.0,G2,G1,4
G2_p0_w2_variable,G1_p4,10.0,0.95,1.0,0.05,0,0.0,0.0,G2,G1,4
G2_p0_w2_variable,G1_p4,0.0,0.7804878048780488,0.85,0.0695121951219511,0,0.0567214974475326,1.7362070347808504e-16,G2,G1,4
G2_p0_w2_variable,G1_p4,-5.0,0.2580645161290322,0.5945945945945946,0.3365300784655624,0,0.1565513329551899,1.95268192948694e-16,G2,G1,4
G2_p0_w2_variable,G2_p1,20.0,1.0,1.0,0.0,0,0.0,2.1702587936236975e-16,G2,G2,1
G2_p0_w2_variable,G2_p1,10.0,1.0,1.0,0.0,0,0.0,1.3725921799720392e-16,G2,G2,1
G2_p0_w2_variable,G2_p1,0.0,0.9047619047619048,1.0,0.0952380952380952,1,0.1162790697674418,1.7362070348989587e-16,G2,G2,1
G2_p0_w2_variable,G2_p1,-5.0,0.85,0.9,0.05,0,0.0766550522648082,0.0,G2,G2,1
G2_p0_w2_variable,G2_p2,20.0,1.0,1.0,0.0,0,0.0,0.0,G2,G2,2
G2_p0_w2_variable,G2_p2,10.0,1.0,1.0,0.0,0,0.0,0.0,G2,G2,2
G2_p0_w2_variable,G2_p2,0.0,0.9473684210526316,1.0,0.0526315789473684,1,0.0526315789473684,1.7362070347954054e-16,G2,G2,2
G2_p0_w2_variable,G2_p2,-5.0,0.8780487804878049,0.9743589743589745,0.0963101938711694,1,0.0512820512820512,0.0,G2,G2,2
G2_p0_w2_variable,G2_p3,20.0,1.0,1.0,0.0,0,0.0,0.0,G2,G2,3
G2_p0_w2_variable,G2_p3,10.0,1.0,1.0,0.0,0,0.0,0.0,G2,G2,3
G2_p0_w2_variable,G2_p3,0.0,0.9743589743589745,1.0,0.0256410256410256,0,0.05,0.0,G2,G2,3
G2_p0_w2_variable,G2_p3,-5.0,0.8181818181818182,0.926829268292683,0.1086474501108647,0,0.0837209302325581,0.0,G2,G2,3
G2_p0_w2_variable,G2_p4,20.0,1.0,1.0,0.0,0,0.0,0.0,G2,G2,4
G2_p0_w2_variable,G2_p4,10.0,0.95,1.0,0.05,0,0.05,1.372592179883791e-16,G2,G2,4
G2_p0_w2_variable,G2_p4,0.0,0.7804878048780488,0.8372093023255814,0.0567214974475326,0,0.1032331253545093,0.0,G2,G2,4
G2_p0_w2_variable,G2_p4,-5.0,0.3125,0.4571428571428571,0.1446428571428571,0,0.072463768115942,0.0,G2,G2,4
G2_p0_w2_variable,G3_p1,20.0,1.0,1.0,0.0,0,0.0,0.0,G2,G3,1
G2_p0_w2_variable,G3_p1,10.0,1.0,1.0,0.0,0,0.0,0.0,G2,G3,1
G2_p0_w2_variable,G3_p1,0.0,0.8636363636363636,0.9743589743589745,0.1107226107226106,1,0.1107226107226106,0.0,G2,G3,1
G2_p0_w2_variable,G3_p1,-5.0,0.6829268292682927,0.926829268292683,0.2439024390243902,0,0.200845665961945,0.0,G2,G3,1
G2_p0_w2_variable,G3_p2,20.0,1.0,1.0,0.0,0,0.0,0.0,G2,G3,2
G2_p0_w2_variable,G3_p2,10.0,1.0,1.0,0.0,0,0.0,0.0,G2,G3,2
G2_p0_w2_variable,G3_p2,0.0,1.0,1.0,0.0,0,0.0,0.0,G2,G3,2
G2_p0_w2_variable,G3_p2,-5.0,1.0,1.0,0.0,0,0.0,0.0,G2,G3,2
G2_p0_w2_variable,G3_p3,20.0,1.0,1.0,0.0,0,0.0,2.1702587934906923e-16,G2,G3,3
G2_p0_w2_variable,G3_p3,10.0,1.0,1.0,0.0,0,0.0,0.0,G2,G3,3
G2_p0_w2_variable,G3_p3,0.0,1.0,1.0,0.0,0,0.0,1.736207034792554e-16,G2,G3,3
G2_p0_w2_variable,G3_p3,-5.0,0.9743589743589745,1.0,0.0256410256410256,0,0.0256410256410256,0.0,G2,G3,3
G2_p0_w2_variable,G3_p4,20.0,1.0,1.0,0.0,0,0.0,2.1702587935248823e-16,G2,G3,4
G2_p0_w2_variable,G3_p4,10.0,1.0,1.0,0.0,0,0.0,1.3725921799095427e-16,G2,G3,4
G2_p0_w2_variable,G3_p4,0.0,0.95,1.0,0.05,0,0.05,1.7362070348199054e-16,G2,G3,4
G2_p0_w2_variable,G3_p4,-5.0,0.8717948717948718,0.9047619047619048,0.0329670329670329,0,0.0603174603174603,0.0,G2,G3,4
G2_p0_w2_variable,G4_p1,20.0,1.0,1.0,0.0,0,0.0,0.0,G2,G4,1
G2_p0_w2_variable,G4_p1,10.0,1.0,1.0,0.0,0,0.0,1.3725921799862715e-16,G2,G4,1
G2_p0_w2_variable,G4_p1,0.0,0.9,0.95,0.0499999999999999,1,0.0337209302325581,0.0,G2,G4,1
G2_p0_w2_variable,G4_p1,-5.0,0.6363636363636364,0.7272727272727273,0.0909090909090909,0,0.099290780141844,0.0,G2,G4,1
G2_p0_w2_variable,G4_p2,20.0,1.0,1.0,0.0,0,0.0,0.0,G2,G4,2
G2_p0_w2_variable,G4_p2,10.0,1.0,1.0,0.0,0,0.0,0.0,G2,G4,2
G2_p0_w2_variable,G4_p2,0.0,0.95,1.0,0.05,0,0.05,1.736207034821786e-16,G2,G4,2
G2_p0_w2_variable,G4_p2,-5.0,0.8095238095238095,0.8571428571428571,0.0476190476190475,0,0.0598669623059866,1.9526819295329799e-16,G2,G4,2
G2_p0_w2_variable,G4_p3,20.0,1.0,1.0,0.0,0,0.0,0.0,G2,G4,3
G2_p0_w2_variable,G4_p3,10.0,1.0,1.0,0.0,0,0.0,1.3725921798770034e-16,G2,G4,3
G2_p0_w2_variable,G4_p3,0.0,0.9743589743589745,1.0,0.0256410256410256,0,0.0256410256410256,0.0,G2,G4,3
G2_p0_w2_variable,G4_p3,-5.0,0.9473684210526316,1.0,0.0526315789473684,1,0.0526315789473684,0.0,G2,G4,3
G2_p0_w2_variable,G4_p4,20.0,1.0,1.0,0.0,0,0.0,0.0,G2,G4,4
G2_p0_w2_variable,G4_p4,10.0,1.0,1.0,0.0,0,0.0,0.0,G2,G4,4
G2_p0_w2_variable,G4_p4,0.0,0.926829268292683,1.0,0.073170731707317,1,0.0475297060662913,1.7362070348236343e-16,G2,G4,4
G2_p0_w2_variable,G4_p4,-5.0,0.7111111111111111,0.8636363636363636,0.1525252525252525,0,0.1880687563195147,0.0,G2,G4,4
G2_p0_w3_regular,G1_p1,20.0,1.0,1.0,0.0,0,0.0,0.0,G2,G1,1
G2_p0_w3_regular,G1_p1,10.0,1.0,1.0,0.0,0,0.0,0.0,G2,G1,1
G2_p0_w3_regular,G1_p1,0.0,0.9333333333333332,0.9767441860465116,0.0434108527131782,1,0.0434108527131782,1.7156395511293347e-16,G2,G1,1
G2_p0_w3_regular,G1_p1,-5.0,0.6808510638297872,0.9302325581395348,0.2493814943097476,0,0.1955386805885144,0.0,G2,G1,1
G2_p0_w3_regular,G1_p2,20.0,1.0,1.0,0.0,0,0.0,0.0,G2,G1,2
G2_p0_w3_regular,G1_p2,10.0,1.0,1.0,0.0,0,0.0,1.3563321562970174e-16,G2,G1,2
G2_p0_w3_regular,G1_p2,0.0,0.9767441860465116,1.0,0.0232558139534884,0,0.0232558139534884,1.7156395510504262e-16,G2,G1,2
G2_p0_w3_regular,G1_p2,-5.0,0.8695652173913043,0.9545454545454546,0.0849802371541502,1,0.0454545454545455,0.0,G2,G1,2
G2_p0_w3_regular,G1_p3,20.0,1.0,1.0,0.0,0,0.0,2.1445494388181551e-16,G2,G1,3
G2_p0_w3_regular,G1_p3,10.0,1.0,1.0,0.0,0,0.0,1.3563321563002572e-16,G2,G1,3
G2_p0_w3_regular,G1_p3,0.0,1.0,1.0,0.0,0,0.0232558139534884,0.0,G2,G1,3
G2_p0_w3_regular,G1_p3,-5.0,0.8636363636363636,1.0,0.1363636363636363,1,0.1506572295247724,0.0,G2,G1,3
G2_p0_w3_regular,G1_p4,20.0,1.0,1.0,0.0,0,0.0,2.1445494387645947e-16,G2,G1,4
G2_p0_w3_regular,G1_p4,10.0,0.9545454545454546,1.0,0.0454545454545454,0,0.022198731501057,0.0,G2,G1,4
G2_p0_w3_regular,G1_p4,0.0,0.7555555555555555,0.9090909090909092,0.1535353535353535,0,0.1110083256244217,0.0,G2,G1,4
G2_p0_w3_regular,G1_p4,-5.0,0.3529411764705882,0.4516129032258064,0.0986717267552181,0,0.0720798957881024,1.9295500373297623e-16,G2,G1,4
G2_p0_w3_regular,G2_p1,20.0,1.0,1.0,0.0,0,0.0,2.1445494389104802e-16,G2,G2,1
G2_p0_w3_regular,G2_p1,10.0,1.0,1.0,0.0,0,0.0,1.3563321563586492e-16,G2,G2,1
G2_p0_w3_regular,G2_p1,0.0,0.9130434782608696,1.0,0.0869565217391304,1,0.1063829787234043,1.7156395511283851e-16,G2,G2,1
G2_p0_w3_regular,G2_p1,-5.0,0.6956521739130435,0.8571428571428571,0.1614906832298136,0,0.1762917933130698,0.0,G2,G2,1
G2_p0_w3_regular,G2_p2,20.0,1.0,1.0,0.0,0,0.0,0.0,G2,G2,2
G2_p0_w3_regular,G2_p2,10.0,1.0,1.0,0.0,0,0.0,0.0,G2,G2,2
G2_p0_w3_regular,G2_p2,0.0,0.926829268292683,1.0,0.073170731707317,1,0.0243632336655592,0.0,G2,G2,2
G2_p0_w3_regular,G2_p2,-5.0,0.8837209302325582,0.9545454545454546,0.0708245243128964,1,0.0708245243128964,0.0,G2,G2,2
G2_p0_w3_regular,G2_p3,20.0,1.0,1.0,0.0,0,0.0,0.0,G2,G2,3
G2_p0_w3_regular,G2_p3,10.0,1.0,1.0,0.0,0,0.0,1.3563321563232732e-16,G2,G2,3
G2_p0_w3_regular,G2_p3,0.0,0.9767441860465116,1.0,0.0232558139534884,0,0.0454545454545454,1.715639551083637e-16,G2,G2,3
G2_p0_w3_regular,G2_p3,-5.0,0.8085106382978723,0.9333333333333332,0.124822695035461,0,0.0994897959183673,0.0,G2,G2,3
G2_p0_w3_regular,G2_p4,20.0,1.0,1.0,0.0,0,0.0,0.0,G2,G2,4
G2_p0_w3_regular,G2_p4,10.0,1.0,1.0,0.0,0,0.0232558139534884,1.3563321562714463e-16,G2,G2,4
G2_p0_w3_regular,G2_p4,0.0,0.7272727272727273,0.8444444444444444,0.1171717171717171,0,0.1171717171717171,1.7156395510180812e-16,G2,G2,4
G2_p0_w3_regular,G2_p4,-5.0,0.2424242424242424,0.5,0.2575757575757575,0,0.2421768707482993,0.0,G2,G2,4
G2_p0_w3_regular,G3_p1,20.0,1.0,1.0,0.0,0,0.0,0.0,G2,G3,1
G2_p0_w3_regular,G3_p1,10.0,1.0,1.0,0.0,0,0.0232558139534884,1.3563321563675211e-16,G2,G3,1
G2_p0_w3_regular,G3_p1,0.0,0.875,1.0,0.125,1,0.1063829787234043,1.7156395511396062e-16,G2,G3,1
G2_p0_w3_regular,G3_p1,-5.0,0.7555555555555555,0.8372093023255814,0.0816537467700259,0,0.0692307692307693,0.0,G2,G3,1
G2_p0_w3_regular,G3_p2,20.0,1.0,1.0,0.0,0,0.0,2.144549438749189e-16,G2,G3,2
G2_p0_w3_regular,G3_p2,10.0,1.0,1.0,0.0,0,0.0,1.356332156256639e-16,G2,G3,2
G2_p0_w3_regular,G3_p2,0.0,1.0,1.0,0.0,0,0.0,0.0,G2,G3,2
G2_p0_w3_regular,G3_p2,-5.0,1.0,1.0,0.0,0,0.0,1.929550037315901e-16,G2,G3,2
G2_p0_w3_regular,G3_p3,20.0,1.0,1.0,0.0,0,0.0,2.1445494387790515e-16,G2,G3,3
G2_p0_w3_regular,G3_p3,10.0,1.0,1.0,0.0,0,0.0,1.3563321562755262e-16,G2,G3,3
G2_p0_w3_regular,G3_p3,0.0,1.0,1.0,0.0,0,0.0,0.0,G2,G3,3
G2_p0_w3_regular,G3_p3,-5.0,0.9767441860465116,1.0,0.0232558139534884,0,0.0232558139534884,0.0,G2,G3,3
G2_p0_w3_regular,G3_p4,20.0,1.0,1.0,0.0,0,0.0,0.0,G2,G3,4
G2_p0_w3_regular,G3_p4,10.0,1.0,1.0,0.0,0,0.0,1.3563321562968932e-16,G2,G3,4
G2_p0_w3_regular,G3_p4,0.0,0.9545454545454546,1.0,0.0454545454545454,0,0.022198731501057,0.0,G2,G3,4
G2_p0_w3_regular,G3_p4,-5.0,0.851063829787234,0.9545454545454546,0.1034816247582205,1,0.0822695035460993,1.929550037373168e-16,G2,G3,4
G2_p0_w3_regular,G4_p1,20.0,1.0,1.0,0.0,0,0.0,0.0,G2,G4,1
G2_p0_w3_regular,G4_p1,10.0,1.0,1.0,0.0,0,0.0232558139534884,1.3563321563727128e-16,G2,G4,1
G2_p0_w3_regular,G4_p1,0.0,0.7727272727272727,0.9047619047619048,0.132034632034632,0,0.1140642303433001,1.715639551146174e-16,G2,G4,1
G2_p0_w3_regular,G4_p1,-5.0,0.5333333333333333,0.7916666666666666,0.2583333333333333,0,0.1694764862466726,0.0,G2,G4,1
G2_p0_w3_regular,G4_p2,20.0,1.0,1.0,0.0,0,0.0,0.0,G2,G4,2
G2_p0_w3_regular,G4_p2,10.0,1.0,1.0,0.0,0,0.0,1.3563321562983622e-16,G2,G4,2
G2_p0_w3_regular,G4_p2,0.0,0.9767441860465116,1.0,0.0232558139534884,0,0.0666666666666666,0.0,G2,G4,2
G2_p0_w3_regular,G4_p2,-5.0,0.8571428571428571,0.8936170212765957,0.0364741641337386,0,0.1045328399629972,0.0,G2,G4,2
G2_p0_w3_regular,G4_p3,20.0,1.0,1.0,0.0,0,0.0,2.144549438761996e-16,G2,G4,3
G2_p0_w3_regular,G4_p3,10.0,1.0,1.0,0.0,0,0.0,0.0,G2,G4,3
G2_p0_w3_regular,G4_p3,0.0,0.9767441860465116,1.0,0.0232558139534884,0,0.0232558139534884,1.715639551009597e-16,G2,G4,3
G2_p0_w3_regular,G4_p3,-5.0,0.9523809523809524,1.0,0.0476190476190476,0,0.0476190476190476,1.9295500373274248e-16,G2,G4,3
G2_p0_w3_regular,G4_p4,20.0,1.0,1.0,0.0,0,0.0,0.0,G2,G4,4
G2_p0_w3_regular,G4_p4,10.0,1.0,1.0,0.0,0,0.0,1.3563321562998056e-16,G2,G4,4
G2_p0_w3_regular,G4_p4,0.0,0.9767441860465116,1.0,0.0232558139534884,0,0.0454545454545454,0.0,G2,G4,4
G2_p0_w3_regular,G4_p4,-5.0,0.76,0.8837209302325582,0.1237209302325581,0,0.026086956521739,1.9295500373773111e-16,G2,G4,4
G2_p0_w3_variable,G1_p1,20.0,1.0,1.0,0.0,0,0.0,0.0,G2,G1,1
G2_p0_w3_variable,G1_p1,10.0,1.0,1.0,0.0,0,0.0,0.0,G2,G1,1
G2_p0_w3_variable,G1_p1,0.0,0.9523809523809524,1.0,0.0476190476190476,0,0.0697674418604651,0.0,G2,G1,1
G2_p0_w3_variable,G1_p1,-5.0,0.8,0.8837209302325582,0.0837209302325581,0,0.1608718214841723,0.0,G2,G1,1
G2_p0_w3_variable,G1_p2,20.0,1.0,1.0,0.0,0,0.0,2.1882013093208506e-16,G2,G1,2
G2_p0_w3_variable,G1_p2,10.0,1.0,1.0,0.0,0,0.0,1.3839400232833052e-16,G2,G1,2
G2_p0_w3_variable,G1_p2,0.0,0.9523809523809524,1.0,0.0476190476190476,0,0.0697674418604651,0.0,G2,G1,2
G2_p0_w3_variable,G1_p2,-5.0,0.9,0.975609756097561,0.0756097560975609,1,0.1184668989547038,0.0,G2,G1,2
G2_p0_w3_variable,G1_p3,20.0,1.0,1.0,0.0,0,0.0,0.0,G2,G1,3
G2_p0_w3_variable,G1_p3,10.0,1.0,1.0,0.0,0,0.0,1.383940023286611e-16,G2,G1,3
G2_p0_w3_variable,G1_p3,0.0,1.0,1.0,0.0,0,0.0,0.0,G2,G1,3
G2_p0_w3_variable,G1_p3,-5.0,0.9302325581395348,1.0,0.0697674418604651,1,0.0697674418604651,0.0,G2,G1,3
G2_p0_w3_variable,G1_p4,20.0,1.0,1.0,0.0,0,0.0,0.0,G2,G1,4
G2_p0_w3_variable,G1_p4,10.0,0.9302325581395348,1.0,0.0697674418604651,1,0.0697674418604651,0.0,G2,G1,4
G2_p0_w3_variable,G1_p4,0.0,0.7441860465116279,0.8636363636363636,0.1194503171247357,0,0.0272727272727273,1.7505610474171416e-16,G2,G1,4
G2_p0_w3_variable,G1_p4,-5.0,0.2,0.4615384615384615,0.2615384615384615,0,0.0988662131519274,0.0,G2,G1,4
G2_p0_w3_variable,G2_p1,20.0,1.0,1.0,0.0,0,0.0,2.188201309420283e-16,G2,G2,1
G2_p0_w3_variable,G2_p1,10.0,1.0,1.0,0.0,0,0.0,0.0,G2,G2,1
G2_p0_w3_variable,G2_p1,0.0,0.85,0.975609756097561,0.1256097560975609,1,0.1463414634146341,0.0,G2,G2,1
G2_p0_w3_variable,G2_p1,-5.0,0.7272727272727273,0.8372093023255814,0.1099365750528541,0,0.1260981912144703,0.0,G2,G2,1
G2_p0_w3_variable,G2_p2,20.0,1.0,1.0,0.0,0,0.0,0.0,G2,G2,2
G2_p0_w3_variable,G2_p2,10.0,1.0,1.0,0.0,0,0.0,0.0,G2,G2,2
G2_p0_w3_variable,G2_p2,0.0,0.95,1.0,0.05,0,0.024390243902439,0.0,G2,G2,2
G2_p0_w3_variable,G2_p2,-5.0,0.9047619047619048,0.975609756097561,0.0708478513356561,1,0.0487804878048779,1.9688256384788276e-16,G2,G2,2
G2_p0_w3_variable,G2_p3,20.0,1.0,1.0,0.0,0,0.0,0.0,G2,G2,3
G2_p0_w3_variable,G2_p3,10.0,1.0,1.0,0.0,0,0.0,0.0,G2,G2,3
G2_p0_w3_variable,G2_p3,0.0,1.0,1.0,0.0,0,0.024390243902439,0.0,G2,G2,3
G2_p0_w3_variable,G2_p3,-5.0,0.8636363636363636,0.9523809523809524,0.0887445887445886,1,0.0606673407482305,1.9688256385449036e-16,G2,G2,3
G2_p0_w3_variable,G2_p4,20.0,1.0,1.0,0.0,0,0.0,0.0,G2,G2,4
G2_p0_w3_variable,G2_p4,10.0,0.975609756097561,1.0,0.024390243902439,0,0.0476190476190476,0.0,G2,G2,4
G2_p0_w3_variable,G2_p4,0.0,0.7906976744186046,0.8888888888888888,0.0981912144702842,0,0.059620596205962,1.7505610474236776e-16,G2,G2,4
G2_p0_w3_variable,G2_p4,-5.0,0.1428571428571428,0.4864864864864865,0.3436293436293436,0,0.1178743961352657,0.0,G2,G2,4
G2_p0_w3_variable,G3_p1,20.0,1.0,1.0,0.0,0,0.0,0.0,G2,G3,1
G2_p0_w3_variable,G3_p1,10.0,0.975609756097561,1.0,0.024390243902439,0,0.0476190476190476,0.0,G2,G3,1
G2_p0_w3_variable,G3_p1,0.0,0.851063829787234,0.9523809523809524,0.1013171225937182,1,0.0675526024363233,0.0,G2,G3,1
G2_p0_w3_variable,G3_p1,-5.0,0.723404255319149,0.7804878048780488,0.0570835495588998,0,0.0560224089635853,0.0,G2,G3,1
G2_p0_w3_variable,G3_p2,20.0,1.0,1.0,0.0,0,0.0,2.188201309255708e-16,G2,G3,2
G2_p0_w3_variable,G3_p2,10.0,1.0,1.0,0.0,0,0.0,0.0,G2,G3,2
G2_p0_w3_variable,G3_p2,0.0,1.0,1.0,0.0,0,0.0,0.0,G2,G3,2
G2_p0_w3_variable,G3_p2,-5.0,1.0,1.0,0.0,0,0.0,0.0,G2,G3,2
G2_p0_w3_variable,G3_p3,20.0,1.0,1.0,0.0,0,0.0,0.0,G2,G3,3
G2_p0_w3_variable,G3_p3,10.0,1.0,1.0,0.0,0,0.0,1.383940023261376e-16,G2,G3,3
G2_p0_w3_variable,G3_p3,0.0,1.0,1.0,0.0,0,0.0,1.7505610474289427e-16,G2,G3,3
G2_p0_w3_variable,G3_p3,-5.0,0.95,1.0,0.05,0,0.05,0.0,G2,G3,3
G2_p0_w3_variable,G3_p4,20.0,1.0,1.0,0.0,0,0.0,2.1882013093206507e-16,G2,G3,4
G2_p0_w3_variable,G3_p4,10.0,1.0,1.0,0.0,0,0.0,0.0,G2,G3,4
G2_p0_w3_variable,G3_p4,0.0,0.975609756097561,1.0,0.024390243902439,0,0.024390243902439,0.0,G2,G3,4
G2_p0_w3_variable,G3_p4,-5.0,0.8888888888888888,0.9523809523809524,0.0634920634920634,1,0.0887445887445886,0.0,G2,G3,4
G2_p0_w3_variable,G4_p1,20.0,1.0,1.0,0.0,0,0.0,0.0,G2,G4,1
G2_p0_w3_variable,G4_p1,10.0,0.975609756097561,1.0,0.024390243902439,0,0.024390243902439,0.0,G2,G4,1
G2_p0_w3_variable,G4_p1,0.0,0.8095238095238095,0.926829268292683,0.1173054587688734,0,0.0873511060692002,3.501122095108755e-16,G2,G4,1
G2_p0_w3_variable,G4_p1,-5.0,0.6511627906976745,0.7441860465116279,0.0930232558139534,0,0.0835310868533459,0.0,G2,G4,1
G2_p0_w3_variable,G4_p2,20.0,1.0,1.0,0.0,0,0.0,2.1882013093230202e-16,G2,G4,2
G2_p0_w3_variable,G4_p2,10.0,1.0,1.0,0.0,0,0.0,0.0,G2,G4,2
G2_p0_w3_variable,G4_p2,0.0,0.975609756097561,1.0,0.024390243902439,0,0.0476190476190476,1.7505610474584163e-16,G2,G4,2
G2_p0_w3_variable,G4_p2,-5.0,0.8636363636363636,0.9302325581395348,0.0665961945031712,0,0.1041456016177957,0.0,G2,G4,2
G2_p0_w3_variable,G4_p3,20.0,1.0,1.0,0.0,0,0.0,0.0,G2,G4,3
G2_p0_w3_variable,G4_p3,10.0,1.0,1.0,0.0,0,0.0,1.38394002325037e-16,G2,G4,3
G2_p0_w3_variable,G4_p3,0.0,0.975609756097561,1.0,0.024390243902439,0,0.024390243902439,0.0,G2,G4,3
G2_p0_w3_variable,G4_p3,-5.0,0.95,1.0,0.05,0,0.025609756097561,1.968825638459937e-16,G2,G4,3
G2_p0_w3_variable,G4_p4,20.0,1.0,1.0,0.0,0,0.0,0.0,G2,G4,4
G2_p0_w3_variable,G4_p4,10.0,1.0,1.0,0.0,0,0.0,0.0,G2,G4,4
G2_p0_w3_variable,G4_p4,0.0,0.9523809523809524,1.0,0.0476190476190476,0,0.0432900432900432,0.0,G2,G4,4
G2_p0_w3_variable,G4_p4,-5.0,0.723404255319149,0.8888888888888888,0.1654846335697398,0,0.0593971631205674,0.0,G2,G4,4
G2_p5_w0_regular,G1_p1,20.0,1.0,1.0,0.0,0,0.0,2.4474031130797674e-16,G2,G1,1
G2_p5_w0_regular,G1_p1,10.0,1.0,1.0,0.0,0,0.0,0.0,G2,G1,1
G2_p5_w0_regular,G1_p1,0.0,0.975609756097561,1.0,0.024390243902439,0,0.024390243902439,0.0,G2,G1,1
G2_p5_w0_regular,G1_p1,-5.0,0.8292682926829268,0.9047619047619048,0.0754936120789779,0,0.110502737680438,0.0,G2,G1,1
G2_p5_w0_regular,G1_p2,20.0,1.0,1.0,0.0,0,0.0,1.2237015564836012e-16,G2,G1,2
G2_p5_w0_regular,G1_p2,10.0,1.0,1.0,0.0,0,0.0,0.0,G2,G1,2
G2_p5_w0_regular,G1_p2,0.0,0.975609756097561,1.0,0.024390243902439,0,0.024390243902439,0.0,G2,G1,2
G2_p5_w0_regular,G1_p2,-5.0,0.8571428571428571,0.9523809523809524,0.0952380952380952,1,0.0918888258650028,0.0,G2,G1,2
G2_p5_w0_regular,G1_p3,20.0,1.0,1.0,0.0,0,0.0,0.0,G2,G1,3
G2_p5_w0_regular,G1_p3,10.0,1.0,1.0,0.0,0,0.0,3.095747275832488e-16,G2,G1,3
G2_p5_w0_regular,G1_p3,0.0,1.0,1.0,0.0,0,0.0,1.9579224903784392e-16,G2,G1,3
G2_p5_w0_regular,G1_p3,-5.0,0.975609756097561,1.0,0.024390243902439,0,0.0697674418604651,0.0,G2,G1,3
G2_p5_w0_regular,G1_p4,20.0,1.0,1.0,0.0,0,0.0,1.2237015564559622e-16,G2,G1,4
G2_p5_w0_regular,G1_p4,10.0,1.0,1.0,0.0,0,0.0476190476190476,0.0,G2,G1,4
G2_p5_w0_regular,G1_p4,0.0,0.7619047619047619,0.8636363636363636,0.1017316017316017,0,0.0909090909090909,1.9579224903295392e-16,G2,G1,4
G2_p5_w0_regular,G1_p4,-5.0,0.4571428571428571,0.5263157894736842,0.069172932330827,0,0.1117021276595744,2.2020414556638031e-16,G2,G1,4
G2_p5_w0_regular,G2_p1,20.0,1.0,1.0,0.0,0,0.0,1.2237015565392063e-16,G2,G2,1
G2_p5_w0_regular,G2_p1,10.0,1.0,1.0,0.0,0,0.0,0.0,G2,G2,1
G2_p5_w0_regular,G2_p1,0.0,0.9047619047619048,1.0,0.0952380952380952,1,0.0519480519480519,1.95792249046273e-16,G2,G2,1
G2_p5_w0_regular,G2_p1,-5.0,0.75,0.8333333333333334,0.0833333333333333,0,0.0521059487624836,0.0,G2,G2,1
G2_p5_w0_regular,G2_p2,20.0,1.0,1.0,0.0,0,0.0,1.2237015564662206e-16,G2,G2,2
G2_p5_w0_regular,G2_p2,10.0,1.0,1.0,0.0,0,0.0,1.5478736378905619e-16,G2,G2,2
G2_p5_w0_regular,G2_p2,0.0,0.975609756097561,1.0,0.024390243902439,0,0.024390243902439,0.0,G2,G2,2
G2_p5_w0_regular,G2_p2,-5.0,0.95,1.0,0.05,0,0.0476190476190476,0.0,G2,G2,2
G2_p5_w0_regular,G2_p3,20.0,1.0,1.0,0.0,0,0.0,0.0,G2,G2,3
G2_p5_w0_regular,G2_p3,10.0,1.0,1.0,0.0,0,0.0,0.0,G2,G2,3
G2_p5_w0_regular,G2_p3,0.0,0.975609756097561,1.0,0.024390243902439,0,0.024390243902439,1.9579224904116635e-16,G2,G2,3
G2_p5_w0_regular,G2_p3,-5.0,0.85,0.9523809523809524,0.1023809523809523,1,0.109090909090909,0.0,G2,G2,3
G2_p5_w0_regular,G2_p4,20.0,1.0,1.0,0.0,0,0.0,1.2237015564605307e-16,G2,G2,4
G2_p5_w0_regular,G2_p4,10.0,1.0,1.0,0.0,0,0.0476190476190476,1.5478736378833642e-16,G2,G2,4
G2_p5_w0_regular,G2_p4,0.0,0.7619047619047619,0.9302325581395348,0.168327796234773,0,0.1194503171247357,0.0,G2,G2,4
G2_p5_w0_regular,G2_p4,-5.0,0.1290322580645161,0.7272727272727273,0.5982404692082112,0,0.1468599033816424,2.2020414556720248e-16,G2,G2,4
G2_p5_w0_regular,G3_p1,20.0,1.0,1.0,0.0,0,0.0,0.0,G2,G3,1
G2_p5_w0_regular,G3_p1,10.0,0.975609756097561,1.0,0.024390243902439,0,0.024390243902439,0.0,G2,G3,1
G2_p5_w0_regular,G3_p1,0.0,0.8444444444444444,0.95,0.1055555555555555,1,0.1055555555555555,1.9579224904755364e-16,G2,G3,1
G2_p5_w0_regular,G3_p1,-5.0,0.723404255319149,0.8292682926829268,0.1058640373637778,0,0.0671768707482992,0.0,G2,G3,1
G2_p5_w0_regular,G3_p2,20.0,1.0,1.0,0.0,0,0.0,1.223701556447171e-16,G2,G3,2
G2_p5_w0_regular,G3_p2,10.0,1.0,1.0,0.0,0,0.0,0.0,G2,G3,2
G2_p5_w0_regular,G3_p2,0.0,1.0,1.0,0.0,0,0.0,1.9579224903154743e-16,G2,G3,2
G2_p5_w0_regular,G3_p2,-5.0,1.0,1.0,0.0,0,0.0,0.0,G2,G3,2
G2_p5_w0_regular,G3_p3,20.0,1.0,1.0,0.0,0,0.0,0.0,G2,G3,3
G2_p5_w0_regular,G3_p3,10.0,1.0,1.0,0.0,0,0.0,1.5478736378880198e-16,G2,G3,3
G2_p5_w0_regular,G3_p3,0.0,1.0,1.0,0.0,0,0.0,1.9579224903427375e-16,G2,G3,3
G2_p5_w0_regular,G3_p3,-5.0,0.975609756097561,1.0,0.024390243902439,0,0.024390243902439,0.0,G2,G3,3
G2_p5_w0_regular,G3_p4,20.0,1.0,1.0,0.0,0,0.0,0.0,G2,G3,4
G2_p5_w0_regular,G3_p4,10.0,1.0,1.0,0.0,0,0.0,0.0,G2,G3,4
G2_p5_w0_regular,G3_p4,0.0,0.975609756097561,1.0,0.024390243902439,0,0.024390243902439,0.0,G2,G3,4
G2_p5_w0_regular,G3_p4,-5.0,0.8837209302325582,0.9523809523809524,0.0686600221483941,1,0.0253699788583509,2.2020414557133374e-16,G2,G3,4
G2_p5_w0_regular,G4_p1,20.0,1.0,1.0,0.0,0,0.0,1.2237015565518944e-16,G2,G4,1
G2_p5_w0_regular,G4_p1,10.0,1.0,1.0,0.0,0,0.0,0.0,G2,G4,1
G2_p5_w0_regular,G4_p1,0.0,0.851063829787234,1.0,0.1489361702127659,1,0.1666666666666666,0.0,G2,G4,1
G2_p5_w0_regular,G4_p1,-5.0,0.6511627906976745,0.95,0.2988372093023255,1,0.3012181616832778,0.0,G2,G4,1
G2_p5_w0_regular,G4_p2,20.0,1.0,1.0,0.0,0,0.0,1.2237015564848143e-16,G2,G4,2
G2_p5_w0_regular,G4_p2,10.0,1.0,1.0,0.0,0,0.0,1.5478736379140808e-16,G2,G4,2
G2_p5_w0_regular,G4_p2,0.0,1.0,1.0,0.0,0,0.024390243902439,0.0,G2,G4,2
G2_p5_w0_regular,G4_p2,-5.0,0.8571428571428571,0.9302325581395348,0.0730897009966777,0,0.0465116279069767,2.2020414557157228e-16,G2,G4,2
G2_p5_w0_regular,G4_p3,20.0,1.0,1.0,0.0,0,0.0,0.0,G2,G4,3
G2_p5_w0_regular,G4_p3,10.0,1.0,1.0,0.0,0,0.0,0.0,G2,G4,3
G2_p5_w0_regular,G4_p3,0.0,0.975609756097561,1.0,0.024390243902439,0,0.024390243902439,1.9579224903271674e-16,G2,G4,3
G2_p5_w0_regular,G4_p3,-5.0,0.975609756097561,1.0,0.024390243902439,0,0.024390243902439,0.0,G2,G4,3
G2_p5_w0_regular,G4_p4,20.0,1.0,1.0,0.0,0,0.0,0.0,G2,G4,4
G2_p5_w0_regular,G4_p4,10.0,1.0,1.0,0.0,0,0.0,0.0,G2,G4,4
G2_p5_w0_regular,G4_p4,0.0,0.9523809523809524,0.975609756097561,0.0232288037166086,0,0.0476190476190476,0.0,G2,G4,4
G2_p5_w0_regular,G4_p4,-5.0,0.8444444444444444,0.926829268292683,0.0823848238482385,0,0.0251207729468598,0.0,G2,G4,4
G2_p5_w0_variable,G1_p1,20.0,1.0,1.0,0.0,0,0.0,1.2219313310061436e-16,G2,G1,1
G2_p5_w0_variable,G1_p1,10.0,1.0,1.0,0.0,0,0.0,0.0,G2,G1,1
G2_p5_w0_variable,G1_p1,0.0,0.9767441860465116,1.0,0.0232558139534884,0,0.0454545454545454,0.0,G2,G1,1
G2_p5_w0_variable,G1_p1,-5.0,0.8333333333333334,0.8636363636363636,0.0303030303030302,0,0.1110083256244217,2.1988559487027263e-16,G2,G1,1
G2_p5_w0_variable,G1_p2,20.0,1.0,1.0,0.0,0,0.0,0.0,G2,G1,2
G2_p5_w0_variable,G1_p2,10.0,1.0,1.0,0.0,0,0.0,0.0,G2,G1,2
G2_p5_w0_variable,G1_p2,0.0,0.9545454545454546,1.0,0.0454545454545454,0,0.0454545454545454,0.0,G2,G1,2
G2_p5_w0_variable,G1_p2,-5.0,0.9302325581395348,0.9767441860465116,0.0465116279069767,1,0.0031007751937984,0.0,G2,G1,2
G2_p5_w0_variable,G1_p3,20.0,1.0,1.0,0.0,0,0.0,1.2219313309528615e-16,G2,G1,3
G2_p5_w0_variable,G1_p3,10.0,1.0,1.0,0.0,0,0.0,1.545634460052819e-16,G2,G1,3
G2_p5_w0_variable,G1_p3,0.0,1.0,1.0,0.0,0,0.0,0.0,G2,G1,3
G2_p5_w0_variable,G1_p3,-5.0,0.9333333333333332,1.0,0.0666666666666666,1,0.0831271647699158,0.0,G2,G1,3
G2_p5_w0_variable,G1_p4,20.0,1.0,1.0,0.0,0,0.0,1.2219313309223434e-16,G2,G1,4
G2_p5_w0_variable,G1_p4,10.0,1.0,1.0,0.0,0,0.0,0.0,G2,G1,4
G2_p5_w0_variable,G1_p4,0.0,0.7555555555555555,0.8695652173913043,0.1140096618357487,0,0.0618357487922704,0.0,G2,G1,4
G2_p5_w0_variable,G1_p4,-5.0,0.4,0.5263157894736842,0.1263157894736841,0,0.0452528837622004,0.0,G2,G1,4
G2_p5_w0_variable,G2_p1,20.0,1.0,1.0,0.0,0,0.0,1.2219313310054674e-16,G2,G2,1
G2_p5_w0_variable,G2_p1,10.0,1.0,1.0,0.0,0,0.0,1.5456344601193611e-16,G2,G2,1
G2_p5_w0_variable,G2_p1,0.0,0.9302325581395348,0.9767441860465116,0.0465116279069767,1,0.0454545454545455,0.0,G2,G2,1
G2_p5_w0_variable,G2_p1,-5.0,0.782608695652174,0.8837209302325582,0.1011122345803842,0,0.0689342403628118,0.0,G2,G2,1
G2_p5_w0_variable,G2_p2,20.0,1.0,1.0,0.0,0,0.0,1.2219313309325875e-16,G2,G2,2
G2_p5_w0_variable,G2_p2,10.0,1.0,1.0,0.0,0,0.0,1.5456344600271746e-16,G2,G2,2
G2_p5_w0_variable,G2_p2,0.0,0.9302325581395348,1.0,0.0697674418604651,1,0.0232558139534884,0.0,G2,G2,2
G2_p5_w0_variable,G2_p2,-5.0,0.9302325581395348,0.9767441860465116,0.0465116279069767,1,0.0243128964059197,0.0,G2,G2,2
G2_p5_w0_variable,G2_p3,20.0,1.0,1.0,0.0,0,0.0,0.0,G2,G2,3
G2_p5_w0_variable,G2_p3,10.0,1.0,1.0,0.0,0,0.0,1.5456344600790474e-16,G2,G2,3
G2_p5_w0_variable,G2_p3,0.0,1.0,1.0,0.0,0,0.0232558139534884,0.0,G2,G2,3
G2_p5_w0_variable,G2_p3,-5.0,0.8695652173913043,0.9130434782608696,0.0434782608695651,0,0.0378250591016547,0.0,G2,G2,3
G2_p5_w0_variable,G2_p4,20.0,1.0,1.0,0.0,0,0.0,0.0,G2,G2,4
G2_p5_w0_variable,G2_p4,10.0,1.0,1.0,0.0,0,0.0,1.545634460019987e-16,G2,G2,4
G2_p5_w0_variable,G2_p4,0.0,0.8181818181818182,0.8636363636363636,0.0454545454545454,0,0.0349206349206349,0.0,G2,G2,4
G2_p5_w0_variable,G2_p4,-5.0,0.2424242424242424,0.6829268292682927,0.4405025868440503,0,0.1437352245862884,2.1988559485601372e-16,G2,G2,4
G2_p5_w0_variable,G3_p1,20.0,1.0,1.0,0.0,0,0.0,1.221931331013459e-16,G2,G3,1
G2_p5_w0_variable,G3_p1,10.0,0.9767441860465116,1.0,0.0232558139534884,0,0.0232558139534884,0.0,G2,G3,1
G2_p5_w0_variable,G3_p1,0.0,0.9090909090909092,0.9545454545454546,0.0454545454545455,1,0.0656565656565657,0.0,G2,G3,1
G2_p5_w0_variable,G3_p1,-5.0,0.7391304347826086,0.8181818181818182,0.0790513833992095,0,0.136111111111111,0.0,G2,G3,1
G2_p5_w0_variable,G3_p2,20.0,1.0,1.0,0.0,0,0.0,1.221931330913565e-16,G2,G3,2
G2_p5_w0_variable,G3_p2,10.0,1.0,1.0,0.0,0,0.0,1.545634460003113e-16,G2,G3,2
G2_p5_w0_variable,G3_p2,0.0,1.0,1.0,0.0,0,0.0,1.9550901294617046e-16,G2,G3,2
G2_p5_w0_variable,G3_p2,-5.0,1.0,1.0,0.0,0,0.0,0.0,G2,G3,2
G2_p5_w0_variable,G3_p3,20.0,1.0,1.0,0.0,0,0.0,1.2219313309305803e-16,G2,G3,3
G2_p5_w0_variable,G3_p3,10.0,1.0,1.0,0.0,0,0.0,0.0,G2,G3,3
G2_p5_w0_variable,G3_p3,0.0,1.0,1.0,0.0,0,0.0,1.9550901294889287e-16,G2,G3,3
G2_p5_w0_variable,G3_p3,-5.0,1.0,1.0,0.0,0,0.0232558139534884,0.0,G2,G3,3
G2_p5_w0_variable,G3_p4,20.0,1.0,1.0,0.0,0,0.0,0.0,G2,G3,4
G2_p5_w0_variable,G3_p4,10.0,1.0,1.0,0.0,0,0.0,0.0,G2,G3,4
G2_p5_w0_variable,G3_p4,0.0,0.9767441860465116,1.0,0.0232558139534884,0,0.0232558139534884,1.955090129519729e-16,G2,G3,4
G2_p5_w0_variable,G3_p4,-5.0,0.9090909090909092,0.9767441860465116,0.0676532769556025,1,0.0656565656565657,0.0,G2,G3,4
G2_p5_w0_variable,G4_p1,20.0,1.0,1.0,0.0,0,0.0,1.2219313310181372e-16,G2,G4,1
G2_p5_w0_variable,G4_p1,10.0,1.0,1.0,0.0,0,0.0,0.0,G2,G4,1
G2_p5_w0_variable,G4_p1,0.0,0.8260869565217391,0.9545454545454546,0.1284584980237154,1,0.0896199659671015,0.0,G2,G4,1
G2_p5_w0_variable,G4_p1,-5.0,0.7111111111111111,0.8260869565217391,0.114975845410628,0,0.1108156028368794,0.0,G2,G4,1
G2_p5_w0_variable,G4_p2,20.0,1.0,1.0,0.0,0,0.0,0.0,G2,G4,2
G2_p5_w0_variable,G4_p2,10.0,1.0,1.0,0.0,0,0.0,1.5456344600506592e-16,G2,G4,2
G2_p5_w0_variable,G4_p2,0.0,0.9767441860465116,1.0,0.0232558139534884,0,0.0666666666666666,0.0,G2,G4,2
G2_p5_w0_variable,G4_p2,-5.0,0.782608695652174,0.9333333333333332,0.1507246376811594,0,0.0380434782608695,0.0,G2,G4,2
G2_p5_w0_variable,G4_p3,20.0,1.0,1.0,0.0,0,0.0,1.221931330920863e-16,G2,G4,3
G2_p5_w0_variable,G4_p3,10.0,1.0,1.0,0.0,0,0.0,0.0,G2,G4,3
G2_p5_w0_variable,G4_p3,0.0,0.9767441860465116,1.0,0.0232558139534884,0,0.0232558139534884,0.0,G2,G4,3
G2_p5_w0_variable,G4_p3,-5.0,0.9523809523809524,1.0,0.0476190476190476,0,0.0476190476190476,0.0,G2,G4,3
G2_p5_w0_variable,G4_p4,20.0,1.0,1.0,0.0,0,0.0,0.0,G2,G4,4
G2_p5_w0_variable,G4_p4,10.0,1.0,1.0,0.0,0,0.0,1.5456344600523043e-16,G2,G4,4
G2_p5_w0_variable,G4_p4,0.0,0.9545454545454546,1.0,0.0454545454545454,0,0.0232558139534884,0.0,G2,G4,4
G2_p5_w0_variable,G4_p4,-5.0,0.851063829787234,0.9333333333333332,0.0822695035460993,0,0.0999999999999999,0.0,G2,G4,4
G2_p5_w1_regular,G1_p1,20.0,1.0,1.0,0.0,0,0.0,1.1714221878803196e-16,G2,G1,1
G2_p5_w1_regular,G1_p1,10.0,1.0,1.0,0.0,0,0.0,1.4817448861438002e-16,G2,G1,1
G2_p5_w1_regular,G1_p1,0.0,0.9230769230769232,1.0,0.0769230769230768,1,0.0999999999999999,0.0,G2,G1,1
G2_p5_w1_regular,G1_p1,-5.0,0.8,0.9230769230769232,0.123076923076923,0,0.0880952380952381,0.0,G2,G1,1
G2_p5_w1_regular,G1_p2,20.0,1.0,1.0,0.0,0,0.0,0.0,G2,G1,2
G2_p5_w1_regular,G1_p2,10.0,1.0,1.0,0.0,0,0.0,1.481744886075649e-16,G2,G1,2
G2_p5_w1_regular,G1_p2,0.0,0.9473684210526316,1.0,0.0526315789473684,1,0.0526315789473684,0.0,G2,G1,2
G2_p5_w1_regular,G1_p2,-5.0,0.8947368421052632,0.972972972972973,0.0782361308677098,1,0.0498960498960499,0.0,G2,G1,2
G2_p5_w1_regular,G1_p3,20.0,1.0,1.0,0.0,0,0.0,0.0,G2,G1,3
G2_p5_w1_regular,G1_p3,10.0,1.0,1.0,0.0,0,0.0,0.0,G2,G1,3
G2_p5_w1_regular,G1_p3,0.0,1.0,1.0,0.0,0,0.0,1.8742755005267835e-16,G2,G1,3
G2_p5_w1_regular,G1_p3,-5.0,0.9473684210526316,0.972972972972973,0.0256045519203415,1,0.0473684210526315,0.0,G2,G1,3
G2_p5_w1_regular,G1_p4,20.0,1.0,1.0,0.0,0,0.0,1.1714221877999832e-16,G2,G1,4
G2_p5_w1_regular,G1_p4,10.0,0.9473684210526316,1.0,0.0526315789473684,1,0.0526315789473684,0.0,G2,G1,4
G2_p5_w1_regular,G1_p4,0.0,0.7368421052631579,0.8780487804878049,0.141206675224647,0,0.141206675224647,1.8742755004799727e-16,G2,G1,4
G2_p5_w1_regular,G1_p4,-5.0,0.2,0.4848484848484848,0.2848484848484848,0,0.1873614190687361,2.107965137423425e-16,G2,G1,4
G2_p5_w1_regular,G2_p1,20.0,1.0,1.0,0.0,0,0.0,0.0,G2,G2,1
G2_p5_w1_regular,G2_p1,10.0,1.0,1.0,0.0,0,0.0,0.0,G2,G2,1
G2_p5_w1_regular,G2_p1,0.0,0.8947368421052632,0.972972972972973,0.0782361308677098,1,0.0782361308677098,0.0,G2,G2,1
G2_p5_w1_regular,G2_p1,-5.0,0.7804878048780488,0.85,0.0695121951219511,0,0.1118493909191583,0.0,G2,G2,1
G2_p5_w1_regular,G2_p2,20.0,1.0,1.0,0.0,0,0.0,1.1714221878098035e-16,G2,G2,2
G2_p5_w1_regular,G2_p2,10.0,1.0,1.0,0.0,0,0.0,1.481744886054604e-16,G2,G2,2
G2_p5_w1_regular,G2_p2,0.0,0.9444444444444444,1.0,0.0555555555555555,1,0.0285285285285286,0.0,G2,G2,2
G2_p5_w1_regular,G2_p2,-5.0,0.8717948717948718,0.918918918918919,0.0471240471240471,0,0.1011781011781012,0.0,G2,G2,2
G2_p5_w1_regular,G2_p3,20.0,1.0,1.0,0.0,0,0.0,0.0,G2,G2,3
G2_p5_w1_regular,G2_p3,10.0,1.0,1.0,0.0,0,0.0,1.4817448861043323e-16,G2,G2,3
G2_p5_w1_regular,G2_p3,0.0,0.972972972972973,1.0,0.0270270270270269,0,0.0526315789473684,0.0,G2,G2,3
G2_p5_w1_regular,G2_p3,-5.0,0.8292682926829268,0.9230769230769232,0.0938086303939963,0,0.1566707466340269,0.0,G2,G2,3
G2_p5_w1_regular,G2_p4,20.0,1.0,1.0,0.0,0,0.0,2.342844375608713e-16,G2,G2,4
G2_p5_w1_regular,G2_p4,10.0,1.0,1.0,0.0,0,0.0526315789473684,2.963489772095428e-16,G2,G2,4
G2_p5_w1_regular,G2_p4,0.0,0.7368421052631579,0.8780487804878049,0.141206675224647,0,0.1254355400696863,1.8742755004869707e-16,G2,G2,4
G2_p5_w1_regular,G2_p4,-5.0,0.2758620689655172,0.4242424242424242,0.148380355276907,0,0.1974160206718346,0.0,G2,G2,4
G2_p5_w1_regular,G3_p1,20.0,1.0,1.0,0.0,0,0.0,2.3428443757746656e-16,G2,G3,1
G2_p5_w1_regular,G3_p1,10.0,0.972972972972973,1.0,0.0270270270270269,0,0.0270270270270269,1.4817448861526715e-16,G2,G3,1
G2_p5_w1_regular,G3_p1,0.0,0.8292682926829268,0.9473684210526316,0.1181001283697047,0,0.1181001283697047,0.0,G2,G3,1
G2_p5_w1_regular,G3_p1,-5.0,0.6976744186046512,0.7894736842105263,0.0917992656058751,0,0.1107419712070874,2.107965137580611e-16,G2,G3,1
G2_p5_w1_regular,G3_p2,20.0,1.0,1.0,0.0,0,0.0,0.0,G2,G3,2
G2_p5_w1_regular,G3_p2,10.0,1.0,1.0,0.0,0,0.0,1.4817448860315374e-16,G2,G3,2
G2_p5_w1_regular,G3_p2,0.0,1.0,1.0,0.0,0,0.0,1.8742755004665086e-16,G2,G3,2
G2_p5_w1_regular,G3_p2,-5.0,1.0,1.0,0.0,0,0.0,2.1079651374082824e-16,G2,G3,2
G2_p5_w1_regular,G3_p3,20.0,1.0,1.0,0.0,0,0.0,1.17142218780788e-16,G2,G3,3
G2_p5_w1_regular,G3_p3,10.0,1.0,1.0,0.0,0,0.0,0.0,G2,G3,3
G2_p5_w1_regular,G3_p3,0.0,0.972972972972973,1.0,0.0270270270270269,0,0.0270270270270269,0.0,G2,G3,3
G2_p5_w1_regular,G3_p3,-5.0,0.972972972972973,1.0,0.0270270270270269,0,0.0270270270270269,2.107965137437636e-16,G2,G3,3
G2_p5_w1_regular,G3_p4,20.0,1.0,1.0,0.0,0,0.0,1.1714221878263339e-16,G2,G3,4
G2_p5_w1_regular,G3_p4,10.0,1.0,1.0,0.0,0,0.0,1.4817448860755132e-16,G2,G3,4
G2_p5_w1_regular,G3_p4,0.0,0.9473684210526316,1.0,0.0526315789473684,1,0.0526315789473684,0.0,G2,G3,4
G2_p5_w1_regular,G3_p4,-5.0,0.8947368421052632,0.9230769230769232,0.0283400809716599,0,0.0428571428571429,0.0,G2,G3,4
G2_p5_w1_regular,G4_p1,20.0,1.0,1.0,0.0,0,0.0,0.0,G2,G4,1
G2_p5_w1_regular,G4_p1,10.0,1.0,1.0,0.0,0,0.0,1.4817448861583441e-16,G2,G4,1
G2_p5_w1_regular,G4_p1,0.0,0.85,0.9,0.05,0,0.0717948717948717,0.0,G2,G4,1
G2_p5_w1_regular,G4_p1,-5.0,0.6521739130434783,0.8181818181818182,0.1660079051383399,0,0.1159420289855073,0.0,G2,G4,1
G2_p5_w1_regular,G4_p2,20.0,1.0,1.0,0.0,0,0.0,1.171422187827603e-16,G2,G4,2
G2_p5_w1_regular,G4_p2,10.0,1.0,1.0,0.0,0,0.0,0.0,G2,G4,2
G2_p5_w1_regular,G4_p2,0.0,1.0,1.0,0.0,0,0.0526315789473684,0.0,G2,G4,2
G2_p5_w1_regular,G4_p2,-5.0,0.8095238095238095,0.9473684210526316,0.137844611528822,0,0.0873511060692002,0.0,G2,G4,2
G2_p5_w1_regular,G4_p3,20.0,1.0,1.0,0.0,0,0.0,2.342844375597128e-16,G2,G4,3
G2_p5_w1_regular,G4_p3,10.0,1.0,1.0,0.0,0,0.0,1.4817448860403867e-16,G2,G4,3
G2_p5_w1_regular,G4_p3,0.0,0.972972972972973,1.0,0.0270270270270269,0,0.0270270270270269,1.8742755004777023e-16,G2,G4,3
G2_p5_w1_regular,G4_p3,-5.0,0.972972972972973,1.0,0.0270270270270269,0,0.0555555555555555,0.0,G2,G4,3
G2_p5_w1_regular,G4_p4,20.0,1.0,1.0,0.0,0,0.0,0.0,G2,G4,4
G2_p5_w1_regular,G4_p4,10.0,1.0,1.0,0.0,0,0.0,0.0,G2,G4,4
G2_p5_w1_regular,G4_p4,0.0,0.9473684210526316,1.0,0.0526315789473684,1,0.0526315789473684,0.0,G2,G4,4
G2_p5_w1_regular,G4_p4,-5.0,0.8095238095238095,0.8780487804878049,0.0685249709639953,0,0.053968253968254,2.1079651374753703e-16,G2,G4,4
G2_p5_w1_variable,G1_p1,20.0,1.0,1.0,0.0,0,0.0,0.0,G2,G1,1
G2_p5_w1_variable,G1_p1,10.0,1.0,1.0,0.0,0,0.0,1.5540671473184914e-16,G2,G1,1
G2_p5_w1_variable,G1_p1,0.0,0.9444444444444444,0.9714285714285714,0.026984126984127,1,0.0525096525096524,0.0,G2,G1,1
G2_p5_w1_variable,G1_p1,-5.0,0.7804878048780488,0.8717948717948718,0.091307066916823,0,0.0558139534883721,0.0,G2,G1,1
G2_p5_w1_variable,G1_p2,20.0,1.0,1.0,0.0,0,0.0,0.0,G2,G1,2
G2_p5_w1_variable,G1_p2,10.0,1.0,1.0,0.0,0,0.0,0.0,G2,G1,2
G2_p5_w1_variable,G1_p2,0.0,0.9411764705882352,1.0,0.0588235294117647,1,0.0857142857142857,0.0,G2,G1,2
G2_p5_w1_variable,G1_p2,-5.0,0.8108108108108109,0.9142857142857144,0.1034749034749034,0,0.1023391812865497,0.0,G2,G1,2
G2_p5_w1_variable,G1_p3,20.0,1.0,1.0,0.0,0,0.0,0.0,G2,G1,3
G2_p5_w1_variable,G1_p3,10.0,1.0,1.0,0.0,0,0.0,0.0,G2,G1,3
G2_p5_w1_variable,G1_p3,0.0,1.0,1.0,0.0,0,0.0,1.9657567288610294e-16,G2,G1,3
G2_p5_w1_variable,G1_p3,-5.0,0.9444444444444444,1.0,0.0555555555555555,1,0.0766917293233082,0.0,G2,G1,3
G2_p5_w1_variable,G1_p4,20.0,1.0,1.0,0.0,0,0.0,0.0,G2,G1,4
G2_p5_w1_variable,G1_p4,10.0,0.9714285714285714,1.0,0.0285714285714285,0,0.0555555555555555,3.108134294423826e-16,G2,G1,4
G2_p5_w1_variable,G1_p4,0.0,0.8,0.8648648648648649,0.0648648648648648,0,0.0421052631578946,0.0,G2,G1,4
G2_p5_w1_variable,G1_p4,-5.0,0.3448275862068966,0.631578947368421,0.2867513611615244,0,0.1251384274640088,2.2108524877638984e-16,G2,G1,4
G2_p5_w1_variable,G2_p1,20.0,1.0,1.0,0.0,0,0.0,1.2285979555910364e-16,G2,G2,1
G2_p5_w1_variable,G2_p1,10.0,1.0,1.0,0.0,0,0.0,1.5540671473176308e-16,G2,G2,1
G2_p5_w1_variable,G2_p1,0.0,0.8648648648648649,0.9714285714285714,0.1065637065637065,1,0.0494208494208493,1.9657567289456584e-16,G2,G2,1
G2_p5_w1_variable,G2_p1,-5.0,0.7142857142857143,0.8,0.0857142857142857,0,0.0642303433001106,0.0,G2,G2,1
G2_p5_w1_variable,G2_p2,20.0,1.0,1.0,0.0,0,0.0,2.4571959110355177e-16,G2,G2,2
G2_p5_w1_variable,G2_p2,10.0,1.0,1.0,0.0,0,0.0,0.0,G2,G2,2
G2_p5_w1_variable,G2_p2,0.0,0.9411764705882352,0.9714285714285714,0.0302521008403361,1,0.0555555555555555,0.0,G2,G2,2
G2_p5_w1_variable,G2_p2,-5.0,0.9142857142857144,0.9444444444444444,0.0301587301587301,0,0.0301587301587301,0.0,G2,G2,2
G2_p5_w1_variable,G2_p3,20.0,1.0,1.0,0.0,0,0.0,0.0,G2,G2,3
G2_p5_w1_variable,G2_p3,10.0,1.0,1.0,0.0,0,0.0,0.0,G2,G2,3
G2_p5_w1_variable,G2_p3,0.0,0.9714285714285714,1.0,0.0285714285714285,0,0.0555555555555555,1.9657567288943876e-16,G2,G2,3
G2_p5_w1_variable,G2_p3,-5.0,0.85,0.8947368421052632,0.0447368421052631,0,0.0404761904761904,0.0,G2,G2,3
G2_p5_w1_variable,G2_p4,20.0,1.0,1.0,0.0,0,0.0,1.228597955512046e-16,G2,G2,4
G2_p5_w1_variable,G2_p4,10.0,1.0,1.0,0.0,0,0.0555555555555555,0.0,G2,G2,4
G2_p5_w1_variable,G2_p4,0.0,0.8108108108108109,0.8421052631578947,0.0312944523470838,0,0.0648648648648648,0.0,G2,G2,4
G2_p5_w1_variable,G2_p4,-5.0,0.4137931034482758,0.6060606060606061,0.1922675026123302,0,0.1800834824090638,0.0,G2,G2,4
G2_p5_w1_variable,G3_p1,20.0,1.0,1.0,0.0,0,0.0,1.2285979555990724e-16,G2,G3,1
G2_p5_w1_variable,G3_p1,10.0,1.0,1.0,0.0,0,0.0285714285714285,0.0,G2,G3,1
G2_p5_w1_variable,G3_p1,0.0,0.8648648648648649,0.9714285714285714,0.1065637065637065,1,0.1293233082706767,0.0,G2,G3,1
G2_p5_w1_variable,G3_p1,-5.0,0.65,0.7692307692307693,0.1192307692307692,0,0.0941860465116278,0.0,G2,G3,1
G2_p5_w1_variable,G3_p2,20.0,1.0,1.0,0.0,0,0.0,1.2285979554986332e-16,G2,G3,2
G2_p5_w1_variable,G3_p2,10.0,1.0,1.0,0.0,0,0.0,1.554067147200749e-16,G2,G3,2
G2_p5_w1_variable,G3_p2,0.0,1.0,1.0,0.0,0,0.0,0.0,G2,G3,2
G2_p5_w1_variable,G3_p2,-5.0,1.0,1.0,0.0,0,0.0,2.2108524877480162e-16,G2,G3,2
G2_p5_w1_variable,G3_p3,20.0,1.0,1.0,0.0,0,0.0,0.0,G2,G3,3
G2_p5_w1_variable,G3_p3,10.0,1.0,1.0,0.0,0,0.0,0.0,G2,G3,3
G2_p5_w1_variable,G3_p3,0.0,1.0,1.0,0.0,0,0.0,1.965756728825186e-16,G2,G3,3
G2_p5_w1_variable,G3_p3,-5.0,0.9714285714285714,1.0,0.0285714285714285,0,0.0285714285714285,0.0,G2,G3,3
G2_p5_w1_variable,G3_p4,20.0,1.0,1.0,0.0,0,0.0,0.0,G2,G3,4
G2_p5_w1_variable,G3_p4,10.0,1.0,1.0,0.0,0,0.0,0.0,G2,G3,4
G2_p5_w1_variable,G3_p4,0.0,0.9714285714285714,1.0,0.0285714285714285,0,0.0555555555555555,0.0,G2,G3,4
G2_p5_w1_variable,G3_p4,-5.0,0.8888888888888888,0.918918918918919,0.0300300300300301,0,0.0689189189189189,0.0,G2,G3,4
G2_p5_w1_variable,G4_p1,20.0,1.0,1.0,0.0,0,0.0,1.2285979556037755e-16,G2,G4,1
G2_p5_w1_variable,G4_p1,10.0,1.0,1.0,0.0,0,0.0,1.5540671473337443e-16,G2,G4,1
G2_p5_w1_variable,G4_p1,0.0,0.8648648648648649,0.918918918918919,0.054054054054054,0,0.0296896086369771,0.0,G2,G4,1
G2_p5_w1_variable,G4_p1,-5.0,0.6341463414634146,0.7619047619047619,0.1277584204413472,0,0.0952380952380952,0.0,G2,G4,1
G2_p5_w1_variable,G4_p2,20.0,1.0,1.0,0.0,0,0.0,0.0,G2,G4,2
G2_p5_w1_variable,G4_p2,10.0,1.0,1.0,0.0,0,0.0,1.5540671472485547e-16,G2,G4,2
G2_p5_w1_variable,G4_p2,0.0,0.9714285714285714,1.0,0.0285714285714285,0,0.0285714285714285,0.0,G2,G4,2
G2_p5_w1_variable,G4_p2,-5.0,0.8648648648648649,0.918918918918919,0.054054054054054,0,0.0768136557610242,2.210852487816025e-16,G2,G4,2
G2_p5_w1_variable,G4_p3,20.0,1.0,1.0,0.0,0,0.0,2.457195911011941e-16,G2,G4,3
G2_p5_w1_variable,G4_p3,10.0,1.0,1.0,0.0,0,0.0,0.0,G2,G4,3
G2_p5_w1_variable,G4_p3,0.0,1.0,1.0,0.0,0,0.0,0.0,G2,G4,3
G2_p5_w1_variable,G4_p3,-5.0,0.9411764705882352,1.0,0.0588235294117647,1,0.0285714285714285,0.0,G2,G4,3
G2_p5_w1_variable,G4_p4,20.0,1.0,1.0,0.0,0,0.0,0.0,G2,G4,4
G2_p5_w1_variable,G4_p4,10.0,1.0,1.0,0.0,0,0.0,1.5540671472502086e-16,G2,G4,4
G2_p5_w1_variable,G4_p4,0.0,0.9714285714285714,1.0,0.0285714285714285,0,0.0555555555555555,0.0,G2,G4,4
G2_p5_w1_variable,G4_p4,-5.0,0.7906976744186046,0.8421052631578947,0.05140758873929,0,0.1019955654101995,0.0,G2,G4,4
G2_p5_w2_regular,G1_p1,20.0,1.0,1.0,0.0,0,0.0,1.1916145420964396e-16,G2,G1,1
G2_p5_w2_regular,G1_p1,10.0,1.0,1.0,0.0,0,0.0,1.5072864184013374e-16,G2,G1,1
G2_p5_w2_regular,G1_p1,0.0,0.9473684210526316,1.0,0.0526315789473684,1,0.0769230769230768,1.906583267354304e-16,G2,G1,1
G2_p5_w2_regular,G1_p1,-5.0,0.8095238095238095,0.8717948717948718,0.0622710622710622,0,0.0717948717948717,0.0,G2,G1,1
G2_p5_w2_regular,G1_p2,20.0,1.0,1.0,0.0,0,0.0,1.1916145420416328e-16,G2,G1,2
G2_p5_w2_regular,G1_p2,10.0,1.0,1.0,0.0,0,0.0,0.0,G2,G1,2
G2_p5_w2_regular,G1_p2,0.0,0.9473684210526316,1.0,0.0526315789473684,1,0.0526315789473684,1.906583267266612e-16,G2,G1,2
G2_p5_w2_regular,G1_p2,-5.0,0.8717948717948718,0.9473684210526316,0.0755735492577597,0,0.1011781011781012,0.0,G2,G1,2
G2_p5_w2_regular,G1_p3,20.0,1.0,1.0,0.0,0,0.0,0.0,G2,G1,3
G2_p5_w2_regular,G1_p3,10.0,1.0,1.0,0.0,0,0.0,1.5072864183356122e-16,G2,G1,3
G2_p5_w2_regular,G1_p3,0.0,1.0,1.0,0.0,0,0.0,1.9065832672711671e-16,G2,G1,3
G2_p5_w2_regular,G1_p3,-5.0,0.972972972972973,1.0,0.0270270270270269,0,0.0782361308677098,2.1443011222060272e-16,G2,G1,3
G2_p5_w2_regular,G1_p4,20.0,1.0,1.0,0.0,0,0.0,1.1916145420147183e-16,G2,G1,4
G2_p5_w2_regular,G1_p4,10.0,0.972972972972973,1.0,0.0270270270270269,0,0.0270270270270269,1.507286418297967e-16,G2,G1,4
G2_p5_w2_regular,G1_p4,0.0,0.8,0.85,0.0499999999999999,0,0.0685249709639953,1.906583267223549e-16,G2,G1,4
G2_p5_w2_regular,G1_p4,-5.0,0.5294117647058824,0.7368421052631579,0.2074303405572755,0,0.1077708451503118,0.0,G2,G1,4
G2_p5_w2_regular,G2_p1,20.0,1.0,1.0,0.0,0,0.0,0.0,G2,G2,1
G2_p5_w2_regular,G2_p1,10.0,1.0,1.0,0.0,0,0.0,0.0,G2,G2,1
G2_p5_w2_regular,G2_p1,0.0,0.918918918918919,0.972972972972973,0.054054054054054,1,0.054054054054054,1.9065832673532479e-16,G2,G2,1
G2_p5_w2_regular,G2_p1,-5.0,0.8205128205128205,0.8717948717948718,0.0512820512820513,0,0.0930232558139535,2.1443011222983424e-16,G2,G2,1
G2_p5_w2_regular,G2_p2,20.0,1.0,1.0,0.0,0,0.0,1.191614542024708e-16,G2,G2,2
G2_p5_w2_regular,G2_p2,10.0,1.0,1.0,0.0,0,0.0,3.0145728366212076e-16,G2,G2,2
G2_p5_w2_regular,G2_p2,0.0,0.972972972972973,1.0,0.0270270270270269,0,0.0270270270270269,0.0,G2,G2,2
G2_p5_w2_regular,G2_p2,-5.0,0.8947368421052632,0.972972972972973,0.0782361308677098,1,0.0782361308677098,2.1443011221704486e-16,G2,G2,2
G2_p5_w2_regular,G2_p3,20.0,1.0,1.0,0.0,0,0.0,1.1916145420646998e-16,G2,G2,3
G2_p5_w2_regular,G2_p3,10.0,1.0,1.0,0.0,0,0.0,0.0,G2,G2,3
G2_p5_w2_regular,G2_p3,0.0,1.0,1.0,0.0,0,0.0270270270270269,0.0,G2,G2,3
G2_p5_w2_regular,G2_p3,-5.0,0.85,0.9473684210526316,0.0973684210526315,0,0.0904761904761904,2.1443011222424134e-16,G2,G2,3
G2_p5_w2_regular,G2_p4,20.0,1.0,1.0,0.0,0,0.0,0.0,G2,G2,4
G2_p5_w2_regular,G2_p4,10.0,0.972972972972973,1.0,0.0270270270270269,0,0.0526315789473684,1.5072864183035948e-16,G2,G2,4
G2_p5_w2_regular,G2_p4,0.0,0.8292682926829268,0.9,0.0707317073170732,0,0.0707317073170732,1.906583267230668e-16,G2,G2,4
G2_p5_w2_regular,G2_p4,-5.0,0.5714285714285714,0.7567567567567568,0.1853281853281854,0,0.0849342770475227,2.1443011221604784e-16,G2,G2,4
G2_p5_w2_regular,G3_p1,20.0,1.0,1.0,0.0,0,0.0,1.1916145421035741e-16,G2,G3,1
G2_p5_w2_regular,G3_p1,10.0,1.0,1.0,0.0,0,0.0,1.5072864184103614e-16,G2,G3,1
G2_p5_w2_regular,G3_p1,0.0,0.8947368421052632,0.9230769230769232,0.0283400809716599,0,0.0512820512820513,1.9065832673657175e-16,G2,G3,1
G2_p5_w2_regular,G3_p1,-5.0,0.75,0.8717948717948718,0.1217948717948718,0,0.0727272727272727,0.0,G2,G3,1
G2_p5_w2_regular,G3_p2,20.0,1.0,1.0,0.0,0,0.0,1.191614542006158e-16,G2,G3,2
G2_p5_w2_regular,G3_p2,10.0,1.0,1.0,0.0,0,0.0,0.0,G2,G3,2
G2_p5_w2_regular,G3_p2,0.0,1.0,1.0,0.0,0,0.0,0.0,G2,G3,2
G2_p5_w2_regular,G3_p2,-5.0,1.0,1.0,0.0,0,0.0,0.0,G2,G3,2
G2_p5_w2_regular,G3_p3,20.0,1.0,1.0,0.0,0,0.0,2.3832290840455023e-16,G2,G3,3
G2_p5_w2_regular,G3_p3,10.0,1.0,1.0,0.0,0,0.0,1.507286418308128e-16,G2,G3,3
G2_p5_w2_regular,G3_p3,0.0,1.0,1.0,0.0,0,0.0,0.0,G2,G3,3
G2_p5_w2_regular,G3_p3,-5.0,0.972972972972973,1.0,0.0270270270270269,0,0.0270270270270269,2.1443011221669275e-16,G2,G3,3
G2_p5_w2_regular,G3_p4,20.0,1.0,1.0,0.0,0,0.0,1.1916145420415236e-16,G2,G3,4
G2_p5_w2_regular,G3_p4,10.0,1.0,1.0,0.0,0,0.0,0.0,G2,G3,4
G2_p5_w2_regular,G3_p4,0.0,0.972972972972973,1.0,0.0270270270270269,0,0.0270270270270269,1.9065832672664372e-16,G2,G3,4
G2_p5_w2_regular,G3_p4,-5.0,0.8780487804878049,0.9444444444444444,0.0663956639566395,0,0.0663956639566395,0.0,G2,G3,4
G2_p5_w2_regular,G4_p1,20.0,1.0,1.0,0.0,0,0.0,1.1916145421081352e-16,G2,G4,1
G2_p5_w2_regular,G4_p1,10.0,1.0,1.0,0.0,0,0.0,0.0,G2,G4,1
G2_p5_w2_regular,G4_p1,0.0,0.85,0.9230769230769232,0.0730769230769231,0,0.0282051282051282,0.0,G2,G4,1
G2_p5_w2_regular,G4_p1,-5.0,0.6666666666666666,0.7619047619047619,0.0952380952380952,0,0.0631229235880398,0.0,G2,G4,1
G2_p5_w2_regular,G4_p2,20.0,1.0,1.0,0.0,0,0.0,1.191614542042814e-16,G2,G4,2
G2_p5_w2_regular,G4_p2,10.0,1.0,1.0,0.0,0,0.0,1.5072864183335054e-16,G2,G4,2
G2_p5_w2_regular,G4_p2,0.0,1.0,1.0,0.0,0,0.0270270270270269,1.9065832672685023e-16,G2,G4,2
G2_p5_w2_regular,G4_p2,-5.0,0.85,0.9230769230769232,0.0730769230769231,0,0.0730769230769231,0.0,G2,G4,2
G2_p5_w2_regular,G4_p3,20.0,1.0,1.0,0.0,0,0.0,0.0,G2,G4,3
G2_p5_w2_regular,G4_p3,10.0,1.0,1.0,0.0,0,0.0,1.507286418296141e-16,G2,G4,3
G2_p5_w2_regular,G4_p3,0.0,0.9714285714285714,1.0,0.0285714285714285,0,0.0285714285714285,1.9065832672212394e-16,G2,G4,3
G2_p5_w2_regular,G4_p3,-5.0,0.9444444444444444,0.972972972972973,0.0285285285285286,1,0.0285285285285286,0.0,G2,G4,3
G2_p5_w2_regular,G4_p4,20.0,1.0,1.0,0.0,0,0.0,0.0,G2,G4,4
G2_p5_w2_regular,G4_p4,10.0,1.0,1.0,0.0,0,0.0,0.0,G2,G4,4
G2_p5_w2_regular,G4_p4,0.0,0.9473684210526316,0.972972972972973,0.0256045519203415,1,0.0526315789473684,0.0,G2,G4,4
G2_p5_w2_regular,G4_p4,-5.0,0.7906976744186046,0.9230769230769232,0.1323792486583185,0,0.0844155844155843,0.0,G2,G4,4
G2_p5_w2_variable,G1_p1,20.0,1.0,1.0,0.0,0,0.0,1.2177777535918325e-16,G2,G1,1
G2_p5_w2_variable,G1_p1,10.0,1.0,1.0,0.0,0,0.0,1.540380554093394e-16,G2,G1,1
G2_p5_w2_variable,G1_p1,0.0,0.9743589743589745,0.9743589743589745,0.0,0,0.073170731707317,0.0,G2,G1,1
G2_p5_w2_variable,G1_p1,-5.0,0.8181818181818182,0.9047619047619048,0.0865800865800865,0,0.0717171717171717,2.1913816183749039e-16,G2,G1,1
G2_p5_w2_variable,G1_p2,20.0,1.0,1.0,0.0,0,0.0,1.217777753535822e-16,G2,G1,2
G2_p5_w2_variable,G1_p2,10.0,1.0,1.0,0.0,0,0.0,0.0,G2,G1,2
G2_p5_w2_variable,G1_p2,0.0,0.9230769230769232,1.0,0.0769230769230768,1,0.0512820512820512,0.0,G2,G1,2
G2_p5_w2_variable,G1_p2,-5.0,0.9,0.9743589743589745,0.0743589743589743,1,0.0743589743589743,0.0,G2,G1,2
G2_p5_w2_variable,G1_p3,20.0,1.0,1.0,0.0,0,0.0,0.0,G2,G1,3
G2_p5_w2_variable,G1_p3,10.0,1.0,1.0,0.0,0,0.0,1.5403805540262261e-16,G2,G1,3
G2_p5_w2_variable,G1_p3,0.0,1.0,1.0,0.0,0,0.0,0.0,G2,G1,3
G2_p5_w2_variable,G1_p3,-5.0,0.9743589743589745,1.0,0.0256410256410256,0,0.0475297060662913,0.0,G2,G1,3
G2_p5_w2_variable,G1_p4,20.0,1.0,1.0,0.0,0,0.0,0.0,G2,G1,4
G2_p5_w2_variable,G1_p4,10.0,1.0,1.0,0.0,0,0.0256410256410256,1.540380553987754e-16,G2,G1,4
G2_p5_w2_variable,G1_p4,0.0,0.8095238095238095,0.8837209302325582,0.0741971207087486,0,0.0930232558139535,1.9484444056133076e-16,G2,G1,4
G2_p5_w2_variable,G1_p4,-5.0,0.65,0.7368421052631579,0.0868421052631578,0,0.1487922705314009,2.1913816182246182e-16,G2,G1,4
G2_p5_w2_variable,G2_p1,20.0,1.0,1.0,0.0,0,0.0,1.217777753591158e-16,G2,G2,1
G2_p5_w2_variable,G2_p1,10.0,1.0,1.0,0.0,0,0.0,0.0,G2,G2,1
G2_p5_w2_variable,G2_p1,0.0,0.9,1.0,0.0999999999999999,1,0.0743589743589743,0.0,G2,G2,1
G2_p5_w2_variable,G2_p1,-5.0,0.8181818181818182,0.8717948717948718,0.0536130536130535,0,0.0641821946169772,2.1913816183736907e-16,G2,G2,1
G2_p5_w2_variable,G2_p2,20.0,1.0,1.0,0.0,0,0.0,0.0,G2,G2,2
G2_p5_w2_variable,G2_p2,10.0,1.0,1.0,0.0,0,0.0,0.0,G2,G2,2
G2_p5_w2_variable,G2_p2,0.0,0.95,1.0,0.05,0,0.05,0.0,G2,G2,2
G2_p5_w2_variable,G2_p2,-5.0,0.9230769230769232,0.95,0.0269230769230768,1,0.0552631578947367,2.191381618242989e-16,G2,G2,2
G2_p5_w2_variable,G2_p3,20.0,1.0,1.0,0.0,0,0.0,1.2177777535593955e-16,G2,G2,3
G2_p5_w2_variable,G2_p3,10.0,1.0,1.0,0.0,0,0.0,1.5403805540523643e-16,G2,G2,3
G2_p5_w2_variable,G2_p3,0.0,0.9743589743589745,1.0,0.0256410256410256,0,0.0256410256410256,0.0,G2,G2,3
G2_p5_w2_variable,G2_p3,-5.0,0.8636363636363636,0.926829268292683,0.0631929046563193,0,0.048780487804878,2.1913816183165343e-16,G2,G2,3
G2_p5_w2_variable,G2_p4,20.0,1.0,1.0,0.0,0,0.0,1.217777753512863e-16,G2,G2,4
G2_p5_w2_variable,G2_p4,10.0,1.0,1.0,0.0,0,0.0256410256410256,0.0,G2,G2,4
G2_p5_w2_variable,G2_p4,0.0,0.7804878048780488,0.8780487804878049,0.097560975609756,0,0.0930232558139535,0.0,G2,G2,4
G2_p5_w2_variable,G2_p4,-5.0,0.4705882352941176,0.5789473684210527,0.108359133126935,0,0.1305555555555555,2.1913816182328002e-16,G2,G2,4
G2_p5_w2_variable,G3_p1,20.0,1.0,1.0,0.0,0,0.0,0.0,G2,G3,1
G2_p5_w2_variable,G3_p1,10.0,1.0,1.0,0.0,0,0.0,0.0,G2,G3,1
G2_p5_w2_variable,G3_p1,0.0,0.9047619047619048,0.95,0.0452380952380951,1,0.0662790697674418,1.948444405758597e-16,G2,G3,1
G2_p5_w2_variable,G3_p1,-5.0,0.6666666666666666,0.9047619047619048,0.2380952380952381,0,0.2124735729386891,0.0,G2,G3,1
G2_p5_w2_variable,G3_p2,20.0,1.0,1.0,0.0,0,0.0,1.2177777534995683e-16,G2,G3,2
G2_p5_w2_variable,G3_p2,10.0,1.0,1.0,0.0,0,0.0,1.5403805539766884e-16,G2,G3,2
G2_p5_w2_variable,G3_p2,0.0,1.0,1.0,0.0,0,0.0,0.0,G2,G3,2
G2_p5_w2_variable,G3_p2,-5.0,1.0,1.0,0.0,0,0.0,0.0,G2,G3,2
G2_p5_w2_variable,G3_p3,20.0,1.0,1.0,0.0,0,0.0,0.0,G2,G3,3
G2_p5_w2_variable,G3_p3,10.0,1.0,1.0,0.0,0,0.0,0.0,G2,G3,3
G2_p5_w2_variable,G3_p3,0.0,1.0,1.0,0.0,0,0.0,1.9484444056264416e-16,G2,G3,3
G2_p5_w2_variable,G3_p3,-5.0,0.9743589743589745,1.0,0.0256410256410256,0,0.0256410256410256,2.1913816182393906e-16,G2,G3,3
G2_p5_w2_variable,G3_p4,20.0,1.0,1.0,0.0,0,0.0,0.0,G2,G3,4
G2_p5_w2_variable,G3_p4,10.0,1.0,1.0,0.0,0,0.0,0.0,G2,G3,4
G2_p5_w2_variable,G3_p4,0.0,0.9743589743589745,1.0,0.0256410256410256,0,0.0256410256410256,1.9484444056571372e-16,G2,G3,4
G2_p5_w2_variable,G3_p4,-5.0,0.95,0.9743589743589745,0.0243589743589743,0,0.0,0.0,G2,G3,4
G2_p5_w2_variable,G4_p1,20.0,1.0,1.0,0.0,0,0.0,1.217777753603785e-16,G2,G4,1
G2_p5_w2_variable,G4_p1,10.0,1.0,1.0,0.0,0,0.0,1.540380554108513e-16,G2,G4,1
G2_p5_w2_variable,G4_p1,0.0,0.8780487804878049,0.9473684210526316,0.0693196405648266,0,0.0636474908200733,1.9484444057660562e-16,G2,G4,1
G2_p5_w2_variable,G4_p1,-5.0,0.6511627906976745,0.8095238095238095,0.158361018826135,0,0.1818181818181818,2.191381618396412e-16,G2,G4,1
G2_p5_w2_variable,G4_p2,20.0,1.0,1.0,0.0,0,0.0,0.0,G2,G4,2
G2_p5_w2_variable,G4_p2,10.0,1.0,1.0,0.0,0,0.0,1.540380554024073e-16,G2,G4,2
G2_p5_w2_variable,G4_p2,0.0,1.0,1.0,0.0,0,0.0256410256410256,0.0,G2,G4,2
G2_p5_w2_variable,G4_p2,-5.0,0.8372093023255814,0.95,0.1127906976744185,1,0.0631929046563193,0.0,G2,G4,2
G2_p5_w2_variable,G4_p3,20.0,1.0,1.0,0.0,0,0.0,1.2177777535068416e-16,G2,G4,3
G2_p5_w2_variable,G4_p3,10.0,1.0,1.0,0.0,0,0.0,1.5403805539858882e-16,G2,G4,3
G2_p5_w2_variable,G4_p3,0.0,0.9743589743589745,1.0,0.0256410256410256,0,0.0256410256410256,1.9484444056109464e-16,G2,G4,3
G2_p5_w2_variable,G4_p3,-5.0,0.9473684210526316,1.0,0.0526315789473684,1,0.0526315789473684,0.0,G2,G4,3
G2_p5_w2_variable,G4_p4,20.0,1.0,1.0,0.0,0,0.0,0.0,G2,G4,4
G2_p5_w2_variable,G4_p4,10.0,1.0,1.0,0.0,0,0.0,0.0,G2,G4,4
G2_p5_w2_variable,G4_p4,0.0,0.95,1.0,0.05,0,0.05,0.0,G2,G4,4
G2_p5_w2_variable,G4_p4,-5.0,0.8571428571428571,0.926829268292683,0.0696864111498258,0,0.057633973710819,0.0,G2,G4,4
G2_p5_w3_regular,G1_p1,20.0,1.0,1.0,0.0,0,0.0,1.169481761708197e-16,G2,G1,1
G2_p5_w3_regular,G1_p1,10.0,1.0,1.0,0.0,0,0.0,0.0,G2,G1,1
G2_p5_w3_regular,G1_p1,0.0,0.9473684210526316,1.0,0.0526315789473684,1,0.0769230769230768,0.0,G2,G1,1
G2_p5_w3_regular,G1_p1,-5.0,0.7906976744186046,0.8780487804878049,0.0873511060692002,0,0.1298701298701298,0.0,G2,G1,1
G2_p5_w3_regular,G1_p2,20.0,1.0,1.0,0.0,0,0.0,0.0,G2,G1,2
G2_p5_w3_regular,G1_p2,10.0,1.0,1.0,0.0,0,0.0,0.0,G2,G1,2
G2_p5_w3_regular,G1_p2,0.0,0.9473684210526316,1.0,0.0526315789473684,1,0.0526315789473684,0.0,G2,G1,2
G2_p5_w3_regular,G1_p2,-5.0,0.9230769230769232,0.972972972972973,0.0498960498960499,1,0.0498960498960499,0.0,G2,G1,2
G2_p5_w3_regular,G1_p3,20.0,1.0,1.0,0.0,0,0.0,0.0,G2,G1,3
G2_p5_w3_regular,G1_p3,10.0,1.0,1.0,0.0,0,0.0,1.479290419545172e-16,G2,G1,3
G2_p5_w3_regular,G1_p3,0.0,1.0,1.0,0.0,0,0.0,0.0,G2,G1,3
G2_p5_w3_regular,G1_p3,-5.0,0.9473684210526316,1.0,0.0526315789473684,1,0.0949241924851681,0.0,G2,G1,3
G2_p5_w3_regular,G1_p4,20.0,1.0,1.0,0.0,0,0.0,0.0,G2,G1,4
G2_p5_w3_regular,G1_p4,10.0,1.0,1.0,0.0,0,0.0270270270270269,1.4792904195082264e-16,G2,G1,4
G2_p5_w3_regular,G1_p4,0.0,0.7567567567567568,0.8421052631578947,0.0853485064011378,0,0.0600375234521575,0.0,G2,G1,4
G2_p5_w3_regular,G1_p4,-5.0,0.2666666666666666,0.717948717948718,0.4512820512820513,0,0.0941860465116278,2.1044733555834555e-16,G2,G1,4
G2_p5_w3_regular,G2_p1,20.0,1.0,1.0,0.0,0,0.0,0.0,G2,G2,1
G2_p5_w3_regular,G2_p1,10.0,1.0,1.0,0.0,0,0.0,0.0,G2,G2,1
G2_p5_w3_regular,G2_p1,0.0,0.9230769230769232,0.972972972972973,0.0498960498960499,1,0.072972972972973,0.0,G2,G2,1
G2_p5_w3_regular,G2_p1,-5.0,0.7619047619047619,0.8292682926829268,0.0673635307781649,0,0.0653377630121816,2.1044733557266155e-16,G2,G2,1
G2_p5_w3_regular,G2_p2,20.0,1.0,1.0,0.0,0,0.0,0.0,G2,G2,2
G2_p5_w3_regular,G2_p2,10.0,1.0,1.0,0.0,0,0.0,1.4792904195206278e-16,G2,G2,2
G2_p5_w3_regular,G2_p2,0.0,0.972972972972973,1.0,0.0270270270270269,0,0.0270270270270269,0.0,G2,G2,2
G2_p5_w3_regular,G2_p2,-5.0,0.9473684210526316,0.972972972972973,0.0256045519203415,1,0.0498960498960499,0.0,G2,G2,2
G2_p5_w3_regular,G2_p3,20.0,1.0,1.0,0.0,0,0.0,1.1694817616770464e-16,G2,G2,3
G2_p5_w3_regular,G2_p3,10.0,1.0,1.0,0.0,0,0.0,0.0,G2,G2,3
G2_p5_w3_regular,G2_p3,0.0,0.972972972972973,1.0,0.0270270270270269,0,0.0270270270270269,0.0,G2,G2,3
G2_p5_w3_regular,G2_p3,-5.0,0.8780487804878049,0.9230769230769232,0.0450281425891182,0,0.0938086303939963,0.0,G2,G2,3
G2_p5_w3_regular,G2_p4,20.0,1.0,1.0,0.0,0,0.0,0.0,G2,G2,4
G2_p5_w3_regular,G2_p4,10.0,0.972972972972973,1.0,0.0270270270270269,0,0.0270270270270269,1.4792904195137492e-16,G2,G2,4
G2_p5_w3_regular,G2_p4,0.0,0.85,0.8780487804878049,0.0280487804878049,0,0.0766550522648082,1.8711708186117758e-16,G2,G2,4
G2_p5_w3_regular,G2_p4,-5.0,0.3225806451612903,0.7368421052631579,0.4142614601018675,0,0.224469160768453,0.0,G2,G2,4
G2_p5_w3_regular,G3_p1,20.0,1.0,1.0,0.0,0,0.0,1.1694817617151987e-16,G2,G3,1
G2_p5_w3_regular,G3_p1,10.0,1.0,1.0,0.0,0,0.0270270270270269,0.0,G2,G3,1
G2_p5_w3_regular,G3_p1,0.0,0.8717948717948718,0.918918918918919,0.0471240471240471,0,0.1093951093951094,0.0,G2,G3,1
G2_p5_w3_regular,G3_p1,-5.0,0.6341463414634146,0.85,0.2158536585365853,0,0.0616161616161615,0.0,G2,G3,1
G2_p5_w3_regular,G3_p2,20.0,1.0,1.0,0.0,0,0.0,1.1694817616195922e-16,G2,G3,2
G2_p5_w3_regular,G3_p2,10.0,1.0,1.0,0.0,0,0.0,0.0,G2,G3,2
G2_p5_w3_regular,G3_p2,0.0,1.0,1.0,0.0,0,0.0,0.0,G2,G3,2
G2_p5_w3_regular,G3_p2,-5.0,1.0,1.0,0.0,0,0.0,2.104473355568337e-16,G2,G3,2
G2_p5_w3_regular,G3_p3,20.0,1.0,1.0,0.0,0,0.0,1.169481761635877e-16,G2,G3,3
G2_p5_w3_regular,G3_p3,10.0,1.0,1.0,0.0,0,0.0,0.0,G2,G3,3
G2_p5_w3_regular,G3_p3,0.0,1.0,1.0,0.0,0,0.0270270270270269,1.8711708186174039e-16,G2,G3,3
G2_p5_w3_regular,G3_p3,-5.0,0.972972972972973,1.0,0.0270270270270269,0,0.0270270270270269,0.0,G2,G3,3
G2_p5_w3_regular,G3_p4,20.0,1.0,1.0,0.0,0,0.0,0.0,G2,G3,4
G2_p5_w3_regular,G3_p4,10.0,1.0,1.0,0.0,0,0.0,0.0,G2,G3,4
G2_p5_w3_regular,G3_p4,0.0,0.972972972972973,1.0,0.0270270270270269,0,0.0256045519203415,1.8711708186468811e-16,G2,G3,4
G2_p5_w3_regular,G3_p4,-5.0,0.9,0.9473684210526316,0.0473684210526315,0,0.0473684210526315,2.1044733556307958e-16,G2,G3,4
G2_p5_w3_regular,G4_p1,20.0,1.0,1.0,0.0,0,0.0,0.0,G2,G4,1
G2_p5_w3_regular,G4_p1,10.0,1.0,1.0,0.0,0,0.0,0.0,G2,G4,1
G2_p5_w3_regular,G4_p1,0.0,0.8421052631578947,0.9473684210526316,0.1052631578947368,0,0.1336032388663968,0.0,G2,G4,1
G2_p5_w3_regular,G4_p1,-5.0,0.6190476190476191,0.75,0.1309523809523809,0,0.0988372093023255,2.1044733557484367e-16,G2,G4,1
G2_p5_w3_regular,G4_p2,20.0,1.0,1.0,0.0,0,0.0,0.0,G2,G4,2
G2_p5_w3_regular,G4_p2,10.0,1.0,1.0,0.0,0,0.0,0.0,G2,G4,2
G2_p5_w3_regular,G4_p2,0.0,1.0,1.0,0.0,0,0.0270270270270269,0.0,G2,G4,2
G2_p5_w3_regular,G4_p2,-5.0,0.85,0.918918918918919,0.0689189189189189,0,0.0938086303939963,2.1044733556330744e-16,G2,G4,2
G2_p5_w3_regular,G4_p3,20.0,1.0,1.0,0.0,0,0.0,1.1694817616265766e-16,G2,G4,3
G2_p5_w3_regular,G4_p3,10.0,1.0,1.0,0.0,0,0.0,1.4792904195064342e-16,G2,G4,3
G2_p5_w3_regular,G4_p3,0.0,0.972972972972973,1.0,0.0270270270270269,0,0.0270270270270269,1.871170818602523e-16,G2,G4,3
G2_p5_w3_regular,G4_p3,-5.0,0.9444444444444444,1.0,0.0555555555555555,1,0.0555555555555555,0.0,G2,G4,3
G2_p5_w3_regular,G4_p4,20.0,1.0,1.0,0.0,0,0.0,1.169481761656812e-16,G2,G4,4
G2_p5_w3_regular,G4_p4,10.0,1.0,1.0,0.0,0,0.0,1.4792904195446792e-16,G2,G4,4
G2_p5_w3_regular,G4_p4,0.0,0.9473684210526316,1.0,0.0526315789473684,1,0.0526315789473684,0.0,G2,G4,4
G2_p5_w3_regular,G4_p4,-5.0,0.7906976744186046,0.9230769230769232,0.1323792486583185,0,0.1048951048951049,0.0,G2,G4,4
G2_p5_w3_variable,G1_p1,20.0,1.0,1.0,0.0,0,0.0,0.0,G2,G1,1
G2_p5_w3_variable,G1_p1,10.0,1.0,1.0,0.0,0,0.0,0.0,G2,G1,1
G2_p5_w3_variable,G1_p1,0.0,0.9523809523809524,1.0,0.0476190476190476,0,0.0232288037166086,0.0,G2,G1,1
G2_p5_w3_variable,G1_p1,-5.0,0.7906976744186046,0.9090909090909092,0.1183932346723044,0,0.1363636363636363,0.0,G2,G1,1
G2_p5_w3_variable,G1_p2,20.0,1.0,1.0,0.0,0,0.0,1.168104055957915e-16,G2,G1,2
G2_p5_w3_variable,G1_p2,10.0,1.0,1.0,0.0,0,0.0,0.0,G2,G1,2
G2_p5_w3_variable,G1_p2,0.0,0.9523809523809524,1.0,0.0476190476190476,0,0.024390243902439,1.8689664895326643e-16,G2,G1,2
G2_p5_w3_variable,G1_p2,-5.0,0.8571428571428571,0.975609756097561,0.1184668989547038,1,0.1384004537719795,2.1019941849203063e-16,G2,G1,2
G2_p5_w3_variable,G1_p3,20.0,1.0,1.0,0.0,0,0.0,0.0,G2,G1,3
G2_p5_w3_variable,G1_p3,10.0,1.0,1.0,0.0,0,0.0,2.955095488733291e-16,G2,G1,3
G2_p5_w3_variable,G1_p3,0.0,1.0,1.0,0.0,0,0.0,1.8689664895371288e-16,G2,G1,3
G2_p5_w3_variable,G1_p3,-5.0,0.9523809523809524,1.0,0.0476190476190476,0,0.0221483942414174,2.1019941849253279e-16,G2,G1,3
G2_p5_w3_variable,G1_p4,20.0,1.0,1.0,0.0,0,0.0,0.0,G2,G1,4
G2_p5_w3_variable,G1_p4,10.0,1.0,1.0,0.0,0,0.024390243902439,1.4775477443297434e-16,G2,G1,4
G2_p5_w3_variable,G1_p4,0.0,0.8,0.8837209302325582,0.0837209302325581,0,0.1080808080808081,0.0,G2,G1,4
G2_p5_w3_variable,G1_p4,-5.0,0.4571428571428571,0.6976744186046512,0.240531561461794,0,0.1515151515151516,2.1019941848728294e-16,G2,G1,4
G2_p5_w3_variable,G2_p1,20.0,1.0,1.0,0.0,0,0.0,0.0,G2,G2,1
G2_p5_w3_variable,G2_p1,10.0,1.0,1.0,0.0,0,0.0,0.0,G2,G2,1
G2_p5_w3_variable,G2_p1,0.0,0.9302325581395348,1.0,0.0697674418604651,1,0.0909090909090909,0.0,G2,G2,1
G2_p5_w3_variable,G2_p1,-5.0,0.7619047619047619,0.8444444444444444,0.0825396825396825,0,0.0608695652173914,2.101994185015821e-16,G2,G2,1
G2_p5_w3_variable,G2_p2,20.0,1.0,1.0,0.0,0,0.0,0.0,G2,G2,2
G2_p5_w3_variable,G2_p2,10.0,1.0,1.0,0.0,0,0.0,1.4775477443421302e-16,G2,G2,2
G2_p5_w3_variable,G2_p2,0.0,0.975609756097561,0.975609756097561,0.0,0,0.024390243902439,0.0,G2,G2,2
G2_p5_w3_variable,G2_p2,-5.0,0.9090909090909092,0.9523809523809524,0.0432900432900432,1,0.0665188470066519,0.0,G2,G2,2
G2_p5_w3_variable,G2_p3,20.0,1.0,1.0,0.0,0,0.0,0.0,G2,G2,3
G2_p5_w3_variable,G2_p3,10.0,1.0,1.0,0.0,0,0.0,0.0,G2,G2,3
G2_p5_w3_variable,G2_p3,0.0,1.0,1.0,0.0,0,0.0476190476190476,1.8689664895688435e-16,G2,G2,3
G2_p5_w3_variable,G2_p3,-5.0,0.8636363636363636,0.9090909090909092,0.0454545454545454,0,0.0252525252525251,0.0,G2,G2,3
G2_p5_w3_variable,G2_p4,20.0,1.0,1.0,0.0,0,0.0,1.168104055935893e-16,G2,G2,4
G2_p5_w3_variable,G2_p4,10.0,0.975609756097561,1.0,0.024390243902439,0,0.024390243902439,0.0,G2,G2,4
G2_p5_w3_variable,G2_p4,0.0,0.7727272727272727,0.8780487804878049,0.1053215077605321,0,0.0465116279069768,1.8689664894974286e-16,G2,G2,4
G2_p5_w3_variable,G2_p4,-5.0,0.4705882352941176,0.6829268292682927,0.2123385939741751,0,0.1137835337650323,0.0,G2,G2,4
G2_p5_w3_variable,G3_p1,20.0,1.0,1.0,0.0,0,0.0,0.0,G2,G3,1
G2_p5_w3_variable,G3_p1,10.0,1.0,1.0,0.0,0,0.024390243902439,1.47754774443992e-16,G2,G3,1
G2_p5_w3_variable,G3_p1,0.0,0.8888888888888888,0.95,0.0611111111111111,1,0.0863636363636363,1.868966489629815e-16,G2,G3,1
G2_p5_w3_variable,G3_p1,-5.0,0.7804878048780488,0.8085106382978723,0.0280228334198234,0,0.0727272727272727,0.0,G2,G3,1
G2_p5_w3_variable,G3_p2,20.0,1.0,1.0,0.0,0,0.0,0.0,G2,G3,2
G2_p5_w3_variable,G3_p2,10.0,1.0,1.0,0.0,0,0.0,0.0,G2,G3,2
G2_p5_w3_variable,G3_p2,0.0,1.0,1.0,0.0,0,0.0,1.8689664894770247e-16,G2,G3,2
G2_p5_w3_variable,G3_p2,-5.0,1.0,1.0,0.0,0,0.0,0.0,G2,G3,2
G2_p5_w3_variable,G3_p3,20.0,1.0,1.0,0.0,0,0.0,1.1681040559394062e-16,G2,G3,3
G2_p5_w3_variable,G3_p3,10.0,1.0,1.0,0.0,0,0.0,0.0,G2,G3,3
G2_p5_w3_variable,G3_p3,0.0,1.0,1.0,0.0,0,0.024390243902439,0.0,G2,G3,3
G2_p5_w3_variable,G3_p3,-5.0,0.975609756097561,1.0,0.024390243902439,0,0.024390243902439,0.0,G2,G3,3
G2_p5_w3_variable,G3_p4,20.0,1.0,1.0,0.0,0,0.0,1.168104055957808e-16,G2,G3,4
G2_p5_w3_variable,G3_p4,10.0,1.0,1.0,0.0,0,0.0,0.0,G2,G3,4
G2_p5_w3_variable,G3_p4,0.0,0.975609756097561,1.0,0.024390243902439,0,0.024390243902439,0.0,G2,G3,4
G2_p5_w3_variable,G3_p4,-5.0,0.9090909090909092,1.0,0.0909090909090909,1,0.0255516840882693,2.101994184920113e-16,G2,G3,4
G2_p5_w3_variable,G4_p1,20.0,1.0,1.0,0.0,0,0.0,1.1681040560231058e-16,G2,G4,1
G2_p5_w3_variable,G4_p1,10.0,1.0,1.0,0.0,0,0.024390243902439,0.0,G2,G4,1
G2_p5_w3_variable,G4_p1,0.0,0.8372093023255814,0.926829268292683,0.0896199659671015,0,0.0865800865800865,3.737932979273939e-16,G2,G4,1
G2_p5_w3_variable,G4_p1,-5.0,0.7555555555555555,0.8372093023255814,0.0816537467700259,0,0.033596837944664,0.0,G2,G4,1
G2_p5_w3_variable,G4_p2,20.0,1.0,1.0,0.0,0,0.0,0.0,G2,G4,2
G2_p5_w3_variable,G4_p2,10.0,1.0,1.0,0.0,0,0.0,1.4775477443645807e-16,G2,G4,2
G2_p5_w3_variable,G4_p2,0.0,1.0,1.0,0.0,0,0.024390243902439,1.8689664895345172e-16,G2,G4,2
G2_p5_w3_variable,G4_p2,-5.0,0.8,0.9523809523809524,0.1523809523809522,1,0.1302325581395348,0.0,G2,G4,2
G2_p5_w3_variable,G4_p3,20.0,1.0,1.0,0.0,0,0.0,1.1681040559301166e-16,G2,G4,3
G2_p5_w3_variable,G4_p3,10.0,1.0,1.0,0.0,0,0.0,1.4775477443279532e-16,G2,G4,3
G2_p5_w3_variable,G4_p3,0.0,0.975609756097561,1.0,0.024390243902439,0,0.024390243902439,0.0,G2,G4,3
G2_p5_w3_variable,G4_p3,-5.0,0.975609756097561,1.0,0.024390243902439,0,0.024390243902439,0.0,G2,G4,3
G2_p5_w3_variable,G4_p4,20.0,1.0,1.0,0.0,0,0.0,0.0,G2,G4,4
G2_p5_w3_variable,G4_p4,10.0,1.0,1.0,0.0,0,0.0,0.0,G2,G4,4
G2_p5_w3_variable,G4_p4,0.0,0.9523809523809524,1.0,0.0476190476190476,0,0.0476190476190476,0.0,G2,G4,4
G2_p5_w3_variable,G4_p4,-5.0,0.8260869565217391,0.8571428571428571,0.0310559006211179,0,0.0425531914893617,2.101994184924628e-16,G2,G4,4
G3_p0_w0_regular,G1_p1,20.0,1.0,1.0,0.0,0,0.0,0.0,G3,G1,1
G3_p0_w0_regular,G1_p1,10.0,1.0,1.0,0.0,0,0.0,0.0,G3,G1,1
G3_p0_w0_regular,G1_p1,0.0,0.9302325581395348,0.975609756097561,0.045377197958026,1,0.0432900432900432,1.718180640734435e-16,G3,G1,1
G3_p0_w0_regular,G1_p1,-5.0,0.8181818181818182,0.9090909090909092,0.0909090909090908,0,0.0628019323671497,0.0,G3,G1,1
G3_p0_w0_regular,G1_p2,20.0,1.0,1.0,0.0,0,0.0,2.1477258008192623e-16,G3,G1,2
G3_p0_w0_regular,G1_p2,10.0,1.0,1.0,0.0,0,0.0,1.358341064019599e-16,G3,G1,2
G3_p0_w0_regular,G1_p2,0.0,0.975609756097561,0.975609756097561,0.0,0,0.0232288037166086,0.0,G3,G1,2
G3_p0_w0_regular,G1_p2,-5.0,0.926829268292683,0.975609756097561,0.0487804878048779,1,0.0255516840882693,0.0,G3,G1,2
G3_p0_w0_regular,G1_p3,20.0,1.0,1.0,0.0,0,0.0,0.0,G3,G1,3
G3_p0_w0_regular,G1_p3,10.0,1.0,1.0,0.0,0,0.0,0.0,G3,G1,3
G3_p0_w0_regular,G1_p3,0.0,1.0,1.0,0.0,0,0.024390243902439,1.7181806406595142e-16,G3,G1,3
G3_p0_w0_regular,G1_p3,-5.0,0.9302325581395348,0.975609756097561,0.045377197958026,1,0.0432900432900432,0.0,G3,G1,3
G3_p0_w0_regular,G1_p4,20.0,1.0,1.0,0.0,0,0.0,0.0,G3,G1,4
G3_p0_w0_regular,G1_p4,10.0,1.0,1.0,0.0,0,0.0476190476190476,0.0,G3,G1,4
G3_p0_w0_regular,G1_p4,0.0,0.7727272727272727,0.8372093023255814,0.0644820295983087,0,0.0988142292490118,1.718180640616602e-16,G3,G1,4
G3_p0_w0_regular,G1_p4,-5.0,0.125,0.3428571428571428,0.2178571428571428,0,0.2055335968379447,0.0,G3,G1,4
G3_p0_w0_regular,G2_p1,20.0,1.0,1.0,0.0,0,0.0,0.0,G3,G2,1
G3_p0_w0_regular,G2_p1,10.0,1.0,1.0,0.0,0,0.0,0.0,G3,G2,1
G3_p0_w0_regular,G2_p1,0.0,0.9090909090909092,0.9743589743589745,0.0652680652680652,1,0.1111111111111111,1.7181806407334834e-16,G3,G2,1
G3_p0_w0_regular,G2_p1,-5.0,0.8095238095238095,0.975609756097561,0.1660859465737514,1,0.2081949058693244,1.932407956852941e-16,G3,G2,1
G3_p0_w0_regular,G2_p2,20.0,1.0,1.0,0.0,0,0.0,0.0,G3,G2,2
G3_p0_w0_regular,G2_p2,10.0,1.0,1.0,0.0,0,0.0,2.716682128000612e-16,G3,G2,2
G3_p0_w0_regular,G2_p2,0.0,0.9523809523809524,0.975609756097561,0.0232288037166086,0,0.0476190476190476,0.0,G3,G2,2
G3_p0_w0_regular,G2_p2,-5.0,0.9047619047619048,0.9523809523809524,0.0476190476190475,1,0.0476190476190475,0.0,G3,G2,2
G3_p0_w0_regular,G2_p3,20.0,1.0,1.0,0.0,0,0.0,2.147725800860837e-16,G3,G2,3
G3_p0_w0_regular,G2_p3,10.0,1.0,1.0,0.0,0,0.0,0.0,G3,G2,3
G3_p0_w0_regular,G2_p3,0.0,0.95,1.0,0.05,0,0.024390243902439,0.0,G3,G2,3
G3_p0_w0_regular,G2_p3,-5.0,0.7906976744186046,0.8888888888888888,0.0981912144702842,0,0.0777777777777778,0.0,G3,G2,3
G3_p0_w0_regular,G2_p4,20.0,1.0,1.0,0.0,0,0.0,0.0,G3,G2,4
G3_p0_w0_regular,G2_p4,10.0,0.9302325581395348,1.0,0.0697674418604651,1,0.0697674418604651,1.35834106399399e-16,G3,G2,4
G3_p0_w0_regular,G2_p4,0.0,0.7727272727272727,0.8837209302325582,0.1109936575052854,0,0.1080808080808081,0.0,G3,G2,4
G3_p0_w0_regular,G2_p4,-5.0,0.2,0.3870967741935484,0.1870967741935483,0,0.1400709219858156,0.0,G3,G2,4
G3_p0_w0_regular,G3_p1,20.0,1.0,1.0,0.0,0,0.0,0.0,G3,G3,1
G3_p0_w0_regular,G3_p1,10.0,1.0,1.0,0.0,0,0.024390243902439,0.0,G3,G3,1
G3_p0_w0_regular,G3_p1,0.0,0.8636363636363636,0.926829268292683,0.0631929046563193,0,0.0696864111498258,1.718180640744722e-16,G3,G3,1
G3_p0_w0_regular,G3_p1,-5.0,0.6976744186046512,0.8837209302325582,0.1860465116279069,0,0.1635933806146572,0.0,G3,G3,1
G3_p0_w0_regular,G3_p2,20.0,1.0,1.0,0.0,0,0.0,0.0,G3,G3,2
G3_p0_w0_regular,G3_p2,10.0,1.0,1.0,0.0,0,0.0,0.0,G3,G3,2
G3_p0_w0_regular,G3_p2,0.0,1.0,1.0,0.0,0,0.0,0.0,G3,G3,2
G3_p0_w0_regular,G3_p2,-5.0,1.0,1.0,0.0,0,0.0,0.0,G3,G3,2
G3_p0_w0_regular,G3_p3,20.0,1.0,1.0,0.0,0,0.0,2.1477258007852298e-16,G3,G3,3
G3_p0_w0_regular,G3_p3,10.0,1.0,1.0,0.0,0,0.0,0.0,G3,G3,3
G3_p0_w0_regular,G3_p3,0.0,1.0,1.0,0.0,0,0.0,0.0,G3,G3,3
G3_p0_w0_regular,G3_p3,-5.0,0.975609756097561,1.0,0.024390243902439,0,0.024390243902439,1.932407956734512e-16,G3,G3,3
G3_p0_w0_regular,G3_p4,20.0,1.0,1.0,0.0,0,0.0,0.0,G3,G3,4
G3_p0_w0_regular,G3_p4,10.0,1.0,1.0,0.0,0,0.0,0.0,G3,G3,4
G3_p0_w0_regular,G3_p4,0.0,0.975609756097561,1.0,0.024390243902439,0,0.0476190476190476,0.0,G3,G3,4
G3_p0_w0_regular,G3_p4,-5.0,0.8837209302325582,0.9302325581395348,0.0465116279069767,0,0.0665961945031712,0.0,G3,G3,4
G3_p0_w0_regular,G4_p1,20.0,1.0,1.0,0.0,0,0.0,0.0,G3,G4,1
G3_p0_w0_regular,G4_p1,10.0,1.0,1.0,0.0,0,0.0,1.3583410640954064e-16,G3,G4,1
G3_p0_w0_regular,G4_p1,0.0,0.8333333333333334,0.9302325581395348,0.0968992248062015,0,0.109090909090909,0.0,G3,G4,1
G3_p0_w0_regular,G4_p1,-5.0,0.5909090909090909,0.7555555555555555,0.1646464646464646,0,0.1087344028520499,0.0,G3,G4,1
G3_p0_w0_regular,G4_p2,20.0,1.0,1.0,0.0,0,0.0,0.0,G3,G4,2
G3_p0_w0_regular,G4_p2,10.0,1.0,1.0,0.0,0,0.0,0.0,G3,G4,2
G3_p0_w0_regular,G4_p2,0.0,0.975609756097561,1.0,0.024390243902439,0,0.0476190476190476,1.718180640657113e-16,G3,G4,2
G3_p0_w0_regular,G4_p2,-5.0,0.8,0.9090909090909092,0.109090909090909,0,0.1264822134387351,0.0,G3,G4,2
G3_p0_w0_regular,G4_p3,20.0,1.0,1.0,0.0,0,0.0,2.1477258007681503e-16,G3,G4,3
G3_p0_w0_regular,G4_p3,10.0,1.0,1.0,0.0,0,0.0,0.0,G3,G4,3
G3_p0_w0_regular,G4_p3,0.0,0.975609756097561,1.0,0.024390243902439,0,0.024390243902439,1.7181806406145203e-16,G3,G4,3
G3_p0_w0_regular,G4_p3,-5.0,0.975609756097561,1.0,0.024390243902439,0,0.024390243902439,1.9324079567191446e-16,G3,G4,3
G3_p0_w0_regular,G4_p4,20.0,1.0,1.0,0.0,0,0.0,0.0,G3,G4,4
G3_p0_w0_regular,G4_p4,10.0,1.0,1.0,0.0,0,0.0,0.0,G3,G4,4
G3_p0_w0_regular,G4_p4,0.0,0.9090909090909092,0.975609756097561,0.0665188470066519,1,0.0232288037166086,1.7181806406589415e-16,G3,G4,4
G3_p0_w0_regular,G4_p4,-5.0,0.7659574468085106,0.8444444444444444,0.0784869976359338,0,0.0673758865248227,1.9324079567691044e-16,G3,G4,4
G3_p0_w0_variable,G1_p1,20.0,1.0,1.0,0.0,0,0.0,2.1926818707458222e-16,G3,G1,1
G3_p0_w0_variable,G1_p1,10.0,1.0,1.0,0.0,0,0.0,0.0,G3,G1,1
G3_p0_w0_variable,G1_p1,0.0,0.926829268292683,1.0,0.073170731707317,1,0.0695970695970695,0.0,G3,G1,1
G3_p0_w0_variable,G1_p1,-5.0,0.7555555555555555,0.8292682926829268,0.0737127371273712,0,0.1428571428571428,0.0,G3,G1,1
G3_p0_w0_variable,G1_p2,20.0,1.0,1.0,0.0,0,0.0,0.0,G3,G1,2
G3_p0_w0_variable,G1_p2,10.0,1.0,1.0,0.0,0,0.0,1.3867737790793614e-16,G3,G1,2
G3_p0_w0_variable,G1_p2,0.0,0.9230769230769232,1.0,0.0769230769230768,1,0.0769230769230768,0.0,G3,G1,2
G3_p0_w0_variable,G1_p2,-5.0,0.8780487804878049,0.9230769230769232,0.0450281425891182,0,0.0696864111498258,1.972857006174956e-16,G3,G1,2
G3_p0_w0_variable,G1_p3,20.0,1.0,1.0,0.0,0,0.0,2.19268187065021e-16,G3,G1,3
G3_p0_w0_variable,G1_p3,10.0,1.0,1.0,0.0,0,0.0,0.0,G3,G1,3
G3_p0_w0_variable,G1_p3,0.0,1.0,1.0,0.0,0,0.0,0.0,G3,G1,3
G3_p0_w0_variable,G1_p3,-5.0,0.926829268292683,0.9743589743589745,0.0475297060662913,1,0.0183150183150183,0.0,G3,G1,3
G3_p0_w0_variable,G1_p4,20.0,1.0,1.0,0.0,0,0.0,0.0,G3,G1,4
G3_p0_w0_variable,G1_p4,10.0,0.9743589743589745,1.0,0.0256410256410256,0,0.0256410256410256,1.3867737790480392e-16,G3,G1,4
G3_p0_w0_variable,G1_p4,0.0,0.7441860465116279,0.8837209302325582,0.1395348837209302,0,0.0930232558139535,0.0,G3,G1,4
G3_p0_w0_variable,G1_p4,-5.0,0.1290322580645161,0.4242424242424242,0.2952101661779081,0,0.0757575757575756,0.0,G3,G1,4
G3_p0_w0_variable,G2_p1,20.0,1.0,1.0,0.0,0,0.0,0.0,G3,G2,1
G3_p0_w0_variable,G2_p1,10.0,1.0,1.0,0.0,0,0.0,1.3867737791423764e-16,G3,G2,1
G3_p0_w0_variable,G2_p1,0.0,0.9047619047619048,0.9473684210526316,0.0426065162907267,0,0.0499999999999999,0.0,G3,G2,1
G3_p0_w0_variable,G2_p1,-5.0,0.7619047619047619,0.8444444444444444,0.0825396825396825,0,0.0841392649903288,0.0,G3,G2,1
G3_p0_w0_variable,G2_p2,20.0,1.0,1.0,0.0,0,0.0,2.192681870613829e-16,G3,G2,2
G3_p0_w0_variable,G2_p2,10.0,1.0,1.0,0.0,0,0.0,0.0,G3,G2,2
G3_p0_w0_variable,G2_p2,0.0,0.972972972972973,1.0,0.0270270270270269,0,0.0270270270270269,0.0,G3,G2,2
G3_p0_w0_variable,G2_p2,-5.0,0.8780487804878049,0.95,0.071951219512195,1,0.1172161172161172,0.0,G3,G2,2
G3_p0_w0_variable,G2_p3,20.0,1.0,1.0,0.0,0,0.0,2.1926818706874172e-16,G3,G2,3
G3_p0_w0_variable,G2_p3,10.0,1.0,1.0,0.0,0,0.0,1.3867737791062066e-16,G3,G2,3
G3_p0_w0_variable,G2_p3,0.0,0.9743589743589745,1.0,0.0256410256410256,0,0.0256410256410256,0.0,G3,G2,3
G3_p0_w0_variable,G2_p3,-5.0,0.7441860465116279,0.9743589743589745,0.2301729278473464,1,0.2227272727272726,0.0,G3,G2,3
G3_p0_w0_variable,G2_p4,20.0,1.0,1.0,0.0,0,0.0,0.0,G3,G2,4
G3_p0_w0_variable,G2_p4,10.0,0.9743589743589745,1.0,0.0256410256410256,0,0.05,0.0,G3,G2,4
G3_p0_w0_variable,G2_p4,0.0,0.7317073170731707,0.7906976744186046,0.0589903573454339,0,0.0634249471458773,0.0,G3,G2,4
G3_p0_w0_variable,G2_p4,-5.0,0.2580645161290322,0.4705882352941176,0.2125237191650854,0,0.1096345514950166,1.9728570061377612e-16,G3,G2,4
G3_p0_w0_variable,G3_p1,20.0,1.0,1.0,0.0,0,0.0,2.1926818707589496e-16,G3,G3,1
G3_p0_w0_variable,G3_p1,10.0,1.0,1.0,0.0,0,0.0,0.0,G3,G3,1
G3_p0_w0_variable,G3_p1,0.0,0.8837209302325582,0.95,0.0662790697674418,1,0.0476190476190476,0.0,G3,G3,1
G3_p0_w0_variable,G3_p1,-5.0,0.7317073170731707,0.7906976744186046,0.0589903573454339,0,0.0122931442080378,1.9728570062775067e-16,G3,G3,1
G3_p0_w0_variable,G3_p2,20.0,1.0,1.0,0.0,0,0.0,0.0,G3,G3,2
G3_p0_w0_variable,G3_p2,10.0,1.0,1.0,0.0,0,0.0,2.773547558076154e-16,G3,G3,2
G3_p0_w0_variable,G3_p2,0.0,1.0,1.0,0.0,0,0.0,0.0,G3,G3,2
G3_p0_w0_variable,G3_p2,-5.0,1.0,1.0,0.0,0,0.0,0.0,G3,G3,2
G3_p0_w0_variable,G3_p3,20.0,1.0,1.0,0.0,0,0.0,0.0,G3,G3,3
G3_p0_w0_variable,G3_p3,10.0,1.0,1.0,0.0,0,0.0,0.0,G3,G3,3
G3_p0_w0_variable,G3_p3,0.0,0.9743589743589745,1.0,0.0256410256410256,0,0.0256410256410256,0.0,G3,G3,3
G3_p0_w0_variable,G3_p3,-5.0,0.9743589743589745,1.0,0.0256410256410256,0,0.0256410256410256,0.0,G3,G3,3
G3_p0_w0_variable,G3_p4,20.0,1.0,1.0,0.0,0,0.0,0.0,G3,G3,4
G3_p0_w0_variable,G3_p4,10.0,1.0,1.0,0.0,0,0.0,0.0,G3,G3,4
G3_p0_w0_variable,G3_p4,0.0,0.9743589743589745,1.0,0.0256410256410256,0,0.0243589743589743,0.0,G3,G3,4
G3_p0_w0_variable,G3_p4,-5.0,0.9047619047619048,0.95,0.0452380952380951,1,0.0631929046563193,0.0,G3,G3,4
G3_p0_w0_variable,G4_p1,20.0,1.0,1.0,0.0,0,0.0,0.0,G3,G4,1
G3_p0_w0_variable,G4_p1,10.0,0.9743589743589745,1.0,0.0256410256410256,0,0.0256410256410256,1.3867737791567558e-16,G3,G4,1
G3_p0_w0_variable,G4_p1,0.0,0.8837209302325582,0.926829268292683,0.0431083380601248,0,0.0896199659671015,1.7541454966138751e-16,G3,G4,1
G3_p0_w0_variable,G4_p1,-5.0,0.7272727272727273,0.782608695652174,0.0553359683794466,0,0.0227272727272727,0.0,G3,G4,1
G3_p0_w0_variable,G4_p2,20.0,1.0,1.0,0.0,0,0.0,2.192681870647145e-16,G3,G4,2
G3_p0_w0_variable,G4_p2,10.0,1.0,1.0,0.0,0,0.0,1.3867737790807363e-16,G3,G4,2
G3_p0_w0_variable,G4_p2,0.0,0.9743589743589745,1.0,0.0256410256410256,0,0.05,0.0,G3,G4,2
G3_p0_w0_variable,G4_p2,-5.0,0.8292682926829268,0.95,0.1207317073170731,1,0.1361315938740783,1.9728570061769116e-16,G3,G4,2
G3_p0_w0_variable,G4_p3,20.0,1.0,1.0,0.0,0,0.0,0.0,G3,G4,3
G3_p0_w0_variable,G4_p3,10.0,1.0,1.0,0.0,0,0.0,1.386773779046359e-16,G3,G4,3
G3_p0_w0_variable,G4_p3,0.0,0.9743589743589745,1.0,0.0256410256410256,0,0.0256410256410256,1.754145496474233e-16,G3,G4,3
G3_p0_w0_variable,G4_p3,-5.0,0.972972972972973,0.9743589743589745,0.0013860013860013,0,0.0256410256410256,1.9728570061280052e-16,G3,G4,3
G3_p0_w0_variable,G4_p4,20.0,1.0,1.0,0.0,0,0.0,0.0,G3,G4,4
G3_p0_w0_variable,G4_p4,10.0,1.0,1.0,0.0,0,0.0,1.3867737790822122e-16,G3,G4,4
G3_p0_w0_variable,G4_p4,0.0,0.95,1.0,0.05,0,0.05,0.0,G3,G4,4
G3_p0_w0_variable,G4_p4,-5.0,0.8,0.8292682926829268,0.0292682926829267,0,0.0840425531914893,1.9728570061790115e-16,G3,G4,4
G3_p0_w1_regular,G1_p1,20.0,1.0,1.0,0.0,0,0.0,0.0,G3,G1,1
G3_p0_w1_regular,G1_p1,10.0,1.0,1.0,0.0,0,0.0,0.0,G3,G1,1
G3_p0_w1_regular,G1_p1,0.0,0.9767441860465116,0.9767441860465116,0.0,0,0.0666666666666666,0.0,G3,G1,1
G3_p0_w1_regular,G1_p1,-5.0,0.7391304347826086,0.9090909090909092,0.1699604743083004,0,0.1642751113310242,0.0,G3,G1,1
G3_p0_w1_regular,G1_p2,20.0,1.0,1.0,0.0,0,0.0,0.0,G3,G1,2
G3_p0_w1_regular,G1_p2,10.0,1.0,1.0,0.0,0,0.0,0.0,G3,G1,2
G3_p0_w1_regular,G1_p2,0.0,0.9545454545454546,1.0,0.0454545454545454,0,0.0454545454545454,1.717207083542075e-16,G3,G1,2
G3_p0_w1_regular,G1_p2,-5.0,0.9090909090909092,0.9767441860465116,0.0676532769556025,1,0.0397163120567376,0.0,G3,G1,2
G3_p0_w1_regular,G1_p3,20.0,1.0,1.0,0.0,0,0.0,0.0,G3,G1,3
G3_p0_w1_regular,G1_p3,10.0,1.0,1.0,0.0,0,0.0,2.715142799090486e-16,G3,G1,3
G3_p0_w1_regular,G1_p3,0.0,1.0,1.0,0.0,0,0.0,0.0,G3,G1,3
G3_p0_w1_regular,G1_p3,-5.0,0.9767441860465116,1.0,0.0232558139534884,0,0.022198731501057,1.9313130139752235e-16,G3,G1,3
G3_p0_w1_regular,G1_p4,20.0,1.0,1.0,0.0,0,0.0,2.146508854379112e-16,G3,G1,4
G3_p0_w1_regular,G1_p4,10.0,1.0,1.0,0.0,0,0.0232558139534884,1.3575713995113372e-16,G3,G1,4
G3_p0_w1_regular,G1_p4,0.0,0.7727272727272727,0.8571428571428571,0.0844155844155843,0,0.0644820295983087,0.0,G3,G1,4
G3_p0_w1_regular,G1_p4,-5.0,0.303030303030303,0.5405405405405406,0.2375102375102375,0,0.0888888888888889,1.931313013926988e-16,G3,G1,4
G3_p0_w1_regular,G2_p1,20.0,1.0,1.0,0.0,0,0.0,0.0,G3,G2,1
G3_p0_w1_regular,G2_p1,10.0,1.0,1.0,0.0,0,0.0,1.3575713996036882e-16,G3,G2,1
G3_p0_w1_regular,G2_p1,0.0,0.8636363636363636,0.9767441860465116,0.1131078224101479,1,0.1322997416020671,0.0,G3,G2,1
G3_p0_w1_regular,G2_p1,-5.0,0.75,0.8636363636363636,0.1136363636363636,0,0.1064400715563507,0.0,G3,G2,1
G3_p0_w1_regular,G2_p2,20.0,1.0,1.0,0.0,0,0.0,0.0,G3,G2,2
G3_p0_w1_regular,G2_p2,10.0,1.0,1.0,0.0,0,0.0,2.715142799045436e-16,G3,G2,2
G3_p0_w1_regular,G2_p2,0.0,0.9767441860465116,1.0,0.0232558139534884,0,0.0232558139534884,1.7172070835176855e-16,G3,G2,2
G3_p0_w1_regular,G2_p2,-5.0,0.9090909090909092,0.9767441860465116,0.0676532769556025,1,0.0676532769556025,0.0,G3,G2,2
G3_p0_w1_regular,G2_p3,20.0,1.0,1.0,0.0,0,0.0,2.1465088544691451e-16,G3,G2,3
G3_p0_w1_regular,G2_p3,10.0,1.0,1.0,0.0,0,0.0,1.3575713995682794e-16,G3,G2,3
G3_p0_w1_regular,G2_p3,0.0,0.9545454545454546,1.0,0.0454545454545454,0,0.022198731501057,1.7172070835753162e-16,G3,G2,3
G3_p0_w1_regular,G2_p3,-5.0,0.8333333333333334,0.9130434782608696,0.0797101449275361,0,0.0936170212765956,1.9313130140079962e-16,G3,G2,3
G3_p0_w1_regular,G2_p4,20.0,1.0,1.0,0.0,0,0.0,0.0,G3,G2,4
G3_p0_w1_regular,G2_p4,10.0,0.9767441860465116,1.0,0.0232558139534884,0,0.0454545454545454,0.0,G3,G2,4
G3_p0_w1_regular,G2_p4,0.0,0.8,0.9130434782608696,0.1130434782608694,0,0.1304347826086955,1.7172070835097007e-16,G3,G2,4
G3_p0_w1_regular,G2_p4,-5.0,0.2941176470588235,0.4117647058823529,0.1176470588235293,0,0.108843537414966,1.931313013934199e-16,G3,G2,4
G3_p0_w1_regular,G3_p1,20.0,1.0,1.0,0.0,0,0.0,0.0,G3,G3,1
G3_p0_w1_regular,G3_p1,10.0,1.0,1.0,0.0,0,0.0454545454545454,1.3575713996125678e-16,G3,G3,1
G3_p0_w1_regular,G3_p1,0.0,0.8936170212765957,0.9767441860465116,0.0831271647699158,1,0.1196013289036544,0.0,G3,G3,1
G3_p0_w1_regular,G3_p1,-5.0,0.7346938775510204,0.8636363636363636,0.1289424860853432,0,0.1521367521367521,1.931313014071001e-16,G3,G3,1
G3_p0_w1_regular,G3_p2,20.0,1.0,1.0,0.0,0,0.0,2.146508854363692e-16,G3,G3,2
G3_p0_w1_regular,G3_p2,10.0,1.0,1.0,0.0,0,0.0,0.0,G3,G3,2
G3_p0_w1_regular,G3_p2,0.0,1.0,1.0,0.0,0,0.0,1.7172070834909532e-16,G3,G3,2
G3_p0_w1_regular,G3_p2,-5.0,1.0,1.0,0.0,0,0.0,1.9313130139131142e-16,G3,G3,2
G3_p0_w1_regular,G3_p3,20.0,1.0,1.0,0.0,0,0.0,0.0,G3,G3,3
G3_p0_w1_regular,G3_p3,10.0,1.0,1.0,0.0,0,0.0,0.0,G3,G3,3
G3_p0_w1_regular,G3_p3,0.0,1.0,1.0,0.0,0,0.0,1.7172070835148655e-16,G3,G3,3
G3_p0_w1_regular,G3_p3,-5.0,1.0,1.0,0.0,0,0.0,1.931313013940008e-16,G3,G3,3
G3_p0_w1_regular,G3_p4,20.0,1.0,1.0,0.0,0,0.0,0.0,G3,G3,4
G3_p0_w1_regular,G3_p4,10.0,1.0,1.0,0.0,0,0.0,0.0,G3,G3,4
G3_p0_w1_regular,G3_p4,0.0,0.9767441860465116,1.0,0.0232558139534884,0,0.0454545454545454,1.7172070835419178e-16,G3,G3,4
G3_p0_w1_regular,G3_p4,-5.0,0.8888888888888888,0.9545454545454546,0.0656565656565657,1,0.0444444444444445,0.0,G3,G3,4
G3_p0_w1_regular,G4_p1,20.0,1.0,1.0,0.0,0,0.0,0.0,G3,G4,1
G3_p0_w1_regular,G4_p1,10.0,1.0,1.0,0.0,0,0.0232558139534884,0.0,G3,G4,1
G3_p0_w1_regular,G4_p1,0.0,0.8636363636363636,0.9333333333333332,0.0696969696969697,0,0.0791687283523008,1.7172070836379103e-16,G3,G4,1
G3_p0_w1_regular,G4_p1,-5.0,0.6666666666666666,0.7755102040816326,0.108843537414966,0,0.0791489361702127,0.0,G3,G4,1
G3_p0_w1_regular,G4_p2,20.0,1.0,1.0,0.0,0,0.0,0.0,G3,G4,2
G3_p0_w1_regular,G4_p2,10.0,1.0,1.0,0.0,0,0.0,1.3575713995433458e-16,G3,G4,2
G3_p0_w1_regular,G4_p2,0.0,0.9545454545454546,1.0,0.0454545454545454,0,0.0232558139534884,0.0,G3,G4,2
G3_p0_w1_regular,G4_p2,-5.0,0.851063829787234,0.8888888888888888,0.0378250591016547,0,0.0619796484736354,0.0,G3,G4,2
G3_p0_w1_regular,G4_p3,20.0,1.0,1.0,0.0,0,0.0,2.1465088543765112e-16,G3,G4,3
G3_p0_w1_regular,G4_p3,10.0,1.0,1.0,0.0,0,0.0,1.3575713995096927e-16,G3,G4,3
G3_p0_w1_regular,G4_p3,0.0,1.0,1.0,0.0,0,0.0232558139534884,1.7172070835012091e-16,G3,G4,3
G3_p0_w1_regular,G4_p3,-5.0,0.9523809523809524,1.0,0.0476190476190476,0,0.0243632336655592,3.8626260278492967e-16,G3,G4,3
G3_p0_w1_regular,G4_p4,20.0,1.0,1.0,0.0,0,0.0,2.1465088544320063e-16,G3,G4,4
G3_p0_w1_regular,G4_p4,10.0,1.0,1.0,0.0,0,0.0,1.3575713995447906e-16,G3,G4,4
G3_p0_w1_regular,G4_p4,0.0,0.9333333333333332,1.0,0.0666666666666666,1,0.0666666666666666,0.0,G3,G4,4
G3_p0_w1_regular,G4_p4,-5.0,0.7659574468085106,0.9130434782608696,0.1470860314523588,0,0.0994897959183673,0.0,G3,G4,4
G3_p0_w1_variable,G1_p1,20.0,1.0,1.0,0.0,0,0.0,2.1416232685948396e-16,G3,G1,1
G3_p0_w1_variable,G1_p1,10.0,1.0,1.0,0.0,0,0.0,0.0,G3,G1,1
G3_p0_w1_variable,G1_p1,0.0,0.9130434782608696,0.975609756097561,0.0625662778366914,1,0.0212121212121212,0.0,G3,G1,1
G3_p0_w1_variable,G1_p1,-5.0,0.76,0.8571428571428571,0.097142857142857,0,0.1136363636363636,1.9269172270721743e-16,G3,G1,1
G3_p0_w1_variable,G1_p2,20.0,1.0,1.0,0.0,0,0.0,0.0,G3,G1,2
G3_p0_w1_variable,G1_p2,10.0,1.0,1.0,0.0,0,0.0,1.3544814836925515e-16,G3,G1,2
G3_p0_w1_variable,G1_p2,0.0,0.9767441860465116,1.0,0.0232558139534884,0,0.022198731501057,0.0,G3,G1,2
G3_p0_w1_variable,G1_p2,-5.0,0.8444444444444444,0.9545454545454546,0.1101010101010101,1,0.0822695035460993,0.0,G3,G1,2
G3_p0_w1_variable,G1_p3,20.0,1.0,1.0,0.0,0,0.0,0.0,G3,G1,3
G3_p0_w1_variable,G1_p3,10.0,1.0,1.0,0.0,0,0.0,0.0,G3,G1,3
G3_p0_w1_variable,G1_p3,0.0,1.0,1.0,0.0,0,0.0,0.0,G3,G1,3
G3_p0_w1_variable,G1_p3,-5.0,0.9545454545454546,1.0,0.0454545454545454,0,0.0666666666666666,0.0,G3,G1,3
G3_p0_w1_variable,G1_p4,20.0,1.0,1.0,0.0,0,0.0,0.0,G3,G1,4
G3_p0_w1_variable,G1_p4,10.0,1.0,1.0,0.0,0,0.0454545454545454,1.3544814836619582e-16,G3,G1,4
G3_p0_w1_variable,G1_p4,0.0,0.7916666666666666,0.8695652173913043,0.0778985507246377,0,0.0416666666666667,1.713298614758373e-16,G3,G1,4
G3_p0_w1_variable,G1_p4,-5.0,0.2222222222222222,0.55,0.3277777777777778,0,0.1377551020408163,0.0,G3,G1,4
G3_p0_w1_variable,G2_p1,20.0,1.0,1.0,0.0,0,0.0,0.0,G3,G2,1
G3_p0_w1_variable,G2_p1,10.0,1.0,1.0,0.0,0,0.0,1.3544814837540992e-16,G3,G2,1
G3_p0_w1_variable,G2_p1,0.0,0.8837209302325582,0.9523809523809524,0.0686600221483941,1,0.0887445887445886,0.0,G3,G2,1
G3_p0_w1_variable,G2_p1,-5.0,0.7555555555555555,0.8571428571428571,0.1015873015873015,0,0.0735294117647058,0.0,G3,G2,1
G3_p0_w1_variable,G2_p2,20.0,1.0,1.0,0.0,0,0.0,0.0,G3,G2,2
G3_p0_w1_variable,G2_p2,10.0,1.0,1.0,0.0,0,0.0,1.3544814836733134e-16,G3,G2,2
G3_p0_w1_variable,G2_p2,0.0,0.9767441860465116,1.0,0.0232558139534884,0,0.0232558139534884,0.0,G3,G2,2
G3_p0_w1_variable,G2_p2,-5.0,0.9302325581395348,0.9767441860465116,0.0465116279069767,1,0.0676532769556025,0.0,G3,G2,2
G3_p0_w1_variable,G2_p3,20.0,1.0,1.0,0.0,0,0.0,0.0,G3,G2,3
G3_p0_w1_variable,G2_p3,10.0,1.0,1.0,0.0,0,0.0,0.0,G3,G2,3
G3_p0_w1_variable,G2_p3,0.0,0.9767441860465116,1.0,0.0232558139534884,0,0.0232558139534884,0.0,G3,G2,3
G3_p0_w1_variable,G2_p3,-5.0,0.782608695652174,0.9545454545454546,0.1719367588932806,1,0.1930434782608695,0.0,G3,G2,3
G3_p0_w1_variable,G2_p4,20.0,1.0,1.0,0.0,0,0.0,0.0,G3,G2,4
G3_p0_w1_variable,G2_p4,10.0,0.9767441860465116,1.0,0.0232558139534884,0,0.0454545454545454,0.0,G3,G2,4
G3_p0_w1_variable,G2_p4,0.0,0.7555555555555555,0.8695652173913043,0.1140096618357487,0,0.1333333333333333,1.7132986147647698e-16,G3,G2,4
G3_p0_w1_variable,G2_p4,-5.0,0.1333333333333333,0.3636363636363636,0.2303030303030303,0,0.1166007905138339,0.0,G3,G2,4
G3_p0_w1_variable,G3_p1,20.0,1.0,1.0,0.0,0,0.0,0.0,G3,G3,1
G3_p0_w1_variable,G3_p1,10.0,1.0,1.0,0.0,0,0.0232558139534884,0.0,G3,G3,1
G3_p0_w1_variable,G3_p1,0.0,0.8837209302325582,0.9047619047619048,0.0210409745293466,0,0.0675526024363233,0.0,G3,G3,1
G3_p0_w1_variable,G3_p1,-5.0,0.6976744186046512,0.7916666666666666,0.0939922480620154,0,0.1176470588235294,0.0,G3,G3,1
G3_p0_w1_variable,G3_p2,20.0,1.0,1.0,0.0,0,0.0,0.0,G3,G3,2
G3_p0_w1_variable,G3_p2,10.0,1.0,1.0,0.0,0,0.0,1.354481483652228e-16,G3,G3,2
G3_p0_w1_variable,G3_p2,0.0,1.0,1.0,0.0,0,0.0,1.7132986147460651e-16,G3,G3,2
G3_p0_w1_variable,G3_p2,-5.0,1.0,1.0,0.0,0,0.0,0.0,G3,G3,2
G3_p0_w1_variable,G3_p3,20.0,1.0,1.0,0.0,0,0.0,0.0,G3,G3,3
G3_p0_w1_variable,G3_p3,10.0,1.0,1.0,0.0,0,0.0,0.0,G3,G3,3
G3_p0_w1_variable,G3_p3,0.0,0.9767441860465116,1.0,0.0232558139534884,0,0.0232558139534884,0.0,G3,G3,3
G3_p0_w1_variable,G3_p3,-5.0,0.9523809523809524,1.0,0.0476190476190476,0,0.0476190476190476,1.926917226953016e-16,G3,G3,3
G3_p0_w1_variable,G3_p4,20.0,1.0,1.0,0.0,0,0.0,0.0,G3,G3,4
G3_p0_w1_variable,G3_p4,10.0,1.0,1.0,0.0,0,0.0,1.354481483692427e-16,G3,G3,4
G3_p0_w1_variable,G3_p4,0.0,0.9545454545454546,1.0,0.0454545454545454,0,0.0454545454545454,0.0,G3,G3,4
G3_p0_w1_variable,G3_p4,-5.0,0.8936170212765957,1.0,0.1063829787234043,1,0.063700707785642,1.926917226983372e-16,G3,G3,4
G3_p0_w1_variable,G4_p1,20.0,1.0,1.0,0.0,0,0.0,0.0,G3,G4,1
G3_p0_w1_variable,G4_p1,10.0,1.0,1.0,0.0,0,0.0232558139534884,0.0,G3,G4,1
G3_p0_w1_variable,G4_p1,0.0,0.8095238095238095,0.8636363636363636,0.0541125541125541,0,0.0541125541125541,0.0,G3,G4,1
G3_p0_w1_variable,G4_p1,-5.0,0.5454545454545454,0.7659574468085106,0.2205029013539652,0,0.1968085106382978,0.0,G3,G4,1
G3_p0_w1_variable,G4_p2,20.0,1.0,1.0,0.0,0,0.0,0.0,G3,G4,2
G3_p0_w1_variable,G4_p2,10.0,1.0,1.0,0.0,0,0.0,1.354481483693894e-16,G3,G4,2
G3_p0_w1_variable,G4_p2,0.0,0.9767441860465116,0.9767441860465116,0.0,0,0.022198731501057,0.0,G3,G4,2
G3_p0_w1_variable,G4_p2,-5.0,0.8444444444444444,0.8695652173913043,0.0251207729468598,0,0.0851063829787234,0.0,G3,G4,2
G3_p0_w1_variable,G4_p3,20.0,1.0,1.0,0.0,0,0.0,2.141623268445372e-16,G3,G4,3
G3_p0_w1_variable,G4_p3,10.0,1.0,1.0,0.0,0,0.0,1.3544814836603174e-16,G3,G4,3
G3_p0_w1_variable,G4_p3,0.0,1.0,1.0,0.0,0,0.0,1.7132986147562974e-16,G3,G4,3
G3_p0_w1_variable,G4_p3,-5.0,0.9523809523809524,1.0,0.0476190476190476,0,0.0476190476190476,0.0,G3,G4,3
G3_p0_w1_variable,G4_p4,20.0,1.0,1.0,0.0,0,0.0,0.0,G3,G4,4
G3_p0_w1_variable,G4_p4,10.0,1.0,1.0,0.0,0,0.0,1.3544814836953354e-16,G3,G4,4
G3_p0_w1_variable,G4_p4,0.0,0.9767441860465116,1.0,0.0232558139534884,0,0.0232558139534884,0.0,G3,G4,4
G3_p0_w1_variable,G4_p4,-5.0,0.76,0.8936170212765957,0.1336170212765957,0,0.1130434782608694,1.926917226987509e-16,G3,G4,4
G3_p0_w2_regular,G1_p1,20.0,1.0,1.0,0.0,0,0.0,0.0,G3,G1,1
G3_p0_w2_regular,G1_p1,10.0,1.0,1.0,0.0,0,0.0,0.0,G3,G1,1
G3_p0_w2_regular,G1_p1,0.0,0.975609756097561,1.0,0.024390243902439,0,0.0476190476190476,1.708955605586341e-16,G3,G1,1
G3_p0_w2_regular,G1_p1,-5.0,0.7906976744186046,0.85,0.0593023255813953,0,0.0633108458744161,0.0,G3,G1,1
G3_p0_w2_regular,G1_p2,20.0,1.0,1.0,0.0,0,0.0,2.1361945068846747e-16,G3,G1,2
G3_p0_w2_regular,G1_p2,10.0,1.0,1.0,0.0,0,0.0,1.3510480333791626e-16,G3,G1,2
G3_p0_w2_regular,G1_p2,0.0,0.975609756097561,1.0,0.024390243902439,0,0.0232288037166086,0.0,G3,G1,2
G3_p0_w2_regular,G1_p2,-5.0,0.8444444444444444,0.926829268292683,0.0823848238482385,0,0.1268292682926829,1.922032719785395e-16,G3,G1,2
G3_p0_w2_regular,G1_p3,20.0,1.0,1.0,0.0,0,0.0,0.0,G3,G1,3
G3_p0_w2_regular,G1_p3,10.0,1.0,1.0,0.0,0,0.0,0.0,G3,G1,3
G3_p0_w2_regular,G1_p3,0.0,1.0,1.0,0.0,0,0.0,0.0,G3,G1,3
G3_p0_w2_regular,G1_p3,-5.0,0.9090909090909092,1.0,0.0909090909090909,1,0.0432900432900432,0.0,G3,G1,3
G3_p0_w2_regular,G1_p4,20.0,1.0,1.0,0.0,0,0.0,0.0,G3,G1,4
G3_p0_w2_regular,G1_p4,10.0,0.975609756097561,1.0,0.024390243902439,0,0.024390243902439,2.702096066697295e-16,G3,G1,4
G3_p0_w2_regular,G1_p4,0.0,0.7906976744186046,0.8181818181818182,0.0274841437632136,0,0.0372093023255813,0.0,G3,G1,4
G3_p0_w2_regular,G1_p4,-5.0,0.2,0.3888888888888889,0.1888888888888888,0,0.1136363636363636,0.0,G3,G1,4
G3_p0_w2_regular,G2_p1,20.0,1.0,1.0,0.0,0,0.0,2.1361945069817435e-16,G3,G2,1
G3_p0_w2_regular,G2_p1,10.0,1.0,1.0,0.0,0,0.0,0.0,G3,G2,1
G3_p0_w2_regular,G2_p1,0.0,0.8888888888888888,0.9523809523809524,0.0634920634920634,1,0.1060445387062566,1.7089556055853947e-16,G3,G2,1
G3_p0_w2_regular,G2_p1,-5.0,0.7727272727272727,0.8333333333333334,0.0606060606060606,0,0.0850822461712988,0.0,G3,G2,1
G3_p0_w2_regular,G2_p2,20.0,1.0,1.0,0.0,0,0.0,2.136194506854334e-16,G3,G2,2
G3_p0_w2_regular,G2_p2,10.0,1.0,1.0,0.0,0,0.0,1.3510480333599736e-16,G3,G2,2
G3_p0_w2_regular,G2_p2,0.0,0.926829268292683,1.0,0.073170731707317,1,0.0476190476190476,0.0,G3,G2,2
G3_p0_w2_regular,G2_p2,-5.0,0.9047619047619048,0.975609756097561,0.0708478513356561,1,0.0476190476190475,1.9220327197580962e-16,G3,G2,2
G3_p0_w2_regular,G2_p3,20.0,1.0,1.0,0.0,0,0.0,0.0,G3,G2,3
G3_p0_w2_regular,G2_p3,10.0,1.0,1.0,0.0,0,0.0,0.0,G3,G2,3
G3_p0_w2_regular,G2_p3,0.0,0.975609756097561,1.0,0.024390243902439,0,0.024390243902439,0.0,G3,G2,3
G3_p0_w2_regular,G2_p3,-5.0,0.782608695652174,0.9302325581395348,0.1476238624873609,0,0.0444444444444444,0.0,G3,G2,3
G3_p0_w2_regular,G2_p4,20.0,1.0,1.0,0.0,0,0.0,0.0,G3,G2,4
G3_p0_w2_regular,G2_p4,10.0,0.975609756097561,1.0,0.024390243902439,0,0.0476190476190476,1.351048033353691e-16,G3,G2,4
G3_p0_w2_regular,G2_p4,0.0,0.7142857142857143,0.8444444444444444,0.1301587301587301,0,0.0909090909090909,1.7089556054755204e-16,G3,G2,4
G3_p0_w2_regular,G2_p4,-5.0,0.2424242424242424,0.4571428571428571,0.2147186147186147,0,0.1992753623188405,0.0,G3,G2,4
G3_p0_w2_regular,G3_p1,20.0,1.0,1.0,0.0,0,0.0,0.0,G3,G3,1
G3_p0_w2_regular,G3_p1,10.0,0.975609756097561,1.0,0.024390243902439,0,0.024390243902439,0.0,G3,G3,1
G3_p0_w2_regular,G3_p1,0.0,0.8888888888888888,0.926829268292683,0.0379403794037941,0,0.0351966873706004,0.0,G3,G3,1
G3_p0_w2_regular,G3_p1,-5.0,0.6666666666666666,0.7659574468085106,0.099290780141844,0,0.0680272108843538,1.922032719885304e-16,G3,G3,1
G3_p0_w2_regular,G3_p2,20.0,1.0,1.0,0.0,0,0.0,0.0,G3,G3,2
G3_p0_w2_regular,G3_p2,10.0,1.0,1.0,0.0,0,0.0,1.3510480333389418e-16,G3,G3,2
G3_p0_w2_regular,G3_p2,0.0,1.0,1.0,0.0,0,0.0,1.7089556054568636e-16,G3,G3,2
G3_p0_w2_regular,G3_p2,-5.0,1.0,1.0,0.0,0,0.0,0.0,G3,G3,2
G3_p0_w2_regular,G3_p3,20.0,1.0,1.0,0.0,0,0.0,0.0,G3,G3,3
G3_p0_w2_regular,G3_p3,10.0,1.0,1.0,0.0,0,0.0,2.7020960667155093e-16,G3,G3,3
G3_p0_w2_regular,G3_p3,0.0,1.0,1.0,0.0,0,0.024390243902439,0.0,G3,G3,3
G3_p0_w2_regular,G3_p3,-5.0,0.95,1.0,0.05,0,0.05,0.0,G3,G3,3
G3_p0_w2_regular,G3_p4,20.0,1.0,1.0,0.0,0,0.0,0.0,G3,G3,4
G3_p0_w2_regular,G3_p4,10.0,1.0,1.0,0.0,0,0.0,0.0,G3,G3,4
G3_p0_w2_regular,G3_p4,0.0,0.975609756097561,1.0,0.024390243902439,0,0.0476190476190476,1.7089556055075832e-16,G3,G3,4
G3_p0_w2_regular,G3_p4,-5.0,0.9047619047619048,0.9523809523809524,0.0476190476190475,1,0.0634920634920634,0.0,G3,G3,4
G3_p0_w2_regular,G4_p1,20.0,1.0,1.0,0.0,0,0.0,0.0,G3,G4,1
G3_p0_w2_regular,G4_p1,10.0,1.0,1.0,0.0,0,0.0,0.0,G3,G4,1
G3_p0_w2_regular,G4_p1,0.0,0.8333333333333334,0.95,0.1166666666666665,1,0.1360544217687074,0.0,G3,G4,1
G3_p0_w2_regular,G4_p1,-5.0,0.7142857142857143,0.8292682926829268,0.1149825783972124,0,0.1181571815718156,0.0,G3,G4,1
G3_p0_w2_regular,G4_p2,20.0,1.0,1.0,0.0,0,0.0,0.0,G3,G4,2
G3_p0_w2_regular,G4_p2,10.0,1.0,1.0,0.0,0,0.0,0.0,G3,G4,2
G3_p0_w2_regular,G4_p2,0.0,0.9743589743589745,1.0,0.0256410256410256,0,0.024390243902439,1.708955605509434e-16,G3,G4,2
G3_p0_w2_regular,G4_p2,-5.0,0.8,0.975609756097561,0.1756097560975609,1,0.1697722567287783,0.0,G3,G4,2
G3_p0_w2_regular,G4_p3,20.0,1.0,1.0,0.0,0,0.0,0.0,G3,G4,3
G3_p0_w2_regular,G4_p3,10.0,1.0,1.0,0.0,0,0.0,1.3510480333470106e-16,G3,G4,3
G3_p0_w2_regular,G4_p3,0.0,0.975609756097561,1.0,0.024390243902439,0,0.024390243902439,0.0,G3,G4,3
G3_p0_w2_regular,G4_p3,-5.0,0.975609756097561,1.0,0.024390243902439,0,0.024390243902439,0.0,G3,G4,3
G3_p0_w2_regular,G4_p4,20.0,1.0,1.0,0.0,0,0.0,0.0,G3,G4,4
G3_p0_w2_regular,G4_p4,10.0,1.0,1.0,0.0,0,0.0,0.0,G3,G4,4
G3_p0_w2_regular,G4_p4,0.0,0.926829268292683,0.975609756097561,0.0487804878048779,1,0.05,1.7089556055112526e-16,G3,G4,4
G3_p0_w2_regular,G4_p4,-5.0,0.8260869565217391,0.8837209302325582,0.057633973710819,0,0.0425531914893617,0.0,G3,G4,4
G3_p0_w2_variable,G1_p1,20.0,1.0,1.0,0.0,0,0.0,0.0,G3,G1,1
G3_p0_w2_variable,G1_p1,10.0,1.0,1.0,0.0,0,0.0,1.320501883615629e-16,G3,G1,1
G3_p0_w2_variable,G1_p1,0.0,0.9545454545454546,1.0,0.0454545454545454,0,0.0666666666666666,0.0,G3,G1,1
G3_p0_w2_variable,G1_p1,-5.0,0.75,0.8444444444444444,0.0944444444444444,0,0.0833333333333333,0.0,G3,G1,1
G3_p0_w2_variable,G1_p2,20.0,1.0,1.0,0.0,0,0.0,0.0,G3,G1,2
G3_p0_w2_variable,G1_p2,10.0,1.0,1.0,0.0,0,0.0,1.3205018835548944e-16,G3,G1,2
G3_p0_w2_variable,G1_p2,0.0,0.9545454545454546,1.0,0.0454545454545454,0,0.0666666666666666,0.0,G3,G1,2
G3_p0_w2_variable,G1_p2,-5.0,0.9302325581395348,1.0,0.0697674418604651,1,0.0676532769556025,3.757154096709256e-16,G3,G1,2
G3_p0_w2_variable,G1_p3,20.0,1.0,1.0,0.0,0,0.0,0.0,G3,G1,3
G3_p0_w2_variable,G1_p3,10.0,1.0,1.0,0.0,0,0.0,0.0,G3,G1,3
G3_p0_w2_variable,G1_p3,0.0,1.0,1.0,0.0,0,0.0,0.0,G3,G1,3
G3_p0_w2_variable,G1_p3,-5.0,0.9090909090909092,0.9545454545454546,0.0454545454545455,1,0.063768115942029,1.8785770483591146e-16,G3,G1,3
G3_p0_w2_variable,G1_p4,20.0,1.0,1.0,0.0,0,0.0,0.0,G3,G1,4
G3_p0_w2_variable,G1_p4,10.0,0.9333333333333332,1.0,0.0666666666666666,1,0.0232558139534884,0.0,G3,G1,4
G3_p0_w2_variable,G1_p4,0.0,0.7555555555555555,0.8695652173913043,0.1140096618357487,0,0.1584541062801931,1.670317442592637e-16,G3,G1,4
G3_p0_w2_variable,G1_p4,-5.0,0.1212121212121212,0.5853658536585366,0.4641537324464153,0,0.1480592236894757,0.0,G3,G1,4
G3_p0_w2_variable,G2_p1,20.0,1.0,1.0,0.0,0,0.0,0.0,G3,G2,1
G3_p0_w2_variable,G2_p1,10.0,1.0,1.0,0.0,0,0.0,0.0,G3,G2,1
G3_p0_w2_variable,G2_p1,0.0,0.8837209302325582,0.9333333333333332,0.0496124031007751,0,0.0496124031007751,0.0,G3,G2,1
G3_p0_w2_variable,G2_p1,-5.0,0.7727272727272727,0.8695652173913043,0.0968379446640316,0,0.1461609620721553,0.0,G3,G2,1
G3_p0_w2_variable,G2_p2,20.0,1.0,1.0,0.0,0,0.0,2.0878968032583e-16,G3,G2,2
G3_p0_w2_variable,G2_p2,10.0,1.0,1.0,0.0,0,0.0,0.0,G3,G2,2
G3_p0_w2_variable,G2_p2,0.0,0.9767441860465116,1.0,0.0232558139534884,0,0.0232558139534884,1.6703174426066399e-16,G3,G2,2
G3_p0_w2_variable,G2_p2,-5.0,0.8837209302325582,0.9767441860465116,0.0930232558139534,1,0.022198731501057,0.0,G3,G2,2
G3_p0_w2_variable,G2_p3,20.0,1.0,1.0,0.0,0,0.0,0.0,G3,G2,3
G3_p0_w2_variable,G2_p3,10.0,1.0,1.0,0.0,0,0.0,0.0,G3,G2,3
G3_p0_w2_variable,G2_p3,0.0,0.9545454545454546,1.0,0.0454545454545454,0,0.0666666666666666,1.670317442662697e-16,G3,G2,3
G3_p0_w2_variable,G2_p3,-5.0,0.8163265306122449,0.9130434782608696,0.0967169476486246,0,0.1057692307692307,1.8785770483909922e-16,G3,G2,3
G3_p0_w2_variable,G2_p4,20.0,1.0,1.0,0.0,0,0.0,2.087896803248591e-16,G3,G2,4
G3_p0_w2_variable,G2_p4,10.0,1.0,1.0,0.0,0,0.0232558139534884,0.0,G3,G2,4
G3_p0_w2_variable,G2_p4,0.0,0.7659574468085106,0.8636363636363636,0.097678916827853,0,0.0784869976359338,1.670317442598873e-16,G3,G2,4
G3_p0_w2_variable,G2_p4,-5.0,0.2580645161290322,0.4,0.1419354838709677,0,0.127659574468085,0.0,G3,G2,4
G3_p0_w2_variable,G3_p1,20.0,1.0,1.0,0.0,0,0.0,0.0,G3,G3,1
G3_p0_w2_variable,G3_p1,10.0,1.0,1.0,0.0,0,0.0232558139534884,1.3205018836235352e-16,G3,G3,1
G3_p0_w2_variable,G3_p1,0.0,0.8837209302325582,0.9302325581395348,0.0465116279069767,0,0.1284584980237154,0.0,G3,G3,1
G3_p0_w2_variable,G3_p1,-5.0,0.6521739130434783,0.7555555555555555,0.1033816425120772,0,0.1224489795918367,0.0,G3,G3,1
G3_p0_w2_variable,G3_p2,20.0,1.0,1.0,0.0,0,0.0,0.0,G3,G3,2
G3_p0_w2_variable,G3_p2,10.0,1.0,1.0,0.0,0,0.0,0.0,G3,G3,2
G3_p0_w2_variable,G3_p2,0.0,1.0,1.0,0.0,0,0.0,1.670317442580638e-16,G3,G3,2
G3_p0_w2_variable,G3_p2,-5.0,1.0,1.0,0.0,0,0.0,0.0,G3,G3,2
G3_p0_w2_variable,G3_p3,20.0,1.0,1.0,0.0,0,0.0,2.087896803254871e-16,G3,G3,3
G3_p0_w2_variable,G3_p3,10.0,1.0,1.0,0.0,0,0.0,0.0,G3,G3,3
G3_p0_w2_variable,G3_p3,0.0,1.0,1.0,0.0,0,0.0,0.0,G3,G3,3
G3_p0_w2_variable,G3_p3,-5.0,0.9767441860465116,1.0,0.0232558139534884,0,0.0232558139534884,1.8785770483248608e-16,G3,G3,3
G3_p0_w2_variable,G3_p4,20.0,1.0,1.0,0.0,0,0.0,0.0,G3,G3,4
G3_p0_w2_variable,G3_p4,10.0,1.0,1.0,0.0,0,0.0,2.641003767109547e-16,G3,G3,4
G3_p0_w2_variable,G3_p4,0.0,0.9767441860465116,1.0,0.0232558139534884,0,0.0,0.0,G3,G3,4
G3_p0_w2_variable,G3_p4,-5.0,0.8888888888888888,0.9767441860465116,0.0878552971576227,1,0.0878552971576227,0.0,G3,G3,4
G3_p0_w2_variable,G4_p1,20.0,1.0,1.0,0.0,0,0.0,0.0,G3,G4,1
G3_p0_w2_variable,G4_p1,10.0,1.0,1.0,0.0,0,0.0,0.0,G3,G4,1
G3_p0_w2_variable,G4_p1,0.0,0.875,0.9130434782608696,0.0380434782608695,0,0.0380434782608695,1.670317442723582e-16,G3,G4,1
G3_p0_w2_variable,G4_p1,-5.0,0.6521739130434783,0.8163265306122449,0.1641526175687666,0,0.2448979591836734,0.0,G3,G4,1
G3_p0_w2_variable,G4_p2,20.0,1.0,1.0,0.0,0,0.0,0.0,G3,G4,2
G3_p0_w2_variable,G4_p2,10.0,1.0,1.0,0.0,0,0.0,0.0,G3,G4,2
G3_p0_w2_variable,G4_p2,0.0,0.9767441860465116,1.0,0.0232558139534884,0,0.0232558139534884,1.6703174426320195e-16,G3,G4,2
G3_p0_w2_variable,G4_p2,-5.0,0.8,0.9090909090909092,0.109090909090909,0,0.0757575757575756,0.0,G3,G4,2
G3_p0_w2_variable,G4_p3,20.0,1.0,1.0,0.0,0,0.0,2.087896803238267e-16,G3,G4,3
G3_p0_w2_variable,G4_p3,10.0,1.0,1.0,0.0,0,0.0,1.3205018835234691e-16,G3,G4,3
G3_p0_w2_variable,G4_p3,0.0,0.975609756097561,1.0,0.024390243902439,0,0.0011344299489506,1.6703174425906134e-16,G3,G4,3
G3_p0_w2_variable,G4_p3,-5.0,0.975609756097561,0.9767441860465116,0.0011344299489506,0,0.0011344299489506,0.0,G3,G4,3
G3_p0_w2_variable,G4_p4,20.0,1.0,1.0,0.0,0,0.0,0.0,G3,G4,4
G3_p0_w2_variable,G4_p4,10.0,1.0,1.0,0.0,0,0.0,0.0,G3,G4,4
G3_p0_w2_variable,G4_p4,0.0,0.9333333333333332,1.0,0.0666666666666666,1,0.0465116279069767,0.0,G3,G4,4
G3_p0_w2_variable,G4_p4,-5.0,0.7843137254901961,0.8333333333333334,0.0490196078431373,0,0.0994897959183673,0.0,G3,G4,4
G3_p0_w3_regular,G1_p1,20.0,1.0,1.0,0.0,0,0.0,0.0,G3,G1,1
G3_p0_w3_regular,G1_p1,10.0,1.0,1.0,0.0,0,0.0,0.0,G3,G1,1
G3_p0_w3_regular,G1_p1,0.0,0.9130434782608696,1.0,0.0869565217391304,1,0.1428571428571429,0.0,G3,G1,1
G3_p0_w3_regular,G1_p1,-5.0,0.7441860465116279,0.8444444444444444,0.1002583979328165,0,0.1988899167437557,0.0,G3,G1,1
G3_p0_w3_regular,G1_p2,20.0,1.0,1.0,0.0,0,0.0,0.0,G3,G1,2
G3_p0_w3_regular,G1_p2,10.0,1.0,1.0,0.0,0,0.0,1.3320549061666095e-16,G3,G1,2
G3_p0_w3_regular,G1_p2,0.0,0.9545454545454546,1.0,0.0454545454545454,0,0.0454545454545454,0.0,G3,G1,2
G3_p0_w3_regular,G1_p2,-5.0,0.9090909090909092,0.9130434782608696,0.0039525691699604,0,0.0849802371541502,0.0,G3,G1,2
G3_p0_w3_regular,G1_p3,20.0,1.0,1.0,0.0,0,0.0,2.1061637359492086e-16,G3,G1,3
G3_p0_w3_regular,G1_p3,10.0,1.0,1.0,0.0,0,0.0,1.3320549061697916e-16,G3,G1,3
G3_p0_w3_regular,G1_p3,0.0,1.0,1.0,0.0,0,0.0,1.684930988759367e-16,G3,G1,3
G3_p0_w3_regular,G1_p3,-5.0,0.8888888888888888,0.9767441860465116,0.0878552971576227,1,0.0656565656565657,0.0,G3,G1,3
G3_p0_w3_regular,G1_p4,20.0,1.0,1.0,0.0,0,0.0,0.0,G3,G1,4
G3_p0_w3_regular,G1_p4,10.0,0.9767441860465116,1.0,0.0232558139534884,0,0.0232558139534884,0.0,G3,G1,4
G3_p0_w3_regular,G1_p4,0.0,0.782608695652174,0.8695652173913043,0.0869565217391303,0,0.1119333950046254,0.0,G3,G1,4
G3_p0_w3_regular,G1_p4,-5.0,0.2941176470588235,0.4,0.1058823529411764,0,0.0834072759538597,0.0,G3,G1,4
G3_p0_w3_regular,G2_p1,20.0,1.0,1.0,0.0,0,0.0,0.0,G3,G2,1
G3_p0_w3_regular,G2_p1,10.0,1.0,1.0,0.0,0,0.0,0.0,G3,G2,1
G3_p0_w3_regular,G2_p1,0.0,0.9130434782608696,0.975609756097561,0.0625662778366914,1,0.0869565217391304,0.0,G3,G2,1
G3_p0_w3_regular,G2_p1,-5.0,0.723404255319149,0.8333333333333334,0.1099290780141843,0,0.1802721088435375,1.8950126502280384e-16,G3,G2,1
G3_p0_w3_regular,G2_p2,20.0,1.0,1.0,0.0,0,0.0,2.106163735914264e-16,G3,G2,2
G3_p0_w3_regular,G2_p2,10.0,1.0,1.0,0.0,0,0.0,0.0,G3,G2,2
G3_p0_w3_regular,G2_p2,0.0,0.9523809523809524,1.0,0.0476190476190476,0,0.0476190476190476,0.0,G3,G2,2
G3_p0_w3_regular,G2_p2,-5.0,0.8888888888888888,0.9767441860465116,0.0878552971576227,1,0.0656565656565657,0.0,G3,G2,2
G3_p0_w3_regular,G2_p3,20.0,1.0,1.0,0.0,0,0.0,0.0,G3,G2,3
G3_p0_w3_regular,G2_p3,10.0,1.0,1.0,0.0,0,0.0,0.0,G3,G2,3
G3_p0_w3_regular,G2_p3,0.0,0.9767441860465116,1.0,0.0232558139534884,0,0.0232558139534884,0.0,G3,G2,3
G3_p0_w3_regular,G2_p3,-5.0,0.8260869565217391,0.9333333333333332,0.1072463768115942,0,0.0733333333333333,0.0,G3,G2,3
G3_p0_w3_regular,G2_p4,20.0,1.0,1.0,0.0,0,0.0,0.0,G3,G2,4
G3_p0_w3_regular,G2_p4,10.0,0.9767441860465116,1.0,0.0232558139534884,0,0.0232558139534884,0.0,G3,G2,4
G3_p0_w3_regular,G2_p4,0.0,0.6976744186046512,0.8695652173913043,0.1718907987866531,0,0.1999010390895595,0.0,G3,G2,4
G3_p0_w3_regular,G2_p4,-5.0,0.2352941176470588,0.4242424242424242,0.1889483065953654,0,0.2013605442176871,1.8950126501062023e-16,G3,G2,4
G3_p0_w3_regular,G3_p1,20.0,1.0,1.0,0.0,0,0.0,0.0,G3,G3,1
G3_p0_w3_regular,G3_p1,10.0,1.0,1.0,0.0,0,0.0232558139534884,0.0,G3,G3,1
G3_p0_w3_regular,G3_p1,0.0,0.9090909090909092,0.9523809523809524,0.0432900432900432,1,0.0686600221483941,1.6849309888429264e-16,G3,G3,1
G3_p0_w3_regular,G3_p1,-5.0,0.6818181818181818,0.85,0.1681818181818182,0,0.0968201233981964,0.0,G3,G3,1
G3_p0_w3_regular,G3_p2,20.0,1.0,1.0,0.0,0,0.0,0.0,G3,G3,2
G3_p0_w3_regular,G3_p2,10.0,1.0,1.0,0.0,0,0.0,2.6641098122539074e-16,G3,G3,2
G3_p0_w3_regular,G3_p2,0.0,1.0,1.0,0.0,0,0.0,1.6849309887051816e-16,G3,G3,2
G3_p0_w3_regular,G3_p2,-5.0,1.0,1.0,0.0,0,0.0,0.0,G3,G3,2
G3_p0_w3_regular,G3_p3,20.0,1.0,1.0,0.0,0,0.0,2.1061637359108047e-16,G3,G3,3
G3_p0_w3_regular,G3_p3,10.0,1.0,1.0,0.0,0,0.0,0.0,G3,G3,3
G3_p0_w3_regular,G3_p3,0.0,1.0,1.0,0.0,0,0.0,1.6849309887286438e-16,G3,G3,3
G3_p0_w3_regular,G3_p3,-5.0,0.9767441860465116,1.0,0.0232558139534884,0,0.0232558139534884,0.0,G3,G3,3
G3_p0_w3_regular,G3_p4,20.0,1.0,1.0,0.0,0,0.0,0.0,G3,G3,4
G3_p0_w3_regular,G3_p4,10.0,1.0,1.0,0.0,0,0.0,1.3320549061664875e-16,G3,G3,4
G3_p0_w3_regular,G3_p4,0.0,0.9767441860465116,1.0,0.0232558139534884,0,0.0232558139534884,0.0,G3,G3,4
G3_p0_w3_regular,G3_p4,-5.0,0.9090909090909092,0.9545454545454546,0.0454545454545455,1,0.0444444444444445,0.0,G3,G3,4
G3_p0_w3_regular,G4_p1,20.0,1.0,1.0,0.0,0,0.0,0.0,G3,G4,1
G3_p0_w3_regular,G4_p1,10.0,1.0,1.0,0.0,0,0.0,0.0,G3,G4,1
G3_p0_w3_regular,G4_p1,0.0,0.8571428571428571,0.9130434782608696,0.0559006211180124,0,0.0749999999999999,0.0,G3,G4,1
G3_p0_w3_regular,G4_p1,-5.0,0.5833333333333334,0.7058823529411765,0.1225490196078431,0,0.1281045751633986,1.8950126502476875e-16,G3,G4,1
G3_p0_w3_regular,G4_p2,20.0,1.0,1.0,0.0,0,0.0,0.0,G3,G4,2
G3_p0_w3_regular,G4_p2,10.0,1.0,1.0,0.0,0,0.0,0.0,G3,G4,2
G3_p0_w3_regular,G4_p2,0.0,0.9523809523809524,0.9767441860465116,0.0243632336655592,0,0.0434108527131782,0.0,G3,G4,2
G3_p0_w3_regular,G4_p2,-5.0,0.8260869565217391,0.9302325581395348,0.1041456016177957,0,0.0240518038852913,1.8950126501438075e-16,G3,G4,2
G3_p0_w3_regular,G4_p3,20.0,1.0,1.0,0.0,0,0.0,0.0,G3,G4,3
G3_p0_w3_regular,G4_p3,10.0,1.0,1.0,0.0,0,0.0,1.3320549061349094e-16,G3,G4,3
G3_p0_w3_regular,G4_p3,0.0,0.9767441860465116,1.0,0.0232558139534884,0,0.0232558139534884,0.0,G3,G4,3
G3_p0_w3_regular,G4_p3,-5.0,0.9302325581395348,0.9767441860465116,0.0465116279069767,1,0.0476190476190476,1.8950126500968316e-16,G3,G4,3
G3_p0_w3_regular,G4_p4,20.0,1.0,1.0,0.0,0,0.0,0.0,G3,G4,4
G3_p0_w3_regular,G4_p4,10.0,1.0,1.0,0.0,0,0.0,0.0,G3,G4,4
G3_p0_w3_regular,G4_p4,0.0,0.9545454545454546,1.0,0.0454545454545454,0,0.0454545454545454,0.0,G3,G4,4
G3_p0_w3_regular,G4_p4,-5.0,0.8163265306122449,0.9090909090909092,0.0927643784786641,0,0.0425531914893616,1.8950126501458248e-16,G3,G4,4
G3_p0_w3_variable,G1_p1,20.0,1.0,1.0,0.0,0,0.0,0.0,G3,G1,1
G3_p0_w3_variable,G1_p1,10.0,1.0,1.0,0.0,0,0.0,0.0,G3,G1,1
G3_p0_w3_variable,G1_p1,0.0,0.9565217391304348,0.9777777777777776,0.0212560386473429,0,0.0611111111111111,1.647235642157754e-16,G3,G1,1
G3_p0_w3_variable,G1_p1,-5.0,0.7547169811320755,0.88,0.1252830188679244,0,0.0778985507246377,0.0,G3,G1,1
G3_p0_w3_variable,G1_p2,20.0,1.0,1.0,0.0,0,0.0,2.059044552602489e-16,G3,G1,2
G3_p0_w3_variable,G1_p2,10.0,1.0,1.0,0.0,0,0.0,0.0,G3,G1,2
G3_p0_w3_variable,G1_p2,0.0,0.9565217391304348,1.0,0.0434782608695651,0,0.0434782608695651,0.0,G3,G1,2
G3_p0_w3_variable,G1_p2,-5.0,0.9090909090909092,0.9361702127659576,0.0270793036750484,0,0.0869565217391304,0.0,G3,G1,2
G3_p0_w3_variable,G1_p3,20.0,1.0,1.0,0.0,0,0.0,0.0,G3,G1,3
G3_p0_w3_variable,G1_p3,10.0,1.0,1.0,0.0,0,0.0,1.30225411800036e-16,G3,G1,3
G3_p0_w3_variable,G1_p3,0.0,1.0,1.0,0.0,0,0.0,1.647235642085926e-16,G3,G1,3
G3_p0_w3_variable,G1_p3,-5.0,0.9333333333333332,1.0,0.0666666666666666,1,0.084160756501182,0.0,G3,G1,3
G3_p0_w3_variable,G1_p4,20.0,1.0,1.0,0.0,0,0.0,0.0,G3,G1,4
G3_p0_w3_variable,G1_p4,10.0,0.9565217391304348,1.0,0.0434782608695651,0,0.0434782608695651,0.0,G3,G1,4
G3_p0_w3_variable,G1_p4,0.0,0.8148148148148148,0.8888888888888888,0.074074074074074,0,0.0725623582766439,0.0,G3,G1,4
G3_p0_w3_variable,G1_p4,-5.0,0.1142857142857142,0.5142857142857142,0.3999999999999999,0,0.16,0.0,G3,G1,4
G3_p0_w3_variable,G2_p1,20.0,1.0,1.0,0.0,0,0.0,2.0590445526960523e-16,G3,G2,1
G3_p0_w3_variable,G2_p1,10.0,1.0,1.0,0.0,0,0.0,0.0,G3,G2,1
G3_p0_w3_variable,G2_p1,0.0,0.8444444444444444,0.9777777777777776,0.1333333333333333,1,0.0888888888888889,0.0,G3,G2,1
G3_p0_w3_variable,G2_p1,-5.0,0.7272727272727273,0.8936170212765957,0.1663442940038684,0,0.1614906832298136,0.0,G3,G2,1
G3_p0_w3_variable,G2_p2,20.0,1.0,1.0,0.0,0,0.0,0.0,G3,G2,2
G3_p0_w3_variable,G2_p2,10.0,1.0,1.0,0.0,0,0.0,0.0,G3,G2,2
G3_p0_w3_variable,G2_p2,0.0,0.9545454545454546,0.9777777777777776,0.0232323232323231,0,0.0454545454545454,0.0,G3,G2,2
G3_p0_w3_variable,G2_p2,-5.0,0.851063829787234,0.9333333333333332,0.0822695035460993,0,0.0609284332688588,0.0,G3,G2,2
G3_p0_w3_variable,G2_p3,20.0,1.0,1.0,0.0,0,0.0,2.059044552642348e-16,G3,G2,3
G3_p0_w3_variable,G2_p3,10.0,1.0,1.0,0.0,0,0.0,0.0,G3,G2,3
G3_p0_w3_variable,G2_p3,0.0,0.9333333333333332,1.0,0.0666666666666666,1,0.0434782608695651,0.0,G3,G2,3
G3_p0_w3_variable,G2_p3,-5.0,0.851063829787234,0.9361702127659576,0.0851063829787234,0,0.1003401360544217,0.0,G3,G2,3
G3_p0_w3_variable,G2_p4,20.0,1.0,1.0,0.0,0,0.0,0.0,G3,G2,4
G3_p0_w3_variable,G2_p4,10.0,0.9565217391304348,1.0,0.0434782608695651,0,0.0434782608695651,0.0,G3,G2,4
G3_p0_w3_variable,G2_p4,0.0,0.7659574468085106,0.8695652173913043,0.1036077705827936,0,0.0585106382978722,1.6472356420509358e-16,G3,G2,4
G3_p0_w3_variable,G2_p4,-5.0,0.1818181818181818,0.4571428571428571,0.2753246753246753,0,0.1477551020408163,0.0,G3,G2,4
G3_p0_w3_variable,G3_p1,20.0,1.0,1.0,0.0,0,0.0,2.05904455270952e-16,G3,G3,1
G3_p0_w3_variable,G3_p1,10.0,1.0,1.0,0.0,0,0.0,0.0,G3,G3,1
G3_p0_w3_variable,G3_p1,0.0,0.9130434782608696,0.9565217391304348,0.0434782608695653,1,0.0585625554569654,1.6472356421676154e-16,G3,G3,1
G3_p0_w3_variable,G3_p1,-5.0,0.7083333333333334,0.88,0.1716666666666666,0,0.1230188679245283,0.0,G3,G3,1
G3_p0_w3_variable,G3_p2,20.0,1.0,1.0,0.0,0,0.0,0.0,G3,G3,2
G3_p0_w3_variable,G3_p2,10.0,1.0,1.0,0.0,0,0.0,2.604508235916961e-16,G3,G3,2
G3_p0_w3_variable,G3_p2,0.0,1.0,1.0,0.0,0,0.0,0.0,G3,G3,2
G3_p0_w3_variable,G3_p2,-5.0,1.0,1.0,0.0,0,0.0,1.8526173476831728e-16,G3,G3,2
G3_p0_w3_variable,G3_p3,20.0,1.0,1.0,0.0,0,0.0,0.0,G3,G3,3
G3_p0_w3_variable,G3_p3,10.0,1.0,1.0,0.0,0,0.0,1.3022541179766147e-16,G3,G3,3
G3_p0_w3_variable,G3_p3,0.0,1.0,1.0,0.0,0,0.0,0.0,G3,G3,3
G3_p0_w3_variable,G3_p3,-5.0,1.0,1.0,0.0,0,0.0,0.0,G3,G3,3
G3_p0_w3_variable,G3_p4,20.0,1.0,1.0,0.0,0,0.0,0.0,G3,G3,4
G3_p0_w3_variable,G3_p4,10.0,1.0,1.0,0.0,0,0.0,2.60450823599426e-16,G3,G3,4
G3_p0_w3_variable,G3_p4,0.0,0.9777777777777776,1.0,0.0222222222222222,0,0.0222222222222222,1.6472356420818404e-16,G3,G3,4
G3_p0_w3_variable,G3_p4,-5.0,0.8888888888888888,0.9361702127659576,0.0472813238770686,0,0.0851063829787234,0.0,G3,G3,4
G3_p0_w3_variable,G4_p1,20.0,1.0,1.0,0.0,0,0.0,0.0,G3,G4,1
G3_p0_w3_variable,G4_p1,10.0,0.9777777777777776,1.0,0.0222222222222222,0,0.0222222222222222,0.0,G3,G4,1
G3_p0_w3_variable,G4_p1,0.0,0.8936170212765957,0.9565217391304348,0.0629047178538391,1,0.0815217391304348,1.6472356421739221e-16,G3,G4,1
G3_p0_w3_variable,G4_p1,-5.0,0.6530612244897959,0.7659574468085106,0.1128962223187147,0,0.137081247593377,1.852617347841717e-16,G3,G4,1
G3_p0_w3_variable,G4_p2,20.0,1.0,1.0,0.0,0,0.0,0.0,G3,G4,2
G3_p0_w3_variable,G4_p2,10.0,1.0,1.0,0.0,0,0.0,0.0,G3,G4,2
G3_p0_w3_variable,G4_p2,0.0,0.9777777777777776,1.0,0.0222222222222222,0,0.0222222222222222,0.0,G3,G4,2
G3_p0_w3_variable,G4_p2,-5.0,0.851063829787234,0.9361702127659576,0.0851063829787234,0,0.1231884057971014,1.8526173477401616e-16,G3,G4,2
G3_p0_w3_variable,G4_p3,20.0,1.0,1.0,0.0,0,0.0,0.0,G3,G4,3
G3_p0_w3_variable,G4_p3,10.0,1.0,1.0,0.0,0,0.0,1.3022541179662582e-16,G3,G4,3
G3_p0_w3_variable,G4_p3,0.0,0.9767441860465116,1.0,0.0232558139534884,0,0.0232558139534884,1.6472356420427903e-16,G3,G4,3
G3_p0_w3_variable,G4_p3,-5.0,0.9545454545454546,1.0,0.0454545454545454,0,0.0454545454545454,0.0,G3,G4,3
G3_p0_w3_variable,G4_p4,20.0,1.0,1.0,0.0,0,0.0,0.0,G3,G4,4
G3_p0_w3_variable,G4_p4,10.0,1.0,1.0,0.0,0,0.0,1.3022541179999263e-16,G3,G4,4
G3_p0_w3_variable,G4_p4,0.0,0.9333333333333332,1.0,0.0666666666666666,1,0.0666666666666666,1.6472356420853774e-16,G3,G4,4
G3_p0_w3_variable,G4_p4,-5.0,0.7692307692307693,0.8936170212765957,0.1243862520458264,0,0.1252830188679244,1.8526173477421335e-16,G3,G4,4
G3_p5_w0_regular,G1_p1,20.0,1.0,1.0,0.0,0,0.0,0.0,G3,G1,1
G3_p5_w0_regular,G1_p1,10.0,1.0,1.0,0.0,0,0.0,1.4470114718005535e-16,G3,G1,1
G3_p5_w0_regular,G1_p1,0.0,0.9545454545454546,1.0,0.0454545454545454,0,0.063700707785642,0.0,G3,G1,1
G3_p5_w0_regular,G1_p1,-5.0,0.8,0.8837209302325582,0.0837209302325581,0,0.099407204742362,0.0,G3,G1,1
G3_p5_w0_regular,G1_p2,20.0,1.0,1.0,0.0,0,0.0,2.2879260255358983e-16,G3,G1,2
G3_p5_w0_regular,G1_p2,10.0,1.0,1.0,0.0,0,0.0,0.0,G3,G1,2
G3_p5_w0_regular,G1_p2,0.0,0.9545454545454546,1.0,0.0454545454545454,0,0.0454545454545454,0.0,G3,G1,2
G3_p5_w0_regular,G1_p2,-5.0,0.8837209302325582,0.9545454545454546,0.0708245243128964,1,0.0496124031007751,2.0585525650197526e-16,G3,G1,2
G3_p5_w0_regular,G1_p3,20.0,1.0,1.0,0.0,0,0.0,0.0,G3,G1,3
G3_p5_w0_regular,G1_p3,10.0,1.0,1.0,0.0,0,0.0,0.0,G3,G1,3
G3_p5_w0_regular,G1_p3,0.0,1.0,1.0,0.0,0,0.0,0.0,G3,G1,3
G3_p5_w0_regular,G1_p3,-5.0,0.9767441860465116,0.9767441860465116,0.0,0,0.0454545454545454,0.0,G3,G1,3
G3_p5_w0_regular,G1_p4,20.0,1.0,1.0,0.0,0,0.0,1.143963012742111e-16,G3,G1,4
G3_p5_w0_regular,G1_p4,10.0,0.9767441860465116,1.0,0.0232558139534884,0,0.0,0.0,G3,G1,4
G3_p5_w0_regular,G1_p4,0.0,0.75,0.8372093023255814,0.0872093023255814,0,0.097678916827853,0.0,G3,G1,4
G3_p5_w0_regular,G1_p4,-5.0,0.2777777777777778,0.6666666666666666,0.3888888888888888,0,0.1033816425120772,2.0585525649732567e-16,G3,G1,4
G3_p5_w0_regular,G2_p1,20.0,1.0,1.0,0.0,0,0.0,1.1439630128199306e-16,G3,G2,1
G3_p5_w0_regular,G2_p1,10.0,1.0,1.0,0.0,0,0.0,0.0,G3,G2,1
G3_p5_w0_regular,G2_p1,0.0,0.9090909090909092,1.0,0.0909090909090909,1,0.0666666666666666,0.0,G3,G2,1
G3_p5_w0_regular,G2_p1,-5.0,0.8095238095238095,0.8695652173913043,0.0600414078674947,0,0.1476238624873609,0.0,G3,G2,1
G3_p5_w0_regular,G2_p2,20.0,1.0,1.0,0.0,0,0.0,0.0,G3,G2,2
G3_p5_w0_regular,G2_p2,10.0,1.0,1.0,0.0,0,0.0,2.894022943426895e-16,G3,G2,2
G3_p5_w0_regular,G2_p2,0.0,0.9523809523809524,1.0,0.0476190476190476,0,0.0476190476190476,0.0,G3,G2,2
G3_p5_w0_regular,G2_p2,-5.0,0.9302325581395348,0.9767441860465116,0.0465116279069767,1,0.0465116279069767,2.0585525649905142e-16,G3,G2,2
G3_p5_w0_regular,G2_p3,20.0,1.0,1.0,0.0,0,0.0,1.1439630127900934e-16,G3,G2,3
G3_p5_w0_regular,G2_p3,10.0,1.0,1.0,0.0,0,0.0,0.0,G3,G2,3
G3_p5_w0_regular,G2_p3,0.0,0.975609756097561,1.0,0.024390243902439,0,0.0476190476190476,0.0,G3,G2,3
G3_p5_w0_regular,G2_p3,-5.0,0.8444444444444444,0.9545454545454546,0.1101010101010101,1,0.0619796484736354,0.0,G3,G2,3
G3_p5_w0_regular,G2_p4,20.0,1.0,1.0,0.0,0,0.0,1.143963012746382e-16,G3,G2,4
G3_p5_w0_regular,G2_p4,10.0,0.9767441860465116,1.0,0.0232558139534884,0,0.0,0.0,G3,G2,4
G3_p5_w0_regular,G2_p4,0.0,0.7555555555555555,0.8695652173913043,0.1140096618357487,0,0.0434782608695651,0.0,G3,G2,4
G3_p5_w0_regular,G2_p4,-5.0,0.2580645161290322,0.4117647058823529,0.1537001897533206,0,0.1377551020408163,0.0,G3,G2,4
G3_p5_w0_regular,G3_p1,20.0,1.0,1.0,0.0,0,0.0,0.0,G3,G3,1
G3_p5_w0_regular,G3_p1,10.0,0.9767441860465116,1.0,0.0232558139534884,0,0.0232558139534884,0.0,G3,G3,1
G3_p5_w0_regular,G3_p1,0.0,0.8837209302325582,0.9767441860465116,0.0930232558139534,1,0.1017441860465115,0.0,G3,G3,1
G3_p5_w0_regular,G3_p1,-5.0,0.6818181818181818,0.8260869565217391,0.1442687747035573,0,0.1555183946488294,2.0585525651267574e-16,G3,G3,1
G3_p5_w0_regular,G3_p2,20.0,1.0,1.0,0.0,0,0.0,1.1439630127338928e-16,G3,G3,2
G3_p5_w0_regular,G3_p2,10.0,1.0,1.0,0.0,0,0.0,0.0,G3,G3,2
G3_p5_w0_regular,G3_p2,0.0,1.0,1.0,0.0,0,0.0,0.0,G3,G3,2
G3_p5_w0_regular,G3_p2,-5.0,1.0,1.0,0.0,0,0.0,0.0,G3,G3,2
G3_p5_w0_regular,G3_p3,20.0,1.0,1.0,0.0,0,0.0,0.0,G3,G3,3
G3_p5_w0_regular,G3_p3,10.0,1.0,1.0,0.0,0,0.0,1.4470114717110715e-16,G3,G3,3
G3_p5_w0_regular,G3_p3,0.0,1.0,1.0,0.0,0,0.0,0.0,G3,G3,3
G3_p5_w0_regular,G3_p3,-5.0,0.9767441860465116,1.0,0.0232558139534884,0,0.0232558139534884,0.0,G3,G3,3
G3_p5_w0_regular,G3_p4,20.0,1.0,1.0,0.0,0,0.0,1.143963012767844e-16,G3,G3,4
G3_p5_w0_regular,G3_p4,10.0,1.0,1.0,0.0,0,0.0,1.4470114717338672e-16,G3,G3,4
G3_p5_w0_regular,G3_p4,0.0,0.9767441860465116,1.0,0.0232558139534884,0,0.0232558139534884,1.8303408204285502e-16,G3,G3,4
G3_p5_w0_regular,G3_p4,-5.0,0.9090909090909092,0.9545454545454546,0.0454545454545455,1,0.0656565656565657,2.058552565019564e-16,G3,G3,4
G3_p5_w0_regular,G4_p1,20.0,1.0,1.0,0.0,0,0.0,1.1439630128317924e-16,G3,G4,1
G3_p5_w0_regular,G4_p1,10.0,1.0,1.0,0.0,0,0.0,1.4470114718147555e-16,G3,G4,1
G3_p5_w0_regular,G4_p1,0.0,0.8936170212765957,0.9302325581395348,0.0366155368629391,0,0.0646464646464646,0.0,G3,G4,1
G3_p5_w0_regular,G4_p1,-5.0,0.75,0.8444444444444444,0.0944444444444444,0,0.125,2.0585525651346374e-16,G3,G4,1
G3_p5_w0_regular,G4_p2,20.0,1.0,1.0,0.0,0,0.0,1.143963012769083e-16,G3,G4,2
G3_p5_w0_regular,G4_p2,10.0,1.0,1.0,0.0,0,0.0,0.0,G3,G4,2
G3_p5_w0_regular,G4_p2,0.0,1.0,1.0,0.0,0,0.0232558139534884,0.0,G3,G4,2
G3_p5_w0_regular,G4_p2,-5.0,0.9090909090909092,0.9767441860465116,0.0676532769556025,1,0.0656565656565657,0.0,G3,G4,2
G3_p5_w0_regular,G4_p3,20.0,1.0,1.0,0.0,0,0.0,1.1439630127407248e-16,G3,G4,3
G3_p5_w0_regular,G4_p3,10.0,1.0,1.0,0.0,0,0.0,0.0,G3,G4,3
G3_p5_w0_regular,G4_p3,0.0,1.0,1.0,0.0,0,0.0,0.0,G3,G4,3
G3_p5_w0_regular,G4_p3,-5.0,0.9523809523809524,1.0,0.0476190476190476,0,0.0243632336655592,2.0585525649707626e-16,G3,G4,3
G3_p5_w0_regular,G4_p4,20.0,1.0,1.0,0.0,0,0.0,0.0,G3,G4,4
G3_p5_w0_regular,G4_p4,10.0,1.0,1.0,0.0,0,0.0,0.0,G3,G4,4
G3_p5_w0_regular,G4_p4,0.0,0.9767441860465116,1.0,0.0232558139534884,0,0.0454545454545454,0.0,G3,G4,4
G3_p5_w0_regular,G4_p4,-5.0,0.8888888888888888,0.9090909090909092,0.0202020202020202,0,0.0364741641337386,0.0,G3,G4,4
G3_p5_w0_variable,G1_p1,20.0,1.0,1.0,0.0,0,0.0,0.0,G3,G1,1
G3_p5_w0_variable,G1_p1,10.0,1.0,1.0,0.0,0,0.0,0.0,G3,G1,1
G3_p5_w0_variable,G1_p1,0.0,0.9545454545454546,1.0,0.0454545454545454,0,0.022198731501057,0.0,G3,G1,1
G3_p5_w0_variable,G1_p1,-5.0,0.6956521739130435,0.8888888888888888,0.1932367149758453,0,0.1229314420803782,0.0,G3,G1,1
G3_p5_w0_variable,G1_p2,20.0,1.0,1.0,0.0,0,0.0,0.0,G3,G1,2
G3_p5_w0_variable,G1_p2,10.0,1.0,1.0,0.0,0,0.0,0.0,G3,G1,2
G3_p5_w0_variable,G1_p2,0.0,0.9767441860465116,1.0,0.0232558139534884,0,0.0697674418604651,0.0,G3,G1,2
G3_p5_w0_variable,G1_p2,-5.0,0.8636363636363636,0.9523809523809524,0.0887445887445886,1,0.0887445887445886,0.0,G3,G1,2
G3_p5_w0_variable,G1_p3,20.0,1.0,1.0,0.0,0,0.0,1.14125015024898e-16,G3,G1,3
G3_p5_w0_variable,G1_p3,10.0,1.0,1.0,0.0,0,0.0,0.0,G3,G1,3
G3_p5_w0_variable,G1_p3,0.0,1.0,1.0,0.0,0,0.0,1.8260002403983683e-16,G3,G1,3
G3_p5_w0_variable,G1_p3,-5.0,0.9545454545454546,1.0,0.0454545454545454,0,0.063700707785642,2.0536707899670287e-16,G3,G1,3
G3_p5_w0_variable,G1_p4,20.0,1.0,1.0,0.0,0,0.0,1.141250150220477e-16,G3,G1,4
G3_p5_w0_variable,G1_p4,10.0,0.9767441860465116,1.0,0.0232558139534884,0,0.0454545454545454,0.0,G3,G1,4
G3_p5_w0_variable,G1_p4,0.0,0.7272727272727273,0.8372093023255814,0.1099365750528541,0,0.0359338061465721,0.0,G3,G1,4
G3_p5_w0_variable,G1_p4,-5.0,0.303030303030303,0.4705882352941176,0.1675579322638146,0,0.1233362910381543,0.0,G3,G1,4
G3_p5_w0_variable,G2_p1,20.0,1.0,1.0,0.0,0,0.0,1.1412501502981123e-16,G3,G2,1
G3_p5_w0_variable,G2_p1,10.0,1.0,1.0,0.0,0,0.0,1.4435799419806107e-16,G3,G2,1
G3_p5_w0_variable,G2_p1,0.0,0.9090909090909092,1.0,0.0909090909090909,1,0.0878552971576227,0.0,G3,G2,1
G3_p5_w0_variable,G2_p1,-5.0,0.8260869565217391,0.8837209302325582,0.057633973710819,0,0.0689342403628118,0.0,G3,G2,1
G3_p5_w0_variable,G2_p2,20.0,1.0,1.0,0.0,0,0.0,1.1412501502300447e-16,G3,G2,2
G3_p5_w0_variable,G2_p2,10.0,1.0,1.0,0.0,0,0.0,0.0,G3,G2,2
G3_p5_w0_variable,G2_p2,0.0,0.9767441860465116,1.0,0.0232558139534884,0,0.0232558139534884,0.0,G3,G2,2
G3_p5_w0_variable,G2_p2,-5.0,0.9302325581395348,0.9767441860465116,0.0465116279069767,1,0.0,2.0536707899329546e-16,G3,G2,2
G3_p5_w0_variable,G2_p3,20.0,1.0,1.0,0.0,0,0.0,1.141250150268346e-16,G3,G2,3
G3_p5_w0_variable,G2_p3,10.0,1.0,1.0,0.0,0,0.0,0.0,G3,G2,3
G3_p5_w0_variable,G2_p3,0.0,0.9767441860465116,1.0,0.0232558139534884,0,0.0232558139534884,1.826000240429354e-16,G3,G2,3
G3_p5_w0_variable,G2_p3,-5.0,0.8636363636363636,0.9545454545454546,0.0909090909090909,1,0.1941354903943376,2.0536707900018776e-16,G3,G2,3
G3_p5_w0_variable,G2_p4,20.0,1.0,1.0,0.0,0,0.0,0.0,G3,G2,4
G3_p5_w0_variable,G2_p4,10.0,0.9767441860465116,1.0,0.0232558139534884,0,0.0454545454545454,0.0,G3,G2,4
G3_p5_w0_variable,G2_p4,0.0,0.6976744186046512,0.8636363636363636,0.1659619450317124,0,0.1363636363636363,0.0,G3,G2,4
G3_p5_w0_variable,G2_p4,-5.0,0.2424242424242424,0.5,0.2575757575757575,0,0.0734299516908212,0.0,G3,G2,4
G3_p5_w0_variable,G3_p1,20.0,1.0,1.0,0.0,0,0.0,1.1412501503055771e-16,G3,G3,1
G3_p5_w0_variable,G3_p1,10.0,1.0,1.0,0.0,0,0.0,1.4435799419900524e-16,G3,G3,1
G3_p5_w0_variable,G3_p1,0.0,0.8837209302325582,0.9767441860465116,0.0930232558139534,1,0.0494071146245058,0.0,G3,G3,1
G3_p5_w0_variable,G3_p1,-5.0,0.7555555555555555,0.8181818181818182,0.0626262626262627,0,0.1418439716312056,0.0,G3,G3,1
G3_p5_w0_variable,G3_p2,20.0,1.0,1.0,0.0,0,0.0,1.1412501502122786e-16,G3,G3,2
G3_p5_w0_variable,G3_p2,10.0,1.0,1.0,0.0,0,0.0,0.0,G3,G3,2
G3_p5_w0_variable,G3_p2,0.0,1.0,1.0,0.0,0,0.0,0.0,G3,G3,2
G3_p5_w0_variable,G3_p2,-5.0,1.0,1.0,0.0,0,0.0,0.0,G3,G3,2
G3_p5_w0_variable,G3_p3,20.0,1.0,1.0,0.0,0,0.0,1.1412501502281704e-16,G3,G3,3
G3_p5_w0_variable,G3_p3,10.0,1.0,1.0,0.0,0,0.0,0.0,G3,G3,3
G3_p5_w0_variable,G3_p3,0.0,1.0,1.0,0.0,0,0.0,1.826000240365073e-16,G3,G3,3
G3_p5_w0_variable,G3_p3,-5.0,0.9767441860465116,1.0,0.0232558139534884,0,0.0232558139534884,0.0,G3,G3,3
G3_p5_w0_variable,G3_p4,20.0,1.0,1.0,0.0,0,0.0,1.141250150246149e-16,G3,G3,4
G3_p5_w0_variable,G3_p4,10.0,1.0,1.0,0.0,0,0.0,1.443579941914882e-16,G3,G3,4
G3_p5_w0_variable,G3_p4,0.0,0.9767441860465116,1.0,0.0232558139534884,0,0.0232558139534884,0.0,G3,G3,4
G3_p5_w0_variable,G3_p4,-5.0,0.9333333333333332,1.0,0.0666666666666666,1,0.0393374741200828,0.0,G3,G3,4
G3_p5_w0_variable,G4_p1,20.0,1.0,1.0,0.0,0,0.0,1.141250150309946e-16,G3,G4,1
G3_p5_w0_variable,G4_p1,10.0,1.0,1.0,0.0,0,0.0,0.0,G3,G4,1
G3_p5_w0_variable,G4_p1,0.0,0.8695652173913043,0.9333333333333332,0.063768115942029,0,0.1034816247582205,0.0,G3,G4,1
G3_p5_w0_variable,G4_p1,-5.0,0.7555555555555555,0.851063829787234,0.0955082742316785,0,0.1194444444444444,2.0536707900767358e-16,G3,G4,1
G3_p5_w0_variable,G4_p2,20.0,1.0,1.0,0.0,0,0.0,0.0,G3,G4,2
G3_p5_w0_variable,G4_p2,10.0,1.0,1.0,0.0,0,0.0,0.0,G3,G4,2
G3_p5_w0_variable,G4_p2,0.0,1.0,1.0,0.0,0,0.0454545454545454,0.0,G3,G4,2
G3_p5_w0_variable,G4_p2,-5.0,0.8695652173913043,0.9545454545454546,0.0849802371541502,1,0.1045328399629972,0.0,G3,G4,2
G3_p5_w0_variable,G4_p3,20.0,1.0,1.0,0.0,0,0.0,1.1412501502190946e-16,G3,G4,3
G3_p5_w0_variable,G4_p3,10.0,1.0,1.0,0.0,0,0.0,1.4435799418806598e-16,G3,G4,3
G3_p5_w0_variable,G4_p3,0.0,0.9767441860465116,1.0,0.0232558139534884,0,0.0232558139534884,1.826000240350551e-16,G3,G4,3
G3_p5_w0_variable,G4_p3,-5.0,0.9523809523809524,1.0,0.0476190476190476,0,0.0476190476190476,2.05367078991325e-16,G3,G4,3
G3_p5_w0_variable,G4_p4,20.0,1.0,1.0,0.0,0,0.0,1.1412501502486002e-16,G3,G4,4
G3_p5_w0_variable,G4_p4,10.0,1.0,1.0,0.0,0,0.0,0.0,G3,G4,4
G3_p5_w0_variable,G4_p4,0.0,0.9767441860465116,1.0,0.0232558139534884,0,0.0909090909090909,0.0,G3,G4,4
G3_p5_w0_variable,G4_p4,-5.0,0.8181818181818182,0.9333333333333332,0.1151515151515151,0,0.0491725768321512,2.053670789966345e-16,G3,G4,4
G3_p5_w1_regular,G1_p1,20.0,1.0,1.0,0.0,0,0.0,1.1404555340047012e-16,G3,G1,1
G3_p5_w1_regular,G1_p1,10.0,1.0,1.0,0.0,0,0.0,0.0,G3,G1,1
G3_p5_w1_regular,G1_p1,0.0,0.9230769230769232,1.0,0.0769230769230768,1,0.0949241924851681,1.824728854407522e-16,G3,G1,1
G3_p5_w1_regular,G1_p1,-5.0,0.7906976744186046,0.8717948717948718,0.0810971973762672,0,0.0737127371273712,0.0,G3,G1,1
G3_p5_w1_regular,G1_p2,20.0,1.0,1.0,0.0,0,0.0,1.140455533952247e-16,G3,G1,2
G3_p5_w1_regular,G1_p2,10.0,1.0,1.0,0.0,0,0.0,0.0,G3,G1,2
G3_p5_w1_regular,G1_p2,0.0,0.9473684210526316,1.0,0.0526315789473684,1,0.0256045519203415,1.8247288543235958e-16,G3,G1,2
G3_p5_w1_regular,G1_p2,-5.0,0.8947368421052632,0.9473684210526316,0.0526315789473683,0,0.0755735492577597,0.0,G3,G1,2
G3_p5_w1_regular,G1_p3,20.0,1.0,1.0,0.0,0,0.0,1.1404555339549714e-16,G3,G1,3
G3_p5_w1_regular,G1_p3,10.0,1.0,1.0,0.0,0,0.0,1.4425748229764831e-16,G3,G1,3
G3_p5_w1_regular,G1_p3,0.0,1.0,1.0,0.0,0,0.0,0.0,G3,G1,3
G3_p5_w1_regular,G1_p3,-5.0,0.9444444444444444,1.0,0.0555555555555555,1,0.054054054054054,0.0,G3,G1,3
G3_p5_w1_regular,G1_p4,20.0,1.0,1.0,0.0,0,0.0,0.0,G3,G1,4
G3_p5_w1_regular,G1_p4,10.0,0.972972972972973,1.0,0.0270270270270269,0,0.0526315789473684,1.442574822940454e-16,G3,G1,4
G3_p5_w1_regular,G1_p4,0.0,0.7441860465116279,0.8717948717948718,0.1276088252832439,0,0.0879120879120878,1.824728854282381e-16,G3,G1,4
G3_p5_w1_regular,G1_p4,-5.0,0.5263157894736842,0.6060606060606061,0.0797448165869219,0,0.2241579558652729,2.0522408840604436e-16,G3,G1,4
G3_p5_w1_regular,G2_p1,20.0,1.0,1.0,0.0,0,0.0,1.140455534004069e-16,G3,G2,1
G3_p5_w1_regular,G2_p1,10.0,1.0,1.0,0.0,0,0.0,1.4425748230385872e-16,G3,G2,1
G3_p5_w1_regular,G2_p1,0.0,0.918918918918919,0.972972972972973,0.054054054054054,1,0.0526315789473683,0.0,G3,G2,1
G3_p5_w1_regular,G2_p1,-5.0,0.8,0.8717948717948718,0.0717948717948717,0,0.0952380952380952,0.0,G3,G2,1
G3_p5_w1_regular,G2_p2,20.0,1.0,1.0,0.0,0,0.0,0.0,G3,G2,2
G3_p5_w1_regular,G2_p2,10.0,1.0,1.0,0.0,0,0.0,2.885149645905095e-16,G3,G2,2
G3_p5_w1_regular,G2_p2,0.0,0.9444444444444444,0.972972972972973,0.0285285285285286,1,0.0,0.0,G3,G2,2
G3_p5_w1_regular,G2_p2,-5.0,0.9,0.972972972972973,0.072972972972973,1,0.1011781011781012,0.0,G3,G2,2
G3_p5_w1_regular,G2_p3,20.0,1.0,1.0,0.0,0,0.0,1.1404555339743239e-16,G3,G2,3
G3_p5_w1_regular,G2_p3,10.0,1.0,1.0,0.0,0,0.0,0.0,G3,G2,3
G3_p5_w1_regular,G2_p3,0.0,0.972972972972973,1.0,0.0270270270270269,0,0.0526315789473684,0.0,G3,G2,3
G3_p5_w1_regular,G2_p3,-5.0,0.8292682926829268,0.9230769230769232,0.0938086303939963,0,0.0947368421052631,4.104481768293047e-16,G3,G2,3
G3_p5_w1_regular,G2_p4,20.0,1.0,1.0,0.0,0,0.0,1.140455533930746e-16,G3,G2,4
G3_p5_w1_regular,G2_p4,10.0,0.972972972972973,1.0,0.0270270270270269,0,0.0526315789473684,0.0,G3,G2,4
G3_p5_w1_regular,G2_p4,0.0,0.75,0.8571428571428571,0.1071428571428571,0,0.057142857142857,0.0,G3,G2,4
G3_p5_w1_regular,G2_p4,-5.0,0.1481481481481481,0.5555555555555556,0.4074074074074074,0,0.1324570273003034,0.0,G3,G2,4
G3_p5_w1_regular,G3_p1,20.0,1.0,1.0,0.0,0,0.0,1.140455534011529e-16,G3,G3,1
G3_p5_w1_regular,G3_p1,10.0,1.0,1.0,0.0,0,0.0270270270270269,0.0,G3,G3,1
G3_p5_w1_regular,G3_p1,0.0,0.8717948717948718,0.9230769230769232,0.0512820512820513,0,0.0707317073170732,0.0,G3,G3,1
G3_p5_w1_regular,G3_p1,-5.0,0.7317073170731707,0.8095238095238095,0.0778164924506388,0,0.0750528541226215,0.0,G3,G3,1
G3_p5_w1_regular,G3_p2,20.0,1.0,1.0,0.0,0,0.0,2.2809110678365915e-16,G3,G3,2
G3_p5_w1_regular,G3_p2,10.0,1.0,1.0,0.0,0,0.0,1.4425748229300907e-16,G3,G3,2
G3_p5_w1_regular,G3_p2,0.0,1.0,1.0,0.0,0,0.0,1.8247288542692731e-16,G3,G3,2
G3_p5_w1_regular,G3_p2,-5.0,1.0,1.0,0.0,0,0.0,2.0522408840457003e-16,G3,G3,2
G3_p5_w1_regular,G3_p3,20.0,1.0,1.0,0.0,0,0.0,0.0,G3,G3,3
G3_p5_w1_regular,G3_p3,10.0,1.0,1.0,0.0,0,0.0,0.0,G3,G3,3
G3_p5_w1_regular,G3_p3,0.0,1.0,1.0,0.0,0,0.0,0.0,G3,G3,3
G3_p5_w1_regular,G3_p3,-5.0,0.972972972972973,1.0,0.0270270270270269,0,0.0270270270270269,0.0,G3,G3,3
G3_p5_w1_regular,G3_p4,20.0,1.0,1.0,0.0,0,0.0,0.0,G3,G3,4
G3_p5_w1_regular,G3_p4,10.0,1.0,1.0,0.0,0,0.0,1.4425748229729044e-16,G3,G3,4
G3_p5_w1_regular,G3_p4,0.0,0.972972972972973,1.0,0.0270270270270269,0,0.0526315789473684,1.8247288543234282e-16,G3,G3,4
G3_p5_w1_regular,G3_p4,-5.0,0.8717948717948718,1.0,0.1282051282051282,1,0.1818181818181817,0.0,G3,G3,4
G3_p5_w1_regular,G4_p1,20.0,1.0,1.0,0.0,0,0.0,1.1404555340158946e-16,G3,G4,1
G3_p5_w1_regular,G4_p1,10.0,1.0,1.0,0.0,0,0.0,1.4425748230535452e-16,G3,G4,1
G3_p5_w1_regular,G4_p1,0.0,0.8947368421052632,0.9230769230769232,0.0283400809716599,0,0.0578947368421053,0.0,G3,G4,1
G3_p5_w1_regular,G4_p1,-5.0,0.6511627906976745,0.7555555555555555,0.104392764857881,0,0.0158562367864694,0.0,G3,G4,1
G3_p5_w1_regular,G4_p2,20.0,1.0,1.0,0.0,0,0.0,1.1404555339533779e-16,G3,G4,2
G3_p5_w1_regular,G4_p2,10.0,1.0,1.0,0.0,0,0.0,1.4425748229744666e-16,G3,G4,2
G3_p5_w1_regular,G4_p2,0.0,0.972972972972973,1.0,0.0270270270270269,0,0.0270270270270269,0.0,G3,G4,2
G3_p5_w1_regular,G4_p2,-5.0,0.8421052631578947,0.9230769230769232,0.0809716599190284,0,0.065934065934066,0.0,G3,G4,2
G3_p5_w1_regular,G4_p3,20.0,1.0,1.0,0.0,0,0.0,1.1404555339251066e-16,G3,G4,3
G3_p5_w1_regular,G4_p3,10.0,1.0,1.0,0.0,0,0.0,0.0,G3,G4,3
G3_p5_w1_regular,G4_p3,0.0,0.972972972972973,1.0,0.0270270270270269,0,0.0270270270270269,0.0,G3,G4,3
G3_p5_w1_regular,G4_p3,-5.0,0.9444444444444444,1.0,0.0555555555555555,1,0.0555555555555555,2.0522408840579567e-16,G3,G4,3
G3_p5_w1_regular,G4_p4,20.0,1.0,1.0,0.0,0,0.0,1.1404555339545915e-16,G3,G4,4
G3_p5_w1_regular,G4_p4,10.0,1.0,1.0,0.0,0,0.0,1.4425748229760024e-16,G3,G4,4
G3_p5_w1_regular,G4_p4,0.0,0.9473684210526316,1.0,0.0526315789473684,1,0.0,1.8247288543273464e-16,G3,G4,4
G3_p5_w1_regular,G4_p4,-5.0,0.8181818181818182,0.85,0.0318181818181817,0,0.0685249709639953,0.0,G3,G4,4
G3_p5_w1_variable,G1_p1,20.0,1.0,1.0,0.0,0,0.0,0.0,G3,G1,1
G3_p5_w1_variable,G1_p1,10.0,1.0,1.0,0.0,0,0.0,0.0,G3,G1,1
G3_p5_w1_variable,G1_p1,0.0,0.9473684210526316,1.0,0.0526315789473684,1,0.0242914979757083,0.0,G3,G1,1
G3_p5_w1_variable,G1_p1,-5.0,0.7804878048780488,0.9,0.1195121951219512,0,0.091307066916823,0.0,G3,G1,1
G3_p5_w1_variable,G1_p2,20.0,1.0,1.0,0.0,0,0.0,1.1398462809227424e-16,G3,G1,2
G3_p5_w1_variable,G1_p2,10.0,1.0,1.0,0.0,0,0.0,0.0,G3,G1,2
G3_p5_w1_variable,G1_p2,0.0,0.918918918918919,0.972972972972973,0.054054054054054,1,0.054054054054054,0.0,G3,G1,2
G3_p5_w1_variable,G1_p2,-5.0,0.918918918918919,0.972972972972973,0.054054054054054,1,0.0782361308677098,0.0,G3,G1,2
G3_p5_w1_variable,G1_p3,20.0,1.0,1.0,0.0,0,0.0,1.139846280925465e-16,G3,G1,3
G3_p5_w1_variable,G1_p3,10.0,1.0,1.0,0.0,0,0.0,0.0,G3,G1,3
G3_p5_w1_variable,G1_p3,0.0,1.0,1.0,0.0,0,0.0,1.823754049480744e-16,G3,G1,3
G3_p5_w1_variable,G1_p3,-5.0,0.918918918918919,0.972972972972973,0.054054054054054,1,0.0498960498960499,2.0511445380125343e-16,G3,G1,3
G3_p5_w1_variable,G1_p4,20.0,1.0,1.0,0.0,0,0.0,0.0,G3,G1,4
G3_p5_w1_variable,G1_p4,10.0,1.0,1.0,0.0,0,0.0270270270270269,1.4418041720426342e-16,G3,G1,4
G3_p5_w1_variable,G1_p4,0.0,0.8,0.8292682926829268,0.0292682926829267,0,0.0673635307781649,0.0,G3,G1,4
G3_p5_w1_variable,G1_p4,-5.0,0.3448275862068966,0.5882352941176471,0.2434077079107505,0,0.1107419712070874,0.0,G3,G1,4
G3_p5_w1_variable,G2_p1,20.0,1.0,1.0,0.0,0,0.0,0.0,G3,G2,1
G3_p5_w1_variable,G2_p1,10.0,1.0,1.0,0.0,0,0.0,0.0,G3,G2,1
G3_p5_w1_variable,G2_p1,0.0,0.8421052631578947,0.9473684210526316,0.1052631578947368,0,0.0973684210526315,0.0,G3,G2,1
G3_p5_w1_variable,G2_p1,-5.0,0.7804878048780488,0.8292682926829268,0.0487804878048779,0,0.146341463414634,2.0511445381008392e-16,G3,G2,1
G3_p5_w1_variable,G2_p2,20.0,1.0,1.0,0.0,0,0.0,1.1398462809065527e-16,G3,G2,2
G3_p5_w1_variable,G2_p2,10.0,1.0,1.0,0.0,0,0.0,1.441804172054721e-16,G3,G2,2
G3_p5_w1_variable,G2_p2,0.0,0.972972972972973,1.0,0.0270270270270269,0,0.0270270270270269,1.8237540494504842e-16,G3,G2,2
G3_p5_w1_variable,G2_p2,-5.0,0.8648648648648649,0.972972972972973,0.1081081081081081,1,0.0782361308677098,0.0,G3,G2,2
G3_p5_w1_variable,G2_p3,20.0,1.0,1.0,0.0,0,0.0,0.0,G3,G2,3
G3_p5_w1_variable,G2_p3,10.0,1.0,1.0,0.0,0,0.0,1.4418041721031098e-16,G3,G2,3
G3_p5_w1_variable,G2_p3,0.0,1.0,1.0,0.0,0,0.0270270270270269,0.0,G3,G2,3
G3_p5_w1_variable,G2_p3,-5.0,0.8095238095238095,0.9473684210526316,0.137844611528822,0,0.1093023255813954,0.0,G3,G2,3
G3_p5_w1_variable,G2_p4,20.0,1.0,1.0,0.0,0,0.0,0.0,G3,G2,4
G3_p5_w1_variable,G2_p4,10.0,1.0,1.0,0.0,0,0.0270270270270269,2.883608344096034e-16,G3,G2,4
G3_p5_w1_variable,G2_p4,0.0,0.7692307692307693,0.8571428571428571,0.0879120879120878,0,0.0879120879120878,1.8237540494420047e-16,G3,G2,4
G3_p5_w1_variable,G2_p4,-5.0,0.3225806451612903,0.5294117647058824,0.206831119544592,0,0.1860465116279069,0.0,G3,G2,4
G3_p5_w1_variable,G3_p1,20.0,1.0,1.0,0.0,0,0.0,1.1398462809819923e-16,G3,G3,1
G3_p5_w1_variable,G3_p1,10.0,1.0,1.0,0.0,0,0.0,0.0,G3,G3,1
G3_p5_w1_variable,G3_p1,0.0,0.8648648648648649,0.9473684210526316,0.0825035561877666,0,0.1307692307692307,0.0,G3,G3,1
G3_p5_w1_variable,G3_p1,-5.0,0.5641025641025641,0.8,0.2358974358974359,0,0.2048726467331119,2.0511445381142542e-16,G3,G3,1
G3_p5_w1_variable,G3_p2,20.0,1.0,1.0,0.0,0,0.0,1.1398462808888088e-16,G3,G3,2
G3_p5_w1_variable,G3_p2,10.0,1.0,1.0,0.0,0,0.0,0.0,G3,G3,2
G3_p5_w1_variable,G3_p2,0.0,1.0,1.0,0.0,0,0.0,0.0,G3,G3,2
G3_p5_w1_variable,G3_p2,-5.0,1.0,1.0,0.0,0,0.0,0.0,G3,G3,2
G3_p5_w1_variable,G3_p3,20.0,1.0,1.0,0.0,0,0.0,1.139846280904681e-16,G3,G3,3
G3_p5_w1_variable,G3_p3,10.0,1.0,1.0,0.0,0,0.0,0.0,G3,G3,3
G3_p5_w1_variable,G3_p3,0.0,1.0,1.0,0.0,0,0.0,0.0,G3,G3,3
G3_p5_w1_variable,G3_p3,-5.0,0.972972972972973,1.0,0.0270270270270269,0,0.0270270270270269,0.0,G3,G3,3
G3_p5_w1_variable,G3_p4,20.0,1.0,1.0,0.0,0,0.0,0.0,G3,G3,4
G3_p5_w1_variable,G3_p4,10.0,1.0,1.0,0.0,0,0.0,0.0,G3,G3,4
G3_p5_w1_variable,G3_p4,0.0,0.972972972972973,1.0,0.0270270270270269,0,0.0270270270270269,1.8237540494762206e-16,G3,G3,4
G3_p5_w1_variable,G3_p4,-5.0,0.8421052631578947,0.9230769230769232,0.0809716599190284,0,0.0526315789473683,0.0,G3,G3,4
G3_p5_w1_variable,G4_p1,20.0,1.0,1.0,0.0,0,0.0,1.1398462809863561e-16,G3,G4,1
G3_p5_w1_variable,G4_p1,10.0,1.0,1.0,0.0,0,0.0,1.441804172155665e-16,G3,G4,1
G3_p5_w1_variable,G4_p1,0.0,0.8205128205128205,0.918918918918919,0.0984060984060984,0,0.0622710622710622,0.0,G3,G4,1
G3_p5_w1_variable,G4_p1,-5.0,0.6341463414634146,0.8372093023255814,0.2030629608621668,0,0.1553911205073996,0.0,G3,G4,1
G3_p5_w1_variable,G4_p2,20.0,1.0,1.0,0.0,0,0.0,0.0,G3,G4,2
G3_p5_w1_variable,G4_p2,10.0,1.0,1.0,0.0,0,0.0,1.4418041720766287e-16,G3,G4,2
G3_p5_w1_variable,G4_p2,0.0,1.0,1.0,0.0,0,0.0270270270270269,0.0,G3,G4,2
G3_p5_w1_variable,G4_p2,-5.0,0.8717948717948718,0.9,0.0282051282051282,0,0.0707317073170732,0.0,G3,G4,2
G3_p5_w1_variable,G4_p3,20.0,1.0,1.0,0.0,0,0.0,1.1398462808956162e-16,G3,G4,3
G3_p5_w1_variable,G4_p3,10.0,1.0,1.0,0.0,0,0.0,0.0,G3,G4,3
G3_p5_w1_variable,G4_p3,0.0,0.972972972972973,1.0,0.0270270270270269,0,0.0270270270270269,1.8237540494329863e-16,G3,G4,3
G3_p5_w1_variable,G4_p3,-5.0,0.972972972972973,1.0,0.0270270270270269,0,0.0270270270270269,2.051144537958821e-16,G3,G4,3
G3_p5_w1_variable,G4_p4,20.0,1.0,1.0,0.0,0,0.0,1.1398462809250856e-16,G3,G4,4
G3_p5_w1_variable,G4_p4,10.0,1.0,1.0,0.0,0,0.0,1.4418041720781636e-16,G3,G4,4
G3_p5_w1_variable,G4_p4,0.0,0.9473684210526316,0.972972972972973,0.0256045519203415,1,0.0256045519203415,0.0,G3,G4,4
G3_p5_w1_variable,G4_p4,-5.0,0.7906976744186046,0.8571428571428571,0.0664451827242524,0,0.0844155844155843,0.0,G3,G4,4
G3_p5_w2_regular,G1_p1,20.0,1.0,1.0,0.0,0,0.0,0.0,G3,G1,1
G3_p5_w2_regular,G1_p1,10.0,1.0,1.0,0.0,0,0.0,0.0,G3,G1,1
G3_p5_w2_regular,G1_p1,0.0,0.9230769230769232,1.0,0.0769230769230768,1,0.072972972972973,0.0,G3,G1,1
G3_p5_w2_regular,G1_p1,-5.0,0.7727272727272727,0.9,0.1272727272727273,0,0.0844155844155843,0.0,G3,G1,1
G3_p5_w2_regular,G1_p2,20.0,1.0,1.0,0.0,0,0.0,1.1354032429787392e-16,G3,G1,2
G3_p5_w2_regular,G1_p2,10.0,1.0,1.0,0.0,0,0.0,1.4361841242217586e-16,G3,G1,2
G3_p5_w2_regular,G1_p2,0.0,0.9473684210526316,1.0,0.0526315789473684,1,0.0526315789473684,0.0,G3,G1,2
G3_p5_w2_regular,G1_p2,-5.0,0.8947368421052632,0.972972972972973,0.0782361308677098,1,0.0242914979757083,2.0431493257026686e-16,G3,G1,2
G3_p5_w2_regular,G1_p3,20.0,1.0,1.0,0.0,0,0.0,0.0,G3,G1,3
G3_p5_w2_regular,G1_p3,10.0,1.0,1.0,0.0,0,0.0,1.4361841242251896e-16,G3,G1,3
G3_p5_w2_regular,G1_p3,0.0,1.0,1.0,0.0,0,0.0,1.8166451887703222e-16,G3,G1,3
G3_p5_w2_regular,G1_p3,-5.0,0.972972972972973,1.0,0.0270270270270269,0,0.0473684210526315,0.0,G3,G1,3
G3_p5_w2_regular,G1_p4,20.0,1.0,1.0,0.0,0,0.0,1.1354032429530943e-16,G3,G1,4
G3_p5_w2_regular,G1_p4,10.0,0.9473684210526316,1.0,0.0526315789473684,1,0.0526315789473684,0.0,G3,G1,4
G3_p5_w2_regular,G1_p4,0.0,0.7,0.9,0.2,0,0.1254355400696863,1.8166451887249504e-16,G3,G1,4
G3_p5_w2_regular,G1_p4,-5.0,0.1428571428571428,0.5,0.3571428571428571,0,0.1804878048780488,2.043149325656521e-16,G3,G1,4
G3_p5_w2_regular,G2_p1,20.0,1.0,1.0,0.0,0,0.0,1.1354032430303321e-16,G3,G2,1
G3_p5_w2_regular,G2_p1,10.0,1.0,1.0,0.0,0,0.0,0.0,G3,G2,1
G3_p5_w2_regular,G2_p1,0.0,0.8947368421052632,0.972972972972973,0.0782361308677098,1,0.0949241924851681,0.0,G3,G2,1
G3_p5_w2_regular,G2_p1,-5.0,0.717948717948718,0.8205128205128205,0.1025641025641025,0,0.1265969802555168,2.0431493257955099e-16,G3,G2,1
G3_p5_w2_regular,G2_p2,20.0,1.0,1.0,0.0,0,0.0,1.1354032429626129e-16,G3,G2,2
G3_p5_w2_regular,G2_p2,10.0,1.0,1.0,0.0,0,0.0,0.0,G3,G2,2
G3_p5_w2_regular,G2_p2,0.0,0.972972972972973,1.0,0.0270270270270269,0,0.0270270270270269,1.8166451887401803e-16,G3,G2,2
G3_p5_w2_regular,G2_p2,-5.0,0.8421052631578947,0.9473684210526316,0.1052631578947368,0,0.0526315789473683,2.0431493256736496e-16,G3,G2,2
G3_p5_w2_regular,G2_p3,20.0,1.0,1.0,0.0,0,0.0,1.135403243000718e-16,G3,G2,3
G3_p5_w2_regular,G2_p3,10.0,1.0,1.0,0.0,0,0.0,1.4361841242495603e-16,G3,G2,3
G3_p5_w2_regular,G2_p3,0.0,0.972972972972973,1.0,0.0270270270270269,0,0.0526315789473684,0.0,G3,G2,3
G3_p5_w2_regular,G2_p3,-5.0,0.8205128205128205,0.9473684210526316,0.126855600539811,0,0.123076923076923,2.0431493257422199e-16,G3,G2,3
G3_p5_w2_regular,G2_p4,20.0,1.0,1.0,0.0,0,0.0,0.0,G3,G2,4
G3_p5_w2_regular,G2_p4,10.0,1.0,1.0,0.0,0,0.0526315789473684,0.0,G3,G2,4
G3_p5_w2_regular,G2_p4,0.0,0.7027027027027027,0.85,0.1472972972972972,0,0.1571428571428571,1.816645188731733e-16,G3,G2,4
G3_p5_w2_regular,G2_p4,-5.0,0.2758620689655172,0.7368421052631579,0.4609800362976406,0,0.1691331923890063,0.0,G3,G2,4
G3_p5_w2_regular,G3_p1,20.0,1.0,1.0,0.0,0,0.0,0.0,G3,G3,1
G3_p5_w2_regular,G3_p1,10.0,0.972972972972973,1.0,0.0270270270270269,0,0.0270270270270269,0.0,G3,G3,1
G3_p5_w2_regular,G3_p1,0.0,0.8717948717948718,0.9473684210526316,0.0755735492577597,0,0.0973684210526315,0.0,G3,G3,1
G3_p5_w2_regular,G3_p1,-5.0,0.6976744186046512,0.8,0.1023255813953488,0,0.098669623059867,0.0,G3,G3,1
G3_p5_w2_regular,G3_p2,20.0,1.0,1.0,0.0,0,0.0,1.135403242944938e-16,G3,G3,2
G3_p5_w2_regular,G3_p2,10.0,1.0,1.0,0.0,0,0.0,1.436184124179003e-16,G3,G3,2
G3_p5_w2_regular,G3_p2,0.0,1.0,1.0,0.0,0,0.0,0.0,G3,G3,2
G3_p5_w2_regular,G3_p2,-5.0,1.0,1.0,0.0,0,0.0,0.0,G3,G3,2
G3_p5_w2_regular,G3_p3,20.0,1.0,1.0,0.0,0,0.0,1.1354032429607482e-16,G3,G3,3
G3_p5_w2_regular,G3_p3,10.0,1.0,1.0,0.0,0,0.0,0.0,G3,G3,3
G3_p5_w2_regular,G3_p3,0.0,1.0,1.0,0.0,0,0.0,0.0,G3,G3,3
G3_p5_w2_regular,G3_p3,-5.0,0.972972972972973,1.0,0.0270270270270269,0,0.0270270270270269,0.0,G3,G3,3
G3_p5_w2_regular,G3_p4,20.0,1.0,1.0,0.0,0,0.0,0.0,G3,G3,4
G3_p5_w2_regular,G3_p4,10.0,1.0,1.0,0.0,0,0.0,0.0,G3,G3,4
G3_p5_w2_regular,G3_p4,0.0,0.972972972972973,1.0,0.0270270270270269,0,0.0270270270270269,0.0,G3,G3,4
G3_p5_w2_regular,G3_p4,-5.0,0.8205128205128205,0.9230769230769232,0.1025641025641026,0,0.0938086303939963,0.0,G3,G3,4
G3_p5_w2_regular,G4_p1,20.0,1.0,1.0,0.0,0,0.0,1.1354032430421047e-16,G3,G4,1
G3_p5_w2_regular,G4_p1,10.0,1.0,1.0,0.0,0,0.0,0.0,G3,G4,1
G3_p5_w2_regular,G4_p1,0.0,0.8205128205128205,0.8717948717948718,0.0512820512820513,0,0.0717948717948717,1.8166451888673681e-16,G3,G4,1
G3_p5_w2_regular,G4_p1,-5.0,0.6341463414634146,0.7441860465116279,0.1100397050482132,0,0.092063492063492,0.0,G3,G4,1
G3_p5_w2_regular,G4_p2,20.0,1.0,1.0,0.0,0,0.0,1.1354032429798648e-16,G3,G4,2
G3_p5_w2_regular,G4_p2,10.0,1.0,1.0,0.0,0,0.0,0.0,G3,G4,2
G3_p5_w2_regular,G4_p2,0.0,0.9473684210526316,1.0,0.0526315789473684,1,0.0270270270270269,0.0,G3,G4,2
G3_p5_w2_regular,G4_p2,-5.0,0.85,0.9,0.05,0,0.1323792486583185,0.0,G3,G4,2
G3_p5_w2_regular,G4_p3,20.0,1.0,1.0,0.0,0,0.0,1.1354032429517187e-16,G3,G4,3
G3_p5_w2_regular,G4_p3,10.0,1.0,1.0,0.0,0,0.0,1.4361841241875802e-16,G3,G4,3
G3_p5_w2_regular,G4_p3,0.0,0.972972972972973,1.0,0.0270270270270269,0,0.0270270270270269,0.0,G3,G4,3
G3_p5_w2_regular,G4_p3,-5.0,0.972972972972973,1.0,0.0270270270270269,0,0.0270270270270269,2.0431493256540462e-16,G3,G4,3
G3_p5_w2_regular,G4_p4,20.0,1.0,1.0,0.0,0,0.0,1.135403242981073e-16,G3,G4,4
G3_p5_w2_regular,G4_p4,10.0,1.0,1.0,0.0,0,0.0,0.0,G3,G4,4
G3_p5_w2_regular,G4_p4,0.0,0.972972972972973,1.0,0.0270270270270269,0,0.0270270270270269,0.0,G3,G4,4
G3_p5_w2_regular,G4_p4,-5.0,0.7804878048780488,0.8717948717948718,0.091307066916823,0,0.105813953488372,0.0,G3,G4,4
G3_p5_w2_variable,G1_p1,20.0,1.0,1.0,0.0,0,0.0,1.1597644995200031e-16,G3,G1,1
G3_p5_w2_variable,G1_p1,10.0,1.0,1.0,0.0,0,0.0,0.0,G3,G1,1
G3_p5_w2_variable,G1_p1,0.0,0.918918918918919,1.0,0.081081081081081,1,0.0766917293233082,1.855623199232005e-16,G3,G1,1
G3_p5_w2_variable,G1_p1,-5.0,0.8,0.8888888888888888,0.0888888888888888,0,0.1331575477916942,0.0,G3,G1,1
G3_p5_w2_variable,G1_p2,20.0,1.0,1.0,0.0,0,0.0,0.0,G3,G1,2
G3_p5_w2_variable,G1_p2,10.0,1.0,1.0,0.0,0,0.0,0.0,G3,G1,2
G3_p5_w2_variable,G1_p2,0.0,0.9714285714285714,1.0,0.0285714285714285,0,0.0555555555555555,0.0,G3,G1,2
G3_p5_w2_variable,G1_p2,-5.0,0.8421052631578947,0.9142857142857144,0.0721804511278195,0,0.0721804511278195,0.0,G3,G1,2
G3_p5_w2_variable,G1_p3,20.0,1.0,1.0,0.0,0,0.0,1.1597644994694315e-16,G3,G1,3
G3_p5_w2_variable,G1_p3,10.0,1.0,1.0,0.0,0,0.0,1.4669989470914182e-16,G3,G1,3
G3_p5_w2_variable,G1_p3,0.0,1.0,1.0,0.0,0,0.0,1.8556231991510908e-16,G3,G1,3
G3_p5_w2_variable,G1_p3,-5.0,0.9444444444444444,1.0,0.0555555555555555,1,0.0766917293233082,0.0,G3,G1,3
G3_p5_w2_variable,G1_p4,20.0,1.0,1.0,0.0,0,0.0,1.1597644994404662e-16,G3,G1,4
G3_p5_w2_variable,G1_p4,10.0,1.0,1.0,0.0,0,0.0285714285714285,1.4669989470547798e-16,G3,G1,4
G3_p5_w2_variable,G1_p4,0.0,0.6842105263157895,0.8947368421052632,0.2105263157894736,0,0.1538461538461538,1.8556231991047455e-16,G3,G1,4
G3_p5_w2_variable,G1_p4,-5.0,0.5,0.6486486486486487,0.1486486486486486,0,0.0801393728222996,0.0,G3,G1,4
G3_p5_w2_variable,G2_p1,20.0,1.0,1.0,0.0,0,0.0,1.1597644995193612e-16,G3,G2,1
G3_p5_w2_variable,G2_p1,10.0,1.0,1.0,0.0,0,0.0,0.0,G3,G2,1
G3_p5_w2_variable,G2_p1,0.0,0.9444444444444444,0.9714285714285714,0.026984126984127,1,0.1065637065637065,1.855623199230977e-16,G3,G2,1
G3_p5_w2_variable,G2_p1,-5.0,0.7027027027027027,0.8888888888888888,0.1861861861861861,0,0.2,0.0,G3,G2,1
G3_p5_w2_variable,G2_p2,20.0,1.0,1.0,0.0,0,0.0,0.0,G3,G2,2
G3_p5_w2_variable,G2_p2,10.0,1.0,1.0,0.0,0,0.0,0.0,G3,G2,2
G3_p5_w2_variable,G2_p2,0.0,0.9411764705882352,1.0,0.0588235294117647,1,0.0588235294117647,1.8556231991203023e-16,G3,G2,2
G3_p5_w2_variable,G2_p2,-5.0,0.8571428571428571,0.9714285714285714,0.1142857142857143,1,0.0571428571428571,0.0,G3,G2,2
G3_p5_w2_variable,G2_p3,20.0,1.0,1.0,0.0,0,0.0,0.0,G3,G2,3
G3_p5_w2_variable,G2_p3,10.0,1.0,1.0,0.0,0,0.0,0.0,G3,G2,3
G3_p5_w2_variable,G2_p3,0.0,1.0,1.0,0.0,0,0.0285714285714285,1.8556231991825792e-16,G3,G2,3
G3_p5_w2_variable,G2_p3,-5.0,0.8648648648648649,0.9444444444444444,0.0795795795795795,0,0.0742240215924426,0.0,G3,G2,3
G3_p5_w2_variable,G2_p4,20.0,1.0,1.0,0.0,0,0.0,0.0,G3,G2,4
G3_p5_w2_variable,G2_p4,10.0,1.0,1.0,0.0,0,0.0285714285714285,0.0,G3,G2,4
G3_p5_w2_variable,G2_p4,0.0,0.7692307692307693,0.8648648648648649,0.0956340956340956,0,0.0512820512820512,0.0,G3,G2,4
G3_p5_w2_variable,G2_p4,-5.0,0.3448275862068966,0.5454545454545454,0.2006269592476488,0,0.0888888888888889,0.0,G3,G2,4
G3_p5_w2_variable,G3_p1,20.0,1.0,1.0,0.0,0,0.0,1.1597644995269469e-16,G3,G3,1
G3_p5_w2_variable,G3_p1,10.0,1.0,1.0,0.0,0,0.0,1.4669989471641695e-16,G3,G3,1
G3_p5_w2_variable,G3_p1,0.0,0.8648648648648649,0.9444444444444444,0.0795795795795795,0,0.0726495726495726,0.0,G3,G3,1
G3_p5_w2_variable,G3_p1,-5.0,0.7317073170731707,0.8205128205128205,0.0888055034396497,0,0.0304878048780488,0.0,G3,G3,1
G3_p5_w2_variable,G3_p2,20.0,1.0,1.0,0.0,0,0.0,0.0,G3,G3,2
G3_p5_w2_variable,G3_p2,10.0,1.0,1.0,0.0,0,0.0,0.0,G3,G3,2
G3_p5_w2_variable,G3_p2,0.0,1.0,1.0,0.0,0,0.0,1.855623199091416e-16,G3,G3,2
G3_p5_w2_variable,G3_p2,-5.0,1.0,1.0,0.0,0,0.0,0.0,G3,G3,2
G3_p5_w2_variable,G3_p3,20.0,1.0,1.0,0.0,0,0.0,1.1597644994482844e-16,G3,G3,3
G3_p5_w2_variable,G3_p3,10.0,1.0,1.0,0.0,0,0.0,0.0,G3,G3,3
G3_p5_w2_variable,G3_p3,0.0,1.0,1.0,0.0,0,0.0,1.8556231991172548e-16,G3,G3,3
G3_p5_w2_variable,G3_p3,-5.0,0.9714285714285714,1.0,0.0285714285714285,0,0.0285714285714285,0.0,G3,G3,3
G3_p5_w2_variable,G3_p4,20.0,1.0,1.0,0.0,0,0.0,1.1597644994665546e-16,G3,G3,4
G3_p5_w2_variable,G3_p4,10.0,1.0,1.0,0.0,0,0.0,2.9339978941755587e-16,G3,G3,4
G3_p5_w2_variable,G3_p4,0.0,0.9714285714285714,1.0,0.0285714285714285,0,0.0285714285714285,0.0,G3,G3,4
G3_p5_w2_variable,G3_p4,-5.0,0.8648648648648649,0.9444444444444444,0.0795795795795795,0,0.1239316239316239,0.0,G3,G3,4
G3_p5_w2_variable,G4_p1,20.0,1.0,1.0,0.0,0,0.0,0.0,G3,G4,1
G3_p5_w2_variable,G4_p1,10.0,1.0,1.0,0.0,0,0.0,1.4669989471697861e-16,G3,G4,1
G3_p5_w2_variable,G4_p1,0.0,0.8648648648648649,0.8947368421052632,0.0298719772403982,0,0.0855855855855856,1.8556231992502183e-16,G3,G4,1
G3_p5_w2_variable,G4_p1,-5.0,0.6153846153846154,0.7777777777777778,0.1623931623931623,0,0.1055939660590823,0.0,G3,G4,1
G3_p5_w2_variable,G4_p2,20.0,1.0,1.0,0.0,0,0.0,0.0,G3,G4,2
G3_p5_w2_variable,G4_p2,10.0,1.0,1.0,0.0,0,0.0,1.4669989470893684e-16,G3,G4,2
G3_p5_w2_variable,G4_p2,0.0,1.0,1.0,0.0,0,0.0285714285714285,1.8556231991484974e-16,G3,G4,2
G3_p5_w2_variable,G4_p2,-5.0,0.8108108108108109,0.8947368421052632,0.0839260312944523,0,0.1578947368421053,2.0869872177262427e-16,G3,G4,2
G3_p5_w2_variable,G4_p3,20.0,1.0,1.0,0.0,0,0.0,1.159764499439061e-16,G3,G4,3
G3_p5_w2_variable,G4_p3,10.0,1.0,1.0,0.0,0,0.0,1.4669989470530024e-16,G3,G4,3
G3_p5_w2_variable,G4_p3,0.0,0.9714285714285714,1.0,0.0285714285714285,0,0.0285714285714285,1.8556231991024982e-16,G3,G4,3
G3_p5_w2_variable,G4_p3,-5.0,0.9411764705882352,1.0,0.0588235294117647,1,0.0588235294117647,0.0,G3,G4,3
G3_p5_w2_variable,G4_p4,20.0,1.0,1.0,0.0,0,0.0,0.0,G3,G4,4
G3_p5_w2_variable,G4_p4,10.0,1.0,1.0,0.0,0,0.0,1.4669989470909296e-16,G3,G4,4
G3_p5_w2_variable,G4_p4,0.0,0.9714285714285714,0.9714285714285714,0.0,0,0.026984126984127,0.0,G3,G4,4
G3_p5_w2_variable,G4_p4,-5.0,0.7692307692307693,0.8421052631578947,0.0728744939271254,0,0.0616174582798458,0.0,G3,G4,4
G3_p5_w3_regular,G1_p1,20.0,1.0,1.0,0.0,0,0.0,0.0,G3,G1,1
G3_p5_w3_regular,G1_p1,10.0,1.0,1.0,0.0,0,0.0,1.4803745839767216e-16,G3,G1,1
G3_p5_w3_regular,G1_p1,0.0,0.918918918918919,1.0,0.081081081081081,1,0.0766917293233082,0.0,G3,G1,1
G3_p5_w3_regular,G1_p1,-5.0,0.7777777777777778,0.8648648648648649,0.0870870870870871,0,0.097560975609756,2.106015713464593e-16,G3,G1,1
G3_p5_w3_regular,G1_p2,20.0,1.0,1.0,0.0,0,0.0,1.170338868843833e-16,G3,G1,2
G3_p5_w3_regular,G1_p2,10.0,1.0,1.0,0.0,0,0.0,0.0,G3,G1,2
G3_p5_w3_regular,G1_p2,0.0,0.9444444444444444,0.9714285714285714,0.026984126984127,1,0.0302521008403361,0.0,G3,G1,2
G3_p5_w3_regular,G1_p2,-5.0,0.8648648648648649,0.918918918918919,0.054054054054054,0,0.1065637065637065,0.0,G3,G1,2
G3_p5_w3_regular,G1_p3,20.0,1.0,1.0,0.0,0,0.0,1.1703388688466287e-16,G3,G1,3
G3_p5_w3_regular,G1_p3,10.0,1.0,1.0,0.0,0,0.0,0.0,G3,G1,3
G3_p5_w3_regular,G1_p3,0.0,1.0,1.0,0.0,0,0.0,0.0,G3,G1,3
G3_p5_w3_regular,G1_p3,-5.0,0.9444444444444444,1.0,0.0555555555555555,1,0.0525096525096524,2.10601571337276e-16,G3,G1,3
G3_p5_w3_regular,G1_p4,20.0,1.0,1.0,0.0,0,0.0,0.0,G3,G1,4
G3_p5_w3_regular,G1_p4,10.0,0.9714285714285714,1.0,0.0285714285714285,0,0.0285714285714285,0.0,G3,G1,4
G3_p5_w3_regular,G1_p4,0.0,0.8108108108108109,0.8205128205128205,0.0097020097020096,0,0.0205128205128204,1.872542190107839e-16,G3,G1,4
G3_p5_w3_regular,G1_p4,-5.0,0.5945945945945946,0.6486486486486487,0.054054054054054,0,0.0999999999999999,0.0,G3,G1,4
G3_p5_w3_regular,G2_p1,20.0,1.0,1.0,0.0,0,0.0,0.0,G3,G2,1
G3_p5_w3_regular,G2_p1,10.0,1.0,1.0,0.0,0,0.0,0.0,G3,G2,1
G3_p5_w3_regular,G2_p1,0.0,0.8888888888888888,0.9714285714285714,0.0825396825396825,1,0.0825396825396825,0.0,G3,G2,1
G3_p5_w3_regular,G2_p1,-5.0,0.7567567567567568,0.8888888888888888,0.132132132132132,0,0.1421052631578947,0.0,G3,G2,1
G3_p5_w3_regular,G2_p2,20.0,1.0,1.0,0.0,0,0.0,0.0,G3,G2,2
G3_p5_w3_regular,G2_p2,10.0,1.0,1.0,0.0,0,0.0,0.0,G3,G2,2
G3_p5_w3_regular,G2_p2,0.0,0.9714285714285714,1.0,0.0285714285714285,0,0.0285714285714285,1.872542190123537e-16,G3,G2,2
G3_p5_w3_regular,G2_p2,-5.0,0.9444444444444444,0.9714285714285714,0.026984126984127,1,0.0,2.106015713337817e-16,G3,G2,2
G3_p5_w3_regular,G2_p3,20.0,1.0,1.0,0.0,0,0.0,1.1703388688664883e-16,G3,G2,3
G3_p5_w3_regular,G2_p3,10.0,1.0,1.0,0.0,0,0.0,1.4803745839372912e-16,G3,G2,3
G3_p5_w3_regular,G2_p3,0.0,1.0,1.0,0.0,0,0.0285714285714285,0.0,G3,G2,3
G3_p5_w3_regular,G2_p3,-5.0,0.8108108108108109,0.9444444444444444,0.1336336336336335,0,0.1294452347083926,0.0,G3,G2,3
G3_p5_w3_regular,G2_p4,20.0,1.0,1.0,0.0,0,0.0,0.0,G3,G2,4
G3_p5_w3_regular,G2_p4,10.0,1.0,1.0,0.0,0,0.0555555555555555,1.4803745838807244e-16,G3,G2,4
G3_p5_w3_regular,G2_p4,0.0,0.7567567567567568,0.8717948717948718,0.115038115038115,0,0.1875843454790823,1.8725421901148302e-16,G3,G2,4
G3_p5_w3_regular,G2_p4,-5.0,0.3870967741935484,0.6285714285714286,0.2414746543778801,0,0.0829268292682927,0.0,G3,G2,4
G3_p5_w3_regular,G3_p1,20.0,1.0,1.0,0.0,0,0.0,0.0,G3,G3,1
G3_p5_w3_regular,G3_p1,10.0,1.0,1.0,0.0,0,0.0,0.0,G3,G3,1
G3_p5_w3_regular,G3_p1,0.0,0.8888888888888888,0.9444444444444444,0.0555555555555555,0,0.1336336336336335,0.0,G3,G3,1
G3_p5_w3_regular,G3_p1,-5.0,0.7368421052631579,0.7894736842105263,0.0526315789473684,0,0.0715249662618083,0.0,G3,G3,1
G3_p5_w3_regular,G3_p2,20.0,1.0,1.0,0.0,0,0.0,0.0,G3,G3,2
G3_p5_w3_regular,G3_p2,10.0,1.0,1.0,0.0,0,0.0,1.4803745838645626e-16,G3,G3,2
G3_p5_w3_regular,G3_p2,0.0,1.0,1.0,0.0,0,0.0,0.0,G3,G3,2
G3_p5_w3_regular,G3_p2,-5.0,1.0,1.0,0.0,0,0.0,0.0,G3,G3,2
G3_p5_w3_regular,G3_p3,20.0,1.0,1.0,0.0,0,0.0,0.0,G3,G3,3
G3_p5_w3_regular,G3_p3,10.0,1.0,1.0,0.0,0,0.0,0.0,G3,G3,3
G3_p5_w3_regular,G3_p3,0.0,1.0,1.0,0.0,0,0.0,1.8725421901204615e-16,G3,G3,3
G3_p5_w3_regular,G3_p3,-5.0,0.9714285714285714,1.0,0.0285714285714285,0,0.0285714285714285,2.1060157133343582e-16,G3,G3,3
G3_p5_w3_regular,G3_p4,20.0,1.0,1.0,0.0,0,0.0,0.0,G3,G3,4
G3_p5_w3_regular,G3_p4,10.0,1.0,1.0,0.0,0,0.0,1.480374583908498e-16,G3,G3,4
G3_p5_w3_regular,G3_p4,0.0,0.9714285714285714,1.0,0.0285714285714285,0,0.0555555555555555,0.0,G3,G3,4
G3_p5_w3_regular,G3_p4,-5.0,0.8648648648648649,0.9444444444444444,0.0795795795795795,0,0.1023391812865497,2.106015713367536e-16,G3,G3,4
G3_p5_w3_regular,G4_p1,20.0,1.0,1.0,0.0,0,0.0,0.0,G3,G4,1
G3_p5_w3_regular,G4_p1,10.0,1.0,1.0,0.0,0,0.0,0.0,G3,G4,1
G3_p5_w3_regular,G4_p1,0.0,0.8947368421052632,0.918918918918919,0.0241820768136558,0,0.0768136557610242,0.0,G3,G4,1
G3_p5_w3_regular,G4_p1,-5.0,0.7368421052631579,0.8205128205128205,0.0836707152496626,0,0.1375859912445277,2.106015713485263e-16,G3,G4,1
G3_p5_w3_regular,G4_p2,20.0,1.0,1.0,0.0,0,0.0,1.170338868844993e-16,G3,G4,2
G3_p5_w3_regular,G4_p2,10.0,1.0,1.0,0.0,0,0.0,1.480374583910101e-16,G3,G4,2
G3_p5_w3_regular,G4_p2,0.0,0.9714285714285714,1.0,0.0285714285714285,0,0.0285714285714285,0.0,G3,G4,2
G3_p5_w3_regular,G4_p2,-5.0,0.8421052631578947,0.918918918918919,0.0768136557610242,0,0.0296896086369771,0.0,G3,G4,2
G3_p5_w3_regular,G4_p3,20.0,1.0,1.0,0.0,0,0.0,0.0,G3,G4,3
G3_p5_w3_regular,G4_p3,10.0,1.0,1.0,0.0,0,0.0,0.0,G3,G4,3
G3_p5_w3_regular,G4_p3,0.0,1.0,1.0,0.0,0,0.0,1.8725421901055703e-16,G3,G4,3
G3_p5_w3_regular,G4_p3,-5.0,0.9714285714285714,1.0,0.0285714285714285,0,0.0588235294117647,0.0,G3,G4,3
G3_p5_w3_regular,G4_p4,20.0,1.0,1.0,0.0,0,0.0,0.0,G3,G4,4
G3_p5_w3_regular,G4_p4,10.0,1.0,1.0,0.0,0,0.0,1.4803745839116768e-16,G3,G4,4
G3_p5_w3_regular,G4_p4,0.0,0.9714285714285714,1.0,0.0285714285714285,0,0.0285714285714285,0.0,G3,G4,4
G3_p5_w3_regular,G4_p4,-5.0,0.8421052631578947,0.8717948717948718,0.0296896086369771,0,0.0717948717948717,0.0,G3,G4,4
G3_p5_w3_variable,G1_p1,20.0,1.0,1.0,0.0,0,0.0,0.0,G3,G1,1
G3_p5_w3_variable,G1_p1,10.0,1.0,1.0,0.0,0,0.0,1.4463384418430931e-16,G3,G1,1
G3_p5_w3_variable,G1_p1,0.0,0.9743589743589745,1.0,0.0256410256410256,0,0.073170731707317,0.0,G3,G1,1
G3_p5_w3_variable,G1_p1,-5.0,0.6956521739130435,0.9047619047619048,0.2091097308488613,0,0.1679841897233202,0.0,G3,G1,1
G3_p5_w3_variable,G1_p2,20.0,1.0,1.0,0.0,0,0.0,0.0,G3,G1,2
G3_p5_w3_variable,G1_p2,10.0,1.0,1.0,0.0,0,0.0,1.4463384417765702e-16,G3,G1,2
G3_p5_w3_variable,G1_p2,0.0,0.95,1.0,0.05,0,0.05,0.0,G3,G1,2
G3_p5_w3_variable,G1_p2,-5.0,0.8947368421052632,0.95,0.0552631578947367,1,0.0499999999999999,2.0575950967672439e-16,G3,G1,2
G3_p5_w3_variable,G1_p3,20.0,1.0,1.0,0.0,0,0.0,0.0,G3,G1,3
G3_p5_w3_variable,G1_p3,10.0,1.0,1.0,0.0,0,0.0,0.0,G3,G1,3
G3_p5_w3_variable,G1_p3,0.0,1.0,1.0,0.0,0,0.0,0.0,G3,G1,3
G3_p5_w3_variable,G1_p3,-5.0,0.9230769230769232,1.0,0.0769230769230768,1,0.0475297060662913,2.057595096772159e-16,G3,G1,3
G3_p5_w3_variable,G1_p4,20.0,1.0,1.0,0.0,0,0.0,0.0,G3,G1,4
G3_p5_w3_variable,G1_p4,10.0,0.95,1.0,0.05,0,0.0256410256410256,0.0,G3,G1,4
G3_p5_w3_variable,G1_p4,0.0,0.7619047619047619,0.8372093023255814,0.0753045404208195,0,0.0562770562770563,0.0,G3,G1,4
G3_p5_w3_variable,G1_p4,-5.0,0.3636363636363636,0.55,0.1863636363636364,0,0.0795334040296924,0.0,G3,G1,4
G3_p5_w3_variable,G2_p1,20.0,1.0,1.0,0.0,0,0.0,0.0,G3,G2,1
G3_p5_w3_variable,G2_p1,10.0,1.0,1.0,0.0,0,0.0,0.0,G3,G2,1
G3_p5_w3_variable,G2_p1,0.0,0.9047619047619048,0.9743589743589745,0.0695970695970695,1,0.0695970695970695,0.0,G3,G2,1
G3_p5_w3_variable,G2_p1,-5.0,0.8292682926829268,0.8780487804878049,0.048780487804878,0,0.0825396825396825,2.0575950968607411e-16,G3,G2,1
G3_p5_w3_variable,G2_p2,20.0,1.0,1.0,0.0,0,0.0,1.1434309358519578e-16,G3,G2,2
G3_p5_w3_variable,G2_p2,10.0,1.0,1.0,0.0,0,0.0,0.0,G3,G2,2
G3_p5_w3_variable,G2_p2,0.0,0.9743589743589745,1.0,0.0256410256410256,0,0.0256410256410256,0.0,G3,G2,2
G3_p5_w3_variable,G2_p2,-5.0,0.9,0.9743589743589745,0.0743589743589743,1,0.0743589743589743,0.0,G3,G2,2
G3_p5_w3_variable,G2_p3,20.0,1.0,1.0,0.0,0,0.0,1.1434309358903324e-16,G3,G2,3
G3_p5_w3_variable,G2_p3,10.0,1.0,1.0,0.0,0,0.0,0.0,G3,G2,3
G3_p5_w3_variable,G2_p3,0.0,0.9743589743589745,1.0,0.0256410256410256,0,0.073170731707317,1.829489497424532e-16,G3,G2,3
G3_p5_w3_variable,G2_p3,-5.0,0.8372093023255814,0.9047619047619048,0.0675526024363233,0,0.1130952380952381,0.0,G3,G2,3
G3_p5_w3_variable,G2_p4,20.0,1.0,1.0,0.0,0,0.0,0.0,G3,G2,4
G3_p5_w3_variable,G2_p4,10.0,1.0,1.0,0.0,0,0.0,1.4463384417493022e-16,G3,G2,4
G3_p5_w3_variable,G2_p4,0.0,0.7906976744186046,0.8571428571428571,0.0664451827242524,0,0.0567214974475326,1.8294894973546256e-16,G3,G2,4
G3_p5_w3_variable,G2_p4,-5.0,0.2666666666666666,0.5,0.2333333333333333,0,0.105050505050505,0.0,G3,G2,4
G3_p5_w3_variable,G3_p1,20.0,1.0,1.0,0.0,0,0.0,1.1434309359276344e-16,G3,G3,1
G3_p5_w3_variable,G3_p1,10.0,1.0,1.0,0.0,0,0.0,0.0,G3,G3,1
G3_p5_w3_variable,G3_p1,0.0,0.8636363636363636,0.9230769230769232,0.0594405594405594,0,0.0786324786324786,1.8294894974842152e-16,G3,G3,1
G3_p5_w3_variable,G3_p1,-5.0,0.6808510638297872,0.7727272727272727,0.0918762088974854,0,0.0633349826818406,0.0,G3,G3,1
G3_p5_w3_variable,G3_p2,20.0,1.0,1.0,0.0,0,0.0,1.1434309358341578e-16,G3,G3,2
G3_p5_w3_variable,G3_p2,10.0,1.0,1.0,0.0,0,0.0,0.0,G3,G3,2
G3_p5_w3_variable,G3_p2,0.0,1.0,1.0,0.0,0,0.0,0.0,G3,G3,2
G3_p5_w3_variable,G3_p2,-5.0,1.0,1.0,0.0,0,0.0,0.0,G3,G3,2
G3_p5_w3_variable,G3_p3,20.0,1.0,1.0,0.0,0,0.0,1.14343093585008e-16,G3,G3,3
G3_p5_w3_variable,G3_p3,10.0,1.0,1.0,0.0,0,0.0,0.0,G3,G3,3
G3_p5_w3_variable,G3_p3,0.0,1.0,1.0,0.0,0,0.0,0.0,G3,G3,3
G3_p5_w3_variable,G3_p3,-5.0,0.9743589743589745,1.0,0.0256410256410256,0,0.0256410256410256,0.0,G3,G3,3
G3_p5_w3_variable,G3_p4,20.0,1.0,1.0,0.0,0,0.0,0.0,G3,G3,4
G3_p5_w3_variable,G3_p4,10.0,1.0,1.0,0.0,0,0.0,1.4463384417764378e-16,G3,G3,4
G3_p5_w3_variable,G3_p4,0.0,0.9743589743589745,1.0,0.0256410256410256,0,0.0256410256410256,0.0,G3,G3,4
G3_p5_w3_variable,G3_p4,-5.0,0.9047619047619048,1.0,0.0952380952380952,1,0.0906380441264161,2.057595096767055e-16,G3,G3,4
G3_p5_w3_variable,G4_p1,20.0,1.0,1.0,0.0,0,0.0,0.0,G3,G4,1
G3_p5_w3_variable,G4_p1,10.0,1.0,1.0,0.0,0,0.0,1.4463384418572887e-16,G3,G4,1
G3_p5_w3_variable,G4_p1,0.0,0.85,0.9230769230769232,0.0730769230769231,0,0.048780487804878,1.8294894974912183e-16,G3,G4,1
G3_p5_w3_variable,G4_p1,-5.0,0.6363636363636364,0.7804878048780488,0.1441241685144124,0,0.191699604743083,0.0,G3,G4,1
G3_p5_w3_variable,G4_p2,20.0,1.0,1.0,0.0,0,0.0,1.1434309358693314e-16,G3,G4,2
G3_p5_w3_variable,G4_p2,10.0,1.0,1.0,0.0,0,0.0,1.446338441778004e-16,G3,G4,2
G3_p5_w3_variable,G4_p2,0.0,1.0,1.0,0.0,0,0.05,0.0,G3,G4,2
G3_p5_w3_variable,G4_p2,-5.0,0.85,0.95,0.0999999999999999,1,0.1173054587688734,4.115190193538565e-16,G3,G4,2
G3_p5_w3_variable,G4_p3,20.0,1.0,1.0,0.0,0,0.0,0.0,G3,G4,3
G3_p5_w3_variable,G4_p3,10.0,1.0,1.0,0.0,0,0.0,0.0,G3,G4,3
G3_p5_w3_variable,G4_p3,0.0,0.9743589743589745,1.0,0.0256410256410256,0,0.0256410256410256,0.0,G3,G4,3
G3_p5_w3_variable,G4_p3,-5.0,0.9473684210526316,1.0,0.0526315789473684,1,0.0526315789473684,2.0575950967182768e-16,G3,G4,3
G3_p5_w3_variable,G4_p4,20.0,1.0,1.0,0.0,0,0.0,0.0,G3,G4,4
G3_p5_w3_variable,G4_p4,10.0,1.0,1.0,0.0,0,0.0,0.0,G3,G4,4
G3_p5_w3_variable,G4_p4,0.0,0.95,1.0,0.05,0,0.0256410256410256,0.0,G3,G4,4
G3_p5_w3_variable,G4_p4,-5.0,0.8095238095238095,0.9047619047619048,0.0952380952380952,0,0.0930232558139535,0.0,G3,G4,4
G4_p0_w0_regular,G1_p1,20.0,1.0,1.0,0.0,0,0.0,0.0,G4,G1,1
G4_p0_w0_regular,G1_p1,10.0,1.0,1.0,0.0,0,0.0,1.2567714868985764e-16,G4,G1,1
G4_p0_w0_regular,G1_p1,0.0,0.9302325581395348,0.975609756097561,0.045377197958026,1,0.0432900432900432,1.5897041587823855e-16,G4,G1,1
G4_p0_w0_regular,G1_p1,-5.0,0.8,0.9090909090909092,0.109090909090909,0,0.0628019323671497,1.7879126866205923e-16,G4,G1,1
G4_p0_w0_regular,G1_p2,20.0,1.0,1.0,0.0,0,0.0,0.0,G4,G1,2
G4_p0_w0_regular,G1_p2,10.0,1.0,1.0,0.0,0,0.0,1.2567714868407726e-16,G4,G1,2
G4_p0_w0_regular,G1_p2,0.0,0.975609756097561,0.975609756097561,0.0,0,0.0232288037166086,1.5897041587092694e-16,G4,G1,2
G4_p0_w0_regular,G1_p2,-5.0,0.926829268292683,0.975609756097561,0.0487804878048779,1,0.0255516840882693,1.7879126865383592e-16,G4,G1,2
G4_p0_w0_regular,G1_p3,20.0,1.0,1.0,0.0,0,0.0,1.9871301983913332e-16,G4,G1,3
G4_p0_w0_regular,G1_p3,10.0,1.0,1.0,0.0,0,0.0,1.256771486843775e-16,G4,G1,3
G4_p0_w0_regular,G1_p3,0.0,0.975609756097561,1.0,0.024390243902439,0,0.024390243902439,1.5897041587130668e-16,G4,G1,3
G4_p0_w0_regular,G1_p3,-5.0,0.9090909090909092,1.0,0.0909090909090909,1,0.0432900432900432,0.0,G4,G1,3
G4_p0_w0_regular,G1_p4,20.0,1.0,1.0,0.0,0,0.0,0.0,G4,G1,4
G4_p0_w0_regular,G1_p4,10.0,0.975609756097561,1.0,0.024390243902439,0,0.0476190476190476,1.2567714868123864e-16,G4,G1,4
G4_p0_w0_regular,G1_p4,0.0,0.7727272727272727,0.8571428571428571,0.0844155844155843,0,0.0973995271867611,1.5897041586733634e-16,G4,G1,4
G4_p0_w0_regular,G1_p4,-5.0,0.125,0.3428571428571428,0.2178571428571428,0,0.2055335968379447,1.7879126864979767e-16,G4,G1,4
G4_p0_w0_regular,G2_p1,20.0,1.0,1.0,0.0,0,0.0,0.0,G4,G2,1
G4_p0_w0_regular,G2_p1,10.0,1.0,1.0,0.0,0,0.0,0.0,G4,G2,1
G4_p0_w0_regular,G2_p1,0.0,0.9090909090909092,0.9743589743589745,0.0652680652680652,1,0.1111111111111111,1.5897041587815054e-16,G4,G2,1
G4_p0_w0_regular,G2_p1,-5.0,0.7916666666666666,0.975609756097561,0.1839430894308943,1,0.1860465116279069,0.0,G4,G2,1
G4_p0_w0_regular,G2_p2,20.0,1.0,1.0,0.0,0,0.0,0.0,G4,G2,2
G4_p0_w0_regular,G2_p2,10.0,1.0,1.0,0.0,0,0.0,1.2567714868229226e-16,G4,G2,2
G4_p0_w0_regular,G2_p2,0.0,0.9523809523809524,0.975609756097561,0.0232288037166086,0,0.0232288037166086,1.589704158686691e-16,G4,G2,2
G4_p0_w0_regular,G2_p2,-5.0,0.9047619047619048,0.9523809523809524,0.0476190476190475,1,0.0254706533776301,0.0,G4,G2,2
G4_p0_w0_regular,G2_p3,20.0,1.0,1.0,0.0,0,0.0,1.987130198425053e-16,G4,G2,3
G4_p0_w0_regular,G2_p3,10.0,1.0,1.0,0.0,0,0.0,0.0,G4,G2,3
G4_p0_w0_regular,G2_p3,0.0,0.95,1.0,0.05,0,0.024390243902439,1.5897041587400426e-16,G4,G2,3
G4_p0_w0_regular,G2_p3,-5.0,0.7555555555555555,0.8888888888888888,0.1333333333333333,0,0.1133333333333334,1.7879126865729695e-16,G4,G2,3
G4_p0_w0_regular,G2_p4,20.0,1.0,1.0,0.0,0,0.0,0.0,G4,G2,4
G4_p0_w0_regular,G2_p4,10.0,0.9302325581395348,1.0,0.0697674418604651,1,0.0697674418604651,1.2567714868170787e-16,G4,G2,4
G4_p0_w0_regular,G2_p4,0.0,0.7727272727272727,0.8837209302325582,0.1109936575052854,0,0.1080808080808081,0.0,G4,G2,4
G4_p0_w0_regular,G2_p4,-5.0,0.2,0.3333333333333333,0.1333333333333333,0,0.1400709219858156,1.7879126865046521e-16,G4,G2,4
G4_p0_w0_regular,G3_p1,20.0,1.0,1.0,0.0,0,0.0,0.0,G4,G3,1
G4_p0_w0_regular,G3_p1,10.0,0.975609756097561,1.0,0.024390243902439,0,0.024390243902439,0.0,G4,G3,1
G4_p0_w0_regular,G3_p1,0.0,0.8636363636363636,0.9523809523809524,0.0887445887445886,1,0.0696864111498258,1.5897041587919036e-16,G4,G3,1
G4_p0_w0_regular,G3_p1,-5.0,0.6976744186046512,0.8837209302325582,0.1860465116279069,0,0.1635933806146572,0.0,G4,G3,1
G4_p0_w0_regular,G3_p2,20.0,1.0,1.0,0.0,0,0.0,1.9871301983274295e-16,G4,G3,2
G4_p0_w0_regular,G3_p2,10.0,1.0,1.0,0.0,0,0.0,1.2567714868033582e-16,G4,G3,2
G4_p0_w0_regular,G3_p2,0.0,1.0,1.0,0.0,0,0.0,0.0,G4,G3,2
G4_p0_w0_regular,G3_p2,-5.0,1.0,1.0,0.0,0,0.0,1.787912686485133e-16,G4,G3,2
G4_p0_w0_regular,G3_p3,20.0,1.0,1.0,0.0,0,0.0,0.0,G4,G3,3
G4_p0_w0_regular,G3_p3,10.0,1.0,1.0,0.0,0,0.0,0.0,G4,G3,3
G4_p0_w0_regular,G3_p3,0.0,1.0,1.0,0.0,0,0.0,1.58970415868408e-16,G4,G3,3
G4_p0_w0_regular,G3_p3,-5.0,0.975609756097561,1.0,0.024390243902439,0,0.024390243902439,1.7879126865100292e-16,G4,G3,3
G4_p0_w0_regular,G3_p4,20.0,1.0,1.0,0.0,0,0.0,0.0,G4,G3,4
G4_p0_w0_regular,G3_p4,10.0,1.0,1.0,0.0,0,0.0,1.2567714868406572e-16,G4,G3,4
G4_p0_w0_regular,G3_p4,0.0,0.975609756097561,1.0,0.024390243902439,0,0.0476190476190476,0.0,G4,G3,4
G4_p0_w0_regular,G3_p4,-5.0,0.8837209302325582,0.9302325581395348,0.0465116279069767,0,0.0665961945031712,0.0,G4,G3,4
G4_p0_w0_regular,G4_p1,20.0,1.0,1.0,0.0,0,0.0,0.0,G4,G4,1
G4_p0_w0_regular,G4_p1,10.0,1.0,1.0,0.0,0,0.0,1.2567714869109114e-16,G4,G4,1
G4_p0_w0_regular,G4_p1,0.0,0.8205128205128205,0.9302325581395348,0.1097197376267143,0,0.109090909090909,1.5897041587979894e-16,G4,G4,1
G4_p0_w0_regular,G4_p1,-5.0,0.5909090909090909,0.7555555555555555,0.1646464646464646,0,0.1087344028520499,0.0,G4,G4,1
G4_p0_w0_regular,G4_p2,20.0,1.0,1.0,0.0,0,0.0,0.0,G4,G4,2
G4_p0_w0_regular,G4_p2,10.0,1.0,1.0,0.0,0,0.0,1.2567714868420183e-16,G4,G4,2
G4_p0_w0_regular,G4_p2,0.0,0.975609756097561,1.0,0.024390243902439,0,0.0476190476190476,0.0,G4,G4,2
G4_p0_w0_regular,G4_p2,-5.0,0.782608695652174,0.9090909090909092,0.1264822134387351,0,0.1140096618357487,0.0,G4,G4,2
G4_p0_w0_regular,G4_p3,20.0,1.0,1.0,0.0,0,0.0,1.9871301983392967e-16,G4,G4,3
G4_p0_w0_regular,G4_p3,10.0,1.0,1.0,0.0,0,0.0,0.0,G4,G4,3
G4_p0_w0_regular,G4_p3,0.0,0.975609756097561,1.0,0.024390243902439,0,0.024390243902439,0.0,G4,G4,3
G4_p0_w0_regular,G4_p3,-5.0,0.975609756097561,1.0,0.024390243902439,0,0.024390243902439,1.7879126864958107e-16,G4,G4,3
G4_p0_w0_regular,G4_p4,20.0,1.0,1.0,0.0,0,0.0,0.0,G4,G4,4
G4_p0_w0_regular,G4_p4,10.0,1.0,1.0,0.0,0,0.0,1.256771486843356e-16,G4,G4,4
G4_p0_w0_regular,G4_p4,0.0,0.9090909090909092,0.975609756097561,0.0665188470066519,1,0.0665188470066519,0.0,G4,G4,4
G4_p0_w0_regular,G4_p4,-5.0,0.7659574468085106,0.8444444444444444,0.0784869976359338,0,0.0673758865248227,0.0,G4,G4,4
G4_p0_w0_variable,G1_p1,20.0,1.0,1.0,0.0,0,0.0,0.0,G4,G1,1
G4_p0_w0_variable,G1_p1,10.0,1.0,1.0,0.0,0,0.0,1.254037471407102e-16,G4,G1,1
G4_p0_w0_variable,G1_p1,0.0,0.9333333333333332,1.0,0.0666666666666666,1,0.125,0.0,G4,G1,1
G4_p0_w0_variable,G1_p1,-5.0,0.7906976744186046,0.8636363636363636,0.072938689217759,0,0.057142857142857,0.0,G4,G1,1
G4_p0_w0_variable,G1_p2,20.0,1.0,1.0,0.0,0,0.0,0.0,G4,G1,2
G4_p0_w0_variable,G1_p2,10.0,1.0,1.0,0.0,0,0.0,0.0,G4,G1,2
G4_p0_w0_variable,G1_p2,0.0,0.9767441860465116,1.0,0.0232558139534884,0,0.0666666666666666,0.0,G4,G1,2
G4_p0_w0_variable,G1_p2,-5.0,0.8444444444444444,0.9767441860465116,0.1322997416020671,1,0.1072463768115942,0.0,G4,G1,2
G4_p0_w0_variable,G1_p3,20.0,1.0,1.0,0.0,0,0.0,0.0,G4,G1,3
G4_p0_w0_variable,G1_p3,10.0,1.0,1.0,0.0,0,0.0,1.2540374713524198e-16,G4,G1,3
G4_p0_w0_variable,G1_p3,0.0,1.0,1.0,0.0,0,0.0232558139534884,0.0,G4,G1,3
G4_p0_w0_variable,G1_p3,-5.0,0.9302325581395348,0.9545454545454546,0.0243128964059197,1,0.0849802371541502,1.7840232117786271e-16,G4,G1,3
G4_p0_w0_variable,G1_p4,20.0,1.0,1.0,0.0,0,0.0,0.0,G4,G1,4
G4_p0_w0_variable,G1_p4,10.0,0.9767441860465116,1.0,0.0232558139534884,0,0.0232558139534884,1.2540374713211e-16,G4,G1,4
G4_p0_w0_variable,G1_p4,0.0,0.7906976744186046,0.8695652173913043,0.0788675429726997,0,0.0684551341350601,1.586245872229103e-16,G4,G1,4
G4_p0_w0_variable,G1_p4,-5.0,0.2857142857142857,0.4,0.1142857142857143,0,0.0573543015726178,1.7840232117340706e-16,G4,G1,4
G4_p0_w0_variable,G2_p1,20.0,1.0,1.0,0.0,0,0.0,0.0,G4,G2,1
G4_p0_w0_variable,G2_p1,10.0,1.0,1.0,0.0,0,0.0,0.0,G4,G2,1
G4_p0_w0_variable,G2_p1,0.0,0.8695652173913043,0.9130434782608696,0.0434782608695651,0,0.1382189239332096,0.0,G4,G2,1
G4_p0_w0_variable,G2_p1,-5.0,0.6956521739130435,0.8292682926829268,0.1336161187698833,0,0.1433317513051732,0.0,G4,G2,1
G4_p0_w0_variable,G2_p2,20.0,1.0,1.0,0.0,0,0.0,0.0,G4,G2,2
G4_p0_w0_variable,G2_p2,10.0,1.0,1.0,0.0,0,0.0,1.254037471331613e-16,G4,G2,2
G4_p0_w0_variable,G2_p2,0.0,0.9523809523809524,1.0,0.0476190476190476,0,0.0476190476190476,0.0,G4,G2,2
G4_p0_w0_variable,G2_p2,-5.0,0.9090909090909092,0.9545454545454546,0.0454545454545455,1,0.0243128964059197,0.0,G4,G2,2
G4_p0_w0_variable,G2_p3,20.0,1.0,1.0,0.0,0,0.0,0.0,G4,G2,3
G4_p0_w0_variable,G2_p3,10.0,1.0,1.0,0.0,0,0.0,1.2540374713736995e-16,G4,G2,3
G4_p0_w0_variable,G2_p3,0.0,0.975609756097561,1.0,0.024390243902439,0,0.022198731501057,1.586245872295637e-16,G4,G2,3
G4_p0_w0_variable,G2_p3,-5.0,0.8085106382978723,0.9130434782608696,0.1045328399629972,0,0.0906862745098039,0.0,G4,G2,3
G4_p0_w0_variable,G2_p4,20.0,1.0,1.0,0.0,0,0.0,1.9828073402937823e-16,G4,G2,4
G4_p0_w0_variable,G2_p4,10.0,0.9767441860465116,1.0,0.0232558139534884,0,0.0232558139534884,1.2540374713257816e-16,G4,G2,4
G4_p0_w0_variable,G2_p4,0.0,0.7555555555555555,0.8636363636363636,0.1080808080808081,0,0.1402321083172146,0.0,G4,G2,4
G4_p0_w0_variable,G2_p4,-5.0,0.1764705882352941,0.4242424242424242,0.2477718360071301,0,0.1945288753799392,0.0,G4,G2,4
G4_p0_w0_variable,G3_p1,20.0,1.0,1.0,0.0,0,0.0,1.982807340434232e-16,G4,G3,1
G4_p0_w0_variable,G3_p1,10.0,1.0,1.0,0.0,0,0.0,0.0,G4,G3,1
G4_p0_w0_variable,G3_p1,0.0,0.8260869565217391,0.8636363636363636,0.0375494071146245,0,0.0803782505910165,0.0,G4,G3,1
G4_p0_w0_variable,G3_p1,-5.0,0.5957446808510638,0.8636363636363636,0.2678916827852998,0,0.2421142369991474,0.0,G4,G3,1
G4_p0_w0_variable,G3_p2,20.0,1.0,1.0,0.0,0,0.0,0.0,G4,G3,2
G4_p0_w0_variable,G3_p2,10.0,1.0,1.0,0.0,0,0.0,1.2540374713120912e-16,G4,G3,2
G4_p0_w0_variable,G3_p2,0.0,1.0,1.0,0.0,0,0.0,0.0,G4,G3,2
G4_p0_w0_variable,G3_p2,-5.0,1.0,1.0,0.0,0,0.0,0.0,G4,G3,2
G4_p0_w0_variable,G3_p3,20.0,1.0,1.0,0.0,0,0.0,0.0,G4,G3,3
G4_p0_w0_variable,G3_p3,10.0,1.0,1.0,0.0,0,0.0,0.0,G4,G3,3
G4_p0_w0_variable,G3_p3,0.0,1.0,1.0,0.0,0,0.0,1.5862458722397963e-16,G4,G3,3
G4_p0_w0_variable,G3_p3,-5.0,0.9767441860465116,1.0,0.0232558139534884,0,0.0232558139534884,3.568046423492194e-16,G4,G3,3
G4_p0_w0_variable,G3_p4,20.0,1.0,1.0,0.0,0,0.0,1.9828073403309815e-16,G4,G3,4
G4_p0_w0_variable,G3_p4,10.0,1.0,1.0,0.0,0,0.0,1.2540374713493092e-16,G4,G3,4
G4_p0_w0_variable,G3_p4,0.0,0.9767441860465116,1.0,0.0232558139534884,0,0.0,0.0,G4,G3,4
G4_p0_w0_variable,G3_p4,-5.0,0.9047619047619048,0.9333333333333332,0.0285714285714285,0,0.0696969696969697,1.7840232117742014e-16,G4,G3,4
G4_p0_w0_variable,G4_p1,20.0,1.0,1.0,0.0,0,0.0,0.0,G4,G4,1
G4_p0_w0_variable,G4_p1,10.0,1.0,1.0,0.0,0,0.0,0.0,G4,G4,1
G4_p0_w0_variable,G4_p1,0.0,0.8444444444444444,0.9047619047619048,0.0603174603174603,0,0.0843023255813953,0.0,G4,G4,1
G4_p0_w0_variable,G4_p1,-5.0,0.6382978723404256,0.7058823529411765,0.0675844806007509,0,0.1417797888386124,0.0,G4,G4,1
G4_p0_w0_variable,G4_p2,20.0,1.0,1.0,0.0,0,0.0,0.0,G4,G4,2
G4_p0_w0_variable,G4_p2,10.0,1.0,1.0,0.0,0,0.0,1.2540374713506673e-16,G4,G4,2
G4_p0_w0_variable,G4_p2,0.0,0.9545454545454546,1.0,0.0454545454545454,0,0.1063829787234043,1.5862458722665034e-16,G4,G4,2
G4_p0_w0_variable,G4_p2,-5.0,0.8085106382978723,0.9090909090909092,0.1005802707930367,0,0.1174242424242424,0.0,G4,G4,2
G4_p0_w0_variable,G4_p3,20.0,1.0,1.0,0.0,0,0.0,1.9828073402839767e-16,G4,G4,3
G4_p0_w0_variable,G4_p3,10.0,1.0,1.0,0.0,0,0.0,2.5080749426391604e-16,G4,G4,3
G4_p0_w0_variable,G4_p3,0.0,0.9767441860465116,1.0,0.0232558139534884,0,0.0232558139534884,3.1724917444543633e-16,G4,G4,3
G4_p0_w0_variable,G4_p3,-5.0,0.9767441860465116,1.0,0.0232558139534884,0,0.0476190476190476,0.0,G4,G4,3
G4_p0_w0_variable,G4_p4,20.0,1.0,1.0,0.0,0,0.0,1.9828073403352399e-16,G4,G4,4
G4_p0_w0_variable,G4_p4,10.0,1.0,1.0,0.0,0,0.0,1.2540374713520022e-16,G4,G4,4
G4_p0_w0_variable,G4_p4,0.0,0.9545454545454546,1.0,0.0454545454545454,0,0.0454545454545454,1.586245872268192e-16,G4,G4,4
G4_p0_w0_variable,G4_p4,-5.0,0.7346938775510204,0.851063829787234,0.1163699522362136,0,0.097142857142857,0.0,G4,G4,4
G4_p0_w1_regular,G1_p1,20.0,1.0,1.0,0.0,0,0.0,0.0,G4,G1,1
G4_p0_w1_regular,G1_p1,10.0,1.0,1.0,0.0,0,0.0,1.2602641620976063e-16,G4,G1,1
G4_p0_w1_regular,G1_p1,0.0,0.9523809523809524,0.975609756097561,0.0232288037166086,0,0.0867208672086721,1.5941220822848322e-16,G4,G1,1
G4_p0_w1_regular,G1_p1,-5.0,0.7755102040816326,0.95,0.1744897959183673,1,0.1680672268907562,1.7928814485345032e-16,G4,G1,1
G4_p0_w1_regular,G1_p2,20.0,1.0,1.0,0.0,0,0.0,1.9926526027643907e-16,G4,G1,2
G4_p0_w1_regular,G1_p2,10.0,1.0,1.0,0.0,0,0.0,0.0,G4,G1,2
G4_p0_w1_regular,G1_p2,0.0,0.95,1.0,0.05,0,0.0708478513356561,0.0,G4,G1,2
G4_p0_w1_regular,G1_p2,-5.0,0.8372093023255814,0.9302325581395348,0.0930232558139534,0,0.1120507399577166,0.0,G4,G1,2
G4_p0_w1_regular,G1_p3,20.0,1.0,1.0,0.0,0,0.0,0.0,G4,G1,3
G4_p0_w1_regular,G1_p3,10.0,1.0,1.0,0.0,0,0.0,1.2602641620426523e-16,G4,G1,3
G4_p0_w1_regular,G1_p3,0.0,1.0,1.0,0.0,0,0.0,1.5941220822153203e-16,G4,G1,3
G4_p0_w1_regular,G1_p3,-5.0,0.9302325581395348,1.0,0.0697674418604651,1,0.0432900432900432,1.792881448456324e-16,G4,G1,3
G4_p0_w1_regular,G1_p4,20.0,1.0,1.0,0.0,0,0.0,1.992652602719384e-16,G4,G1,4
G4_p0_w1_regular,G1_p4,10.0,0.975609756097561,1.0,0.024390243902439,0,0.024390243902439,0.0,G4,G1,4
G4_p0_w1_regular,G1_p4,0.0,0.7727272727272727,0.8636363636363636,0.0909090909090909,0,0.0717171717171717,0.0,G4,G1,4
G4_p0_w1_regular,G1_p4,-5.0,0.1379310344827586,0.4571428571428571,0.3192118226600985,0,0.0444444444444445,0.0,G4,G1,4
G4_p0_w1_regular,G2_p1,20.0,1.0,1.0,0.0,0,0.0,0.0,G4,G2,1
G4_p0_w1_regular,G2_p1,10.0,1.0,1.0,0.0,0,0.024390243902439,1.2602641620969084e-16,G4,G2,1
G4_p0_w1_regular,G2_p1,0.0,0.8695652173913043,1.0,0.1304347826086956,1,0.1489361702127659,1.5941220822839495e-16,G4,G2,1
G4_p0_w1_regular,G2_p1,-5.0,0.75,0.8947368421052632,0.1447368421052631,0,0.0952830188679244,0.0,G4,G2,1
G4_p0_w1_regular,G2_p2,20.0,1.0,1.0,0.0,0,0.0,0.0,G4,G2,2
G4_p0_w1_regular,G2_p2,10.0,1.0,1.0,0.0,0,0.0,0.0,G4,G2,2
G4_p0_w1_regular,G2_p2,0.0,0.95,1.0,0.05,0,0.025609756097561,0.0,G4,G2,2
G4_p0_w1_regular,G2_p2,-5.0,0.926829268292683,0.9523809523809524,0.0255516840882693,1,0.0918888258650028,0.0,G4,G2,2
G4_p0_w1_regular,G2_p3,20.0,1.0,1.0,0.0,0,0.0,1.9926526028029643e-16,G4,G2,3
G4_p0_w1_regular,G2_p3,10.0,1.0,1.0,0.0,0,0.0,1.2602641620640378e-16,G4,G2,3
G4_p0_w1_regular,G2_p3,0.0,0.975609756097561,1.0,0.024390243902439,0,0.0476190476190476,1.5941220822423716e-16,G4,G2,3
G4_p0_w1_regular,G2_p3,-5.0,0.8333333333333334,0.926829268292683,0.0934959349593496,0,0.0673943996203132,0.0,G4,G2,3
G4_p0_w1_regular,G2_p4,20.0,1.0,1.0,0.0,0,0.0,0.0,G4,G2,4
G4_p0_w1_regular,G2_p4,10.0,0.9743589743589745,1.0,0.0256410256410256,0,0.024390243902439,0.0,G4,G2,4
G4_p0_w1_regular,G2_p4,0.0,0.6666666666666666,0.7906976744186046,0.1240310077519379,0,0.0909090909090909,0.0,G4,G2,4
G4_p0_w1_regular,G2_p4,-5.0,0.0666666666666666,0.4571428571428571,0.3904761904761905,0,0.1936758893280632,0.0,G4,G2,4
G4_p0_w1_regular,G3_p1,20.0,1.0,1.0,0.0,0,0.0,0.0,G4,G3,1
G4_p0_w1_regular,G3_p1,10.0,0.975609756097561,1.0,0.024390243902439,0,0.024390243902439,0.0,G4,G3,1
G4_p0_w1_regular,G3_p1,0.0,0.8571428571428571,0.975609756097561,0.1184668989547038,1,0.183673469387755,0.0,G4,G3,1
G4_p0_w1_regular,G3_p1,-5.0,0.7272727272727273,0.8837209302325582,0.1564482029598308,0,0.1136363636363636,0.0,G4,G3,1
G4_p0_w1_regular,G3_p2,20.0,1.0,1.0,0.0,0,0.0,0.0,G4,G3,2
G4_p0_w1_regular,G3_p2,10.0,1.0,1.0,0.0,0,0.0,0.0,G4,G3,2
G4_p0_w1_regular,G3_p2,0.0,1.0,1.0,0.0,0,0.0,1.5941220821640554e-16,G4,G3,2
G4_p0_w1_regular,G3_p2,-5.0,1.0,1.0,0.0,0,0.0,0.0,G4,G3,2
G4_p0_w1_regular,G3_p3,20.0,1.0,1.0,0.0,0,0.0,0.0,G4,G3,3
G4_p0_w1_regular,G3_p3,10.0,1.0,1.0,0.0,0,0.0,2.520528324039345e-16,G4,G3,3
G4_p0_w1_regular,G3_p3,0.0,0.975609756097561,1.0,0.024390243902439,0,0.024390243902439,0.0,G4,G3,3
G4_p0_w1_regular,G3_p3,-5.0,0.975609756097561,1.0,0.024390243902439,0,0.024390243902439,1.7928814484236327e-16,G4,G3,3
G4_p0_w1_regular,G3_p4,20.0,1.0,1.0,0.0,0,0.0,1.9926526027642083e-16,G4,G3,4
G4_p0_w1_regular,G3_p4,10.0,1.0,1.0,0.0,0,0.0,0.0,G4,G3,4
G4_p0_w1_regular,G3_p4,0.0,0.975609756097561,1.0,0.024390243902439,0,0.045377197958026,0.0,G4,G3,4
G4_p0_w1_regular,G3_p4,-5.0,0.8372093023255814,0.975609756097561,0.1384004537719795,1,0.1849120816789563,0.0,G4,G3,4
G4_p0_w1_regular,G4_p1,20.0,1.0,1.0,0.0,0,0.0,0.0,G4,G4,1
G4_p0_w1_regular,G4_p1,10.0,1.0,1.0,0.0,0,0.0,1.2602641621099759e-16,G4,G4,1
G4_p0_w1_regular,G4_p1,0.0,0.8095238095238095,0.95,0.1404761904761904,1,0.2265957446808509,0.0,G4,G4,1
G4_p0_w1_regular,G4_p1,-5.0,0.6086956521739131,0.8,0.1913043478260869,0,0.1619047619047618,1.7928814485521002e-16,G4,G4,1
G4_p0_w1_regular,G4_p2,20.0,1.0,1.0,0.0,0,0.0,1.9926526027663663e-16,G4,G4,2
G4_p0_w1_regular,G4_p2,10.0,1.0,1.0,0.0,0,0.0,1.2602641620408914e-16,G4,G4,2
G4_p0_w1_regular,G4_p2,0.0,0.975609756097561,1.0,0.024390243902439,0,0.0476190476190476,1.594122082213093e-16,G4,G4,2
G4_p0_w1_regular,G4_p2,-5.0,0.8181818181818182,0.8837209302325582,0.0655391120507399,0,0.0810276679841897,0.0,G4,G4,2
G4_p0_w1_regular,G4_p3,20.0,1.0,1.0,0.0,0,0.0,0.0,G4,G4,3
G4_p0_w1_regular,G4_p3,10.0,1.0,1.0,0.0,0,0.0,0.0,G4,G4,3
G4_p0_w1_regular,G4_p3,0.0,0.975609756097561,1.0,0.024390243902439,0,0.024390243902439,1.594122082173576e-16,G4,G4,3
G4_p0_w1_regular,G4_p3,-5.0,0.95,1.0,0.05,0,0.05,1.7928814484093743e-16,G4,G4,3
G4_p0_w1_regular,G4_p4,20.0,1.0,1.0,0.0,0,0.0,0.0,G4,G4,4
G4_p0_w1_regular,G4_p4,10.0,1.0,1.0,0.0,0,0.0,0.0,G4,G4,4
G4_p0_w1_regular,G4_p4,0.0,0.9523809523809524,1.0,0.0476190476190476,0,0.0476190476190476,0.0,G4,G4,4
G4_p0_w1_regular,G4_p4,-5.0,0.7555555555555555,0.851063829787234,0.0955082742316785,0,0.1280487804878048,0.0,G4,G4,4
G4_p0_w1_variable,G1_p1,20.0,1.0,1.0,0.0,0,0.0,0.0,G4,G1,1
G4_p0_w1_variable,G1_p1,10.0,1.0,1.0,0.0,0,0.0,0.0,G4,G1,1
G4_p0_w1_variable,G1_p1,0.0,0.9302325581395348,1.0,0.0697674418604651,1,0.0665188470066519,0.0,G4,G1,1
G4_p0_w1_variable,G1_p1,-5.0,0.7727272727272727,0.8085106382978723,0.0357833655705995,0,0.0435992578849722,0.0,G4,G1,1
G4_p0_w1_variable,G1_p2,20.0,1.0,1.0,0.0,0,0.0,0.0,G4,G1,2
G4_p0_w1_variable,G1_p2,10.0,1.0,1.0,0.0,0,0.0,1.2596861383369142e-16,G4,G1,2
G4_p0_w1_variable,G1_p2,0.0,0.926829268292683,1.0,0.073170731707317,1,0.073170731707317,1.593390933634639e-16,G4,G1,2
G4_p0_w1_variable,G1_p2,-5.0,0.8837209302325582,0.926829268292683,0.0431083380601248,0,0.0465116279069767,0.0,G4,G1,2
G4_p0_w1_variable,G1_p3,20.0,1.0,1.0,0.0,0,0.0,0.0,G4,G1,3
G4_p0_w1_variable,G1_p3,10.0,1.0,1.0,0.0,0,0.0,0.0,G4,G1,3
G4_p0_w1_variable,G1_p3,0.0,1.0,1.0,0.0,0,0.0,0.0,G4,G1,3
G4_p0_w1_variable,G1_p3,-5.0,0.9302325581395348,0.9523809523809524,0.0221483942414174,1,0.0634920634920634,0.0,G4,G1,3
G4_p0_w1_variable,G1_p4,20.0,1.0,1.0,0.0,0,0.0,0.0,G4,G1,4
G4_p0_w1_variable,G1_p4,10.0,0.9523809523809524,1.0,0.0476190476190476,0,0.0697674418604651,1.2596861383084622e-16,G4,G1,4
G4_p0_w1_variable,G1_p4,0.0,0.65,0.8888888888888888,0.2388888888888888,0,0.2354188759278896,0.0,G4,G1,4
G4_p0_w1_variable,G1_p4,-5.0,0.2,0.4736842105263157,0.2736842105263157,0,0.1809908998988877,0.0,G4,G1,4
G4_p0_w1_variable,G2_p1,20.0,1.0,1.0,0.0,0,0.0,1.9917386671338038e-16,G4,G2,1
G4_p0_w1_variable,G2_p1,10.0,1.0,1.0,0.0,0,0.0,0.0,G4,G2,1
G4_p0_w1_variable,G2_p1,0.0,0.9302325581395348,0.95,0.019767441860465,1,0.1055555555555555,0.0,G4,G2,1
G4_p0_w1_variable,G2_p1,-5.0,0.723404255319149,0.8292682926829268,0.1058640373637778,0,0.1122994652406417,0.0,G4,G2,1
G4_p0_w1_variable,G2_p2,20.0,1.0,1.0,0.0,0,0.0,0.0,G4,G2,2
G4_p0_w1_variable,G2_p2,10.0,1.0,1.0,0.0,0,0.0,1.2596861383190228e-16,G4,G2,2
G4_p0_w1_variable,G2_p2,0.0,0.95,0.975609756097561,0.025609756097561,0,0.0,1.5933909336120084e-16,G4,G2,2
G4_p0_w1_variable,G2_p2,-5.0,0.8780487804878049,0.9302325581395348,0.0521837776517299,0,0.0034032898468518,1.7920591383073292e-16,G4,G2,2
G4_p0_w1_variable,G2_p3,20.0,1.0,1.0,0.0,0,0.0,1.9917386670818546e-16,G4,G2,3
G4_p0_w1_variable,G2_p3,10.0,1.0,1.0,0.0,0,0.0,1.2596861383612986e-16,G4,G2,3
G4_p0_w1_variable,G2_p3,0.0,0.9523809523809524,0.975609756097561,0.0232288037166086,0,0.0909090909090909,1.5933909336654843e-16,G4,G2,3
G4_p0_w1_variable,G2_p3,-5.0,0.7659574468085106,0.9523809523809524,0.1864235055724417,1,0.0913930789707186,0.0,G4,G2,3
G4_p0_w1_variable,G2_p4,20.0,1.0,1.0,0.0,0,0.0,0.0,G4,G2,4
G4_p0_w1_variable,G2_p4,10.0,0.975609756097561,1.0,0.024390243902439,0,0.0476190476190476,0.0,G4,G2,4
G4_p0_w1_variable,G2_p4,0.0,0.7619047619047619,0.8888888888888888,0.1269841269841269,0,0.1281653746770026,0.0,G4,G2,4
G4_p0_w1_variable,G2_p4,-5.0,0.2666666666666666,0.4571428571428571,0.1904761904761904,0,0.1333333333333333,1.792059138298996e-16,G4,G2,4
G4_p0_w1_variable,G3_p1,20.0,1.0,1.0,0.0,0,0.0,0.0,G4,G3,1
G4_p0_w1_variable,G3_p1,10.0,1.0,1.0,0.0,0,0.024390243902439,0.0,G4,G3,1
G4_p0_w1_variable,G3_p1,0.0,0.8636363636363636,0.9302325581395348,0.0665961945031712,0,0.1476238624873609,1.593390933717465e-16,G4,G3,1
G4_p0_w1_variable,G3_p1,-5.0,0.6190476190476191,0.8636363636363636,0.2445887445887445,0,0.2061465721040188,1.792059138425934e-16,G4,G3,1
G4_p0_w1_variable,G3_p2,20.0,1.0,1.0,0.0,0,0.0,1.9917386669840043e-16,G4,G3,2
G4_p0_w1_variable,G3_p2,10.0,1.0,1.0,0.0,0,0.0,0.0,G4,G3,2
G4_p0_w1_variable,G3_p2,0.0,1.0,1.0,0.0,0,0.0,0.0,G4,G3,2
G4_p0_w1_variable,G3_p2,-5.0,1.0,1.0,0.0,0,0.0,1.7920591382794316e-16,G4,G3,2
G4_p0_w1_variable,G3_p3,20.0,1.0,1.0,0.0,0,0.0,0.0,G4,G3,3
G4_p0_w1_variable,G3_p3,10.0,1.0,1.0,0.0,0,0.0,1.259686138316954e-16,G4,G3,3
G4_p0_w1_variable,G3_p3,0.0,1.0,1.0,0.0,0,0.0,0.0,G4,G3,3
G4_p0_w1_variable,G3_p3,-5.0,0.975609756097561,1.0,0.024390243902439,0,0.024390243902439,0.0,G4,G3,3
G4_p0_w1_variable,G3_p4,20.0,1.0,1.0,0.0,0,0.0,0.0,G4,G3,4
G4_p0_w1_variable,G3_p4,10.0,1.0,1.0,0.0,0,0.0,1.2596861383367988e-16,G4,G3,4
G4_p0_w1_variable,G3_p4,0.0,0.975609756097561,1.0,0.024390243902439,0,0.0232288037166086,0.0,G4,G3,4
G4_p0_w1_variable,G3_p4,-5.0,0.8837209302325582,0.9090909090909092,0.0253699788583509,0,0.0516795865633074,1.792059138332617e-16,G4,G3,4
G4_p0_w1_variable,G4_p1,20.0,1.0,1.0,0.0,0,0.0,0.0,G4,G4,1
G4_p0_w1_variable,G4_p1,10.0,1.0,1.0,0.0,0,0.0,0.0,G4,G4,1
G4_p0_w1_variable,G4_p1,0.0,0.8181818181818182,0.926829268292683,0.1086474501108647,0,0.0389610389610388,1.5933909337235647e-16,G4,G4,1
G4_p0_w1_variable,G4_p1,-5.0,0.6808510638297872,0.7659574468085106,0.0851063829787234,0,0.116735066119471,0.0,G4,G4,1
G4_p0_w1_variable,G4_p2,20.0,1.0,1.0,0.0,0,0.0,1.991738667045274e-16,G4,G4,2
G4_p0_w1_variable,G4_p2,10.0,1.0,1.0,0.0,0,0.0,0.0,G4,G4,2
G4_p0_w1_variable,G4_p2,0.0,0.926829268292683,1.0,0.073170731707317,1,0.0476190476190476,0.0,G4,G4,2
G4_p0_w1_variable,G4_p2,-5.0,0.8636363636363636,0.9302325581395348,0.0665961945031712,0,0.0857881136950904,0.0,G4,G4,2
G4_p0_w1_variable,G4_p3,20.0,1.0,1.0,0.0,0,0.0,1.9917386669958998e-16,G4,G4,3
G4_p0_w1_variable,G4_p3,10.0,1.0,1.0,0.0,0,0.0,1.259686138306936e-16,G4,G4,3
G4_p0_w1_variable,G4_p3,0.0,1.0,1.0,0.0,0,0.0,1.5933909335967198e-16,G4,G4,3
G4_p0_w1_variable,G4_p3,-5.0,0.975609756097561,1.0,0.024390243902439,0,0.024390243902439,0.0,G4,G4,3
G4_p0_w1_variable,G4_p4,20.0,1.0,1.0,0.0,0,0.0,1.991738667047394e-16,G4,G4,4
G4_p0_w1_variable,G4_p4,10.0,1.0,1.0,0.0,0,0.0,0.0,G4,G4,4
G4_p0_w1_variable,G4_p4,0.0,0.9523809523809524,0.975609756097561,0.0232288037166086,0,0.024390243902439,1.5933909336379148e-16,G4,G4,4
G4_p0_w1_variable,G4_p4,-5.0,0.7906976744186046,0.8636363636363636,0.072938689217759,0,0.0851063829787234,1.7920591383364655e-16,G4,G4,4
G4_p0_w2_regular,G1_p1,20.0,1.0,1.0,0.0,0,0.0,2.0627954633198568e-16,G4,G1,1
G4_p0_w2_regular,G1_p1,10.0,1.0,1.0,0.0,0,0.0,0.0,G4,G1,1
G4_p0_w2_regular,G1_p1,0.0,0.9230769230769232,1.0,0.0769230769230768,1,0.0963101938711694,0.0,G4,G1,1
G4_p0_w2_regular,G1_p1,-5.0,0.7906976744186046,0.8780487804878049,0.0873511060692002,0,0.0753045404208195,0.0,G4,G1,1
G4_p0_w2_regular,G1_p2,20.0,1.0,1.0,0.0,0,0.0,0.0,G4,G1,2
G4_p0_w2_regular,G1_p2,10.0,1.0,1.0,0.0,0,0.0,0.0,G4,G1,2
G4_p0_w2_regular,G1_p2,0.0,0.9743589743589745,1.0,0.0256410256410256,0,0.0243589743589743,1.6502363705799843e-16,G4,G1,2
G4_p0_w2_regular,G1_p2,-5.0,0.9,0.9743589743589745,0.0743589743589743,1,0.0452380952380951,1.8559922150185212e-16,G4,G1,2
G4_p0_w2_regular,G1_p3,20.0,1.0,1.0,0.0,0,0.0,0.0,G4,G1,3
G4_p0_w2_regular,G1_p3,10.0,1.0,1.0,0.0,0,0.0,0.0,G4,G1,3
G4_p0_w2_regular,G1_p3,0.0,1.0,1.0,0.0,0,0.0,1.6502363705839266e-16,G4,G1,3
G4_p0_w2_regular,G1_p3,-5.0,0.9230769230769232,1.0,0.0769230769230768,1,0.0906380441264161,1.8559922150229543e-16,G4,G1,3
G4_p0_w2_regular,G1_p4,20.0,1.0,1.0,0.0,0,0.0,2.062795463178389e-16,G4,G1,4
G4_p0_w2_regular,G1_p4,10.0,0.9743589743589745,1.0,0.0256410256410256,0,0.05,1.304626402141141e-16,G4,G1,4
G4_p0_w2_regular,G1_p4,0.0,0.7,0.8292682926829268,0.1292682926829268,0,0.0952380952380952,0.0,G4,G1,4
G4_p0_w2_regular,G1_p4,-5.0,0.303030303030303,0.4117647058823529,0.1087344028520498,0,0.0310077519379845,0.0,G4,G1,4
G4_p0_w2_regular,G2_p1,20.0,1.0,1.0,0.0,0,0.0,0.0,G4,G2,1
G4_p0_w2_regular,G2_p1,10.0,1.0,1.0,0.0,0,0.0,1.3046264022298906e-16,G4,G2,1
G4_p0_w2_regular,G2_p1,0.0,0.9047619047619048,1.0,0.0952380952380952,1,0.1282051282051282,1.6502363706549714e-16,G4,G2,1
G4_p0_w2_regular,G2_p1,-5.0,0.6829268292682927,0.9743589743589745,0.2914321450906816,1,0.3309523809523809,0.0,G4,G2,1
G4_p0_w2_regular,G2_p2,20.0,1.0,1.0,0.0,0,0.0,2.0627954631956822e-16,G4,G2,2
G4_p0_w2_regular,G2_p2,10.0,1.0,1.0,0.0,0,0.0,0.0,G4,G2,2
G4_p0_w2_regular,G2_p2,0.0,0.9743589743589745,1.0,0.0256410256410256,0,0.05,1.650236370556546e-16,G4,G2,2
G4_p0_w2_regular,G2_p2,-5.0,0.9230769230769232,0.9743589743589745,0.0512820512820512,1,0.0963101938711694,0.0,G4,G2,2
G4_p0_w2_regular,G2_p3,20.0,1.0,1.0,0.0,0,0.0,2.062795463264912e-16,G4,G2,3
G4_p0_w2_regular,G2_p3,10.0,1.0,1.0,0.0,0,0.0,0.0,G4,G2,3
G4_p0_w2_regular,G2_p3,0.0,0.9743589743589745,1.0,0.0256410256410256,0,0.05,1.6502363706119292e-16,G4,G2,3
G4_p0_w2_regular,G2_p3,-5.0,0.8292682926829268,0.95,0.1207317073170731,1,0.1351626016260163,0.0,G4,G2,3
G4_p0_w2_regular,G2_p4,20.0,1.0,1.0,0.0,0,0.0,0.0,G4,G2,4
G4_p0_w2_regular,G2_p4,10.0,0.9743589743589745,1.0,0.0256410256410256,0,0.05,1.304626402146012e-16,G4,G2,4
G4_p0_w2_regular,G2_p4,0.0,0.6842105263157895,0.8571428571428571,0.1729323308270676,0,0.1716500553709855,1.6502363705488726e-16,G4,G2,4
G4_p0_w2_regular,G2_p4,-5.0,0.2,0.4705882352941176,0.2705882352941176,0,0.1987315010570824,0.0,G4,G2,4
G4_p0_w2_regular,G3_p1,20.0,1.0,1.0,0.0,0,0.0,0.0,G4,G3,1
G4_p0_w2_regular,G3_p1,10.0,1.0,1.0,0.0,0,0.0,0.0,G4,G3,1
G4_p0_w2_regular,G3_p1,0.0,0.85,0.9473684210526316,0.0973684210526315,0,0.1025641025641026,0.0,G4,G3,1
G4_p0_w2_regular,G3_p1,-5.0,0.7,0.8205128205128205,0.1205128205128205,0,0.1726190476190475,0.0,G4,G3,1
G4_p0_w2_regular,G3_p2,20.0,1.0,1.0,0.0,0,0.0,2.0627954631635704e-16,G4,G3,2
G4_p0_w2_regular,G3_p2,10.0,1.0,1.0,0.0,0,0.0,1.3046264021317694e-16,G4,G3,2
G4_p0_w2_regular,G3_p2,0.0,1.0,1.0,0.0,0,0.0,1.6502363705308567e-16,G4,G3,2
G4_p0_w2_regular,G3_p2,-5.0,1.0,1.0,0.0,0,0.0,0.0,G4,G3,2
G4_p0_w2_regular,G3_p3,20.0,1.0,1.0,0.0,0,0.0,0.0,G4,G3,3
G4_p0_w2_regular,G3_p3,10.0,1.0,1.0,0.0,0,0.0,1.3046264021499358e-16,G4,G3,3
G4_p0_w2_regular,G3_p3,0.0,1.0,1.0,0.0,0,0.0,0.0,G4,G3,3
G4_p0_w2_regular,G3_p3,-5.0,0.9743589743589745,1.0,0.0256410256410256,0,0.0256410256410256,0.0,G4,G3,3
G4_p0_w2_regular,G3_p4,20.0,1.0,1.0,0.0,0,0.0,0.0,G4,G3,4
G4_p0_w2_regular,G3_p4,10.0,1.0,1.0,0.0,0,0.0,2.6092528043409773e-16,G4,G3,4
G4_p0_w2_regular,G3_p4,0.0,0.9743589743589745,1.0,0.0256410256410256,0,0.0256410256410256,0.0,G4,G3,4
G4_p0_w2_regular,G3_p4,-5.0,0.8837209302325582,0.9047619047619048,0.0210409745293466,0,0.0210409745293466,1.8559922150183506e-16,G4,G3,4
G4_p0_w2_regular,G4_p1,20.0,1.0,1.0,0.0,0,0.0,0.0,G4,G4,1
G4_p0_w2_regular,G4_p1,10.0,1.0,1.0,0.0,0,0.0,0.0,G4,G4,1
G4_p0_w2_regular,G4_p1,0.0,0.8372093023255814,0.8947368421052632,0.0575275397796817,0,0.0947368421052631,1.6502363706720826e-16,G4,G4,1
G4_p0_w2_regular,G4_p1,-5.0,0.6666666666666666,0.7619047619047619,0.0952380952380952,0,0.0996818663838812,0.0,G4,G4,1
G4_p0_w2_regular,G4_p2,20.0,1.0,1.0,0.0,0,0.0,0.0,G4,G4,2
G4_p0_w2_regular,G4_p2,10.0,1.0,1.0,0.0,0,0.0,0.0,G4,G4,2
G4_p0_w2_regular,G4_p2,0.0,0.9743589743589745,1.0,0.0256410256410256,0,0.05,0.0,G4,G4,2
G4_p0_w2_regular,G4_p2,-5.0,0.7619047619047619,0.926829268292683,0.1649245063879211,0,0.1605758582502768,0.0,G4,G4,2
G4_p0_w2_regular,G4_p3,20.0,1.0,1.0,0.0,0,0.0,0.0,G4,G4,3
G4_p0_w2_regular,G4_p3,10.0,1.0,1.0,0.0,0,0.0,1.3046264021395606e-16,G4,G4,3
G4_p0_w2_regular,G4_p3,0.0,0.9743589743589745,1.0,0.0256410256410256,0,0.0256410256410256,0.0,G4,G4,3
G4_p0_w2_regular,G4_p3,-5.0,0.9743589743589745,1.0,0.0256410256410256,0,0.0269905533063428,0.0,G4,G4,3
G4_p0_w2_regular,G4_p4,20.0,1.0,1.0,0.0,0,0.0,2.062795463229221e-16,G4,G4,4
G4_p0_w2_regular,G4_p4,10.0,1.0,1.0,0.0,0,0.0,1.30462640217329e-16,G4,G4,4
G4_p0_w2_regular,G4_p4,0.0,0.95,0.9743589743589745,0.0243589743589743,0,0.0243589743589743,0.0,G4,G4,4
G4_p0_w2_regular,G4_p4,-5.0,0.7555555555555555,0.8780487804878049,0.1224932249322493,0,0.0861195542046605,1.8559922150223363e-16,G4,G4,4
G4_p0_w2_variable,G1_p1,20.0,1.0,1.0,0.0,0,0.0,0.0,G4,G1,1
G4_p0_w2_variable,G1_p1,10.0,1.0,1.0,0.0,0,0.0,0.0,G4,G1,1
G4_p0_w2_variable,G1_p1,0.0,0.9523809523809524,0.975609756097561,0.0232288037166086,0,0.0665188470066519,0.0,G4,G1,1
G4_p0_w2_variable,G1_p1,-5.0,0.782608695652174,0.9047619047619048,0.1221532091097308,0,0.0695652173913042,0.0,G4,G1,1
G4_p0_w2_variable,G1_p2,20.0,1.0,1.0,0.0,0,0.0,2.0573204639818327e-16,G4,G1,2
G4_p0_w2_variable,G1_p2,10.0,1.0,1.0,0.0,0,0.0,0.0,G4,G1,2
G4_p0_w2_variable,G1_p2,0.0,0.975609756097561,1.0,0.024390243902439,0,0.024390243902439,0.0,G4,G1,2
G4_p0_w2_variable,G1_p2,-5.0,0.8780487804878049,0.975609756097561,0.097560975609756,1,0.0254706533776301,0.0,G4,G1,2
G4_p0_w2_variable,G1_p3,20.0,1.0,1.0,0.0,0,0.0,2.0573204639867476e-16,G4,G1,3
G4_p0_w2_variable,G1_p3,10.0,1.0,1.0,0.0,0,0.0,0.0,G4,G1,3
G4_p0_w2_variable,G1_p3,0.0,1.0,1.0,0.0,0,0.0,1.645856371189398e-16,G4,G1,3
G4_p0_w2_variable,G1_p3,-5.0,0.9523809523809524,1.0,0.0476190476190476,0,0.082815734989648,0.0,G4,G1,3
G4_p0_w2_variable,G1_p4,20.0,1.0,1.0,0.0,0,0.0,0.0,G4,G1,4
G4_p0_w2_variable,G1_p4,10.0,0.9523809523809524,1.0,0.0476190476190476,0,0.0476190476190476,1.3011637085820106e-16,G4,G1,4
G4_p0_w2_variable,G1_p4,0.0,0.8181818181818182,0.9302325581395348,0.1120507399577166,0,0.1183932346723044,1.6458563711482922e-16,G4,G1,4
G4_p0_w2_variable,G1_p4,-5.0,0.1875,0.4516129032258064,0.2641129032258064,0,0.2483091787439614,0.0,G4,G1,4
G4_p0_w2_variable,G2_p1,20.0,1.0,1.0,0.0,0,0.0,2.0573204640753182e-16,G4,G2,1
G4_p0_w2_variable,G2_p1,10.0,1.0,1.0,0.0,0,0.0,2.6023274173410485e-16,G4,G2,1
G4_p0_w2_variable,G2_p1,0.0,0.9090909090909092,1.0,0.0909090909090909,1,0.1311653116531165,0.0,G4,G2,1
G4_p0_w2_variable,G2_p1,-5.0,0.7692307692307693,0.9,0.1307692307692307,0,0.1263736263736263,1.8510661057749414e-16,G4,G2,1
G4_p0_w2_variable,G2_p2,20.0,1.0,1.0,0.0,0,0.0,2.0573204639526126e-16,G4,G2,2
G4_p0_w2_variable,G2_p2,10.0,1.0,1.0,0.0,0,0.0,1.3011637085929186e-16,G4,G2,2
G4_p0_w2_variable,G2_p2,0.0,0.975609756097561,1.0,0.024390243902439,0,0.024390243902439,0.0,G4,G2,2
G4_p0_w2_variable,G2_p2,-5.0,0.8780487804878049,0.9047619047619048,0.0267131242740998,0,0.0686600221483941,0.0,G4,G2,2
G4_p0_w2_variable,G2_p3,20.0,1.0,1.0,0.0,0,0.0,2.0573204640216584e-16,G4,G2,3
G4_p0_w2_variable,G2_p3,10.0,1.0,1.0,0.0,0,0.0,0.0,G4,G2,3
G4_p0_w2_variable,G2_p3,0.0,0.975609756097561,1.0,0.024390243902439,0,0.0476190476190476,0.0,G4,G2,3
G4_p0_w2_variable,G2_p3,-5.0,0.8,0.8888888888888888,0.0888888888888888,0,0.0375494071146245,0.0,G4,G2,3
G4_p0_w2_variable,G2_p4,20.0,1.0,1.0,0.0,0,0.0,0.0,G4,G2,4
G4_p0_w2_variable,G2_p4,10.0,1.0,1.0,0.0,0,0.024390243902439,2.6023274171737365e-16,G4,G2,4
G4_p0_w2_variable,G2_p4,0.0,0.7317073170731707,0.8571428571428571,0.1254355400696863,0,0.1171717171717171,0.0,G4,G2,4
G4_p0_w2_variable,G2_p4,-5.0,0.1333333333333333,0.3529411764705882,0.2196078431372549,0,0.1030732860520095,1.8510661056559304e-16,G4,G2,4
G4_p0_w2_variable,G3_p1,20.0,1.0,1.0,0.0,0,0.0,0.0,G4,G3,1
G4_p0_w2_variable,G3_p1,10.0,1.0,1.0,0.0,0,0.0,0.0,G4,G3,1
G4_p0_w2_variable,G3_p1,0.0,0.8636363636363636,0.975609756097561,0.1119733924611973,1,0.1119733924611973,1.6458563712710195e-16,G4,G3,1
G4_p0_w2_variable,G3_p1,-5.0,0.7272727272727273,0.8372093023255814,0.1099365750528541,0,0.175,0.0,G4,G3,1
G4_p0_w2_variable,G3_p2,20.0,1.0,1.0,0.0,0,0.0,2.057320463920586e-16,G4,G3,2
G4_p0_w2_variable,G3_p2,10.0,1.0,1.0,0.0,0,0.0,0.0,G4,G3,2
G4_p0_w2_variable,G3_p2,0.0,1.0,1.0,0.0,0,0.0,1.6458563711364692e-16,G4,G3,2
G4_p0_w2_variable,G3_p2,-5.0,1.0,1.0,0.0,0,0.0,0.0,G4,G3,2
G4_p0_w2_variable,G3_p3,20.0,1.0,1.0,0.0,0,0.0,0.0,G4,G3,3
G4_p0_w2_variable,G3_p3,10.0,1.0,1.0,0.0,0,0.0,0.0,G4,G3,3
G4_p0_w2_variable,G3_p3,0.0,1.0,1.0,0.0,0,0.0,1.6458563711593875e-16,G4,G3,3
G4_p0_w2_variable,G3_p3,-5.0,1.0,1.0,0.0,0,0.0,1.8510661056614975e-16,G4,G3,3
G4_p0_w2_variable,G3_p4,20.0,1.0,1.0,0.0,0,0.0,2.0573204639816447e-16,G4,G3,4
G4_p0_w2_variable,G3_p4,10.0,1.0,1.0,0.0,0,0.0,1.3011637086112798e-16,G4,G3,4
G4_p0_w2_variable,G3_p4,0.0,0.975609756097561,1.0,0.024390243902439,0,0.024390243902439,0.0,G4,G3,4
G4_p0_w2_variable,G3_p4,-5.0,0.8636363636363636,0.9523809523809524,0.0887445887445886,1,0.1079365079365078,0.0,G4,G3,4
G4_p0_w2_variable,G4_p1,20.0,1.0,1.0,0.0,0,0.0,0.0,G4,G4,1
G4_p0_w2_variable,G4_p1,10.0,1.0,1.0,0.0,0,0.0,1.3011637086840155e-16,G4,G4,1
G4_p0_w2_variable,G4_p1,0.0,0.8,0.926829268292683,0.1268292682926829,0,0.1007423117709438,1.6458563712773203e-16,G4,G4,1
G4_p0_w2_variable,G4_p1,-5.0,0.6956521739130435,0.7727272727272727,0.0770750988142292,0,0.1641526175687666,0.0,G4,G4,1
G4_p0_w2_variable,G4_p2,20.0,1.0,1.0,0.0,0,0.0,2.0573204639838727e-16,G4,G4,2
G4_p0_w2_variable,G4_p2,10.0,1.0,1.0,0.0,0,0.0,1.3011637086126891e-16,G4,G4,2
G4_p0_w2_variable,G4_p2,0.0,0.95,1.0,0.05,0,0.05,1.645856371187098e-16,G4,G4,2
G4_p0_w2_variable,G4_p2,-5.0,0.8085106382978723,0.9047619047619048,0.0962512664640324,0,0.0752102919346858,0.0,G4,G4,2
G4_p0_w2_variable,G4_p3,20.0,1.0,1.0,0.0,0,0.0,0.0,G4,G4,3
G4_p0_w2_variable,G4_p3,10.0,1.0,1.0,0.0,0,0.0,0.0,G4,G4,3
G4_p0_w2_variable,G4_p3,0.0,0.975609756097561,1.0,0.024390243902439,0,0.024390243902439,0.0,G4,G4,3
G4_p0_w2_variable,G4_p3,-5.0,0.95,1.0,0.05,0,0.05,0.0,G4,G4,3
G4_p0_w2_variable,G4_p4,20.0,1.0,1.0,0.0,0,0.0,2.057320463986062e-16,G4,G4,4
G4_p0_w2_variable,G4_p4,10.0,1.0,1.0,0.0,0,0.0,1.301163708614074e-16,G4,G4,4
G4_p0_w2_variable,G4_p4,0.0,0.9090909090909092,1.0,0.0909090909090909,1,0.0697674418604651,0.0,G4,G4,4
G4_p0_w2_variable,G4_p4,-5.0,0.7659574468085106,0.9302325581395348,0.1642751113310242,0,0.0362318840579709,0.0,G4,G4,4
G4_p0_w3_regular,G1_p1,20.0,1.0,1.0,0.0,0,0.0,1.966531931105645e-16,G4,G1,1
G4_p0_w3_regular,G1_p1,10.0,1.0,1.0,0.0,0,0.0,1.243743998748633e-16,G4,G1,1
G4_p0_w3_regular,G1_p1,0.0,0.9130434782608696,1.0,0.0869565217391304,1,0.125,1.5732255448845163e-16,G4,G1,1
G4_p0_w3_regular,G1_p1,-5.0,0.6511627906976745,0.8444444444444444,0.1932816537467699,0,0.1304347826086956,1.7693794754673355e-16,G4,G1,1
G4_p0_w3_regular,G1_p2,20.0,1.0,1.0,0.0,0,0.0,1.9665319310151967e-16,G4,G1,2
G4_p0_w3_regular,G1_p2,10.0,1.0,1.0,0.0,0,0.0,1.2437439986914283e-16,G4,G1,2
G4_p0_w3_regular,G1_p2,0.0,0.9523809523809524,0.9767441860465116,0.0243632336655592,0,0.0465116279069767,0.0,G4,G1,2
G4_p0_w3_regular,G1_p2,-5.0,0.8636363636363636,0.9333333333333332,0.0696969696969697,0,0.0948616600790512,0.0,G4,G1,2
G4_p0_w3_regular,G1_p3,20.0,1.0,1.0,0.0,0,0.0,0.0,G4,G1,3
G4_p0_w3_regular,G1_p3,10.0,1.0,1.0,0.0,0,0.0,0.0,G4,G1,3
G4_p0_w3_regular,G1_p3,0.0,1.0,1.0,0.0,0,0.0,1.5732255448159155e-16,G4,G1,3
G4_p0_w3_regular,G1_p3,-5.0,0.8695652173913043,0.9333333333333332,0.063768115942029,0,0.0656565656565657,0.0,G4,G1,3
G4_p0_w3_regular,G1_p4,20.0,1.0,1.0,0.0,0,0.0,0.0,G4,G1,4
G4_p0_w3_regular,G1_p4,10.0,0.9767441860465116,1.0,0.0232558139534884,0,0.0454545454545454,1.2437439986633367e-16,G4,G1,4
G4_p0_w3_regular,G1_p4,0.0,0.782608695652174,0.8695652173913043,0.0869565217391303,0,0.0684551341350601,1.573225544776624e-16,G4,G1,4
G4_p0_w3_regular,G1_p4,-5.0,0.2,0.4,0.2,0,0.0533333333333333,0.0,G4,G1,4
G4_p0_w3_regular,G2_p1,20.0,1.0,1.0,0.0,0,0.0,1.9665319311045564e-16,G4,G2,1
G4_p0_w3_regular,G2_p1,10.0,1.0,1.0,0.0,0,0.0,0.0,G4,G2,1
G4_p0_w3_regular,G2_p1,0.0,0.9130434782608696,0.9523809523809524,0.0393374741200828,1,0.0366155368629391,0.0,G4,G2,1
G4_p0_w3_regular,G2_p1,-5.0,0.7272727272727273,0.8085106382978723,0.081237911025145,0,0.0703933747412008,0.0,G4,G2,1
G4_p0_w3_regular,G2_p2,20.0,1.0,1.0,0.0,0,0.0,0.0,G4,G2,2
G4_p0_w3_regular,G2_p2,10.0,1.0,1.0,0.0,0,0.0,0.0,G4,G2,2
G4_p0_w3_regular,G2_p2,0.0,0.9523809523809524,1.0,0.0476190476190476,0,0.0454545454545454,3.146451089579626e-16,G4,G2,2
G4_p0_w3_regular,G2_p2,-5.0,0.8837209302325582,0.9545454545454546,0.0708245243128964,1,0.0909090909090909,1.769379475360825e-16,G4,G2,2
G4_p0_w3_regular,G2_p3,20.0,1.0,1.0,0.0,0,0.0,0.0,G4,G2,3
G4_p0_w3_regular,G2_p3,10.0,1.0,1.0,0.0,0,0.0,0.0,G4,G2,3
G4_p0_w3_regular,G2_p3,0.0,0.9523809523809524,1.0,0.0476190476190476,0,0.0697674418604651,0.0,G4,G2,3
G4_p0_w3_regular,G2_p3,-5.0,0.75,0.8888888888888888,0.1388888888888888,0,0.0994897959183673,1.769379475420207e-16,G4,G2,3
G4_p0_w3_regular,G2_p4,20.0,1.0,1.0,0.0,0,0.0,0.0,G4,G2,4
G4_p0_w3_regular,G2_p4,10.0,0.9767441860465116,1.0,0.0232558139534884,0,0.0232558139534884,0.0,G4,G2,4
G4_p0_w3_regular,G2_p4,0.0,0.6511627906976745,0.7727272727272727,0.1215644820295982,0,0.1159420289855073,1.5732255447824978e-16,G4,G2,4
G4_p0_w3_regular,G2_p4,-5.0,0.1290322580645161,0.3333333333333333,0.2043010752688172,0,0.1560283687943262,1.7693794753525971e-16,G4,G2,4
G4_p0_w3_regular,G3_p1,20.0,1.0,1.0,0.0,0,0.0,0.0,G4,G3,1
G4_p0_w3_regular,G3_p1,10.0,0.9767441860465116,1.0,0.0232558139534884,0,0.0232558139534884,0.0,G4,G3,1
G4_p0_w3_regular,G3_p1,0.0,0.8780487804878049,0.9333333333333332,0.0552845528455284,0,0.0098960910440375,1.573225544893935e-16,G4,G3,1
G4_p0_w3_regular,G3_p1,-5.0,0.7111111111111111,0.7391304347826086,0.0280193236714975,0,0.0833333333333333,0.0,G4,G3,1
G4_p0_w3_regular,G3_p2,20.0,1.0,1.0,0.0,0,0.0,0.0,G4,G3,2
G4_p0_w3_regular,G3_p2,10.0,1.0,1.0,0.0,0,0.0,1.2437439986544018e-16,G4,G3,2
G4_p0_w3_regular,G3_p2,0.0,1.0,1.0,0.0,0,0.0,1.5732255447653226e-16,G4,G3,2
G4_p0_w3_regular,G3_p2,-5.0,1.0,1.0,0.0,0,0.0,0.0,G4,G3,2
G4_p0_w3_regular,G3_p3,20.0,1.0,1.0,0.0,0,0.0,0.0,G4,G3,3
G4_p0_w3_regular,G3_p3,10.0,1.0,1.0,0.0,0,0.0,1.2437439986717208e-16,G4,G3,3
G4_p0_w3_regular,G3_p3,0.0,1.0,1.0,0.0,0,0.0,0.0,G4,G3,3
G4_p0_w3_regular,G3_p3,-5.0,0.9767441860465116,1.0,0.0232558139534884,0,0.0232558139534884,0.0,G4,G3,3
G4_p0_w3_regular,G3_p4,20.0,1.0,1.0,0.0,0,0.0,0.0,G4,G3,4
G4_p0_w3_regular,G3_p4,10.0,1.0,1.0,0.0,0,0.0,0.0,G4,G3,4
G4_p0_w3_regular,G3_p4,0.0,0.975609756097561,1.0,0.024390243902439,0,0.0011344299489506,0.0,G4,G3,4
G4_p0_w3_regular,G3_p4,-5.0,0.8936170212765957,0.9545454545454546,0.0609284332688588,1,0.0444444444444445,0.0,G4,G3,4
G4_p0_w3_regular,G4_p1,20.0,1.0,1.0,0.0,0,0.0,0.0,G4,G4,1
G4_p0_w3_regular,G4_p1,10.0,1.0,1.0,0.0,0,0.0232558139534884,0.0,G4,G4,1
G4_p0_w3_regular,G4_p1,0.0,0.8,0.8636363636363636,0.0636363636363636,0,0.0872093023255814,1.5732255448999575e-16,G4,G4,1
G4_p0_w3_regular,G4_p1,-5.0,0.5714285714285714,0.7111111111111111,0.1396825396825397,0,0.1132075471698114,0.0,G4,G4,1
G4_p0_w3_regular,G4_p2,20.0,1.0,1.0,0.0,0,0.0,1.9665319310171462e-16,G4,G4,2
G4_p0_w3_regular,G4_p2,10.0,1.0,1.0,0.0,0,0.0,1.243743998692661e-16,G4,G4,2
G4_p0_w3_regular,G4_p2,0.0,0.9545454545454546,1.0,0.0454545454545454,0,0.0666666666666666,0.0,G4,G4,2
G4_p0_w3_regular,G4_p2,-5.0,0.8260869565217391,0.9545454545454546,0.1284584980237154,1,0.0619796484736354,0.0,G4,G4,2
G4_p0_w3_regular,G4_p3,20.0,1.0,1.0,0.0,0,0.0,0.0,G4,G4,3
G4_p0_w3_regular,G4_p3,10.0,1.0,1.0,0.0,0,0.0,0.0,G4,G4,3
G4_p0_w3_regular,G4_p3,0.0,0.9767441860465116,1.0,0.0232558139534884,0,0.0232558139534884,0.0,G4,G4,3
G4_p0_w3_regular,G4_p3,-5.0,0.9302325581395348,0.9767441860465116,0.0465116279069767,1,0.0476190476190476,1.7693794753438474e-16,G4,G4,3
G4_p0_w3_regular,G4_p4,20.0,1.0,1.0,0.0,0,0.0,0.0,G4,G4,4
G4_p0_w3_regular,G4_p4,10.0,1.0,1.0,0.0,0,0.0,0.0,G4,G4,4
G4_p0_w3_regular,G4_p4,0.0,0.9333333333333332,1.0,0.0666666666666666,1,0.0666666666666666,1.5732255448153916e-16,G4,G4,4
G4_p0_w3_regular,G4_p4,-5.0,0.7755102040816326,0.851063829787234,0.0755536257056014,0,0.058673469387755,0.0,G4,G4,4
G4_p0_w3_variable,G1_p1,20.0,1.0,1.0,0.0,0,0.0,1.916851847313684e-16,G4,G1,1
G4_p0_w3_variable,G1_p1,10.0,1.0,1.0,0.0,0,0.0,1.2123235549225102e-16,G4,G1,1
G4_p0_w3_variable,G1_p1,0.0,0.9583333333333334,1.0,0.0416666666666666,0,0.0203900709219857,0.0,G4,G1,1
G4_p0_w3_variable,G1_p1,-5.0,0.76,0.9166666666666666,0.1566666666666666,0,0.1120448179271708,0.0,G4,G1,1
G4_p0_w3_variable,G1_p2,20.0,1.0,1.0,0.0,0,0.0,0.0,G4,G1,2
G4_p0_w3_variable,G1_p2,10.0,1.0,1.0,0.0,0,0.0,0.0,G4,G1,2
G4_p0_w3_variable,G1_p2,0.0,0.9777777777777776,1.0,0.0222222222222222,0,0.0416666666666666,1.5334814777804162e-16,G4,G1,2
G4_p0_w3_variable,G1_p2,-5.0,0.8260869565217391,0.9565217391304348,0.1304347826086956,1,0.1100832562442183,1.7246800127397887e-16,G4,G1,2
G4_p0_w3_variable,G1_p3,20.0,1.0,1.0,0.0,0,0.0,0.0,G4,G1,3
G4_p0_w3_variable,G1_p3,10.0,1.0,1.0,0.0,0,0.0,1.212323554869647e-16,G4,G1,3
G4_p0_w3_variable,G1_p3,0.0,0.9787234042553192,1.0,0.0212765957446808,0,0.0212765957446808,0.0,G4,G1,3
G4_p0_w3_variable,G1_p3,-5.0,0.88,0.9787234042553192,0.0987234042553191,1,0.1281446540880503,0.0,G4,G1,3
G4_p0_w3_variable,G1_p4,20.0,1.0,1.0,0.0,0,0.0,0.0,G4,G1,4
G4_p0_w3_variable,G1_p4,10.0,0.9787234042553192,1.0,0.0212765957446808,0,0.0416666666666666,1.212323554839369e-16,G4,G1,4
G4_p0_w3_variable,G1_p4,0.0,0.8,0.8571428571428571,0.057142857142857,0,0.0816326530612244,0.0,G4,G1,4
G4_p0_w3_variable,G1_p4,-5.0,0.125,0.4736842105263157,0.3486842105263157,0,0.1933333333333333,1.7246800127008335e-16,G4,G1,4
G4_p0_w3_variable,G2_p1,20.0,1.0,1.0,0.0,0,0.0,0.0,G4,G2,1
G4_p0_w3_variable,G2_p1,10.0,1.0,1.0,0.0,0,0.0,0.0,G4,G2,1
G4_p0_w3_variable,G2_p1,0.0,0.8979591836734694,0.9583333333333334,0.0603741496598639,1,0.0603741496598639,1.533481477850098e-16,G4,G2,1
G4_p0_w3_variable,G2_p1,-5.0,0.76,0.84,0.0799999999999999,0,0.0784313725490195,0.0,G4,G2,1
G4_p0_w3_variable,G2_p2,20.0,1.0,1.0,0.0,0,0.0,0.0,G4,G2,2
G4_p0_w3_variable,G2_p2,10.0,1.0,1.0,0.0,0,0.0,0.0,G4,G2,2
G4_p0_w3_variable,G2_p2,0.0,0.9565217391304348,1.0,0.0434782608695651,0,0.0434782608695651,1.5334814777586363e-16,G4,G2,2
G4_p0_w3_variable,G2_p2,-5.0,0.875,1.0,0.125,1,0.125,1.7246800127152926e-16,G4,G2,2
G4_p0_w3_variable,G2_p3,20.0,1.0,1.0,0.0,0,0.0,0.0,G4,G2,3
G4_p0_w3_variable,G2_p3,10.0,1.0,1.0,0.0,0,0.0,0.0,G4,G2,3
G4_p0_w3_variable,G2_p3,0.0,0.9583333333333334,1.0,0.0416666666666666,0,0.0,1.533481477810101e-16,G4,G2,3
G4_p0_w3_variable,G2_p3,-5.0,0.7924528301886793,0.8627450980392157,0.0702922678505364,0,0.0992592592592592,0.0,G4,G2,3
G4_p0_w3_variable,G2_p4,20.0,1.0,1.0,0.0,0,0.0,1.9168518471893822e-16,G4,G2,4
G4_p0_w3_variable,G2_p4,10.0,0.9583333333333334,1.0,0.0416666666666666,0,0.0212765957446808,1.212323554843895e-16,G4,G2,4
G4_p0_w3_variable,G2_p4,0.0,0.7346938775510204,0.8163265306122449,0.0816326530612244,0,0.1035294117647058,0.0,G4,G2,4
G4_p0_w3_variable,G2_p4,-5.0,0.2222222222222222,0.3243243243243243,0.1021021021021021,0,0.0808477237048665,1.724680012707273e-16,G4,G2,4
G4_p0_w3_variable,G3_p1,20.0,1.0,1.0,0.0,0,0.0,0.0,G4,G3,1
G4_p0_w3_variable,G3_p1,10.0,0.9787234042553192,1.0,0.0212765957446808,0,0.0416666666666666,0.0,G4,G3,1
G4_p0_w3_variable,G3_p1,0.0,0.88,0.9787234042553192,0.0987234042553191,1,0.0783333333333333,0.0,G4,G3,1
G4_p0_w3_variable,G3_p1,-5.0,0.6938775510204082,0.7843137254901961,0.0904361744697879,0,0.1239316239316239,1.724680012829439e-16,G4,G3,1
G4_p0_w3_variable,G3_p2,20.0,1.0,1.0,0.0,0,0.0,1.916851847168456e-16,G4,G3,2
G4_p0_w3_variable,G3_p2,10.0,1.0,1.0,0.0,0,0.0,0.0,G4,G3,2
G4_p0_w3_variable,G3_p2,0.0,1.0,1.0,0.0,0,0.0,1.5334814777347644e-16,G4,G3,2
G4_p0_w3_variable,G3_p2,-5.0,1.0,1.0,0.0,0,0.0,0.0,G4,G3,2
G4_p0_w3_variable,G3_p3,20.0,1.0,1.0,0.0,0,0.0,1.9168518471951478e-16,G4,G3,3
G4_p0_w3_variable,G3_p3,10.0,1.0,1.0,0.0,0,0.0,1.212323554847541e-16,G4,G3,3
G4_p0_w3_variable,G3_p3,0.0,1.0,1.0,0.0,0,0.0,0.0,G4,G3,3
G4_p0_w3_variable,G3_p3,-5.0,0.9787234042553192,1.0,0.0212765957446808,0,0.0212765957446808,1.7246800127124603e-16,G4,G3,3
G4_p0_w3_variable,G3_p4,20.0,1.0,1.0,0.0,0,0.0,0.0,G4,G3,4
G4_p0_w3_variable,G3_p4,10.0,1.0,1.0,0.0,0,0.0,0.0,G4,G3,4
G4_p0_w3_variable,G3_p4,0.0,0.9787234042553192,1.0,0.0212765957446808,0,0.0212765957446808,0.0,G4,G3,4
G4_p0_w3_variable,G3_p4,-5.0,0.8979591836734694,0.9583333333333334,0.0603741496598639,1,0.038211029092488,0.0,G4,G3,4
G4_p0_w3_variable,G4_p1,20.0,1.0,1.0,0.0,0,0.0,0.0,G4,G4,1
G4_p0_w3_variable,G4_p1,10.0,1.0,1.0,0.0,0,0.0,1.2123235549344095e-16,G4,G4,1
G4_p0_w3_variable,G4_p1,0.0,0.84,0.88,0.04,0,0.035,0.0,G4,G4,1
G4_p0_w3_variable,G4_p1,-5.0,0.625,0.6923076923076923,0.0673076923076922,0,0.1304675716440422,0.0,G4,G4,1
G4_p0_w3_variable,G4_p2,20.0,1.0,1.0,0.0,0,0.0,0.0,G4,G4,2
G4_p0_w3_variable,G4_p2,10.0,1.0,1.0,0.0,0,0.0,1.2123235548679526e-16,G4,G4,2
G4_p0_w3_variable,G4_p2,0.0,0.9583333333333334,1.0,0.0416666666666666,0,0.0212765957446808,1.5334814777819368e-16,G4,G4,2
G4_p0_w3_variable,G4_p2,-5.0,0.88,0.9787234042553192,0.0987234042553191,1,0.1348039215686275,1.7246800127414983e-16,G4,G4,2
G4_p0_w3_variable,G4_p3,20.0,1.0,1.0,0.0,0,0.0,1.9168518471799038e-16,G4,G4,3
G4_p0_w3_variable,G4_p3,10.0,1.0,1.0,0.0,0,0.0,2.4246471096758004e-16,G4,G4,3
G4_p0_w3_variable,G4_p3,0.0,0.9787234042553192,1.0,0.0212765957446808,0,0.0212765957446808,0.0,G4,G4,3
G4_p0_w3_variable,G4_p3,-5.0,0.9565217391304348,1.0,0.0434782608695651,0,0.0212765957446808,1.7246800126987442e-16,G4,G4,3
G4_p0_w3_variable,G4_p4,20.0,1.0,1.0,0.0,0,0.0,1.916851847229461e-16,G4,G4,4
G4_p0_w3_variable,G4_p4,10.0,1.0,1.0,0.0,0,0.0,1.2123235548692431e-16,G4,G4,4
G4_p0_w3_variable,G4_p4,0.0,0.9565217391304348,1.0,0.0434782608695651,0,0.0416666666666666,1.5334814777835687e-16,G4,G4,4
G4_p0_w3_variable,G4_p4,-5.0,0.8,0.9387755102040816,0.1387755102040816,0,0.129898403483309,0.0,G4,G4,4
G4_p5_w0_regular,G1_p1,20.0,1.0,1.0,0.0,0,0.0,0.0,G4,G1,1
G4_p5_w0_regular,G1_p1,10.0,1.0,1.0,0.0,0,0.0,1.3415050174741516e-16,G4,G1,1
G4_p5_w0_regular,G1_p1,0.0,0.9767441860465116,1.0,0.0232558139534884,0,0.0232323232323231,0.0,G4,G1,1
G4_p5_w0_regular,G1_p1,-5.0,0.7659574468085106,0.8888888888888888,0.1229314420803782,0,0.1036077705827936,0.0,G4,G1,1
G4_p5_w0_regular,G1_p2,20.0,1.0,1.0,0.0,0,0.0,0.0,G4,G1,2
G4_p5_w0_regular,G1_p2,10.0,1.0,1.0,0.0,0,0.0,1.341505017412451e-16,G4,G1,2
G4_p5_w0_regular,G1_p2,0.0,1.0,1.0,0.0,0,0.0222222222222222,0.0,G4,G1,2
G4_p5_w0_regular,G1_p2,-5.0,0.8888888888888888,0.9130434782608696,0.0241545893719806,0,0.0397163120567376,0.0,G4,G1,2
G4_p5_w0_regular,G1_p3,20.0,1.0,1.0,0.0,0,0.0,2.12110567378866e-16,G4,G1,3
G4_p5_w0_regular,G1_p3,10.0,1.0,1.0,0.0,0,0.0,0.0,G4,G1,3
G4_p5_w0_regular,G1_p3,0.0,1.0,1.0,0.0,0,0.0,1.6968845390309274e-16,G4,G1,3
G4_p5_w0_regular,G1_p3,-5.0,0.9565217391304348,0.9777777777777776,0.0212560386473429,0,0.0611111111111111,1.908456600747333e-16,G4,G1,3
G4_p5_w0_regular,G1_p4,20.0,1.0,1.0,0.0,0,0.0,0.0,G4,G1,4
G4_p5_w0_regular,G1_p4,10.0,0.9565217391304348,1.0,0.0434782608695651,0,0.0434782608695651,0.0,G4,G1,4
G4_p5_w0_regular,G1_p4,0.0,0.8,0.9333333333333332,0.1333333333333333,0,0.1490196078431372,1.6968845389885476e-16,G4,G1,4
G4_p5_w0_regular,G1_p4,-5.0,0.2702702702702703,0.8181818181818182,0.547911547911548,0,0.1898989898989899,0.0,G4,G1,4
G4_p5_w0_regular,G2_p1,20.0,1.0,1.0,0.0,0,0.0,0.0,G4,G2,1
G4_p5_w0_regular,G2_p1,10.0,1.0,1.0,0.0,0,0.0,0.0,G4,G2,1
G4_p5_w0_regular,G2_p1,0.0,0.9090909090909092,1.0,0.0909090909090909,1,0.0666666666666666,1.696884539103981e-16,G4,G2,1
G4_p5_w0_regular,G2_p1,-5.0,0.75,0.8695652173913043,0.1195652173913043,0,0.0465686274509803,1.9084566008294947e-16,G4,G2,1
G4_p5_w0_regular,G2_p2,20.0,1.0,1.0,0.0,0,0.0,2.1211056737534662e-16,G4,G2,2
G4_p5_w0_regular,G2_p2,10.0,1.0,1.0,0.0,0,0.0,2.6830100347867953e-16,G4,G2,2
G4_p5_w0_regular,G2_p2,0.0,0.9545454545454546,1.0,0.0454545454545454,0,0.0212560386473429,0.0,G4,G2,2
G4_p5_w0_regular,G2_p2,-5.0,0.8888888888888888,0.9777777777777776,0.0888888888888889,1,0.0472813238770686,0.0,G4,G2,2
G4_p5_w0_regular,G2_p3,20.0,1.0,1.0,0.0,0,0.0,0.0,G4,G2,3
G4_p5_w0_regular,G2_p3,10.0,1.0,1.0,0.0,0,0.0,1.3415050174384194e-16,G4,G2,3
G4_p5_w0_regular,G2_p3,0.0,1.0,1.0,0.0,0,0.0222222222222222,0.0,G4,G2,3
G4_p5_w0_regular,G2_p3,-5.0,0.8571428571428571,0.9565217391304348,0.0993788819875777,1,0.0961702127659575,0.0,G4,G2,3
G4_p5_w0_regular,G2_p4,20.0,1.0,1.0,0.0,0,0.0,0.0,G4,G2,4
G4_p5_w0_regular,G2_p4,10.0,1.0,1.0,0.0,0,0.0222222222222222,1.3415050173871595e-16,G4,G2,4
G4_p5_w0_regular,G2_p4,0.0,0.7916666666666666,0.8260869565217391,0.0344202898550725,0,0.125,0.0,G4,G2,4
G4_p5_w0_regular,G2_p4,-5.0,0.2941176470588235,0.5238095238095238,0.2296918767507003,0,0.1323076923076922,0.0,G4,G2,4
G4_p5_w0_regular,G3_p1,20.0,1.0,1.0,0.0,0,0.0,0.0,G4,G3,1
G4_p5_w0_regular,G3_p1,10.0,1.0,1.0,0.0,0,0.0222222222222222,2.683010034964367e-16,G4,G3,1
G4_p5_w0_regular,G3_p1,0.0,0.851063829787234,0.9777777777777776,0.1267139479905437,1,0.1054579093432007,0.0,G4,G3,1
G4_p5_w0_regular,G3_p1,-5.0,0.7843137254901961,0.8695652173913043,0.0852514919011082,0,0.1163699522362136,0.0,G4,G3,1
G4_p5_w0_regular,G3_p2,20.0,1.0,1.0,0.0,0,0.0,0.0,G4,G3,2
G4_p5_w0_regular,G3_p2,10.0,1.0,1.0,0.0,0,0.0,0.0,G4,G3,2
G4_p5_w0_regular,G3_p2,0.0,1.0,1.0,0.0,0,0.0,0.0,G4,G3,2
G4_p5_w0_regular,G3_p2,-5.0,1.0,1.0,0.0,0,0.0,0.0,G4,G3,2
G4_p5_w0_regular,G3_p3,20.0,1.0,1.0,0.0,0,0.0,0.0,G4,G3,3
G4_p5_w0_regular,G3_p3,10.0,1.0,1.0,0.0,0,0.0,0.0,G4,G3,3
G4_p5_w0_regular,G3_p3,0.0,1.0,1.0,0.0,0,0.0,0.0,G4,G3,3
G4_p5_w0_regular,G3_p3,-5.0,0.9777777777777776,1.0,0.0222222222222222,0,0.0222222222222222,1.9084566007125342e-16,G4,G3,3
G4_p5_w0_regular,G3_p4,20.0,1.0,1.0,0.0,0,0.0,0.0,G4,G3,4
G4_p5_w0_regular,G3_p4,10.0,1.0,1.0,0.0,0,0.0,1.3415050174123279e-16,G4,G3,4
G4_p5_w0_regular,G3_p4,0.0,0.9777777777777776,1.0,0.0222222222222222,0,0.0222222222222222,0.0,G4,G3,4
G4_p5_w0_regular,G3_p4,-5.0,0.875,0.9777777777777776,0.1027777777777777,1,0.1428571428571429,1.9084566007425992e-16,G4,G3,4
G4_p5_w0_regular,G4_p1,20.0,1.0,1.0,0.0,0,0.0,0.0,G4,G4,1
G4_p5_w0_regular,G4_p1,10.0,1.0,1.0,0.0,0,0.0,1.3415050174873187e-16,G4,G4,1
G4_p5_w0_regular,G4_p1,0.0,0.9090909090909092,0.9333333333333332,0.0242424242424242,0,0.068599033816425,1.6968845391215762e-16,G4,G4,1
G4_p5_w0_regular,G4_p1,-5.0,0.6956521739130435,0.75,0.0543478260869565,0,0.0585290720061609,0.0,G4,G4,1
G4_p5_w0_regular,G4_p2,20.0,1.0,1.0,0.0,0,0.0,0.0,G4,G4,2
G4_p5_w0_regular,G4_p2,10.0,1.0,1.0,0.0,0,0.0,1.3415050174137808e-16,G4,G4,2
G4_p5_w0_regular,G4_p2,0.0,1.0,1.0,0.0,0,0.0434782608695651,1.6968845390285564e-16,G4,G4,2
G4_p5_w0_regular,G4_p2,-5.0,0.8888888888888888,0.9361702127659576,0.0472813238770686,0,0.0619796484736354,0.0,G4,G4,2
G4_p5_w0_regular,G4_p3,20.0,1.0,1.0,0.0,0,0.0,2.1211056737331143e-16,G4,G4,3
G4_p5_w0_regular,G4_p3,10.0,1.0,1.0,0.0,0,0.0,0.0,G4,G4,3
G4_p5_w0_regular,G4_p3,0.0,1.0,1.0,0.0,0,0.0,1.696884538986492e-16,G4,G4,3
G4_p5_w0_regular,G4_p3,-5.0,0.9545454545454546,1.0,0.0454545454545454,0,0.0454545454545454,3.816913201394713e-16,G4,G4,3
G4_p5_w0_regular,G4_p4,20.0,1.0,1.0,0.0,0,0.0,0.0,G4,G4,4
G4_p5_w0_regular,G4_p4,10.0,1.0,1.0,0.0,0,0.0,1.3415050174152087e-16,G4,G4,4
G4_p5_w0_regular,G4_p4,0.0,0.9777777777777776,1.0,0.0222222222222222,0,0.0222222222222222,0.0,G4,G4,4
G4_p5_w0_regular,G4_p4,-5.0,0.8936170212765957,0.9090909090909092,0.0154738878143133,0,0.0815217391304348,1.908456600746697e-16,G4,G4,4
G4_p5_w0_variable,G1_p1,20.0,1.0,1.0,0.0,0,0.0,2.023923849133197e-16,G4,G1,1
G4_p5_w0_variable,G1_p1,10.0,1.0,1.0,0.0,0,0.0,1.280041834799182e-16,G4,G1,1
G4_p5_w0_variable,G1_p1,0.0,0.9583333333333334,1.0,0.0416666666666666,0,0.0,0.0,G4,G1,1
G4_p5_w0_variable,G1_p1,-5.0,0.76,0.8979591836734694,0.1379591836734693,0,0.1711915535444947,0.0,G4,G1,1
G4_p5_w0_variable,G1_p2,20.0,1.0,1.0,0.0,0,0.0,0.0,G4,G1,2
G4_p5_w0_variable,G1_p2,10.0,1.0,1.0,0.0,0,0.0,0.0,G4,G1,2
G4_p5_w0_variable,G1_p2,0.0,0.9787234042553192,1.0,0.0212765957446808,0,0.0212765957446808,0.0,G4,G1,2
G4_p5_w0_variable,G1_p2,-5.0,0.9361702127659576,1.0,0.0638297872340425,1,0.0638297872340425,0.0,G4,G1,2
G4_p5_w0_variable,G1_p3,20.0,1.0,1.0,0.0,0,0.0,0.0,G4,G1,3
G4_p5_w0_variable,G1_p3,10.0,1.0,1.0,0.0,0,0.0,2.560083669486731e-16,G4,G1,3
G4_p5_w0_variable,G1_p3,0.0,1.0,1.0,0.0,0,0.0,1.6191390792359562e-16,G4,G1,3
G4_p5_w0_variable,G1_p3,-5.0,0.9787234042553192,1.0,0.0212765957446808,0,0.0203900709219857,0.0,G4,G1,3
G4_p5_w0_variable,G1_p4,20.0,1.0,1.0,0.0,0,0.0,2.0239238489943967e-16,G4,G1,4
G4_p5_w0_variable,G1_p4,10.0,1.0,1.0,0.0,0,0.0222222222222222,0.0,G4,G1,4
G4_p5_w0_variable,G1_p4,0.0,0.8085106382978723,0.8695652173913043,0.061054579093432,0,0.0778985507246377,0.0,G4,G1,4
G4_p5_w0_variable,G1_p4,-5.0,0.25,0.6666666666666666,0.4166666666666666,0,0.0941176470588235,0.0,G4,G1,4
G4_p5_w0_variable,G2_p1,20.0,1.0,1.0,0.0,0,0.0,2.023923849132077e-16,G4,G2,1
G4_p5_w0_variable,G2_p1,10.0,1.0,1.0,0.0,0,0.0,1.280041834798473e-16,G4,G2,1
G4_p5_w0_variable,G2_p1,0.0,0.8888888888888888,1.0,0.1111111111111111,1,0.0869565217391304,0.0,G4,G2,1
G4_p5_w0_variable,G2_p1,-5.0,0.75,0.8163265306122449,0.0663265306122449,0,0.0480192076830732,1.8210176310484556e-16,G4,G2,1
G4_p5_w0_variable,G2_p2,20.0,1.0,1.0,0.0,0,0.0,0.0,G4,G2,2
G4_p5_w0_variable,G2_p2,10.0,1.0,1.0,0.0,0,0.0,0.0,G4,G2,2
G4_p5_w0_variable,G2_p2,0.0,0.9787234042553192,1.0,0.0212765957446808,0,0.0212765957446808,0.0,G4,G2,2
G4_p5_w0_variable,G2_p2,-5.0,0.9583333333333334,0.9787234042553192,0.0203900709219857,0,0.0203900709219857,1.821017630939844e-16,G4,G2,2
G4_p5_w0_variable,G2_p3,20.0,1.0,1.0,0.0,0,0.0,2.0239238490792887e-16,G4,G2,3
G4_p5_w0_variable,G2_p3,10.0,1.0,1.0,0.0,0,0.0,1.280041834765087e-16,G4,G2,3
G4_p5_w0_variable,G2_p3,0.0,1.0,1.0,0.0,0,0.0212765957446808,0.0,G4,G2,3
G4_p5_w0_variable,G2_p3,-5.0,0.8979591836734694,1.0,0.1020408163265306,1,0.0987234042553191,0.0,G4,G2,3
G4_p5_w0_variable,G2_p4,20.0,1.0,1.0,0.0,0,0.0,2.0239238490019528e-16,G4,G2,4
G4_p5_w0_variable,G2_p4,10.0,1.0,1.0,0.0,0,0.0212765957446808,0.0,G4,G2,4
G4_p5_w0_variable,G2_p4,0.0,0.8,0.8936170212765957,0.0936170212765956,0,0.0416666666666667,1.6191390792015626e-16,G4,G2,4
G4_p5_w0_variable,G2_p4,-5.0,0.2777777777777778,0.4736842105263157,0.1959064327485379,0,0.0658823529411765,0.0,G4,G2,4
G4_p5_w0_variable,G3_p1,20.0,1.0,1.0,0.0,0,0.0,2.0239238491453152e-16,G4,G3,1
G4_p5_w0_variable,G3_p1,10.0,1.0,1.0,0.0,0,0.0212765957446808,1.280041834806845e-16,G4,G3,1
G4_p5_w0_variable,G3_p1,0.0,0.875,0.9583333333333334,0.0833333333333333,1,0.0637755102040816,1.619139079316252e-16,G4,G3,1
G4_p5_w0_variable,G3_p1,-5.0,0.6666666666666666,0.7755102040816326,0.108843537414966,0,0.1930926216640502,0.0,G4,G3,1
G4_p5_w0_variable,G3_p2,20.0,1.0,1.0,0.0,0,0.0,0.0,G4,G3,2
G4_p5_w0_variable,G3_p2,10.0,1.0,1.0,0.0,0,0.0,0.0,G4,G3,2
G4_p5_w0_variable,G3_p2,0.0,1.0,1.0,0.0,0,0.0,1.6191390791838862e-16,G4,G3,2
G4_p5_w0_variable,G3_p2,-5.0,1.0,1.0,0.0,0,0.0,1.8210176309114963e-16,G4,G3,2
G4_p5_w0_variable,G3_p3,20.0,1.0,1.0,0.0,0,0.0,2.0239238490080403e-16,G4,G3,3
G4_p5_w0_variable,G3_p3,10.0,1.0,1.0,0.0,0,0.0,0.0,G4,G3,3
G4_p5_w0_variable,G3_p3,0.0,1.0,1.0,0.0,0,0.0,1.6191390792064323e-16,G4,G3,3
G4_p5_w0_variable,G3_p3,-5.0,0.9787234042553192,1.0,0.0212765957446808,0,0.0212765957446808,1.8210176309368532e-16,G4,G3,3
G4_p5_w0_variable,G3_p4,20.0,1.0,1.0,0.0,0,0.0,0.0,G4,G3,4
G4_p5_w0_variable,G3_p4,10.0,1.0,1.0,0.0,0,0.0,1.2800418347401903e-16,G4,G3,4
G4_p5_w0_variable,G3_p4,0.0,1.0,1.0,0.0,0,0.0212765957446808,1.6191390792319396e-16,G4,G3,4
G4_p5_w0_variable,G3_p4,-5.0,0.8936170212765957,0.9565217391304348,0.0629047178538391,1,0.0561702127659574,0.0,G4,G3,4
G4_p5_w0_variable,G4_p1,20.0,1.0,1.0,0.0,0,0.0,2.0239238491530635e-16,G4,G4,1
G4_p5_w0_variable,G4_p1,10.0,0.9787234042553192,1.0,0.0212765957446808,0,0.0,1.2800418348117456e-16,G4,G4,1
G4_p5_w0_variable,G4_p1,0.0,0.8695652173913043,0.9583333333333334,0.088768115942029,1,0.0408163265306122,0.0,G4,G4,1
G4_p5_w0_variable,G4_p1,-5.0,0.7083333333333334,0.7755102040816326,0.0671768707482992,0,0.0492307692307693,1.8210176310673367e-16,G4,G4,1
G4_p5_w0_variable,G4_p2,20.0,1.0,1.0,0.0,0,0.0,0.0,G4,G4,2
G4_p5_w0_variable,G4_p2,10.0,1.0,1.0,0.0,0,0.0,0.0,G4,G4,2
G4_p5_w0_variable,G4_p2,0.0,1.0,1.0,0.0,0,0.0212765957446808,1.6191390792336934e-16,G4,G4,2
G4_p5_w0_variable,G4_p2,-5.0,0.92,0.9361702127659576,0.0161702127659574,0,0.1165217391304348,1.821017630967513e-16,G4,G4,2
G4_p5_w0_variable,G4_p3,20.0,1.0,1.0,0.0,0,0.0,2.0239238489919443e-16,G4,G4,3
G4_p5_w0_variable,G4_p3,10.0,1.0,1.0,0.0,0,0.0,1.2800418347098455e-16,G4,G4,3
G4_p5_w0_variable,G4_p3,0.0,0.9787234042553192,1.0,0.0212765957446808,0,0.0212765957446808,1.6191390791935559e-16,G4,G4,3
G4_p5_w0_variable,G4_p3,-5.0,0.9565217391304348,1.0,0.0434782608695651,0,0.0434782608695651,1.821017630922372e-16,G4,G4,3
G4_p5_w0_variable,G4_p4,20.0,1.0,1.0,0.0,0,0.0,0.0,G4,G4,4
G4_p5_w0_variable,G4_p4,10.0,1.0,1.0,0.0,0,0.0,1.2800418347429392e-16,G4,G4,4
G4_p5_w0_variable,G4_p4,0.0,0.9583333333333334,1.0,0.0416666666666666,0,0.0212765957446808,0.0,G4,G4,4
G4_p5_w0_variable,G4_p4,-5.0,0.8301886792452831,0.88,0.0498113207547169,0,0.0281481481481481,0.0,G4,G4,4
G4_p5_w1_regular,G1_p1,20.0,1.0,1.0,0.0,0,0.0,1.1307218280726347e-16,G4,G1,1
G4_p5_w1_regular,G1_p1,10.0,1.0,1.0,0.0,0,0.0,0.0,G4,G1,1
G4_p5_w1_regular,G1_p1,0.0,0.9743589743589745,1.0,0.0256410256410256,0,0.073170731707317,0.0,G4,G1,1
G4_p5_w1_regular,G1_p1,-5.0,0.8372093023255814,0.9,0.0627906976744185,0,0.1047619047619047,2.0347251559040623e-16,G4,G1,1
G4_p5_w1_regular,G1_p2,20.0,1.0,1.0,0.0,0,0.0,1.1307218280206284e-16,G4,G1,2
G4_p5_w1_regular,G1_p2,10.0,1.0,1.0,0.0,0,0.0,0.0,G4,G1,2
G4_p5_w1_regular,G1_p2,0.0,0.9743589743589745,1.0,0.0256410256410256,0,0.0256410256410256,0.0,G4,G1,2
G4_p5_w1_regular,G1_p2,-5.0,0.8780487804878049,0.95,0.071951219512195,1,0.071951219512195,0.0,G4,G1,2
G4_p5_w1_regular,G1_p3,20.0,1.0,1.0,0.0,0,0.0,0.0,G4,G1,3
G4_p5_w1_regular,G1_p3,10.0,1.0,1.0,0.0,0,0.0,0.0,G4,G1,3
G4_p5_w1_regular,G1_p3,0.0,1.0,1.0,0.0,0,0.0,1.8091549248373271e-16,G4,G1,3
G4_p5_w1_regular,G1_p3,-5.0,0.9473684210526316,1.0,0.0526315789473684,1,0.1219512195121951,0.0,G4,G1,3
G4_p5_w1_regular,G1_p4,20.0,1.0,1.0,0.0,0,0.0,1.1307218279950895e-16,G4,G1,4
G4_p5_w1_regular,G1_p4,10.0,1.0,1.0,0.0,0,0.05,0.0,G4,G1,4
G4_p5_w1_regular,G1_p4,0.0,0.7441860465116279,0.8571428571428571,0.1129568106312292,0,0.1129568106312292,0.0,G4,G1,4
G4_p5_w1_regular,G1_p4,-5.0,0.303030303030303,0.7692307692307693,0.4662004662004662,0,0.191699604743083,0.0,G4,G1,4
G4_p5_w1_regular,G2_p1,20.0,1.0,1.0,0.0,0,0.0,0.0,G4,G2,1
G4_p5_w1_regular,G2_p1,10.0,1.0,1.0,0.0,0,0.0,0.0,G4,G2,1
G4_p5_w1_regular,G2_p1,0.0,0.9047619047619048,1.0,0.0952380952380952,1,0.1162790697674418,0.0,G4,G2,1
G4_p5_w1_regular,G2_p1,-5.0,0.8292682926829268,0.9743589743589745,0.1450906816760475,1,0.1463414634146341,0.0,G4,G2,1
G4_p5_w1_regular,G2_p2,20.0,1.0,1.0,0.0,0,0.0,0.0,G4,G2,2
G4_p5_w1_regular,G2_p2,10.0,1.0,1.0,0.0,0,0.0,0.0,G4,G2,2
G4_p5_w1_regular,G2_p2,0.0,0.9743589743589745,1.0,0.0256410256410256,0,0.0256410256410256,0.0,G4,G2,2
G4_p5_w1_regular,G2_p2,-5.0,0.9230769230769232,0.9743589743589745,0.0512820512820512,1,0.0743589743589743,0.0,G4,G2,2
G4_p5_w1_regular,G2_p3,20.0,1.0,1.0,0.0,0,0.0,1.1307218280425168e-16,G4,G2,3
G4_p5_w1_regular,G2_p3,10.0,1.0,1.0,0.0,0,0.0,0.0,G4,G2,3
G4_p5_w1_regular,G2_p3,0.0,0.9743589743589745,1.0,0.0256410256410256,0,0.0256410256410256,0.0,G4,G2,3
G4_p5_w1_regular,G2_p3,-5.0,0.8837209302325582,1.0,0.1162790697674418,1,0.1107226107226106,0.0,G4,G2,3
G4_p5_w1_regular,G2_p4,20.0,1.0,1.0,0.0,0,0.0,0.0,G4,G2,4
G4_p5_w1_regular,G2_p4,10.0,1.0,1.0,0.0,0,0.05,1.4302625506187898e-16,G4,G2,4
G4_p5_w1_regular,G2_p4,0.0,0.6842105263157895,0.8372093023255814,0.1529987760097919,0,0.1571428571428571,0.0,G4,G2,4
G4_p5_w1_regular,G2_p4,-5.0,0.2666666666666666,0.7,0.4333333333333333,0,0.1494949494949495,2.0347251557721167e-16,G4,G2,4
G4_p5_w1_regular,G3_p1,20.0,1.0,1.0,0.0,0,0.0,1.1307218280794042e-16,G4,G3,1
G4_p5_w1_regular,G3_p1,10.0,1.0,1.0,0.0,0,0.0,0.0,G4,G3,1
G4_p5_w1_regular,G3_p1,0.0,0.9047619047619048,0.9743589743589745,0.0695970695970695,1,0.0743589743589743,1.8091549249270475e-16,G4,G3,1
G4_p5_w1_regular,G3_p1,-5.0,0.75,0.8292682926829268,0.0792682926829267,0,0.0515672396359959,2.0347251559162443e-16,G4,G3,1
G4_p5_w1_regular,G3_p2,20.0,1.0,1.0,0.0,0,0.0,2.261443655973933e-16,G4,G3,2
G4_p5_w1_regular,G3_p2,10.0,1.0,1.0,0.0,0,0.0,2.86052510120635e-16,G4,G3,2
G4_p5_w1_regular,G3_p2,0.0,1.0,1.0,0.0,0,0.0,0.0,G4,G3,2
G4_p5_w1_regular,G3_p2,-5.0,1.0,1.0,0.0,0,0.0,0.0,G4,G3,2
G4_p5_w1_regular,G3_p3,20.0,1.0,1.0,0.0,0,0.0,1.1307218280027118e-16,G4,G3,3
G4_p5_w1_regular,G3_p3,10.0,1.0,1.0,0.0,0,0.0,0.0,G4,G3,3
G4_p5_w1_regular,G3_p3,0.0,1.0,1.0,0.0,0,0.0,0.0,G4,G3,3
G4_p5_w1_regular,G3_p3,-5.0,0.9743589743589745,1.0,0.0256410256410256,0,0.0256410256410256,0.0,G4,G3,3
G4_p5_w1_regular,G3_p4,20.0,1.0,1.0,0.0,0,0.0,1.1307218280205248e-16,G4,G3,4
G4_p5_w1_regular,G3_p4,10.0,1.0,1.0,0.0,0,0.0,1.4302625506456234e-16,G4,G3,4
G4_p5_w1_regular,G3_p4,0.0,0.9743589743589745,1.0,0.0256410256410256,0,0.0256410256410256,0.0,G4,G3,4
G4_p5_w1_regular,G3_p4,-5.0,0.9230769230769232,0.95,0.0269230769230768,1,0.0452380952380951,0.0,G4,G3,4
G4_p5_w1_regular,G4_p1,20.0,1.0,1.0,0.0,0,0.0,0.0,G4,G4,1
G4_p5_w1_regular,G4_p1,10.0,1.0,1.0,0.0,0,0.0,0.0,G4,G4,1
G4_p5_w1_regular,G4_p1,0.0,0.8181818181818182,0.9473684210526316,0.1291866028708133,0,0.0765550239234449,0.0,G4,G4,1
G4_p5_w1_regular,G4_p1,-5.0,0.7317073170731707,0.782608695652174,0.0509013785790032,0,0.0357142857142857,0.0,G4,G4,1
G4_p5_w1_regular,G4_p2,20.0,1.0,1.0,0.0,0,0.0,0.0,G4,G4,2
G4_p5_w1_regular,G4_p2,10.0,1.0,1.0,0.0,0,0.0,1.4302625506471722e-16,G4,G4,2
G4_p5_w1_regular,G4_p2,0.0,1.0,1.0,0.0,0,0.05,1.8091549248347998e-16,G4,G4,2
G4_p5_w1_regular,G4_p2,-5.0,0.8571428571428571,0.95,0.0928571428571428,1,0.1499999999999999,0.0,G4,G4,2
G4_p5_w1_regular,G4_p3,20.0,1.0,1.0,0.0,0,0.0,0.0,G4,G4,3
G4_p5_w1_regular,G4_p3,10.0,1.0,1.0,0.0,0,0.0,1.4302625506117171e-16,G4,G4,3
G4_p5_w1_regular,G4_p3,0.0,0.9743589743589745,1.0,0.0256410256410256,0,0.0256410256410256,0.0,G4,G4,3
G4_p5_w1_regular,G4_p3,-5.0,0.9743589743589745,1.0,0.0256410256410256,0,0.0256410256410256,2.034725155762055e-16,G4,G4,3
G4_p5_w1_regular,G4_p4,20.0,1.0,1.0,0.0,0,0.0,0.0,G4,G4,4
G4_p5_w1_regular,G4_p4,10.0,1.0,1.0,0.0,0,0.0,1.4302625506486943e-16,G4,G4,4
G4_p5_w1_regular,G4_p4,0.0,0.95,1.0,0.05,0,0.05,0.0,G4,G4,4
G4_p5_w1_regular,G4_p4,-5.0,0.8095238095238095,0.9047619047619048,0.0952380952380952,0,0.1218161683277962,2.0347251558146602e-16,G4,G4,4
G4_p5_w1_variable,G1_p1,20.0,1.0,1.0,0.0,0,0.0,1.1290505528117386e-16,G4,G1,1
G4_p5_w1_variable,G1_p1,10.0,1.0,1.0,0.0,0,0.0,0.0,G4,G1,1
G4_p5_w1_variable,G1_p1,0.0,0.9743589743589745,1.0,0.0256410256410256,0,0.0256410256410256,0.0,G4,G1,1
G4_p5_w1_variable,G1_p1,-5.0,0.8181818181818182,0.926829268292683,0.1086474501108647,0,0.1109936575052854,2.031717709040158e-16,G4,G1,1
G4_p5_w1_variable,G1_p2,20.0,1.0,1.0,0.0,0,0.0,0.0,G4,G1,2
G4_p5_w1_variable,G1_p2,10.0,1.0,1.0,0.0,0,0.0,1.4281485360772416e-16,G4,G1,2
G4_p5_w1_variable,G1_p2,0.0,0.9743589743589745,1.0,0.0256410256410256,0,0.0256410256410256,0.0,G4,G1,2
G4_p5_w1_variable,G1_p2,-5.0,0.9230769230769232,0.9743589743589745,0.0512820512820512,1,0.0231707317073169,0.0,G4,G1,2
G4_p5_w1_variable,G1_p3,20.0,1.0,1.0,0.0,0,0.0,1.129050552762506e-16,G4,G1,3
G4_p5_w1_variable,G1_p3,10.0,1.0,1.0,0.0,0,0.0,0.0,G4,G1,3
G4_p5_w1_variable,G1_p3,0.0,1.0,1.0,0.0,0,0.0,0.0,G4,G1,3
G4_p5_w1_variable,G1_p3,-5.0,0.9743589743589745,1.0,0.0256410256410256,0,0.0695970695970695,0.0,G4,G1,3
G4_p5_w1_variable,G1_p4,20.0,1.0,1.0,0.0,0,0.0,0.0,G4,G1,4
G4_p5_w1_variable,G1_p4,10.0,1.0,1.0,0.0,0,0.0,0.0,G4,G1,4
G4_p5_w1_variable,G1_p4,0.0,0.7317073170731707,0.8292682926829268,0.097560975609756,0,0.1265969802555168,1.8064808843748926e-16,G4,G1,4
G4_p5_w1_variable,G1_p4,-5.0,0.4,0.65,0.25,0,0.0595959595959595,2.0317177089008222e-16,G4,G1,4
G4_p5_w1_variable,G2_p1,20.0,1.0,1.0,0.0,0,0.0,0.0,G4,G2,1
G4_p5_w1_variable,G2_p1,10.0,1.0,1.0,0.0,0,0.0,1.4281485361421368e-16,G4,G2,1
G4_p5_w1_variable,G2_p1,0.0,0.8780487804878049,0.9743589743589745,0.0963101938711694,1,0.1172161172161172,1.8064808844977811e-16,G4,G2,1
G4_p5_w1_variable,G2_p1,-5.0,0.7727272727272727,0.9047619047619048,0.132034632034632,0,0.1656314699792961,0.0,G4,G2,1
G4_p5_w1_variable,G2_p2,20.0,1.0,1.0,0.0,0,0.0,0.0,G4,G2,2
G4_p5_w1_variable,G2_p2,10.0,1.0,1.0,0.0,0,0.0,0.0,G4,G2,2
G4_p5_w1_variable,G2_p2,0.0,0.9473684210526316,1.0,0.0526315789473684,1,0.0256410256410256,1.806480884390037e-16,G4,G2,2
G4_p5_w1_variable,G2_p2,-5.0,0.9,0.9743589743589745,0.0743589743589743,1,0.0743589743589743,0.0,G4,G2,2
G4_p5_w1_variable,G2_p3,20.0,1.0,1.0,0.0,0,0.0,1.129050552781665e-16,G4,G2,3
G4_p5_w1_variable,G2_p3,10.0,1.0,1.0,0.0,0,0.0,0.0,G4,G2,3
G4_p5_w1_variable,G2_p3,0.0,0.95,1.0,0.05,0,0.073170731707317,0.0,G4,G2,3
G4_p5_w1_variable,G2_p3,-5.0,0.8372093023255814,0.9047619047619048,0.0675526024363233,0,0.0675526024363233,0.0,G4,G2,3
G4_p5_w1_variable,G2_p4,20.0,1.0,1.0,0.0,0,0.0,1.1290505527385232e-16,G4,G2,4
G4_p5_w1_variable,G2_p4,10.0,0.9743589743589745,1.0,0.0256410256410256,0,0.0256410256410256,1.4281485360503168e-16,G4,G2,4
G4_p5_w1_variable,G2_p4,0.0,0.8,0.85,0.0499999999999999,0,0.056541019955654,0.0,G4,G2,4
G4_p5_w1_variable,G2_p4,-5.0,0.3333333333333333,0.5263157894736842,0.1929824561403508,0,0.0772727272727272,2.0317177089084066e-16,G4,G2,4
G4_p5_w1_variable,G3_p1,20.0,1.0,1.0,0.0,0,0.0,0.0,G4,G3,1
G4_p5_w1_variable,G3_p1,10.0,0.9743589743589745,1.0,0.0256410256410256,0,0.0256410256410256,0.0,G4,G3,1
G4_p5_w1_variable,G3_p1,0.0,0.9047619047619048,1.0,0.0952380952380952,1,0.1162790697674418,0.0,G4,G3,1
G4_p5_w1_variable,G3_p1,-5.0,0.7619047619047619,0.8095238095238095,0.0476190476190476,0,0.120507399577167,0.0,G4,G3,1
G4_p5_w1_variable,G3_p2,20.0,1.0,1.0,0.0,0,0.0,0.0,G4,G3,2
G4_p5_w1_variable,G3_p2,10.0,1.0,1.0,0.0,0,0.0,1.4281485360347255e-16,G4,G3,2
G4_p5_w1_variable,G3_p2,0.0,1.0,1.0,0.0,0,0.0,0.0,G4,G3,2
G4_p5_w1_variable,G3_p2,-5.0,1.0,1.0,0.0,0,0.0,0.0,G4,G3,2
G4_p5_w1_variable,G3_p3,20.0,1.0,1.0,0.0,0,0.0,0.0,G4,G3,3
G4_p5_w1_variable,G3_p3,10.0,1.0,1.0,0.0,0,0.0,0.0,G4,G3,3
G4_p5_w1_variable,G3_p3,0.0,1.0,1.0,0.0,0,0.0,0.0,G4,G3,3
G4_p5_w1_variable,G3_p3,-5.0,0.9743589743589745,1.0,0.0256410256410256,0,0.0256410256410256,2.031717708914518e-16,G4,G3,3
G4_p5_w1_variable,G3_p4,20.0,1.0,1.0,0.0,0,0.0,0.0,G4,G3,4
G4_p5_w1_variable,G3_p4,10.0,1.0,1.0,0.0,0,0.0,1.428148536077111e-16,G4,G3,4
G4_p5_w1_variable,G3_p4,0.0,0.9743589743589745,1.0,0.0256410256410256,0,0.0256410256410256,0.0,G4,G3,4
G4_p5_w1_variable,G3_p4,-5.0,0.9230769230769232,1.0,0.0769230769230768,1,0.1627906976744185,0.0,G4,G3,4
G4_p5_w1_variable,G4_p1,20.0,1.0,1.0,0.0,0,0.0,2.2581011056456403e-16,G4,G4,1
G4_p5_w1_variable,G4_p1,10.0,1.0,1.0,0.0,0,0.0,0.0,G4,G4,1
G4_p5_w1_variable,G4_p1,0.0,0.926829268292683,0.9743589743589745,0.0475297060662913,1,0.0782051282051281,0.0,G4,G4,1
G4_p5_w1_variable,G4_p1,-5.0,0.6046511627906976,0.8372093023255814,0.2325581395348838,0,0.195959595959596,0.0,G4,G4,1
G4_p5_w1_variable,G4_p2,20.0,1.0,1.0,0.0,0,0.0,1.1290505527609283e-16,G4,G4,2
G4_p5_w1_variable,G4_p2,10.0,1.0,1.0,0.0,0,0.0,0.0,G4,G4,2
G4_p5_w1_variable,G4_p2,0.0,1.0,1.0,0.0,0,0.0,0.0,G4,G4,2
G4_p5_w1_variable,G4_p2,-5.0,0.9,0.95,0.0499999999999999,1,0.0499999999999999,0.0,G4,G4,2
G4_p5_w1_variable,G4_p3,20.0,1.0,1.0,0.0,0,0.0,1.1290505527329398e-16,G4,G4,3
G4_p5_w1_variable,G4_p3,10.0,1.0,1.0,0.0,0,0.0,1.4281485360432546e-16,G4,G4,3
G4_p5_w1_variable,G4_p3,0.0,1.0,1.0,0.0,0,0.0,1.8064808843727043e-16,G4,G4,3
G4_p5_w1_variable,G4_p3,-5.0,0.9743589743589745,1.0,0.0256410256410256,0,0.0526315789473684,0.0,G4,G4,3
G4_p5_w1_variable,G4_p4,20.0,1.0,1.0,0.0,0,0.0,0.0,G4,G4,4
G4_p5_w1_variable,G4_p4,10.0,1.0,1.0,0.0,0,0.0,0.0,G4,G4,4
G4_p5_w1_variable,G4_p4,0.0,0.95,1.0,0.05,0,0.05,3.6129617688388166e-16,G4,G4,4
G4_p5_w1_variable,G4_p4,-5.0,0.8372093023255814,0.9047619047619048,0.0675526024363233,0,0.0191919191919192,2.031717708950888e-16,G4,G4,4
G4_p5_w2_regular,G1_p1,20.0,1.0,1.0,0.0,0,0.0,2.1700344917435424e-16,G4,G1,1
G4_p5_w2_regular,G1_p1,10.0,1.0,1.0,0.0,0,0.0,0.0,G4,G1,1
G4_p5_w2_regular,G1_p1,0.0,0.926829268292683,1.0,0.073170731707317,1,0.0475297060662913,0.0,G4,G1,1
G4_p5_w2_regular,G1_p1,-5.0,0.8,0.9230769230769232,0.123076923076923,0,0.0954400848356309,0.0,G4,G1,1
G4_p5_w2_regular,G1_p2,20.0,1.0,1.0,0.0,0,0.0,0.0,G4,G1,2
G4_p5_w2_regular,G1_p2,10.0,1.0,1.0,0.0,0,0.0,0.0,G4,G1,2
G4_p5_w2_regular,G1_p2,0.0,0.9743589743589745,1.0,0.0256410256410256,0,0.0256410256410256,0.0,G4,G1,2
G4_p5_w2_regular,G1_p2,-5.0,0.9,0.9743589743589745,0.0743589743589743,1,0.0963101938711694,0.0,G4,G1,2
G4_p5_w2_regular,G1_p3,20.0,1.0,1.0,0.0,0,0.0,2.170034491648917e-16,G4,G1,3
G4_p5_w2_regular,G1_p3,10.0,1.0,1.0,0.0,0,0.0,0.0,G4,G1,3
G4_p5_w2_regular,G1_p3,0.0,1.0,1.0,0.0,0,0.0,0.0,G4,G1,3
G4_p5_w2_regular,G1_p3,-5.0,0.926829268292683,1.0,0.073170731707317,1,0.0231707317073169,0.0,G4,G1,3
G4_p5_w2_regular,G1_p4,20.0,1.0,1.0,0.0,0,0.0,0.0,G4,G1,4
G4_p5_w2_regular,G1_p4,10.0,1.0,1.0,0.0,0,0.0,1.3724503189129663e-16,G4,G1,4
G4_p5_w2_regular,G1_p4,0.0,0.8095238095238095,0.8837209302325582,0.0741971207087486,0,0.1032331253545093,0.0,G4,G1,4
G4_p5_w2_regular,G1_p4,-5.0,0.3125,0.7,0.3874999999999999,0,0.1488372093023255,0.0,G4,G1,4
G4_p5_w2_regular,G2_p1,20.0,1.0,1.0,0.0,0,0.0,0.0,G4,G2,1
G4_p5_w2_regular,G2_p1,10.0,1.0,1.0,0.0,0,0.0,0.0,G4,G2,1
G4_p5_w2_regular,G2_p1,0.0,0.918918918918919,0.926829268292683,0.007910349373764,0,0.0693196405648266,0.0,G4,G2,1
G4_p5_w2_regular,G2_p1,-5.0,0.7317073170731707,0.8292682926829268,0.097560975609756,0,0.1363636363636364,0.0,G4,G2,1
G4_p5_w2_regular,G2_p2,20.0,1.0,1.0,0.0,0,0.0,0.0,G4,G2,2
G4_p5_w2_regular,G2_p2,10.0,1.0,1.0,0.0,0,0.0,2.744900637848944e-16,G4,G2,2
G4_p5_w2_regular,G2_p2,0.0,0.9473684210526316,1.0,0.0526315789473684,1,0.0526315789473684,0.0,G4,G2,2
G4_p5_w2_regular,G2_p2,-5.0,0.9230769230769232,0.9743589743589745,0.0512820512820512,1,0.0512820512820512,1.9524801147557932e-16,G4,G2,2
G4_p5_w2_regular,G2_p3,20.0,1.0,1.0,0.0,0,0.0,0.0,G4,G2,3
G4_p5_w2_regular,G2_p3,10.0,1.0,1.0,0.0,0,0.0,0.0,G4,G2,3
G4_p5_w2_regular,G2_p3,0.0,1.0,1.0,0.0,0,0.0256410256410256,1.736027593348593e-16,G4,G2,3
G4_p5_w2_regular,G2_p3,-5.0,0.8636363636363636,0.9743589743589745,0.1107226107226106,1,0.1268292682926829,1.9524801148213206e-16,G4,G2,3
G4_p5_w2_regular,G2_p4,20.0,1.0,1.0,0.0,0,0.0,0.0,G4,G2,4
G4_p5_w2_regular,G2_p4,10.0,1.0,1.0,0.0,0,0.05,1.3724503189180904e-16,G4,G2,4
G4_p5_w2_regular,G2_p4,0.0,0.7619047619047619,0.8571428571428571,0.0952380952380952,0,0.0873511060692002,1.7360275932822582e-16,G4,G2,4
G4_p5_w2_regular,G2_p4,-5.0,0.2758620689655172,0.6842105263157895,0.4083484573502722,0,0.1172576832151299,0.0,G4,G2,4
G4_p5_w2_regular,G3_p1,20.0,1.0,1.0,0.0,0,0.0,0.0,G4,G3,1
G4_p5_w2_regular,G3_p1,10.0,1.0,1.0,0.0,0,0.0,0.0,G4,G3,1
G4_p5_w2_regular,G3_p1,0.0,0.8095238095238095,0.9473684210526316,0.137844611528822,0,0.11015911872705,0.0,G4,G3,1
G4_p5_w2_regular,G3_p1,-5.0,0.7441860465116279,0.8181818181818182,0.0739957716701903,0,0.0434782608695653,0.0,G4,G3,1
G4_p5_w2_regular,G3_p2,20.0,1.0,1.0,0.0,0,0.0,2.170034491579132e-16,G4,G3,2
G4_p5_w2_regular,G3_p2,10.0,1.0,1.0,0.0,0,0.0,0.0,G4,G3,2
G4_p5_w2_regular,G3_p2,0.0,1.0,1.0,0.0,0,0.0,1.736027593263305e-16,G4,G3,2
G4_p5_w2_regular,G3_p2,-5.0,1.0,1.0,0.0,0,0.0,0.0,G4,G3,2
G4_p5_w2_regular,G3_p3,20.0,1.0,1.0,0.0,0,0.0,0.0,G4,G3,3
G4_p5_w2_regular,G3_p3,10.0,1.0,1.0,0.0,0,0.0,0.0,G4,G3,3
G4_p5_w2_regular,G3_p3,0.0,1.0,1.0,0.0,0,0.0,1.736027593287479e-16,G4,G3,3
G4_p5_w2_regular,G3_p3,-5.0,0.9743589743589745,1.0,0.0256410256410256,0,0.0256410256410256,0.0,G4,G3,3
G4_p5_w2_regular,G3_p4,20.0,1.0,1.0,0.0,0,0.0,0.0,G4,G3,4
G4_p5_w2_regular,G3_p4,10.0,1.0,1.0,0.0,0,0.0,1.372450318943839e-16,G4,G3,4
G4_p5_w2_regular,G3_p4,0.0,0.9743589743589745,1.0,0.0256410256410256,0,0.0256410256410256,0.0,G4,G3,4
G4_p5_w2_regular,G3_p4,-5.0,0.9230769230769232,1.0,0.0769230769230768,1,0.0499999999999999,0.0,G4,G3,4
G4_p5_w2_regular,G4_p1,20.0,1.0,1.0,0.0,0,0.0,0.0,G4,G4,1
G4_p5_w2_regular,G4_p1,10.0,1.0,1.0,0.0,0,0.0,0.0,G4,G4,1
G4_p5_w2_regular,G4_p1,0.0,0.8717948717948718,0.9,0.0282051282051282,0,0.0707317073170732,0.0,G4,G4,1
G4_p5_w2_regular,G4_p1,-5.0,0.6818181818181818,0.7727272727272727,0.0909090909090909,0,0.0939922480620154,1.9524801148924912e-16,G4,G4,1
G4_p5_w2_regular,G4_p2,20.0,1.0,1.0,0.0,0,0.0,0.0,G4,G4,2
G4_p5_w2_regular,G4_p2,10.0,1.0,1.0,0.0,0,0.0,1.3724503189453258e-16,G4,G4,2
G4_p5_w2_regular,G4_p2,0.0,1.0,1.0,0.0,0,0.0,1.7360275933167083e-16,G4,G4,2
G4_p5_w2_regular,G4_p2,-5.0,0.9047619047619048,0.926829268292683,0.0220673635307782,0,0.0662790697674418,0.0,G4,G4,2
G4_p5_w2_regular,G4_p3,20.0,1.0,1.0,0.0,0,0.0,2.1700344915920914e-16,G4,G4,3
G4_p5_w2_regular,G4_p3,10.0,1.0,1.0,0.0,0,0.0,1.3724503189113038e-16,G4,G4,3
G4_p5_w2_regular,G4_p3,0.0,0.9743589743589745,1.0,0.0256410256410256,0,0.0256410256410256,0.0,G4,G4,3
G4_p5_w2_regular,G4_p3,-5.0,0.9473684210526316,1.0,0.0526315789473684,1,0.0526315789473684,1.95248011473706e-16,G4,G4,3
G4_p5_w2_regular,G4_p4,20.0,1.0,1.0,0.0,0,0.0,0.0,G4,G4,4
G4_p5_w2_regular,G4_p4,10.0,1.0,1.0,0.0,0,0.0,0.0,G4,G4,4
G4_p5_w2_regular,G4_p4,0.0,0.95,1.0,0.05,0,0.05,0.0,G4,G4,4
G4_p5_w2_regular,G4_p4,-5.0,0.7727272727272727,0.8571428571428571,0.0844155844155843,0,0.1086474501108647,0.0,G4,G4,4
G4_p5_w2_variable,G1_p1,20.0,1.0,1.0,0.0,0,0.0,0.0,G4,G1,1
G4_p5_w2_variable,G1_p1,10.0,1.0,1.0,0.0,0,0.0,0.0,G4,G1,1
G4_p5_w2_variable,G1_p1,0.0,0.95,0.9743589743589745,0.0243589743589743,0,0.073170731707317,0.0,G4,G1,1
G4_p5_w2_variable,G1_p1,-5.0,0.8292682926829268,0.9047619047619048,0.0754936120789779,0,0.0741971207087486,0.0,G4,G1,1
G4_p5_w2_variable,G1_p2,20.0,1.0,1.0,0.0,0,0.0,0.0,G4,G1,2
G4_p5_w2_variable,G1_p2,10.0,1.0,1.0,0.0,0,0.0,1.3712676203025923e-16,G4,G1,2
G4_p5_w2_variable,G1_p2,0.0,0.9743589743589745,1.0,0.0256410256410256,0,0.0,0.0,G4,G1,2
G4_p5_w2_variable,G1_p2,-5.0,0.8571428571428571,0.9230769230769232,0.065934065934066,0,0.0730769230769231,0.0,G4,G1,2
G4_p5_w2_variable,G1_p3,20.0,1.0,1.0,0.0,0,0.0,0.0,G4,G1,3
G4_p5_w2_variable,G1_p3,10.0,1.0,1.0,0.0,0,0.0,0.0,G4,G1,3
G4_p5_w2_variable,G1_p3,0.0,1.0,1.0,0.0,0,0.0,0.0,G4,G1,3
G4_p5_w2_variable,G1_p3,-5.0,0.9743589743589745,1.0,0.0256410256410256,0,0.0243589743589743,1.9507975798743972e-16,G4,G1,3
G4_p5_w2_variable,G1_p4,20.0,1.0,1.0,0.0,0,0.0,0.0,G4,G1,4
G4_p5_w2_variable,G1_p4,10.0,1.0,1.0,0.0,0,0.0256410256410256,1.3712676202716199e-16,G4,G1,4
G4_p5_w2_variable,G1_p4,0.0,0.7317073170731707,0.95,0.2182926829268292,1,0.1547619047619047,0.0,G4,G1,4
G4_p5_w2_variable,G1_p4,-5.0,0.5142857142857142,0.6666666666666666,0.1523809523809524,0,0.1372093023255814,0.0,G4,G1,4
G4_p5_w2_variable,G2_p1,20.0,1.0,1.0,0.0,0,0.0,0.0,G4,G2,1
G4_p5_w2_variable,G2_p1,10.0,1.0,1.0,0.0,0,0.0,2.742535240729805e-16,G4,G2,1
G4_p5_w2_variable,G2_p1,0.0,0.8780487804878049,1.0,0.1219512195121951,1,0.1219512195121951,0.0,G4,G2,1
G4_p5_w2_variable,G2_p1,-5.0,0.7368421052631579,0.8372093023255814,0.1003671970624235,0,0.1,0.0,G4,G2,1
G4_p5_w2_variable,G2_p2,20.0,1.0,1.0,0.0,0,0.0,0.0,G4,G2,2
G4_p5_w2_variable,G2_p2,10.0,1.0,1.0,0.0,0,0.0,2.7425352405662326e-16,G4,G2,2
G4_p5_w2_variable,G2_p2,0.0,0.9473684210526316,0.9743589743589745,0.0269905533063428,1,0.0269905533063428,0.0,G4,G2,2
G4_p5_w2_variable,G2_p2,-5.0,0.8717948717948718,0.9743589743589745,0.1025641025641025,1,0.0743589743589743,1.9507975798420302e-16,G4,G2,2
G4_p5_w2_variable,G2_p3,20.0,1.0,1.0,0.0,0,0.0,2.1681644809395432e-16,G4,G2,3
G4_p5_w2_variable,G2_p3,10.0,1.0,1.0,0.0,0,0.0,0.0,G4,G2,3
G4_p5_w2_variable,G2_p3,0.0,1.0,1.0,0.0,0,0.0,0.0,G4,G2,3
G4_p5_w2_variable,G2_p3,-5.0,0.8717948717948718,0.95,0.0782051282051281,1,0.0550343964978111,0.0,G4,G2,3
G4_p5_w2_variable,G2_p4,20.0,1.0,1.0,0.0,0,0.0,2.168164480856695e-16,G4,G2,4
G4_p5_w2_variable,G2_p4,10.0,0.9743589743589745,1.0,0.0256410256410256,0,0.0256410256410256,0.0,G4,G2,4
G4_p5_w2_variable,G2_p4,0.0,0.7317073170731707,0.8571428571428571,0.1254355400696863,0,0.1095238095238095,0.0,G4,G2,4
G4_p5_w2_variable,G2_p4,-5.0,0.3529411764705882,0.6486486486486487,0.2957074721780604,0,0.2016651248843664,0.0,G4,G2,4
G4_p5_w2_variable,G3_p1,20.0,1.0,1.0,0.0,0,0.0,0.0,G4,G3,1
G4_p5_w2_variable,G3_p1,10.0,1.0,1.0,0.0,0,0.0,0.0,G4,G3,1
G4_p5_w2_variable,G3_p1,0.0,0.8780487804878049,0.95,0.071951219512195,1,0.0928571428571428,0.0,G4,G3,1
G4_p5_w2_variable,G3_p1,-5.0,0.6956521739130435,0.8205128205128205,0.124860646599777,0,0.0570835495588998,0.0,G4,G3,1
G4_p5_w2_variable,G3_p2,20.0,1.0,1.0,0.0,0,0.0,2.1681644808330248e-16,G4,G3,2
G4_p5_w2_variable,G3_p2,10.0,1.0,1.0,0.0,0,0.0,0.0,G4,G3,2
G4_p5_w2_variable,G3_p2,0.0,1.0,1.0,0.0,0,0.0,0.0,G4,G3,2
G4_p5_w2_variable,G3_p2,-5.0,1.0,1.0,0.0,0,0.0,0.0,G4,G3,2
G4_p5_w2_variable,G3_p3,20.0,1.0,1.0,0.0,0,0.0,0.0,G4,G3,3
G4_p5_w2_variable,G3_p3,10.0,1.0,1.0,0.0,0,0.0,0.0,G4,G3,3
G4_p5_w2_variable,G3_p3,0.0,1.0,1.0,0.0,0,0.0,0.0,G4,G3,3
G4_p5_w2_variable,G3_p3,-5.0,0.9743589743589745,1.0,0.0256410256410256,0,0.0256410256410256,1.9507975798388262e-16,G4,G3,3
G4_p5_w2_variable,G3_p4,20.0,1.0,1.0,0.0,0,0.0,2.1681644808973727e-16,G4,G3,4
G4_p5_w2_variable,G3_p4,10.0,1.0,1.0,0.0,0,0.0,0.0,G4,G3,4
G4_p5_w2_variable,G3_p4,0.0,0.9743589743589745,1.0,0.0256410256410256,0,0.0256410256410256,1.7345315847178982e-16,G4,G3,4
G4_p5_w2_variable,G3_p4,-5.0,0.8717948717948718,0.95,0.0782051282051281,1,0.0512820512820513,1.9507975798695583e-16,G4,G3,4
G4_p5_w2_variable,G4_p1,20.0,1.0,1.0,0.0,0,0.0,0.0,G4,G4,1
G4_p5_w2_variable,G4_p1,10.0,1.0,1.0,0.0,0,0.0,1.3712676203791212e-16,G4,G4,1
G4_p5_w2_variable,G4_p1,0.0,0.8571428571428571,0.95,0.0928571428571428,1,0.0675526024363233,0.0,G4,G4,1
G4_p5_w2_variable,G4_p1,-5.0,0.7441860465116279,0.7906976744186046,0.0465116279069767,0,0.0947775628626692,0.0,G4,G4,1
G4_p5_w2_variable,G4_p2,20.0,1.0,1.0,0.0,0,0.0,0.0,G4,G4,2
G4_p5_w2_variable,G4_p2,10.0,1.0,1.0,0.0,0,0.0,0.0,G4,G4,2
G4_p5_w2_variable,G4_p2,0.0,1.0,1.0,0.0,0,0.0,0.0,G4,G4,2
G4_p5_w2_variable,G4_p2,-5.0,0.8780487804878049,0.95,0.071951219512195,1,0.0696864111498258,0.0,G4,G4,2
G4_p5_w2_variable,G4_p3,20.0,1.0,1.0,0.0,0,0.0,2.1681644808459742e-16,G4,G4,3
G4_p5_w2_variable,G4_p3,10.0,1.0,1.0,0.0,0,0.0,0.0,G4,G4,3
G4_p5_w2_variable,G4_p3,0.0,1.0,1.0,0.0,0,0.0256410256410256,0.0,G4,G4,3
G4_p5_w2_variable,G4_p3,-5.0,0.9743589743589745,1.0,0.0256410256410256,0,0.0256410256410256,0.0,G4,G4,3
G4_p5_w2_variable,G4_p4,20.0,1.0,1.0,0.0,0,0.0,0.0,G4,G4,4
G4_p5_w2_variable,G4_p4,10.0,1.0,1.0,0.0,0,0.0,0.0,G4,G4,4
G4_p5_w2_variable,G4_p4,0.0,0.9743589743589745,1.0,0.0256410256410256,0,0.0256410256410256,0.0,G4,G4,4
G4_p5_w2_variable,G4_p4,-5.0,0.7906976744186046,0.8837209302325582,0.0930232558139535,0,0.0930232558139535,1.9507975798737478e-16,G4,G4,4
G4_p5_w3_regular,G1_p1,20.0,1.0,1.0,0.0,0,0.0,2.2153179023426112e-16,G4,G1,1
G4_p5_w3_regular,G1_p1,10.0,1.0,1.0,0.0,0,0.0,0.0,G4,G1,1
G4_p5_w3_regular,G1_p1,0.0,0.9743589743589745,1.0,0.0256410256410256,0,0.05,0.0,G4,G1,1
G4_p5_w3_regular,G1_p1,-5.0,0.8372093023255814,0.926829268292683,0.0896199659671015,0,0.0675526024363233,0.0,G4,G1,1
G4_p5_w3_regular,G1_p2,20.0,1.0,1.0,0.0,0,0.0,0.0,G4,G1,2
G4_p5_w3_regular,G1_p2,10.0,1.0,1.0,0.0,0,0.0,0.0,G4,G1,2
G4_p5_w3_regular,G1_p2,0.0,0.9743589743589745,1.0,0.0256410256410256,0,0.0256410256410256,1.7722543217925754e-16,G4,G1,2
G4_p5_w3_regular,G1_p2,-5.0,0.8717948717948718,0.9473684210526316,0.0755735492577597,0,0.0755735492577597,1.9932236877823207e-16,G4,G1,2
G4_p5_w3_regular,G1_p3,20.0,1.0,1.0,0.0,0,0.0,0.0,G4,G1,3
G4_p5_w3_regular,G1_p3,10.0,1.0,1.0,0.0,0,0.0,0.0,G4,G1,3
G4_p5_w3_regular,G1_p3,0.0,1.0,1.0,0.0,0,0.0,0.0,G4,G1,3
G4_p5_w3_regular,G1_p3,-5.0,0.95,1.0,0.05,0,0.05,0.0,G4,G1,3
G4_p5_w3_regular,G1_p4,20.0,1.0,1.0,0.0,0,0.0,0.0,G4,G1,4
G4_p5_w3_regular,G1_p4,10.0,0.9743589743589745,1.0,0.0256410256410256,0,0.0256410256410256,1.401090062453735e-16,G4,G1,4
G4_p5_w3_regular,G1_p4,0.0,0.7804878048780488,0.8780487804878049,0.097560975609756,0,0.0766550522648082,0.0,G4,G1,4
G4_p5_w3_regular,G1_p4,-5.0,0.375,0.6666666666666666,0.2916666666666666,0,0.0633349826818406,0.0,G4,G1,4
G4_p5_w3_regular,G2_p1,20.0,1.0,1.0,0.0,0,0.0,0.0,G4,G2,1
G4_p5_w3_regular,G2_p1,10.0,1.0,1.0,0.0,0,0.0,0.0,G4,G2,1
G4_p5_w3_regular,G2_p1,0.0,0.9,0.926829268292683,0.0268292682926829,0,0.0796221322537111,0.0,G4,G2,1
G4_p5_w3_regular,G2_p1,-5.0,0.6818181818181818,0.8421052631578947,0.1602870813397129,0,0.1108695652173913,0.0,G4,G2,1
G4_p5_w3_regular,G2_p2,20.0,1.0,1.0,0.0,0,0.0,2.215317902209256e-16,G4,G2,2
G4_p5_w3_regular,G2_p2,10.0,1.0,1.0,0.0,0,0.0,1.4010900624654815e-16,G4,G2,2
G4_p5_w3_regular,G2_p2,0.0,0.9743589743589745,1.0,0.0256410256410256,0,0.0256410256410256,1.7722543217674044e-16,G4,G2,2
G4_p5_w3_regular,G2_p2,-5.0,0.9473684210526316,0.9743589743589745,0.0269905533063428,1,0.0269905533063428,0.0,G4,G2,2
G4_p5_w3_regular,G2_p3,20.0,1.0,1.0,0.0,0,0.0,0.0,G4,G2,3
G4_p5_w3_regular,G2_p3,10.0,1.0,1.0,0.0,0,0.0,1.4010900625125032e-16,G4,G2,3
G4_p5_w3_regular,G2_p3,0.0,1.0,1.0,0.0,0,0.0256410256410256,1.772254321826883e-16,G4,G2,3
G4_p5_w3_regular,G2_p3,-5.0,0.8372093023255814,0.95,0.1127906976744185,1,0.1173054587688734,0.0,G4,G2,3
G4_p5_w3_regular,G2_p4,20.0,1.0,1.0,0.0,0,0.0,0.0,G4,G2,4
G4_p5_w3_regular,G2_p4,10.0,1.0,1.0,0.0,0,0.0256410256410256,0.0,G4,G2,4
G4_p5_w3_regular,G2_p4,0.0,0.75,0.8571428571428571,0.1071428571428571,0,0.1136363636363636,1.7722543217591635e-16,G4,G2,4
G4_p5_w3_regular,G2_p4,-5.0,0.4705882352941176,0.7804878048780488,0.3098995695839311,0,0.0444444444444445,0.0,G4,G2,4
G4_p5_w3_regular,G3_p1,20.0,1.0,1.0,0.0,0,0.0,0.0,G4,G3,1
G4_p5_w3_regular,G3_p1,10.0,1.0,1.0,0.0,0,0.0256410256410256,1.4010900625582108e-16,G4,G3,1
G4_p5_w3_regular,G3_p1,0.0,0.8780487804878049,0.9473684210526316,0.0693196405648266,0,0.0696864111498258,1.772254321884699e-16,G4,G3,1
G4_p5_w3_regular,G3_p1,-5.0,0.7317073170731707,0.8095238095238095,0.0778164924506388,0,0.0857142857142857,1.9932236878859302e-16,G4,G3,1
G4_p5_w3_regular,G3_p2,20.0,1.0,1.0,0.0,0,0.0,2.2153179021747687e-16,G4,G3,2
G4_p5_w3_regular,G3_p2,10.0,1.0,1.0,0.0,0,0.0,1.4010900624436704e-16,G4,G3,2
G4_p5_w3_regular,G3_p2,0.0,1.0,1.0,0.0,0,0.0,1.7722543217398152e-16,G4,G3,2
G4_p5_w3_regular,G3_p2,-5.0,1.0,1.0,0.0,0,0.0,0.0,G4,G3,2
G4_p5_w3_regular,G3_p3,20.0,1.0,1.0,0.0,0,0.0,2.215317902205617e-16,G4,G3,3
G4_p5_w3_regular,G3_p3,10.0,1.0,1.0,0.0,0,0.0,1.4010900624631802e-16,G4,G3,3
G4_p5_w3_regular,G3_p3,0.0,1.0,1.0,0.0,0,0.0,1.7722543217644935e-16,G4,G3,3
G4_p5_w3_regular,G3_p3,-5.0,0.9743589743589745,1.0,0.0256410256410256,0,0.0256410256410256,0.0,G4,G3,3
G4_p5_w3_regular,G3_p4,20.0,1.0,1.0,0.0,0,0.0,0.0,G4,G3,4
G4_p5_w3_regular,G3_p4,10.0,1.0,1.0,0.0,0,0.0,0.0,G4,G3,4
G4_p5_w3_regular,G3_p4,0.0,0.9743589743589745,1.0,0.0256410256410256,0,0.05,0.0,G4,G3,4
G4_p5_w3_regular,G3_p4,-5.0,0.9,0.9743589743589745,0.0743589743589743,1,0.1127906976744185,1.9932236877821383e-16,G4,G3,4
G4_p5_w3_regular,G4_p1,20.0,1.0,1.0,0.0,0,0.0,0.0,G4,G4,1
G4_p5_w3_regular,G4_p1,10.0,1.0,1.0,0.0,0,0.0,0.0,G4,G4,1
G4_p5_w3_regular,G4_p1,0.0,0.8837209302325582,1.0,0.1162790697674418,1,0.1162790697674418,1.7722543218914836e-16,G4,G4,1
G4_p5_w3_regular,G4_p1,-5.0,0.7391304347826086,0.8717948717948718,0.1326644370122631,0,0.0425531914893616,0.0,G4,G4,1
G4_p5_w3_regular,G4_p2,20.0,1.0,1.0,0.0,0,0.0,0.0,G4,G4,2
G4_p5_w3_regular,G4_p2,10.0,1.0,1.0,0.0,0,0.0,1.4010900624867699e-16,G4,G4,2
G4_p5_w3_regular,G4_p2,0.0,1.0,1.0,0.0,0,0.0256410256410256,0.0,G4,G4,2
G4_p5_w3_regular,G4_p2,-5.0,0.8571428571428571,0.95,0.0928571428571428,1,0.048780487804878,0.0,G4,G4,2
G4_p5_w3_regular,G4_p3,20.0,1.0,1.0,0.0,0,0.0,0.0,G4,G4,3
G4_p5_w3_regular,G4_p3,10.0,1.0,1.0,0.0,0,0.0,0.0,G4,G4,3
G4_p5_w3_regular,G4_p3,0.0,1.0,1.0,0.0,0,0.0,1.7722543217503995e-16,G4,G4,3
G4_p5_w3_regular,G4_p3,-5.0,0.9743589743589745,1.0,0.0256410256410256,0,0.0256410256410256,0.0,G4,G4,3
G4_p5_w3_regular,G4_p4,20.0,1.0,1.0,0.0,0,0.0,0.0,G4,G4,4
G4_p5_w3_regular,G4_p4,10.0,1.0,1.0,0.0,0,0.0,0.0,G4,G4,4
G4_p5_w3_regular,G4_p4,0.0,0.9743589743589745,1.0,0.0256410256410256,0,0.0256410256410256,1.772254321796219e-16,G4,G4,4
G4_p5_w3_regular,G4_p4,-5.0,0.7906976744186046,0.926829268292683,0.1361315938740783,0,0.1140642303433001,0.0,G4,G4,4
G4_p5_w3_variable,G1_p1,20.0,1.0,1.0,0.0,0,0.0,0.0,G4,G1,1
G4_p5_w3_variable,G1_p1,10.0,1.0,1.0,0.0,0,0.0,1.370700810531214e-16,G4,G1,1
G4_p5_w3_variable,G1_p1,0.0,0.975609756097561,1.0,0.024390243902439,0,0.0476190476190476,0.0,G4,G1,1
G4_p5_w3_variable,G1_p1,-5.0,0.8780487804878049,0.9302325581395348,0.0521837776517299,0,0.0465116279069767,0.0,G4,G1,1
G4_p5_w3_variable,G1_p2,20.0,1.0,1.0,0.0,0,0.0,0.0,G4,G1,2
G4_p5_w3_variable,G1_p2,10.0,1.0,1.0,0.0,0,0.0,1.3707008104681703e-16,G4,G1,2
G4_p5_w3_variable,G1_p2,0.0,0.975609756097561,1.0,0.024390243902439,0,0.0476190476190476,0.0,G4,G1,2
G4_p5_w3_variable,G1_p2,-5.0,0.8780487804878049,0.975609756097561,0.097560975609756,1,0.097560975609756,0.0,G4,G1,2
G4_p5_w3_variable,G1_p3,20.0,1.0,1.0,0.0,0,0.0,2.1672682758642704e-16,G4,G1,3
G4_p5_w3_variable,G1_p3,10.0,1.0,1.0,0.0,0,0.0,1.3707008104714443e-16,G4,G1,3
G4_p5_w3_variable,G1_p3,0.0,1.0,1.0,0.0,0,0.0,0.0,G4,G1,3
G4_p5_w3_variable,G1_p3,-5.0,0.9523809523809524,1.0,0.0476190476190476,0,0.0665188470066519,1.949991222868027e-16,G4,G1,3
G4_p5_w3_variable,G1_p4,20.0,1.0,1.0,0.0,0,0.0,0.0,G4,G1,4
G4_p5_w3_variable,G1_p4,10.0,0.975609756097561,1.0,0.024390243902439,0,0.0,1.370700810437211e-16,G4,G1,4
G4_p5_w3_variable,G1_p4,0.0,0.7727272727272727,0.8372093023255814,0.0644820295983087,0,0.1229235880398671,0.0,G4,G1,4
G4_p5_w3_variable,G1_p4,-5.0,0.2666666666666666,0.4615384615384615,0.1948717948717949,0,0.1769825918762089,1.9499912228193254e-16,G4,G1,4
G4_p5_w3_variable,G2_p1,20.0,1.0,1.0,0.0,0,0.0,0.0,G4,G2,1
G4_p5_w3_variable,G2_p1,10.0,1.0,1.0,0.0,0,0.0,1.3707008105304548e-16,G4,G2,1
G4_p5_w3_variable,G2_p1,0.0,0.926829268292683,1.0,0.073170731707317,1,0.0909090909090909,0.0,G4,G2,1
G4_p5_w3_variable,G2_p1,-5.0,0.7317073170731707,0.8695652173913043,0.1378579003181336,0,0.1227272727272726,0.0,G4,G2,1
G4_p5_w3_variable,G2_p2,20.0,1.0,1.0,0.0,0,0.0,2.1672682758283111e-16,G4,G2,2
G4_p5_w3_variable,G2_p2,10.0,1.0,1.0,0.0,0,0.0,0.0,G4,G2,2
G4_p5_w3_variable,G2_p2,0.0,1.0,1.0,0.0,0,0.0,0.0,G4,G2,2
G4_p5_w3_variable,G2_p2,-5.0,0.926829268292683,0.9523809523809524,0.0255516840882693,1,0.0255516840882693,0.0,G4,G2,2
G4_p5_w3_variable,G2_p3,20.0,1.0,1.0,0.0,0,0.0,0.0,G4,G2,3
G4_p5_w3_variable,G2_p3,10.0,1.0,1.0,0.0,0,0.0,0.0,G4,G2,3
G4_p5_w3_variable,G2_p3,0.0,0.975609756097561,1.0,0.024390243902439,0,0.024390243902439,1.7338146207208374e-16,G4,G2,3
G4_p5_w3_variable,G2_p3,-5.0,0.9090909090909092,0.9302325581395348,0.0211416490486258,0,0.0503875968992247,1.9499912229011167e-16,G4,G2,3
G4_p5_w3_variable,G2_p4,20.0,1.0,1.0,0.0,0,0.0,0.0,G4,G2,4
G4_p5_w3_variable,G2_p4,10.0,0.975609756097561,1.0,0.024390243902439,0,0.0476190476190476,0.0,G4,G2,4
G4_p5_w3_variable,G2_p4,0.0,0.7619047619047619,0.8181818181818182,0.0562770562770563,0,0.120507399577167,1.7338146206545866e-16,G4,G2,4
G4_p5_w3_variable,G2_p4,-5.0,0.303030303030303,0.6341463414634146,0.3311160384331116,0,0.0592885375494071,0.0,G4,G2,4
G4_p5_w3_variable,G3_p1,20.0,1.0,1.0,0.0,0,0.0,0.0,G4,G3,1
G4_p5_w3_variable,G3_p1,10.0,1.0,1.0,0.0,0,0.0,0.0,G4,G3,1
G4_p5_w3_variable,G3_p1,0.0,0.8636363636363636,0.926829268292683,0.0631929046563193,0,0.0896199659671015,0.0,G4,G3,1
G4_p5_w3_variable,G3_p1,-5.0,0.6829268292682927,0.8181818181818182,0.1352549889135255,0,0.1462450592885376,0.0,G4,G3,1
G4_p5_w3_variable,G3_p2,20.0,1.0,1.0,0.0,0,0.0,2.167268275794573e-16,G4,G3,2
G4_p5_w3_variable,G3_p2,10.0,1.0,1.0,0.0,0,0.0,0.0,G4,G3,2
G4_p5_w3_variable,G3_p2,0.0,1.0,1.0,0.0,0,0.0,0.0,G4,G3,2
G4_p5_w3_variable,G3_p2,-5.0,1.0,1.0,0.0,0,0.0,0.0,G4,G3,2
G4_p5_w3_variable,G3_p3,20.0,1.0,1.0,0.0,0,0.0,0.0,G4,G3,3
G4_p5_w3_variable,G3_p3,10.0,1.0,1.0,0.0,0,0.0,1.370700810446451e-16,G4,G3,3
G4_p5_w3_variable,G3_p3,0.0,1.0,1.0,0.0,0,0.0,0.0,G4,G3,3
G4_p5_w3_variable,G3_p3,-5.0,0.975609756097561,1.0,0.024390243902439,0,0.024390243902439,1.9499912228324708e-16,G4,G3,3
G4_p5_w3_variable,G3_p4,20.0,1.0,1.0,0.0,0,0.0,0.0,G4,G3,4
G4_p5_w3_variable,G3_p4,10.0,1.0,1.0,0.0,0,0.0,0.0,G4,G3,4
G4_p5_w3_variable,G3_p4,0.0,0.975609756097561,1.0,0.024390243902439,0,0.024390243902439,0.0,G4,G3,4
G4_p5_w3_variable,G3_p4,-5.0,0.8837209302325582,0.926829268292683,0.0431083380601248,0,0.0220673635307782,1.9499912228631903e-16,G4,G3,4
G4_p5_w3_variable,G4_p1,20.0,1.0,1.0,0.0,0,0.0,2.167268275980046e-16,G4,G4,1
G4_p5_w3_variable,G4_p1,10.0,1.0,1.0,0.0,0,0.0,0.0,G4,G4,1
G4_p5_w3_variable,G4_p1,0.0,0.8717948717948718,0.975609756097561,0.1038148843026891,1,0.0756097560975609,0.0,G4,G4,1
G4_p5_w3_variable,G4_p1,-5.0,0.6808510638297872,0.8181818181818182,0.137330754352031,0,0.137330754352031,1.9499912229721958e-16,G4,G4,1
G4_p5_w3_variable,G4_p2,20.0,1.0,1.0,0.0,0,0.0,0.0,G4,G4,2
G4_p5_w3_variable,G4_p2,10.0,1.0,1.0,0.0,0,0.0,1.370700810469529e-16,G4,G4,2
G4_p5_w3_variable,G4_p2,0.0,0.975609756097561,1.0,0.024390243902439,0,0.024390243902439,1.7338146206889935e-16,G4,G4,2
G4_p5_w3_variable,G4_p2,-5.0,0.8837209302325582,0.9523809523809524,0.0686600221483941,1,0.0465116279069767,0.0,G4,G4,2
G4_p5_w3_variable,G4_p3,20.0,1.0,1.0,0.0,0,0.0,0.0,G4,G4,3
G4_p5_w3_variable,G4_p3,10.0,1.0,1.0,0.0,0,0.0,1.3707008104355504e-16,G4,G4,3
G4_p5_w3_variable,G4_p3,0.0,0.975609756097561,1.0,0.024390243902439,0,0.024390243902439,1.7338146206460134e-16,G4,G4,3
G4_p5_w3_variable,G4_p3,-5.0,0.975609756097561,1.0,0.024390243902439,0,0.05,1.9499912228169635e-16,G4,G4,3
G4_p5_w3_variable,G4_p4,20.0,1.0,1.0,0.0,0,0.0,0.0,G4,G4,4
G4_p5_w3_variable,G4_p4,10.0,1.0,1.0,0.0,0,0.0,1.370700810470988e-16,G4,G4,4
G4_p5_w3_variable,G4_p4,0.0,0.9523809523809524,1.0,0.0476190476190476,0,0.024390243902439,0.0,G4,G4,4
G4_p5_w3_variable,G4_p4,-5.0,0.7659574468085106,0.9302325581395348,0.1642751113310242,0,0.1177634834240475,0.0,G4,G4,4
