subset,method,coverage,n,retained,retained_failures,failure_rate,discarded,discarded_nonfailures,mean_f1,oracle_minimum
pooled,Global,0.25,4096,1024,6,0.005859375,3072,2035,0.9990188007965353,0.0
pooled,Global,0.26,4096,1065,6,0.005633802816901409,3031,1994,0.999033673025117,0.0
pooled,Global,0.27,4096,1106,7,0.006329113924050633,2990,1954,0.9989546190590927,0.0
pooled,Global,0.28,4096,1147,7,0.006102877070619006,2949,1913,0.9989472769207275,0.0
pooled,Global,0.29,4096,1188,7,0.005892255892255892,2908,1872,0.9989004333928669,0.0
pooled,Global,0.3,4096,1229,7,0.005695687550854353,2867,1831,0.9988964319533978,0.0
pooled,Global,0.31,4096,1270,7,0.005511811023622047,2826,1790,0.9988916793853889,0.0
pooled,Global,0.32,4096,1311,7,0.005339435545385202,2785,1749,0.9988686436260892,0.0
pooled,Global,0.33,4096,1352,7,0.005177514792899409,2744,1708,0.9987567614472193,0.0
pooled,Global,0.34,4096,1393,8,0.00574300071787509,2703,1668,0.998634362614617,0.0
pooled,Global,0.35,4096,1434,10,0.00697350069735007,2662,1629,0.9985187709756518,0.0
pooled,Global,0.36,4096,1475,10,0.006779661016949152,2621,1588,0.9985094888580601,0.0
pooled,Global,0.37,4096,1516,11,0.007255936675461741,2580,1548,0.9983878374234607,0.0
pooled,Global,0.38,4096,1557,11,0.007064868336544637,2539,1507,0.9983503789470267,0.0
pooled,Global,0.39,4096,1598,11,0.00688360450563204,2498,1466,0.9983148230522724,0.0
pooled,Global,0.4,4096,1639,12,0.007321537522879805,2457,1426,0.998240928563716,0.0
pooled,Global,0.41,4096,1680,14,0.008333333333333333,2416,1387,0.9981344186275498,0.0
pooled,Global,0.42,4096,1721,14,0.008134805345729227,2375,1346,0.9981362790300911,0.0
pooled,Global,0.43,4096,1762,16,0.009080590238365494,2334,1307,0.9980290802163422,0.0
pooled,Global,0.44,4096,1803,18,0.009983361064891847,2293,1268,0.9979180138360486,0.0
pooled,Global,0.45,4096,1844,19,0.010303687635574838,2252,1228,0.997845553445996,0.0
pooled,Global,0.46,4096,1885,22,0.011671087533156498,2211,1190,0.9977430125557196,0.0
pooled,Global,0.47,4096,1926,24,0.012461059190031152,2170,1151,0.9976044182148217,0.0
pooled,Global,0.48,4096,1967,26,0.013218098627351297,2129,1112,0.9975268387916778,0.0
pooled,Global,0.49,4096,2008,29,0.01444223107569721,2088,1074,0.9974167790330761,0.0
pooled,Global,0.5,4096,2048,33,0.01611328125,2048,1038,0.9971471456880234,0.0
pooled,Global,0.51,4096,2089,39,0.018669219722355194,2007,1003,0.9969140560520358,0.0
pooled,Global,0.52,4096,2130,42,0.01971830985915493,1966,965,0.9967856087706726,0.0
pooled,Global,0.53,4096,2171,44,0.02026715799170889,1925,926,0.9966809800293125,0.0
pooled,Global,0.54,4096,2212,48,0.0216998191681736,1884,889,0.9965602989537358,0.0
pooled,Global,0.55,4096,2253,54,0.023968042609853527,1843,854,0.9963245734326457,0.0
pooled,Global,0.56,4096,2294,59,0.025719267654751524,1802,818,0.9961008822573556,0.0
pooled,Global,0.57,4096,2335,66,0.028265524625267664,1761,784,0.9958477444345594,0.0
pooled,Global,0.58,4096,2376,74,0.031144781144781145,1720,751,0.9953931828921536,0.0
pooled,Global,0.59,4096,2417,78,0.032271410839884156,1679,714,0.9951000397572332,0.0
pooled,Global,0.6,4096,2458,87,0.035394629780309196,1638,682,0.9947639297318993,0.0
pooled,Global,0.61,4096,2499,91,0.036414565826330535,1597,645,0.9945862047933504,0.0
pooled,Global,0.62,4096,2540,92,0.03622047244094488,1556,605,0.9945295708471059,0.0
pooled,Global,0.63,4096,2581,97,0.037582332429290974,1515,569,0.994315205118914,0.0
pooled,Global,0.64,4096,2622,104,0.03966437833714721,1474,535,0.9940412139306891,0.0
pooled,Global,0.65,4096,2663,111,0.041682313180623355,1433,501,0.993748262585514,0.0
pooled,Global,0.66,4096,2704,120,0.04437869822485207,1392,469,0.9934229172681708,0.0
pooled,Global,0.67,4096,2745,130,0.04735883424408015,1351,438,0.9930071283159151,0.0
pooled,Global,0.68,4096,2786,141,0.05061019382627423,1310,408,0.9926189466889948,0.0
pooled,Global,0.69,4096,2827,155,0.05482844004244782,1269,381,0.99201198176107,0.0
pooled,Global,0.7,4096,2868,175,0.06101813110181311,1228,360,0.9913488144143031,0.0
pooled,Global,0.71,4096,2909,190,0.06531454107940873,1187,334,0.9908588944350415,0.0
pooled,Global,0.72,4096,2950,205,0.06949152542372881,1146,308,0.9903683293125015,0.0
pooled,Global,0.73,4096,2991,215,0.07188231360748913,1105,277,0.9899999171952893,0.0
pooled,Global,0.74,4096,3032,220,0.07255936675461741,1064,241,0.9898896892178837,0.0
pooled,Global,0.75,4096,3072,228,0.07421875,1024,209,0.9896575849361978,0.006184895833333333
pooled,Global,0.76,4096,3113,237,0.07613234821715387,983,177,0.9894654552390116,0.019274012206874396
pooled,Global,0.77,4096,3154,244,0.07736207989854153,942,143,0.989177299695107,0.03202282815472416
pooled,Global,0.78,4096,3195,257,0.08043818466353678,901,115,0.9887043614800995,0.044444444444444446
pooled,Global,0.79,4096,3236,271,0.08374536464771323,860,88,0.9881263224346063,0.056551297898640294
pooled,Global,0.8,4096,3277,296,0.09032651815685078,819,72,0.987353214967641,0.0683552029295087
pooled,Global,0.81,4096,3318,321,0.09674502712477397,778,56,0.9863798053741718,0.07986738999397228
pooled,Global,0.82,4096,3359,349,0.10389997022923489,737,43,0.9851851292777238,0.09109854123250967
pooled,Global,0.83,4096,3400,384,0.11294117647058824,696,37,0.9836674034501026,0.10205882352941177
pooled,Global,0.84,4096,3441,420,0.12205754141238012,655,32,0.9817538349025318,0.11275791920953211
pooled,Global,0.85,4096,3482,458,0.1315336013785181,614,29,0.979894100414512,0.12320505456634118
pooled,Global,0.86,4096,3523,492,0.13965370422934997,573,22,0.9784655498597397,0.1334090263979563
pooled,Global,0.87,4096,3564,527,0.1478675645342312,532,16,0.9768892111442271,0.14337822671156006
pooled,Global,0.88,4096,3605,565,0.15672676837725383,491,13,0.9753648257939288,0.15312066574202496
pooled,Global,0.89,4096,3646,605,0.16593527153044432,450,12,0.9737417402863148,0.16264399341744376
pooled,Global,0.9,4096,3687,644,0.17466775155953349,409,10,0.9723307665180257,0.17195551939245998
pooled,Global,0.91,4096,3728,685,0.18374463519313305,368,10,0.9707314877835425,0.18106223175965666
pooled,Global,0.92,4096,3769,724,0.19209339347306978,327,8,0.9694326958870321,0.1899708145396657
pooled,Global,0.93,4096,3810,760,0.1994750656167979,286,3,0.9682238748343704,0.19868766404199475
pooled,Global,0.94,4096,3851,801,0.20799792261750194,245,3,0.966710699121496,0.20721890418073227
pooled,Global,0.95,4096,3892,841,0.21608427543679343,204,2,0.9653213658028292,0.2155704008221994
pooled,Global,0.96,4096,3933,880,0.22374777523518943,163,0,0.960499491396384,0.22374777523518943
pooled,Global,0.97,4096,3974,921,0.23175641670860594,122,0,0.9548505023722198,0.23175641670860594
pooled,Global,0.98,4096,4015,962,0.23960149439601494,81,0,0.9518819982623508,0.23960149439601494
pooled,Global,0.99,4096,4056,1003,0.24728796844181458,40,0,0.9481875501540482,0.24728796844181458
pooled,Global,1.0,4096,4096,1043,0.254638671875,0,0,0.942905519932697,0.254638671875
pooled,Event,0.25,4096,1024,0,0.0,3072,2029,0.9999244610191638,0.0
pooled,Event,0.26,4096,1065,0,0.0,3031,1988,0.9999044674551374,0.0
pooled,Event,0.27,4096,1106,0,0.0,2990,1947,0.9999080088966739,0.0
pooled,Event,0.28,4096,1147,0,0.0,2949,1906,0.99991129715756,0.0
pooled,Event,0.29,4096,1188,0,0.0,2908,1865,0.9999143584509438,0.0
pooled,Event,0.3,4096,1229,0,0.0,2867,1824,0.9999172154920434,0.0
pooled,Event,0.31,4096,1270,0,0.0,2826,1783,0.9999198880627727,0.0
pooled,Event,0.32,4096,1311,0,0.0,2785,1742,0.9999005998559495,0.0
pooled,Event,0.33,4096,1352,0,0.0,2744,1701,0.9999036142094303,0.0
pooled,Event,0.34,4096,1393,0,0.0,2703,1660,0.9999064511207105,0.0
pooled,Event,0.35,4096,1434,0,0.0,2662,1619,0.9999091258097279,0.0
pooled,Event,0.36,4096,1475,1,0.0006779661016949153,2621,1579,0.999855663612588,0.0
pooled,Event,0.37,4096,1516,1,0.0006596306068601583,2580,1538,0.9998281561879606,0.0
pooled,Event,0.38,4096,1557,1,0.0006422607578676942,2539,1497,0.9998153228991145,0.0
pooled,Event,0.39,4096,1598,2,0.0012515644555694619,2498,1457,0.9997510744390362,0.0
pooled,Event,0.4,4096,1639,2,0.0012202562538133007,2457,1416,0.9997424202011456,0.0
pooled,Event,0.41,4096,1680,2,0.0011904761904761906,2416,1375,0.9997035828540748,0.0
pooled,Event,0.42,4096,1721,3,0.0017431725740848344,2375,1335,0.9996643582736032,0.0
pooled,Event,0.43,4096,1762,3,0.00170261066969353,2334,1294,0.9996583259619574,0.0
pooled,Event,0.44,4096,1803,3,0.0016638935108153079,2293,1253,0.9996511055562628,0.0
pooled,Event,0.45,4096,1844,3,0.0016268980477223427,2252,1212,0.9996046160783071,0.0
pooled,Event,0.46,4096,1885,3,0.0015915119363395225,2211,1171,0.9995743511804446,0.0
pooled,Event,0.47,4096,1926,3,0.001557632398753894,2170,1130,0.9995723652021773,0.0
pooled,Event,0.48,4096,1967,3,0.001525165226232842,2129,1089,0.9995309161416412,0.0
pooled,Event,0.49,4096,2008,3,0.00149402390438247,2088,1048,0.9995142649392131,0.0
pooled,Event,0.5,4096,2048,3,0.00146484375,2048,1008,0.9994993378896192,0.0
pooled,Event,0.51,4096,2089,3,0.0014360938247965534,2007,967,0.9994962264102026,0.0
pooled,Event,0.52,4096,2130,3,0.0014084507042253522,1966,926,0.9994469223829711,0.0
pooled,Event,0.53,4096,2171,3,0.0013818516812528789,1925,885,0.9993888077608644,0.0
pooled,Event,0.54,4096,2212,4,0.0018083182640144665,1884,845,0.9992444194352986,0.0
pooled,Event,0.55,4096,2253,4,0.001775410563692854,1843,804,0.9991186766455752,0.0
pooled,Event,0.56,4096,2294,4,0.0017436791630340018,1802,763,0.9990374959322202,0.0
pooled,Event,0.57,4096,2335,5,0.0021413276231263384,1761,723,0.9989491641518906,0.0
pooled,Event,0.58,4096,2376,8,0.003367003367003367,1720,685,0.9986766504446066,0.0
pooled,Event,0.59,4096,2417,12,0.004964832436905255,1679,648,0.9984929886732656,0.0
pooled,Event,0.6,4096,2458,12,0.004882017900732303,1638,607,0.9983052499779672,0.0
pooled,Event,0.61,4096,2499,13,0.005202080832332933,1597,567,0.9981977903105487,0.0
pooled,Event,0.62,4096,2540,15,0.005905511811023622,1556,528,0.9980150584951715,0.0
pooled,Event,0.63,4096,2581,16,0.006199147617202635,1515,488,0.9978980646317978,0.0
pooled,Event,0.64,4096,2622,16,0.006102212051868803,1474,447,0.9977252755638154,0.0
pooled,Event,0.65,4096,2663,18,0.006759294029290274,1433,408,0.997508799442259,0.0
pooled,Event,0.66,4096,2704,20,0.0073964497041420114,1392,369,0.9973143715227678,0.0
pooled,Event,0.67,4096,2745,22,0.008014571948998178,1351,330,0.9971027547517787,0.0
pooled,Event,0.68,4096,2786,29,0.0104091888011486,1310,296,0.9968714249931716,0.0
pooled,Event,0.69,4096,2827,33,0.011673151750972763,1269,259,0.996591291731441,0.0
pooled,Event,0.7,4096,2868,44,0.015341701534170154,1228,229,0.9961597438040273,0.0
pooled,Event,0.71,4096,2909,53,0.018219319353729804,1187,197,0.9956652052832676,0.0
pooled,Event,0.72,4096,2950,61,0.020677966101694915,1146,164,0.9952883554633833,0.0
pooled,Event,0.73,4096,2991,75,0.025075225677031094,1105,137,0.9947176249148212,0.0
pooled,Event,0.74,4096,3032,97,0.03199208443271768,1064,118,0.9939214299246588,0.0
pooled,Event,0.75,4096,3072,118,0.038411458333333336,1024,99,0.9931481327154076,0.006184895833333333
pooled,Event,0.76,4096,3113,147,0.047221329906842274,983,87,0.9922186791788865,0.019274012206874396
pooled,Event,0.77,4096,3154,174,0.055168040583386174,942,73,0.991307941990003,0.03202282815472416
pooled,Event,0.78,4096,3195,201,0.06291079812206572,901,59,0.9902569617796266,0.044444444444444446
pooled,Event,0.79,4096,3236,232,0.07169344870210136,860,49,0.9889400003828835,0.056551297898640294
pooled,Event,0.8,4096,3277,268,0.08178211779066219,819,44,0.9875882418307795,0.0683552029295087
pooled,Event,0.81,4096,3318,301,0.09071729957805907,778,36,0.9863239033457321,0.07986738999397228
pooled,Event,0.82,4096,3359,332,0.09883894016076213,737,26,0.9852888040707537,0.09109854123250967
pooled,Event,0.83,4096,3400,367,0.10794117647058823,696,20,0.9838731237565349,0.10205882352941177
pooled,Event,0.84,4096,3441,405,0.11769834350479512,655,17,0.9825515331553388,0.11275791920953211
pooled,Event,0.85,4096,3482,440,0.1263641585295807,614,11,0.9813908497607793,0.12320505456634118
pooled,Event,0.86,4096,3523,478,0.13567981833664491,573,8,0.9795499114634326,0.1334090263979563
pooled,Event,0.87,4096,3564,516,0.1447811447811448,532,5,0.9780810243974015,0.14337822671156006
pooled,Event,0.88,4096,3605,554,0.1536754507628294,491,2,0.9766165143920851,0.15312066574202496
pooled,Event,0.89,4096,3646,595,0.16319253976961054,450,2,0.9750280096351687,0.16264399341744376
pooled,Event,0.9,4096,3687,635,0.17222674260916734,409,1,0.9726918269209157,0.17195551939245998
pooled,Event,0.91,4096,3728,676,0.1813304721030043,368,1,0.9710244596104378,0.18106223175965666
pooled,Event,0.92,4096,3769,717,0.1902361369063412,327,1,0.9690875068019589,0.1899708145396657
pooled,Event,0.93,4096,3810,758,0.1989501312335958,286,1,0.9668992611388532,0.19868766404199475
pooled,Event,0.94,4096,3851,799,0.20747857699298883,245,1,0.9646652285562827,0.20721890418073227
pooled,Event,0.95,4096,3892,840,0.2158273381294964,204,1,0.9624592955457681,0.2155704008221994
pooled,Event,0.96,4096,3933,881,0.22400203407068395,163,1,0.9598482725289796,0.22374777523518943
pooled,Event,0.97,4096,3974,922,0.23200805234021138,122,1,0.9573603983179728,0.23175641670860594
pooled,Event,0.98,4096,4015,963,0.2398505603985056,81,1,0.9546172247360097,0.23960149439601494
pooled,Event,0.99,4096,4056,1003,0.24728796844181458,40,0,0.9496388649335167,0.24728796844181458
pooled,Event,1.0,4096,4096,1043,0.254638671875,0,0,0.942905519932697,0.254638671875
pooled,Combined,0.25,4096,1024,4,0.00390625,3072,2033,0.9990187497337812,0.0
pooled,Combined,0.26,4096,1065,6,0.005633802816901409,3031,1994,0.9989226719885675,0.0
pooled,Combined,0.27,4096,1106,6,0.0054249547920434,2990,1953,0.9989173728736719,0.0
pooled,Combined,0.28,4096,1147,6,0.0052310374891020054,2949,1912,0.998913543078009,0.0
pooled,Combined,0.29,4096,1188,6,0.005050505050505051,2908,1871,0.9989077581140966,0.0
pooled,Combined,0.3,4096,1229,7,0.005695687550854353,2867,1831,0.9988427793076304,0.0
pooled,Combined,0.31,4096,1270,7,0.005511811023622047,2826,1790,0.9988240150971126,0.0
pooled,Combined,0.32,4096,1311,7,0.005339435545385202,2785,1749,0.9988030716080462,0.0
pooled,Combined,0.33,4096,1352,8,0.005917159763313609,2744,1709,0.998744542714455,0.0
pooled,Combined,0.34,4096,1393,9,0.006460875807609476,2703,1669,0.9986894107288979,0.0
pooled,Combined,0.35,4096,1434,9,0.006276150627615063,2662,1628,0.9987080349500196,0.0
pooled,Combined,0.36,4096,1475,10,0.006779661016949152,2621,1588,0.9986743664673766,0.0
pooled,Combined,0.37,4096,1516,11,0.007255936675461741,2580,1548,0.9986120366177368,0.0
pooled,Combined,0.38,4096,1557,11,0.007064868336544637,2539,1507,0.9985824371037068,0.0
pooled,Combined,0.39,4096,1598,12,0.007509386733416771,2498,1467,0.9985858717093393,0.0
pooled,Combined,0.4,4096,1639,13,0.007931665649786455,2457,1427,0.9985517019174851,0.0
pooled,Combined,0.41,4096,1680,13,0.007738095238095238,2416,1386,0.998587047287356,0.0
pooled,Combined,0.42,4096,1721,14,0.008134805345729227,2375,1346,0.9985483424277838,0.0
pooled,Combined,0.43,4096,1762,15,0.00851305334846765,2334,1306,0.998504759340806,0.0
pooled,Combined,0.44,4096,1803,15,0.008319467554076539,2293,1265,0.9985252333414297,0.0
pooled,Combined,0.45,4096,1844,16,0.008676789587852495,2252,1225,0.9984673255573959,0.0
pooled,Combined,0.46,4096,1885,17,0.009018567639257295,2211,1185,0.9984124339461683,0.0
pooled,Combined,0.47,4096,1926,18,0.009345794392523364,2170,1145,0.9983246575875816,0.0
pooled,Combined,0.48,4096,1967,22,0.011184544992374174,2129,1108,0.9981641629548827,0.0
pooled,Combined,0.49,4096,2008,24,0.01195219123505976,2088,1069,0.9980245897670589,0.0
pooled,Combined,0.5,4096,2048,25,0.01220703125,2048,1030,0.9979040252242424,0.0
pooled,Combined,0.51,4096,2089,27,0.01292484442316898,2007,991,0.9977264434794342,0.0
pooled,Combined,0.52,4096,2130,30,0.014084507042253521,1966,953,0.9974730106264177,0.0
pooled,Combined,0.53,4096,2171,32,0.014739751266697375,1925,914,0.9973611424714689,0.0
pooled,Combined,0.54,4096,2212,33,0.014918625678119348,1884,874,0.9972769827332425,0.0
pooled,Combined,0.55,4096,2253,36,0.015978695073235686,1843,836,0.9971390331047579,0.0
pooled,Combined,0.56,4096,2294,38,0.016564952048823016,1802,797,0.997059212583202,0.0
pooled,Combined,0.57,4096,2335,44,0.018843683083511777,1761,762,0.9967815163274071,0.0
pooled,Combined,0.58,4096,2376,51,0.021464646464646464,1720,728,0.9965125573460349,0.0
pooled,Combined,0.59,4096,2417,60,0.024824162184526273,1679,696,0.9959837766756673,0.0
pooled,Combined,0.6,4096,2458,71,0.02888527257933279,1638,666,0.9952981996708771,0.0
pooled,Combined,0.61,4096,2499,86,0.03441376550620248,1597,640,0.9946052597953556,0.0
pooled,Combined,0.62,4096,2540,94,0.03700787401574803,1556,607,0.9942414531097418,0.0
pooled,Combined,0.63,4096,2581,100,0.03874467260751647,1515,572,0.993794059040844,0.0
pooled,Combined,0.64,4096,2622,105,0.04004576659038902,1474,536,0.9935737506407478,0.0
pooled,Combined,0.65,4096,2663,112,0.04205782951558393,1433,502,0.993270748214214,0.0
pooled,Combined,0.66,4096,2704,118,0.04363905325443787,1392,467,0.993049322072759,0.0
pooled,Combined,0.67,4096,2745,130,0.04735883424408015,1351,438,0.9926771930401498,0.0
pooled,Combined,0.68,4096,2786,139,0.04989231873653984,1310,406,0.9923707236713213,0.0
pooled,Combined,0.69,4096,2827,145,0.05129112133003184,1269,371,0.9921770142918085,0.0
pooled,Combined,0.7,4096,2868,148,0.05160390516039052,1228,333,0.9920268304046599,0.0
pooled,Combined,0.71,4096,2909,155,0.053282915091096596,1187,299,0.9918931833481899,0.0
pooled,Combined,0.72,4096,2950,162,0.05491525423728814,1146,265,0.9916536411513427,0.0
pooled,Combined,0.73,4096,2991,170,0.05683717820127048,1105,232,0.9914195693234095,0.0
pooled,Combined,0.74,4096,3032,177,0.05837730870712401,1064,198,0.9912610718730764,0.0
pooled,Combined,0.75,4096,3072,185,0.060221354166666664,1024,166,0.9910229012131365,0.006184895833333333
pooled,Combined,0.76,4096,3113,195,0.06264053967234179,983,135,0.9907124730476982,0.019274012206874396
pooled,Combined,0.77,4096,3154,207,0.06563094483195941,942,106,0.9903763495097331,0.03202282815472416
pooled,Combined,0.78,4096,3195,225,0.07042253521126761,901,83,0.9898363941159681,0.044444444444444446
pooled,Combined,0.79,4096,3236,242,0.07478368355995056,860,59,0.9891924060684021,0.056551297898640294
pooled,Combined,0.8,4096,3277,271,0.08269758925846811,819,47,0.9882003295272228,0.0683552029295087
pooled,Combined,0.81,4096,3318,298,0.08981314044605183,778,33,0.9873345116072957,0.07986738999397228
pooled,Combined,0.82,4096,3359,332,0.09883894016076213,737,26,0.986107723340264,0.09109854123250967
pooled,Combined,0.83,4096,3400,369,0.10852941176470589,696,22,0.9846903322029742,0.10205882352941177
pooled,Combined,0.84,4096,3441,405,0.11769834350479512,655,17,0.9832700014752902,0.11275791920953211
pooled,Combined,0.85,4096,3482,442,0.12693854106835153,614,13,0.9817654658993376,0.12320505456634118
pooled,Combined,0.86,4096,3523,481,0.13653136531365315,573,11,0.9799967245540744,0.1334090263979563
pooled,Combined,0.87,4096,3564,522,0.14646464646464646,532,11,0.9783579796450839,0.14337822671156006
pooled,Combined,0.88,4096,3605,562,0.15589459084604715,491,10,0.9767953586129501,0.15312066574202496
pooled,Combined,0.89,4096,3646,603,0.16538672517827757,450,10,0.975115065740575,0.16264399341744376
pooled,Combined,0.9,4096,3687,642,0.1741253051261188,409,8,0.9733084029586971,0.17195551939245998
pooled,Combined,0.91,4096,3728,681,0.1826716738197425,368,6,0.9715350866026489,0.18106223175965666
pooled,Combined,0.92,4096,3769,721,0.19129742637304326,327,5,0.969851122180263,0.1899708145396657
pooled,Combined,0.93,4096,3810,760,0.1994750656167979,286,3,0.9683690492082161,0.19868766404199475
pooled,Combined,0.94,4096,3851,800,0.20773824980524538,245,2,0.9668113240947824,0.20721890418073227
pooled,Combined,0.95,4096,3892,840,0.2158273381294964,204,1,0.965347048441093,0.2155704008221994
pooled,Combined,0.96,4096,3933,880,0.22374777523518943,163,0,0.9625870662788442,0.22374777523518943
pooled,Combined,0.97,4096,3974,921,0.23175641670860594,122,0,0.9589061243132885,0.23175641670860594
pooled,Combined,0.98,4096,4015,962,0.23960149439601494,81,0,0.9543633408524564,0.23960149439601494
pooled,Combined,0.99,4096,4056,1003,0.24728796844181458,40,0,0.9488510278199991,0.24728796844181458
pooled,Combined,1.0,4096,4096,1043,0.254638671875,0,0,0.942905519932697,0.254638671875
pooled,Agreement,0.25,4096,1024,5,0.0048828125,3072,2034,0.9984459647115757,0.0
pooled,Agreement,0.26,4096,1065,5,0.004694835680751174,3031,1993,0.9984359414279352,0.0
pooled,Agreement,0.27,4096,1106,6,0.0054249547920434,2990,1953,0.998385633073138,0.0
pooled,Agreement,0.28,4096,1147,7,0.006102877070619006,2949,1913,0.9982304890887108,0.0
pooled,Agreement,0.29,4096,1188,8,0.006734006734006734,2908,1873,0.9981241065793828,0.0
pooled,Agreement,0.3,4096,1229,10,0.008136696501220505,2867,1834,0.9979796756781133,0.0
pooled,Agreement,0.31,4096,1270,15,0.011811023622047244,2826,1798,0.9975367261943345,0.0
pooled,Agreement,0.32,4096,1311,16,0.012204424103737605,2785,1758,0.9975399296704177,0.0
pooled,Agreement,0.33,4096,1352,19,0.014053254437869823,2744,1720,0.9972170862170686,0.0
pooled,Agreement,0.34,4096,1393,21,0.01507537688442211,2703,1681,0.9969771811126391,0.0
pooled,Agreement,0.35,4096,1434,25,0.017433751743375175,2662,1644,0.9966509341179443,0.0
pooled,Agreement,0.36,4096,1475,27,0.01830508474576271,2621,1605,0.9965990236789626,0.0
pooled,Agreement,0.37,4096,1516,35,0.02308707124010554,2580,1572,0.9960440859384966,0.0
pooled,Agreement,0.38,4096,1557,39,0.025048169556840076,2539,1535,0.9957549552218227,0.0
pooled,Agreement,0.39,4096,1598,41,0.025657071339173967,2498,1496,0.9954877305257019,0.0
pooled,Agreement,0.4,4096,1639,46,0.028065893837705917,2457,1460,0.9951036715790728,0.0
pooled,Agreement,0.41,4096,1680,54,0.03214285714285714,2416,1427,0.9945777760382268,0.0
pooled,Agreement,0.42,4096,1721,66,0.03834979662986636,2375,1398,0.9939195638642077,0.0
pooled,Agreement,0.43,4096,1762,72,0.04086265607264472,2334,1363,0.9935044376087683,0.0
pooled,Agreement,0.44,4096,1803,85,0.04714364947310039,2293,1335,0.9927520190173209,0.0
pooled,Agreement,0.45,4096,1844,96,0.052060737527114966,2252,1305,0.9921074271754896,0.0
pooled,Agreement,0.46,4096,1885,98,0.0519893899204244,2211,1266,0.9920823760859625,0.0
pooled,Agreement,0.47,4096,1926,100,0.05192107995846314,2170,1227,0.9920901499839134,0.0
pooled,Agreement,0.48,4096,1967,106,0.05388917132689375,2129,1192,0.9916706413586241,0.0
pooled,Agreement,0.49,4096,2008,108,0.053784860557768925,2088,1153,0.991748939098404,0.0
pooled,Agreement,0.5,4096,2048,113,0.05517578125,2048,1118,0.9915805916809981,0.0
pooled,Agreement,0.51,4096,2089,114,0.05457156534226903,2007,1078,0.9916901736203527,0.0
pooled,Agreement,0.52,4096,2130,114,0.05352112676056338,1966,1037,0.9918386772061099,0.0
pooled,Agreement,0.53,4096,2171,126,0.058037770612620915,1925,1008,0.9910048263407166,0.0
pooled,Agreement,0.54,4096,2212,126,0.056962025316455694,1884,967,0.9911715542430813,0.0
pooled,Agreement,0.55,4096,2253,126,0.0559254327563249,1843,926,0.991332213930624,0.0
pooled,Agreement,0.56,4096,2294,132,0.05754141238012206,1802,891,0.9910713497574202,0.0
pooled,Agreement,0.57,4096,2335,137,0.05867237687366167,1761,855,0.9910272070872775,0.0
pooled,Agreement,0.58,4096,2376,137,0.05765993265993266,1720,814,0.9911820406350139,0.0
pooled,Agreement,0.59,4096,2417,139,0.0575093090608192,1679,775,0.9912289649350604,0.0
pooled,Agreement,0.6,4096,2458,152,0.061838893409275834,1638,747,0.9905453221422382,0.0
pooled,Agreement,0.61,4096,2499,175,0.0700280112044818,1597,729,0.9891803177359153,0.0
pooled,Agreement,0.62,4096,2540,205,0.08070866141732283,1556,718,0.987519330674907,0.0
pooled,Agreement,0.63,4096,2581,243,0.094149554436265,1515,715,0.9843468829628339,0.0
pooled,Agreement,0.64,4096,2622,280,0.10678871090770405,1474,711,0.9802679882246416,0.0
pooled,Agreement,0.65,4096,2663,317,0.11903867818250094,1433,707,0.9761605137936704,0.0
pooled,Agreement,0.66,4096,2704,353,0.1305473372781065,1392,702,0.9730238431364845,0.0
pooled,Agreement,0.67,4096,2745,384,0.13989071038251366,1351,692,0.9694582343109427,0.0
pooled,Agreement,0.68,4096,2786,420,0.1507537688442211,1310,687,0.9656565683489133,0.0
pooled,Agreement,0.69,4096,2827,453,0.16024053767244428,1269,679,0.9626234942816488,0.0
pooled,Agreement,0.7,4096,2868,486,0.1694560669456067,1228,671,0.9591197545510858,0.0
pooled,Agreement,0.71,4096,2909,517,0.1777243038844964,1187,661,0.9564793379337213,0.0
pooled,Agreement,0.72,4096,2950,547,0.1854237288135593,1146,650,0.9542947193428668,0.0
pooled,Agreement,0.73,4096,2991,577,0.19291206954195922,1105,639,0.9514431602155069,0.0
pooled,Agreement,0.74,4096,3032,602,0.19854881266490765,1064,623,0.9496792382628056,0.0
pooled,Agreement,0.75,4096,3072,630,0.205078125,1024,611,0.9479408797566767,0.006184895833333333
pooled,Agreement,0.76,4096,3113,648,0.20815933183424348,983,588,0.9469600360800495,0.019274012206874396
pooled,Agreement,0.77,4096,3154,669,0.21211160431198478,942,568,0.9454167191827965,0.03202282815472416
pooled,Agreement,0.78,4096,3195,686,0.21471048513302035,901,544,0.9450057270057058,0.044444444444444446
pooled,Agreement,0.79,4096,3236,708,0.21878862793572312,860,525,0.9442646710551987,0.056551297898640294
pooled,Agreement,0.8,4096,3277,731,0.2230698809887092,819,507,0.9434776824025785,0.0683552029295087
pooled,Agreement,0.81,4096,3318,756,0.22784810126582278,778,491,0.9430144863617361,0.07986738999397228
pooled,Agreement,0.82,4096,3359,783,0.23310509080083358,737,477,0.9421281846360673,0.09109854123250967
pooled,Agreement,0.83,4096,3400,804,0.23647058823529413,696,457,0.9416695061193515,0.10205882352941177
pooled,Agreement,0.84,4096,3441,823,0.23917465852949724,655,435,0.9416560862377771,0.11275791920953211
pooled,Agreement,0.85,4096,3482,848,0.24353819643882826,614,419,0.9408830861499142,0.12320505456634118
pooled,Agreement,0.86,4096,3523,862,0.24467783139369856,573,392,0.9409777489187933,0.1334090263979563
pooled,Agreement,0.87,4096,3564,880,0.24691358024691357,532,369,0.9406251938049277,0.14337822671156006
pooled,Agreement,0.88,4096,3605,900,0.24965325936199723,491,348,0.9405313920014445,0.15312066574202496
pooled,Agreement,0.89,4096,3646,912,0.2501371365880417,450,319,0.9405287857213078,0.16264399341744376
pooled,Agreement,0.9,4096,3687,926,0.25115269867100626,409,292,0.940552626253296,0.17195551939245998
pooled,Agreement,0.91,4096,3728,938,0.25160944206008584,368,263,0.9407830083490972,0.18106223175965666
pooled,Agreement,0.92,4096,3769,954,0.25311753780843727,327,238,0.940894207212188,0.1899708145396657
pooled,Agreement,0.93,4096,3810,975,0.2559055118110236,286,218,0.9408587422350949,0.19868766404199475
pooled,Agreement,0.94,4096,3851,985,0.2557777200727084,245,187,0.9411049195149963,0.20721890418073227
pooled,Agreement,0.95,4096,3892,989,0.2541109969167523,204,150,0.9416264033238662,0.2155704008221994
pooled,Agreement,0.96,4096,3933,997,0.25349605898804983,163,117,0.9419959891659864,0.22374777523518943
pooled,Agreement,0.97,4096,3974,1013,0.25490689481630596,122,92,0.9421218886491318,0.23175641670860594
pooled,Agreement,0.98,4096,4015,1028,0.2560398505603985,81,66,0.9421558347123614,0.23960149439601494
pooled,Agreement,0.99,4096,4056,1040,0.2564102564102564,40,37,0.9424521259195854,0.24728796844181458
pooled,Agreement,1.0,4096,4096,1043,0.254638671875,0,0,0.942905519932697,0.254638671875
G1,Global,0.25,1024,256,2,0.0078125,768,471,0.9986320254507568,0.0
G1,Global,0.26,1024,267,2,0.00749063670411985,757,460,0.9985181422095103,0.0
G1,Global,0.27,1024,277,3,0.010830324909747292,747,451,0.9983816331804759,0.0
G1,Global,0.28,1024,287,3,0.010452961672473868,737,441,0.9984380222682643,0.0
G1,Global,0.29,1024,297,4,0.013468013468013467,727,432,0.9979804030745567,0.0
G1,Global,0.3,1024,308,5,0.016233766233766232,716,422,0.9978061438968914,0.0
G1,Global,0.31,1024,318,5,0.015723270440251572,706,412,0.9977901424314953,0.0
G1,Global,0.32,1024,328,5,0.01524390243902439,696,402,0.997857516137852,0.0
G1,Global,0.33,1024,338,5,0.014792899408284023,686,392,0.9976929201084171,0.0
G1,Global,0.34,1024,349,5,0.014326647564469915,675,381,0.9976921661060285,0.0
G1,Global,0.35,1024,359,5,0.013927576601671309,665,371,0.9976811669748662,0.0
G1,Global,0.36,1024,369,5,0.013550135501355014,655,361,0.9977440079782574,0.0
G1,Global,0.37,1024,379,5,0.013192612137203167,645,351,0.9978035328337124,0.0
G1,Global,0.38,1024,390,5,0.01282051282051282,634,340,0.9978029453848064,0.0
G1,Global,0.39,1024,400,5,0.0125,624,330,0.9977388241311386,0.0
G1,Global,0.4,1024,410,6,0.014634146341463415,614,321,0.9976061166575748,0.0
G1,Global,0.41,1024,420,6,0.014285714285714285,604,311,0.9976631138800135,0.0
G1,Global,0.42,1024,431,6,0.013921113689095127,593,300,0.9976095761990736,0.0
G1,Global,0.43,1024,441,7,0.015873015873015872,583,291,0.9974309852456008,0.0
G1,Global,0.44,1024,451,7,0.015521064301552107,573,281,0.9973742404479554,0.0
G1,Global,0.45,1024,461,7,0.015184381778741865,563,271,0.997431198355809,0.0
G1,Global,0.46,1024,472,7,0.014830508474576272,552,260,0.9973877160047098,0.0
G1,Global,0.47,1024,482,7,0.014522821576763486,542,250,0.997338113453692,0.0
G1,Global,0.48,1024,492,7,0.014227642276422764,532,240,0.9973922168387795,0.0
G1,Global,0.49,1024,502,7,0.013944223107569721,522,230,0.9973445631168916,0.0
G1,Global,0.5,1024,512,7,0.013671875,512,220,0.9972962668621045,0.0
G1,Global,0.51,1024,523,7,0.01338432122370937,501,209,0.9973531331422513,0.0
G1,Global,0.52,1024,533,7,0.013133208255159476,491,199,0.997260877312864,0.0
G1,Global,0.53,1024,543,7,0.01289134438305709,481,189,0.9971743229536906,0.0
G1,Global,0.54,1024,553,7,0.012658227848101266,471,179,0.9970929426593019,0.0
G1,Global,0.55,1024,564,8,0.014184397163120567,460,169,0.9968880076506813,0.0
G1,Global,0.56,1024,574,8,0.013937282229965157,450,159,0.9968572401170371,0.0
G1,Global,0.57,1024,584,8,0.0136986301369863,440,149,0.9968253845164998,0.0
G1,Global,0.58,1024,594,8,0.013468013468013467,430,139,0.9967254212776269,0.0
G1,Global,0.59,1024,605,8,0.013223140495867768,419,128,0.9966599325839164,0.0
G1,Global,0.6,1024,615,9,0.014634146341463415,409,119,0.9964053238919712,0.0
G1,Global,0.61,1024,625,9,0.0144,399,109,0.9962531089799699,0.0
G1,Global,0.62,1024,635,11,0.01732283464566929,389,101,0.9959364416203716,0.0
G1,Global,0.63,1024,646,13,0.020123839009287926,378,92,0.9956065570403873,0.0
G1,Global,0.64,1024,656,16,0.024390243902439025,368,85,0.9950709378061608,0.0
G1,Global,0.65,1024,666,18,0.02702702702702703,358,77,0.9945301291517364,0.0
G1,Global,0.66,1024,676,24,0.03550295857988166,348,73,0.9937195624132052,0.0
G1,Global,0.67,1024,687,32,0.046579330422125184,337,70,0.992537984907258,0.0
G1,Global,0.68,1024,697,39,0.05595408895265423,327,67,0.9915569551608849,0.0
G1,Global,0.69,1024,707,47,0.06647807637906648,317,65,0.9905599382940761,0.0
G1,Global,0.7,1024,717,53,0.07391910739191074,307,61,0.9897126096100967,0.0
G1,Global,0.71,1024,728,61,0.08379120879120878,296,58,0.9887067065558569,0.004120879120879121
G1,Global,0.72,1024,738,68,0.0921409214092141,286,55,0.9876023433793216,0.017615176151761516
G1,Global,0.73,1024,748,73,0.09759358288770054,276,50,0.986539155978206,0.03074866310160428
G1,Global,0.74,1024,758,81,0.10686015831134564,266,48,0.9854552746733949,0.04353562005277045
G1,Global,0.75,1024,768,88,0.11458333333333333,256,45,0.9843799584770982,0.055989583333333336
G1,Global,0.76,1024,779,91,0.11681643132220795,245,37,0.9840975963325814,0.0693196405648267
G1,Global,0.77,1024,789,96,0.12167300380228137,235,32,0.9831420774476075,0.08111533586818757
G1,Global,0.78,1024,799,102,0.1276595744680851,225,28,0.9817052406194235,0.09261576971214018
G1,Global,0.79,1024,809,107,0.13226205191594562,215,23,0.9807433519299866,0.103831891223733
G1,Global,0.8,1024,820,115,0.1402439024390244,204,20,0.9789639835604176,0.11585365853658537
G1,Global,0.81,1024,830,122,0.14698795180722893,194,17,0.9779558640307439,0.12650602409638553
G1,Global,0.82,1024,840,130,0.15476190476190477,184,15,0.976082013300278,0.13690476190476192
G1,Global,0.83,1024,850,138,0.1623529411764706,174,13,0.9749021075279418,0.14705882352941177
G1,Global,0.84,1024,861,145,0.16840882694541232,163,9,0.9738648518195866,0.15795586527293845
G1,Global,0.85,1024,871,150,0.17221584385763491,153,4,0.9730498882937705,0.16762342135476463
G1,Global,0.86,1024,881,159,0.18047673098751418,143,3,0.9718003211506598,0.17707150964812712
G1,Global,0.87,1024,891,166,0.186307519640853,133,0,0.9707552136779458,0.186307519640853
G1,Global,0.88,1024,902,177,0.19623059866962306,122,0,0.9691786461969119,0.19623059866962306
G1,Global,0.89,1024,912,187,0.2050438596491228,112,0,0.9673382015872007,0.2050438596491228
G1,Global,0.9,1024,922,197,0.21366594360086769,102,0,0.9660146278380541,0.21366594360086769
G1,Global,0.91,1024,932,207,0.22210300429184548,92,0,0.9642639539796517,0.22210300429184548
G1,Global,0.92,1024,943,218,0.23117709437963946,81,0,0.962310279415925,0.23117709437963946
G1,Global,0.93,1024,953,228,0.23924449108079748,71,0,0.9603639990799058,0.23924449108079748
G1,Global,0.94,1024,963,238,0.24714434060228452,61,0,0.9568670512903621,0.24714434060228452
G1,Global,0.95,1024,973,248,0.25488180883864336,51,0,0.9509016268479425,0.25488180883864336
G1,Global,0.96,1024,984,259,0.2632113821138211,40,0,0.9443712105976857,0.2632113821138211
G1,Global,0.97,1024,994,269,0.27062374245472837,30,0,0.9379227913947069,0.27062374245472837
G1,Global,0.98,1024,1004,279,0.2778884462151394,20,0,0.9314162465243554,0.2778884462151394
G1,Global,0.99,1024,1014,289,0.28500986193293887,10,0,0.9250153558382296,0.28500986193293887
G1,Global,1.0,1024,1024,299,0.2919921875,0,0,0.9192905696309579,0.2919921875
G1,Event,0.25,1024,256,0,0.0,768,469,1.0,0.0
G1,Event,0.26,1024,267,0,0.0,757,458,1.0,0.0
G1,Event,0.27,1024,277,0,0.0,747,448,1.0,0.0
G1,Event,0.28,1024,287,0,0.0,737,438,1.0,0.0
G1,Event,0.29,1024,297,0,0.0,727,428,1.0,0.0
G1,Event,0.3,1024,308,0,0.0,716,417,1.0,0.0
G1,Event,0.31,1024,318,0,0.0,706,407,1.0,0.0
G1,Event,0.32,1024,328,0,0.0,696,397,1.0,0.0
G1,Event,0.33,1024,338,0,0.0,686,387,1.0,0.0
G1,Event,0.34,1024,349,0,0.0,675,376,1.0,0.0
G1,Event,0.35,1024,359,0,0.0,665,366,1.0,0.0
G1,Event,0.36,1024,369,0,0.0,655,356,1.0,0.0
G1,Event,0.37,1024,379,0,0.0,645,346,1.0,0.0
G1,Event,0.38,1024,390,0,0.0,634,335,1.0,0.0
G1,Event,0.39,1024,400,0,0.0,624,325,1.0,0.0
G1,Event,0.4,1024,410,0,0.0,614,315,0.9999374609130708,0.0
G1,Event,0.41,1024,420,0,0.0,604,305,0.9998255712541426,0.0
G1,Event,0.42,1024,431,0,0.0,593,294,0.9998300230318792,0.0
G1,Event,0.43,1024,441,0,0.0,583,284,0.9998338773848977,0.0
G1,Event,0.44,1024,451,0,0.0,573,274,0.9998375608131705,0.0
G1,Event,0.45,1024,461,0,0.0,563,264,0.9998410844397829,0.0
G1,Event,0.46,1024,472,0,0.0,552,253,0.9998447879803811,0.0
G1,Event,0.47,1024,482,0,0.0,542,243,0.9998480081467633,0.0
G1,Event,0.48,1024,492,0,0.0,532,233,0.999851097412073,0.0
G1,Event,0.49,1024,502,0,0.0,522,223,0.9998540635990835,0.0
G1,Event,0.5,1024,512,0,0.0,512,213,0.9997091775412088,0.0
G1,Event,0.51,1024,523,0,0.0,501,202,0.9995706053650371,0.0
G1,Event,0.52,1024,533,0,0.0,491,192,0.9994821938742681,0.0
G1,Event,0.53,1024,543,1,0.001841620626151013,481,183,0.9992578038897516,0.0
G1,Event,0.54,1024,553,1,0.0018083182640144665,471,173,0.9991807526990808,0.0
G1,Event,0.55,1024,564,1,0.0017730496453900709,460,162,0.999196730926581,0.0
G1,Event,0.56,1024,574,1,0.0017421602787456446,450,152,0.998995682121536,0.0
G1,Event,0.57,1024,584,2,0.003424657534246575,440,143,0.9987557003137063,0.0
G1,Event,0.58,1024,594,3,0.005050505050505051,430,134,0.9983963065007636,0.0
G1,Event,0.59,1024,605,4,0.006611570247933884,419,124,0.9979777706847652,0.0
G1,Event,0.6,1024,615,4,0.0065040650406504065,409,114,0.9975446127987851,0.0
G1,Event,0.61,1024,625,4,0.0064,399,104,0.9972595300471967,0.0
G1,Event,0.62,1024,635,5,0.007874015748031496,389,95,0.9968683034634641,0.0
G1,Event,0.63,1024,646,7,0.010835913312693499,378,86,0.996434599177137,0.0
G1,Event,0.64,1024,656,9,0.013719512195121951,368,78,0.9959891690907939,0.0
G1,Event,0.65,1024,666,11,0.016516516516516516,358,70,0.995566446971608,0.0
G1,Event,0.66,1024,676,16,0.023668639053254437,348,65,0.9949630508426176,0.0
G1,Event,0.67,1024,687,17,0.024745269286754003,337,55,0.994673488237912,0.0
G1,Event,0.68,1024,697,22,0.03156384505021521,327,50,0.9939034342649142,0.0
G1,Event,0.69,1024,707,29,0.04101838755304102,317,47,0.9930066023172868,0.0
G1,Event,0.7,1024,717,35,0.04881450488145049,307,43,0.9922855272894346,0.0
G1,Event,0.71,1024,728,40,0.054945054945054944,296,37,0.9914315411138092,0.004120879120879121
G1,Event,0.72,1024,738,44,0.05962059620596206,286,31,0.9907267671930351,0.017615176151761516
G1,Event,0.73,1024,748,49,0.06550802139037433,276,26,0.9900923810787032,0.03074866310160428
G1,Event,0.74,1024,758,55,0.07255936675461741,266,22,0.9889309224021409,0.04353562005277045
G1,Event,0.75,1024,768,61,0.07942708333333333,256,18,0.9881337236007787,0.055989583333333336
G1,Event,0.76,1024,779,70,0.08985879332477535,245,16,0.9867627676119991,0.0693196405648267
G1,Event,0.77,1024,789,78,0.09885931558935361,235,14,0.9854995016820358,0.08111533586818757
G1,Event,0.78,1024,799,86,0.10763454317897372,225,12,0.9842116639127002,0.09261576971214018
G1,Event,0.79,1024,809,94,0.1161928306551298,215,10,0.9826577504168411,0.103831891223733
G1,Event,0.8,1024,820,104,0.12682926829268293,204,9,0.9809353047874018,0.11585365853658537
G1,Event,0.81,1024,830,114,0.13734939759036144,194,9,0.9792423175077314,0.12650602409638553
G1,Event,0.82,1024,840,121,0.14404761904761904,184,6,0.9780346058766213,0.13690476190476192
G1,Event,0.83,1024,850,128,0.15058823529411763,174,3,0.9770699798931177,0.14705882352941177
G1,Event,0.84,1024,861,139,0.16144018583042974,163,3,0.9752922367161072,0.15795586527293845
G1,Event,0.85,1024,871,148,0.16991963260619977,153,2,0.9739412575206382,0.16762342135476463
G1,Event,0.86,1024,881,157,0.1782065834279228,143,1,0.972114610449999,0.17707150964812712
G1,Event,0.87,1024,891,166,0.186307519640853,133,0,0.9707120835798703,0.186307519640853
G1,Event,0.88,1024,902,177,0.19623059866962306,122,0,0.9691411931828752,0.19623059866962306
G1,Event,0.89,1024,912,187,0.2050438596491228,112,0,0.9673827341193786,0.2050438596491228
G1,Event,0.9,1024,922,197,0.21366594360086769,102,0,0.9657726220366531,0.21366594360086769
G1,Event,0.91,1024,932,207,0.22210300429184548,92,0,0.9641736822384366,0.22210300429184548
G1,Event,0.92,1024,943,218,0.23117709437963946,81,0,0.9622392540482618,0.23117709437963946
G1,Event,0.93,1024,953,228,0.23924449108079748,71,0,0.959897222489669,0.23924449108079748
G1,Event,0.94,1024,963,238,0.24714434060228452,61,0,0.9572159901289274,0.24714434060228452
G1,Event,0.95,1024,973,248,0.25488180883864336,51,0,0.9522440777264193,0.25488180883864336
G1,Event,0.96,1024,984,259,0.2632113821138211,40,0,0.945863860719397,0.2632113821138211
G1,Event,0.97,1024,994,269,0.27062374245472837,30,0,0.9397312082663578,0.27062374245472837
G1,Event,0.98,1024,1004,279,0.2778884462151394,20,0,0.9329872179764417,0.2778884462151394
G1,Event,0.99,1024,1014,289,0.28500986193293887,10,0,0.9264704746694614,0.28500986193293887
G1,Event,1.0,1024,1024,299,0.2919921875,0,0,0.9192905696309578,0.2919921875
G1,Combined,0.25,1024,256,3,0.01171875,768,472,0.9974925165378781,0.0
G1,Combined,0.26,1024,267,3,0.011235955056179775,757,461,0.9974085551823849,0.0
G1,Combined,0.27,1024,277,3,0.010830324909747292,747,451,0.9975021091469197,0.0
G1,Combined,0.28,1024,287,3,0.010452961672473868,737,441,0.9975891436714174,0.0
G1,Combined,0.29,1024,297,3,0.010101010101010102,727,431,0.9976703172851745,0.0
G1,Combined,0.3,1024,308,3,0.00974025974025974,716,420,0.9977535202392754,0.0
G1,Combined,0.31,1024,318,3,0.009433962264150943,706,410,0.9977474653767118,0.0
G1,Combined,0.32,1024,328,3,0.009146341463414634,696,400,0.9978161402127876,0.0
G1,Combined,0.33,1024,338,3,0.008875739644970414,686,390,0.9978807514490957,0.0
G1,Combined,0.34,1024,349,3,0.008595988538681949,675,379,0.9979475472486944,0.0
G1,Combined,0.35,1024,359,3,0.008356545961002786,665,369,0.9979332951647725,0.0
G1,Combined,0.36,1024,369,3,0.008130081300813009,655,359,0.9979893034258898,0.0
G1,Combined,0.37,1024,379,4,0.010554089709762533,645,350,0.9976711969669748,0.0
G1,Combined,0.38,1024,390,4,0.010256410256410256,634,339,0.9977368811550859,0.0
G1,Combined,0.39,1024,400,4,0.01,624,329,0.9976652539980034,0.0
G1,Combined,0.4,1024,410,4,0.00975609756097561,614,319,0.9976654775249949,0.0
G1,Combined,0.41,1024,420,4,0.009523809523809525,604,309,0.9977210613934474,0.0
G1,Combined,0.42,1024,431,6,0.013921113689095127,593,300,0.9974484726813929,0.0
G1,Combined,0.43,1024,441,6,0.013605442176870748,583,290,0.9974510237682039,0.0
G1,Combined,0.44,1024,451,6,0.013303769401330377,573,280,0.997396608009389,0.0
G1,Combined,0.45,1024,461,6,0.013015184381778741,563,270,0.9973472662135133,0.0
G1,Combined,0.46,1024,472,7,0.014830508474576272,552,260,0.9971966930039474,0.0
G1,Combined,0.47,1024,482,7,0.014522821576763486,542,250,0.9972042507343585,0.0
G1,Combined,0.48,1024,492,7,0.014227642276422764,532,240,0.9971594488901642,0.0
G1,Combined,0.49,1024,502,7,0.013944223107569721,522,230,0.9970652919497536,0.0
G1,Combined,0.5,1024,512,7,0.013671875,512,220,0.9971226104663599,0.0
G1,Combined,0.51,1024,523,8,0.015296367112810707,501,210,0.996842392792679,0.0
G1,Combined,0.52,1024,533,9,0.016885553470919325,491,201,0.9967547820374911,0.0
G1,Combined,0.53,1024,543,10,0.01841620626151013,481,192,0.9966678457090394,0.0
G1,Combined,0.54,1024,553,10,0.018083182640144666,471,182,0.9966376857504672,0.0
G1,Combined,0.55,1024,564,11,0.01950354609929078,460,172,0.996439356725384,0.0
G1,Combined,0.56,1024,574,11,0.01916376306620209,450,162,0.9963717346335725,0.0
G1,Combined,0.57,1024,584,12,0.02054794520547945,440,153,0.9962386851556584,0.0
G1,Combined,0.58,1024,594,13,0.021885521885521887,430,144,0.9960923400780511,0.0
G1,Combined,0.59,1024,605,14,0.023140495867768594,419,134,0.995982753179626,0.0
G1,Combined,0.6,1024,615,14,0.022764227642276424,409,124,0.9960084153329616,0.0
G1,Combined,0.61,1024,625,16,0.0256,399,116,0.9955776127161651,0.0
G1,Combined,0.62,1024,635,16,0.025196850393700787,389,106,0.9954127241550635,0.0
G1,Combined,0.63,1024,646,20,0.030959752321981424,378,99,0.9948613392157921,0.0
G1,Combined,0.64,1024,656,23,0.0350609756097561,368,92,0.9941649997734903,0.0
G1,Combined,0.65,1024,666,28,0.042042042042042045,358,87,0.9932991445908869,0.0
G1,Combined,0.66,1024,676,30,0.04437869822485207,348,79,0.9928849227000532,0.0
G1,Combined,0.67,1024,687,37,0.053857350800582245,337,75,0.9920264289528378,0.0
G1,Combined,0.68,1024,697,43,0.06169296987087518,327,71,0.9913367210918786,0.0
G1,Combined,0.69,1024,707,48,0.06789250353606789,317,66,0.9907331171594858,0.0
G1,Combined,0.7,1024,717,54,0.07531380753138076,307,62,0.989599712823603,0.0
G1,Combined,0.71,1024,728,61,0.08379120879120878,296,58,0.9883663211769215,0.004120879120879121
G1,Combined,0.72,1024,738,68,0.0921409214092141,286,55,0.9873743691853869,0.017615176151761516
G1,Combined,0.73,1024,748,75,0.10026737967914438,276,52,0.9861552761012955,0.03074866310160428
G1,Combined,0.74,1024,758,81,0.10686015831134564,266,48,0.985266800620735,0.04353562005277045
G1,Combined,0.75,1024,768,85,0.11067708333333333,256,42,0.9846249085711604,0.055989583333333336
G1,Combined,0.76,1024,779,89,0.11424903722721438,245,35,0.9843191208541342,0.0693196405648267
G1,Combined,0.77,1024,789,91,0.11533586818757921,235,27,0.9841027610845503,0.08111533586818757
G1,Combined,0.78,1024,799,93,0.11639549436795996,225,19,0.9839287253178182,0.09261576971214018
G1,Combined,0.79,1024,809,95,0.11742892459826947,215,11,0.9836709203213915,0.103831891223733
G1,Combined,0.8,1024,820,102,0.12439024390243902,204,7,0.9830121326938058,0.11585365853658537
G1,Combined,0.81,1024,830,108,0.13012048192771083,194,3,0.9820655920742422,0.12650602409638553
G1,Combined,0.82,1024,840,116,0.1380952380952381,184,1,0.9807218946566835,0.13690476190476192
G1,Combined,0.83,1024,850,126,0.14823529411764705,174,1,0.9788209478293711,0.14705882352941177
G1,Combined,0.84,1024,861,136,0.15795586527293845,163,0,0.9770527570328315,0.15795586527293845
G1,Combined,0.85,1024,871,146,0.16762342135476463,153,0,0.9750952506782999,0.16762342135476463
G1,Combined,0.86,1024,881,156,0.17707150964812712,143,0,0.9735054515198812,0.17707150964812712
G1,Combined,0.87,1024,891,166,0.186307519640853,133,0,0.9715826077264604,0.186307519640853
G1,Combined,0.88,1024,902,177,0.19623059866962306,122,0,0.9694161183419022,0.19623059866962306
G1,Combined,0.89,1024,912,187,0.2050438596491228,112,0,0.96812514927014,0.2050438596491228
G1,Combined,0.9,1024,922,197,0.21366594360086769,102,0,0.9661728414474725,0.21366594360086769
G1,Combined,0.91,1024,932,207,0.22210300429184548,92,0,0.9643207920836576,0.22210300429184548
G1,Combined,0.92,1024,943,218,0.23117709437963946,81,0,0.962377485980852,0.23117709437963946
G1,Combined,0.93,1024,953,228,0.23924449108079748,71,0,0.9606899240792507,0.23924449108079748
G1,Combined,0.94,1024,963,238,0.24714434060228452,61,0,0.958006719901437,0.24714434060228452
G1,Combined,0.95,1024,973,248,0.25488180883864336,51,0,0.9519029743383417,0.25488180883864336
G1,Combined,0.96,1024,984,259,0.2632113821138211,40,0,0.9454575187131404,0.2632113821138211
G1,Combined,0.97,1024,994,269,0.27062374245472837,30,0,0.9389295568542231,0.27062374245472837
G1,Combined,0.98,1024,1004,279,0.2778884462151394,20,0,0.9326314684428069,0.2778884462151394
G1,Combined,0.99,1024,1014,289,0.28500986193293887,10,0,0.9260448015910734,0.28500986193293887
G1,Combined,1.0,1024,1024,299,0.2919921875,0,0,0.9192905696309578,0.2919921875
G1,Agreement,0.25,1024,256,0,0.0,768,469,0.9998183139534884,0.0
G1,Agreement,0.26,1024,267,0,0.0,757,458,0.9998257991464159,0.0
G1,Agreement,0.27,1024,277,0,0.0,747,448,0.9998320879858954,0.0
G1,Agreement,0.28,1024,287,0,0.0,737,438,0.9997529551504898,0.0
G1,Agreement,0.29,1024,297,0,0.0,727,428,0.9997612731588907,0.0
G1,Agreement,0.3,1024,308,0,0.0,716,417,0.9997697991175019,0.0
G1,Agreement,0.31,1024,318,0,0.0,706,407,0.999777038138964,0.0
G1,Agreement,0.32,1024,328,0,0.0,696,397,0.9996386557334498,0.0
G1,Agreement,0.33,1024,338,0,0.0,686,387,0.9995084616359541,0.0
G1,Agreement,0.34,1024,349,0,0.0,675,376,0.9995239542491475,0.0
G1,Agreement,0.35,1024,359,0,0.0,665,366,0.9994657911067173,0.0
G1,Agreement,0.36,1024,369,0,0.0,655,356,0.9994802683124973,0.0
G1,Agreement,0.37,1024,379,1,0.002638522427440633,645,347,0.9992264035370956,0.0
G1,Agreement,0.38,1024,390,1,0.002564102564102564,634,336,0.9992482229245108,0.0
G1,Agreement,0.39,1024,400,1,0.0025,624,326,0.999267017351398,0.0
G1,Agreement,0.4,1024,410,1,0.0024390243902439024,614,316,0.999159816803115,0.0
G1,Agreement,0.41,1024,420,1,0.002380952380952381,604,306,0.9991798211649456,0.0
G1,Agreement,0.42,1024,431,2,0.004640371229698376,593,296,0.9988692987155916,0.0
G1,Agreement,0.43,1024,441,2,0.0045351473922902496,583,286,0.9987786523699275,0.0
G1,Agreement,0.44,1024,451,2,0.004434589800443459,573,276,0.9986948685036319,0.0
G1,Agreement,0.45,1024,461,2,0.004338394793926247,563,266,0.9987231793820781,0.0
G1,Agreement,0.46,1024,472,2,0.00423728813559322,552,255,0.9985410713880042,0.0
G1,Agreement,0.47,1024,482,2,0.004149377593360996,542,245,0.9984219427460923,0.0
G1,Agreement,0.48,1024,492,2,0.0040650406504065045,532,235,0.9983990840987591,0.0
G1,Agreement,0.49,1024,502,2,0.00398406374501992,522,225,0.9983356297384985,0.0
G1,Agreement,0.5,1024,512,3,0.005859375,512,216,0.9980903068640317,0.0
G1,Agreement,0.51,1024,523,4,0.0076481835564053535,501,206,0.9975874247817554,0.0
G1,Agreement,0.52,1024,533,8,0.0150093808630394,491,200,0.9968033784956961,0.0
G1,Agreement,0.53,1024,543,10,0.01841620626151013,481,192,0.9962338461908722,0.0
G1,Agreement,0.54,1024,553,13,0.023508137432188065,471,185,0.9956330668383531,0.0
G1,Agreement,0.55,1024,564,18,0.031914893617021274,460,179,0.9946541074170148,0.0
G1,Agreement,0.56,1024,574,22,0.03832752613240418,450,173,0.9939725935379701,0.0
G1,Agreement,0.57,1024,584,29,0.04965753424657534,440,170,0.991765603714759,0.0
G1,Agreement,0.58,1024,594,39,0.06565656565656566,430,170,0.9885912086626406,0.0
G1,Agreement,0.59,1024,605,49,0.08099173553719008,419,169,0.9858492831076712,0.0
G1,Agreement,0.6,1024,615,59,0.0959349593495935,409,169,0.9828295841222132,0.0
G1,Agreement,0.61,1024,625,69,0.1104,399,169,0.9802397710077138,0.0
G1,Agreement,0.62,1024,635,79,0.12440944881889764,389,169,0.9765115751422808,0.0
G1,Agreement,0.63,1024,646,90,0.1393188854489164,378,169,0.9718900316086344,0.0
G1,Agreement,0.64,1024,656,100,0.1524390243902439,368,169,0.9665409784075526,0.0
G1,Agreement,0.65,1024,666,110,0.16516516516516516,358,169,0.9635801598149418,0.0
G1,Agreement,0.66,1024,676,120,0.17751479289940827,348,169,0.9590756323503185,0.0
G1,Agreement,0.67,1024,687,131,0.19068413391557495,337,169,0.9531168175966045,0.0
G1,Agreement,0.68,1024,697,141,0.20229555236728838,327,169,0.9493910052214004,0.0
G1,Agreement,0.69,1024,707,150,0.21216407355021216,317,168,0.9439101139973276,0.0
G1,Agreement,0.7,1024,717,160,0.22315202231520223,307,168,0.9383178114354908,0.0
G1,Agreement,0.71,1024,728,170,0.23351648351648352,296,167,0.9326416196459275,0.004120879120879121
G1,Agreement,0.72,1024,738,179,0.24254742547425473,286,166,0.9274345965752445,0.017615176151761516
G1,Agreement,0.73,1024,748,188,0.25133689839572193,276,165,0.9223556002054405,0.03074866310160428
G1,Agreement,0.74,1024,758,197,0.2598944591029024,266,164,0.9177232228789279,0.04353562005277045
G1,Agreement,0.75,1024,768,204,0.265625,256,161,0.9153723649881241,0.055989583333333336
G1,Agreement,0.76,1024,779,207,0.26572528883183566,245,153,0.915279610610586,0.0693196405648267
G1,Agreement,0.77,1024,789,211,0.2674271229404309,235,147,0.9140564860184347,0.08111533586818757
G1,Agreement,0.78,1024,799,217,0.2715894868585732,225,143,0.9118068902426517,0.09261576971214018
G1,Agreement,0.79,1024,809,224,0.276885043263288,215,140,0.9111092045991868,0.103831891223733
G1,Agreement,0.8,1024,820,230,0.2804878048780488,204,135,0.911458137992023,0.11585365853658537
G1,Agreement,0.81,1024,830,235,0.28313253012048195,194,130,0.9100961448880079,0.12650602409638553
G1,Agreement,0.82,1024,840,235,0.27976190476190477,184,120,0.9111342538452613,0.13690476190476192
G1,Agreement,0.83,1024,850,237,0.2788235294117647,174,112,0.911885468413936,0.14705882352941177
G1,Agreement,0.84,1024,861,241,0.27990708478513354,163,105,0.9124088707120712,0.15795586527293845
G1,Agreement,0.85,1024,871,246,0.28243398392652125,153,100,0.9125581502681355,0.16762342135476463
G1,Agreement,0.86,1024,881,252,0.28603859250851305,143,96,0.9127996730746855,0.17707150964812712
G1,Agreement,0.87,1024,891,256,0.287317620650954,133,90,0.913091409606908,0.186307519640853
G1,Agreement,0.88,1024,902,257,0.28492239467849223,122,80,0.914092920599565,0.19623059866962306
G1,Agreement,0.89,1024,912,257,0.2817982456140351,112,70,0.9149756143933703,0.2050438596491228
G1,Agreement,0.9,1024,922,259,0.2809110629067245,102,62,0.9156529221506928,0.21366594360086769
G1,Agreement,0.91,1024,932,262,0.2811158798283262,92,55,0.9160785323823055,0.22210300429184548
G1,Agreement,0.92,1024,943,268,0.2841993637327678,81,50,0.9163918185549492,0.23117709437963946
G1,Agreement,0.93,1024,953,275,0.2885624344176285,71,47,0.916494020736184,0.23924449108079748
G1,Agreement,0.94,1024,963,280,0.29075804776739356,61,42,0.9165664526466403,0.24714434060228452
G1,Agreement,0.95,1024,973,283,0.2908530318602261,51,35,0.9169319179336232,0.25488180883864336
G1,Agreement,0.96,1024,984,286,0.29065040650406504,40,27,0.9174135305969506,0.2632113821138211
G1,Agreement,0.97,1024,994,287,0.2887323943661972,30,18,0.9179847940789606,0.27062374245472837
G1,Agreement,0.98,1024,1004,289,0.28784860557768926,20,10,0.9185518636188056,0.2778884462151394
G1,Agreement,0.99,1024,1014,294,0.28994082840236685,10,5,0.9189778360894624,0.28500986193293887
G1,Agreement,1.0,1024,1024,299,0.2919921875,0,0,0.9192905696309579,0.2919921875
G2,Global,0.25,1024,256,0,0.0,768,436,1.0,0.0
G2,Global,0.26,1024,267,0,0.0,757,425,1.0,0.0
G2,Global,0.27,1024,277,0,0.0,747,415,1.0,0.0
G2,Global,0.28,1024,287,0,0.0,737,405,1.0,0.0
G2,Global,0.29,1024,297,0,0.0,727,395,1.0,0.0
G2,Global,0.3,1024,308,0,0.0,716,384,1.0,0.0
G2,Global,0.31,1024,318,0,0.0,706,374,1.0,0.0
G2,Global,0.32,1024,328,0,0.0,696,364,0.9998475609756097,0.0
G2,Global,0.33,1024,338,0,0.0,686,354,0.9998520710059171,0.0
G2,Global,0.34,1024,349,0,0.0,675,343,0.9997134670487106,0.0
G2,Global,0.35,1024,359,2,0.005571030640668524,665,335,0.9993075799126198,0.0
G2,Global,0.36,1024,369,2,0.005420054200542005,655,325,0.9992602464626777,0.0
G2,Global,0.37,1024,379,2,0.005277044854881266,645,315,0.9992797650256677,0.0
G2,Global,0.38,1024,390,3,0.007692307692307693,634,305,0.9989734557918161,0.0
G2,Global,0.39,1024,400,3,0.0075,624,295,0.998870576219697,0.0
G2,Global,0.4,1024,410,3,0.007317073170731708,614,285,0.9988386347414057,0.0
G2,Global,0.41,1024,420,3,0.007142857142857143,604,275,0.9988662862951819,0.0
G2,Global,0.42,1024,431,3,0.0069605568445475635,593,264,0.9988412631787074,0.0
G2,Global,0.43,1024,441,3,0.006802721088435374,583,254,0.9988062526145032,0.0
G2,Global,0.44,1024,451,5,0.011086474501108648,573,246,0.9985157580697497,0.0
G2,Global,0.45,1024,461,5,0.010845986984815618,563,236,0.9984337068043146,0.0
G2,Global,0.46,1024,472,5,0.01059322033898305,552,225,0.9982633321587566,0.0
G2,Global,0.47,1024,482,5,0.01037344398340249,542,215,0.9982993626118944,0.0
G2,Global,0.48,1024,492,5,0.01016260162601626,532,205,0.9982789954307035,0.0
G2,Global,0.49,1024,502,6,0.01195219123505976,522,196,0.9982084346074875,0.0
G2,Global,0.5,1024,512,6,0.01171875,512,186,0.9980452844384489,0.0
G2,Global,0.51,1024,523,6,0.011472275334608031,501,175,0.9978458472612886,0.0
G2,Global,0.52,1024,533,6,0.01125703564727955,491,165,0.9976982745945957,0.0
G2,Global,0.53,1024,543,6,0.011049723756906077,481,155,0.9976100892948621,0.0
G2,Global,0.54,1024,553,6,0.0108499095840868,471,145,0.9974789366029826,0.0
G2,Global,0.55,1024,564,7,0.012411347517730497,460,135,0.9972059218963253,0.0
G2,Global,0.56,1024,574,7,0.012195121951219513,450,125,0.9970752422576288,0.0
G2,Global,0.57,1024,584,7,0.011986301369863013,440,115,0.9970372804536807,0.0
G2,Global,0.58,1024,594,7,0.011784511784511785,430,105,0.9969638244304535,0.0
G2,Global,0.59,1024,605,8,0.013223140495867768,419,95,0.9968230806314448,0.0
G2,Global,0.6,1024,615,9,0.014634146341463415,409,86,0.9965140658659823,0.0
G2,Global,0.61,1024,625,9,0.0144,399,76,0.9964503638763139,0.0
G2,Global,0.62,1024,635,10,0.015748031496062992,389,67,0.9961963511083602,0.0
G2,Global,0.63,1024,646,14,0.021671826625386997,378,60,0.9955604621231118,0.0
G2,Global,0.64,1024,656,19,0.028963414634146343,368,55,0.9949288342557112,0.0
G2,Global,0.65,1024,666,25,0.03753753753753754,358,51,0.9941777314505644,0.0
G2,Global,0.66,1024,676,29,0.042899408284023666,348,45,0.9936124429903572,0.0
G2,Global,0.67,1024,687,34,0.049490538573508006,337,39,0.9927507699771135,0.0
G2,Global,0.68,1024,697,40,0.05738880918220947,327,35,0.9920239357634684,0.007173601147776184
G2,Global,0.69,1024,707,44,0.06223479490806223,317,29,0.9913486633548052,0.021216407355021217
G2,Global,0.7,1024,717,48,0.06694560669456066,307,23,0.9905932445831767,0.03486750348675035
G2,Global,0.71,1024,728,55,0.07554945054945054,296,19,0.9897139731087438,0.04945054945054945
G2,Global,0.72,1024,738,62,0.08401084010840108,286,16,0.9888745350103701,0.06233062330623306
G2,Global,0.73,1024,748,70,0.09358288770053476,276,14,0.9877222819666106,0.0748663101604278
G2,Global,0.74,1024,758,76,0.10026385224274406,266,10,0.987155590552717,0.0870712401055409
G2,Global,0.75,1024,768,83,0.10807291666666667,256,7,0.986137110406741,0.09895833333333333
G2,Global,0.76,1024,779,92,0.11810012836970475,245,5,0.9848823194816592,0.1116816431322208
G2,Global,0.77,1024,789,102,0.12927756653992395,235,5,0.9836920549891103,0.1229404309252218
G2,Global,0.78,1024,799,111,0.13892365456821026,225,4,0.9824784119630862,0.13391739674593242
G2,Global,0.79,1024,809,120,0.14833127317676142,215,3,0.9812912624098453,0.1446229913473424
G2,Global,0.8,1024,820,130,0.15853658536585366,204,2,0.9798170453823085,0.15609756097560976
G2,Global,0.81,1024,830,139,0.1674698795180723,194,1,0.9785649467765202,0.16626506024096385
G2,Global,0.82,1024,840,149,0.1773809523809524,184,1,0.9770116351548663,0.1761904761904762
G2,Global,0.83,1024,850,159,0.18705882352941178,174,1,0.9753832581259223,0.18588235294117647
G2,Global,0.84,1024,861,170,0.19744483159117304,163,1,0.9733543996450729,0.19628339140534262
G2,Global,0.85,1024,871,180,0.2066590126291619,153,1,0.9713301170597657,0.20551090700344432
G2,Global,0.86,1024,881,190,0.21566401816118047,143,1,0.9695672992855099,0.21452894438138478
G2,Global,0.87,1024,891,200,0.2244668911335578,133,1,0.9679067623546098,0.22334455667789002
G2,Global,0.88,1024,902,210,0.2328159645232816,122,0,0.9660102956835539,0.2328159645232816
G2,Global,0.89,1024,912,220,0.2412280701754386,112,0,0.9645326953277216,0.2412280701754386
G2,Global,0.9,1024,922,230,0.24945770065075923,102,0,0.9629194711966941,0.24945770065075923
G2,Global,0.91,1024,932,240,0.2575107296137339,92,0,0.9614826460943635,0.2575107296137339
G2,Global,0.92,1024,943,251,0.26617179215270415,81,0,0.9596196038011346,0.26617179215270415
G2,Global,0.93,1024,953,261,0.2738719832109129,71,0,0.9576716438357048,0.2738719832109129
G2,Global,0.94,1024,963,271,0.2814122533748702,61,0,0.9556444727332842,0.2814122533748702
G2,Global,0.95,1024,973,281,0.28879753340184994,51,0,0.950934183160828,0.28879753340184994
G2,Global,0.96,1024,984,292,0.2967479674796748,40,0,0.945671481421853,0.2967479674796748
G2,Global,0.97,1024,994,302,0.3038229376257545,30,0,0.9408629118222399,0.3038229376257545
G2,Global,0.98,1024,1004,312,0.3107569721115538,20,0,0.9348916842430212,0.3107569721115538
G2,Global,0.99,1024,1014,322,0.3175542406311637,10,0,0.9289113019629333,0.3175542406311637
G2,Global,1.0,1024,1024,332,0.32421875,0,0,0.9242642219952523,0.32421875
G2,Event,0.25,1024,256,0,0.0,768,436,1.0,0.0
G2,Event,0.26,1024,267,0,0.0,757,425,1.0,0.0
G2,Event,0.27,1024,277,0,0.0,747,415,1.0,0.0
G2,Event,0.28,1024,287,0,0.0,737,405,1.0,0.0
G2,Event,0.29,1024,297,0,0.0,727,395,1.0,0.0
G2,Event,0.3,1024,308,0,0.0,716,384,1.0,0.0
G2,Event,0.31,1024,318,0,0.0,706,374,1.0,0.0
G2,Event,0.32,1024,328,0,0.0,696,364,1.0,0.0
G2,Event,0.33,1024,338,0,0.0,686,354,1.0,0.0
G2,Event,0.34,1024,349,0,0.0,675,343,1.0,0.0
G2,Event,0.35,1024,359,0,0.0,665,333,1.0,0.0
G2,Event,0.36,1024,369,0,0.0,655,323,1.0,0.0
G2,Event,0.37,1024,379,0,0.0,645,313,1.0,0.0
G2,Event,0.38,1024,390,0,0.0,634,302,1.0,0.0
G2,Event,0.39,1024,400,0,0.0,624,292,1.0,0.0
G2,Event,0.4,1024,410,0,0.0,614,282,1.0,0.0
G2,Event,0.41,1024,420,0,0.0,604,272,1.0,0.0
G2,Event,0.42,1024,431,0,0.0,593,261,1.0,0.0
G2,Event,0.43,1024,441,0,0.0,583,251,1.0,0.0
G2,Event,0.44,1024,451,0,0.0,573,241,1.0,0.0
G2,Event,0.45,1024,461,0,0.0,563,231,1.0,0.0
G2,Event,0.46,1024,472,0,0.0,552,220,1.0,0.0
G2,Event,0.47,1024,482,0,0.0,542,210,0.9998395188456923,0.0
G2,Event,0.48,1024,492,0,0.0,532,200,0.9998427806577718,0.0
G2,Event,0.49,1024,502,0,0.0,522,190,0.9997889973208213,0.0
G2,Event,0.5,1024,512,1,0.001953125,512,181,0.9994860312457492,0.0
G2,Event,0.51,1024,523,2,0.0038240917782026767,501,171,0.9992394205613383,0.0
G2,Event,0.52,1024,533,3,0.005628517823639775,491,162,0.9987743331392687,0.0
G2,Event,0.53,1024,543,3,0.0055248618784530384,481,152,0.9984705244520604,0.0
G2,Event,0.54,1024,553,3,0.0054249547920434,471,142,0.9982260654208931,0.0
G2,Event,0.55,1024,564,3,0.005319148936170213,460,131,0.9979163567773892,0.0
G2,Event,0.56,1024,574,3,0.005226480836236934,450,121,0.997869650112529,0.0
G2,Event,0.57,1024,584,4,0.00684931506849315,440,112,0.997613580660077,0.0
G2,Event,0.58,1024,594,7,0.011784511784511785,430,105,0.9970242195229907,0.0
G2,Event,0.59,1024,605,9,0.01487603305785124,419,96,0.9965829749605651,0.0
G2,Event,0.6,1024,615,9,0.014634146341463415,409,86,0.9964455044429712,0.0
G2,Event,0.61,1024,625,11,0.0176,399,78,0.9961817110912184,0.0
G2,Event,0.62,1024,635,11,0.01732283464566929,389,68,0.9961205392204481,0.0
G2,Event,0.63,1024,646,13,0.020123839009287926,378,59,0.995673085287975,0.0
G2,Event,0.64,1024,656,15,0.022865853658536585,368,51,0.9953173902435698,0.0
G2,Event,0.65,1024,666,17,0.025525525525525526,358,43,0.9947948310832475,0.0
G2,Event,0.66,1024,676,20,0.029585798816568046,348,36,0.994314284084734,0.0
G2,Event,0.67,1024,687,26,0.03784570596797671,337,31,0.9936292122668567,0.0
G2,Event,0.68,1024,697,33,0.047345767575322814,327,28,0.9927993745643257,0.007173601147776184
G2,Event,0.69,1024,707,37,0.05233380480905234,317,22,0.9920869605528564,0.021216407355021217
G2,Event,0.7,1024,717,42,0.058577405857740586,307,17,0.991368188730212,0.03486750348675035
G2,Event,0.71,1024,728,49,0.0673076923076923,296,13,0.9904028773450979,0.04945054945054945
G2,Event,0.72,1024,738,56,0.07588075880758807,286,10,0.9894636472703932,0.06233062330623306
G2,Event,0.73,1024,748,63,0.08422459893048129,276,7,0.9883958276098131,0.0748663101604278
G2,Event,0.74,1024,758,72,0.09498680738786279,266,6,0.9869133782723573,0.0870712401055409
G2,Event,0.75,1024,768,82,0.10677083333333333,256,6,0.9855105890348913,0.09895833333333333
G2,Event,0.76,1024,779,92,0.11810012836970475,245,5,0.9836757774858981,0.1116816431322208
G2,Event,0.77,1024,789,102,0.12927756653992395,235,5,0.9819055991337456,0.1229404309252218
G2,Event,0.78,1024,799,112,0.14017521902377972,225,5,0.9801828545892881,0.13391739674593242
G2,Event,0.79,1024,809,121,0.14956736711990112,215,4,0.9781338788440931,0.1446229913473424
G2,Event,0.8,1024,820,132,0.16097560975609757,204,4,0.9760982175129911,0.15609756097560976
G2,Event,0.81,1024,830,141,0.16987951807228915,194,3,0.9749407082124928,0.16626506024096385
G2,Event,0.82,1024,840,151,0.17976190476190476,184,3,0.9735497239113475,0.1761904761904762
G2,Event,0.83,1024,850,161,0.18941176470588236,174,3,0.9712651528895498,0.18588235294117647
G2,Event,0.84,1024,861,171,0.1986062717770035,163,2,0.967569869145642,0.19628339140534262
G2,Event,0.85,1024,871,181,0.20780711825487944,153,2,0.9654273397154235,0.20551090700344432
G2,Event,0.86,1024,881,190,0.21566401816118047,143,1,0.9638602559139512,0.21452894438138478
G2,Event,0.87,1024,891,200,0.2244668911335578,133,1,0.9615627621065492,0.22334455667789002
G2,Event,0.88,1024,902,211,0.23392461197339245,122,1,0.9579444948278139,0.2328159645232816
G2,Event,0.89,1024,912,221,0.24232456140350878,112,1,0.9565485279264454,0.2412280701754386
G2,Event,0.9,1024,922,231,0.25054229934924077,102,1,0.9545354468271521,0.24945770065075923
G2,Event,0.91,1024,932,241,0.25858369098712447,92,1,0.9528738461526329,0.2575107296137339
G2,Event,0.92,1024,943,252,0.2672322375397667,81,1,0.9503988953706303,0.26617179215270415
G2,Event,0.93,1024,953,262,0.27492130115424973,71,1,0.9474451092892124,0.2738719832109129
G2,Event,0.94,1024,963,272,0.2824506749740395,61,1,0.9449744906424354,0.2814122533748702
G2,Event,0.95,1024,973,282,0.289825282631038,51,1,0.9426819074701255,0.28879753340184994
G2,Event,0.96,1024,984,293,0.29776422764227645,40,1,0.9397732559544907,0.2967479674796748
G2,Event,0.97,1024,994,303,0.30482897384305835,30,1,0.936268285031308,0.3038229376257545
G2,Event,0.98,1024,1004,313,0.31175298804780877,20,1,0.9335736537004012,0.3107569721115538
G2,Event,0.99,1024,1014,322,0.3175542406311637,10,0,0.9293898409291305,0.3175542406311637
G2,Event,1.0,1024,1024,332,0.32421875,0,0,0.9242642219952523,0.32421875
G2,Combined,0.25,1024,256,0,0.0,768,436,1.0,0.0
G2,Combined,0.26,1024,267,0,0.0,757,425,1.0,0.0
G2,Combined,0.27,1024,277,0,0.0,747,415,1.0,0.0
G2,Combined,0.28,1024,287,0,0.0,737,405,1.0,0.0
G2,Combined,0.29,1024,297,0,0.0,727,395,1.0,0.0
G2,Combined,0.3,1024,308,0,0.0,716,384,1.0,0.0
G2,Combined,0.31,1024,318,0,0.0,706,374,1.0,0.0
G2,Combined,0.32,1024,328,0,0.0,696,364,1.0,0.0
G2,Combined,0.33,1024,338,0,0.0,686,354,1.0,0.0
G2,Combined,0.34,1024,349,0,0.0,675,343,1.0,0.0
G2,Combined,0.35,1024,359,0,0.0,665,333,1.0,0.0
G2,Combined,0.36,1024,369,0,0.0,655,323,1.0,0.0
G2,Combined,0.37,1024,379,0,0.0,645,313,1.0,0.0
G2,Combined,0.38,1024,390,0,0.0,634,302,1.0,0.0
G2,Combined,0.39,1024,400,0,0.0,624,292,1.0,0.0
G2,Combined,0.4,1024,410,0,0.0,614,282,1.0,0.0
G2,Combined,0.41,1024,420,0,0.0,604,272,1.0,0.0
G2,Combined,0.42,1024,431,1,0.002320185614849188,593,262,0.9998115939500724,0.0
G2,Combined,0.43,1024,441,1,0.0022675736961451248,583,252,0.9998158661961025,0.0
G2,Combined,0.44,1024,451,1,0.0022172949002217295,573,242,0.9997600220963507,0.0
G2,Combined,0.45,1024,461,1,0.0021691973969631237,563,232,0.9997652276907899,0.0
G2,Combined,0.46,1024,472,1,0.00211864406779661,552,221,0.9997134384288712,0.0
G2,Combined,0.47,1024,482,2,0.004149377593360996,542,212,0.9995480505307979,0.0
G2,Combined,0.48,1024,492,4,0.008130081300813009,532,204,0.999024750803302,0.0
G2,Combined,0.49,1024,502,4,0.00796812749003984,522,194,0.9990441780781366,0.0
G2,Combined,0.5,1024,512,4,0.0078125,512,184,0.9988647658677638,0.0
G2,Combined,0.51,1024,523,4,0.0076481835564053535,501,173,0.998653074805056,0.0
G2,Combined,0.52,1024,533,4,0.0075046904315197,491,163,0.9984906695187635,0.0
G2,Combined,0.53,1024,543,4,0.007366482504604052,481,153,0.9981133653657449,0.0
G2,Combined,0.54,1024,553,4,0.007233273056057866,471,143,0.9980096562516675,0.0
G2,Combined,0.55,1024,564,4,0.0070921985815602835,460,132,0.9979207510734287,0.0
G2,Combined,0.56,1024,574,4,0.006968641114982578,450,122,0.9977870080658607,0.0
G2,Combined,0.57,1024,584,4,0.00684931506849315,440,112,0.9977388010082594,0.0
G2,Combined,0.58,1024,594,4,0.006734006734006734,430,102,0.9976040264918442,0.0
G2,Combined,0.59,1024,605,5,0.008264462809917356,419,92,0.9973284912575174,0.0
G2,Combined,0.6,1024,615,6,0.00975609756097561,409,83,0.9970844207207836,0.0
G2,Combined,0.61,1024,625,7,0.0112,399,74,0.9967382252288509,0.0
G2,Combined,0.62,1024,635,9,0.014173228346456693,389,66,0.996487178273868,0.0
G2,Combined,0.63,1024,646,11,0.017027863777089782,378,57,0.9960396238581982,0.0
G2,Combined,0.64,1024,656,14,0.021341463414634148,368,50,0.9955727331547234,0.0
G2,Combined,0.65,1024,666,17,0.025525525525525526,358,43,0.9949599477915764,0.0
G2,Combined,0.66,1024,676,17,0.02514792899408284,348,33,0.99458424971199,0.0
G2,Combined,0.67,1024,687,24,0.034934497816593885,337,29,0.9937422269399637,0.0
G2,Combined,0.68,1024,697,27,0.03873744619799139,327,22,0.9931961116758643,0.007173601147776184
G2,Combined,0.69,1024,707,33,0.04667609618104668,317,18,0.9923122989843739,0.021216407355021217
G2,Combined,0.7,1024,717,42,0.058577405857740586,307,17,0.991379881399313,0.03486750348675035
G2,Combined,0.71,1024,728,51,0.07005494505494506,296,15,0.9902927465816275,0.04945054945054945
G2,Combined,0.72,1024,738,55,0.07452574525745258,286,9,0.9896403562189281,0.06233062330623306
G2,Combined,0.73,1024,748,63,0.08422459893048129,276,7,0.988719500632458,0.0748663101604278
G2,Combined,0.74,1024,758,72,0.09498680738786279,266,6,0.9876965008650944,0.0870712401055409
G2,Combined,0.75,1024,768,80,0.10416666666666667,256,4,0.9867125631417627,0.09895833333333333
G2,Combined,0.76,1024,779,91,0.11681643132220795,245,4,0.9853524096555059,0.1116816431322208
G2,Combined,0.77,1024,789,100,0.1267427122940431,235,3,0.9843172924853888,0.1229404309252218
G2,Combined,0.78,1024,799,109,0.13642052565707133,225,2,0.9828645023448827,0.13391739674593242
G2,Combined,0.79,1024,809,118,0.14585908529048208,215,1,0.9814308633628469,0.1446229913473424
G2,Combined,0.8,1024,820,129,0.1573170731707317,204,1,0.9799182136740352,0.15609756097560976
G2,Combined,0.81,1024,830,139,0.1674698795180723,194,1,0.9780749257260731,0.16626506024096385
G2,Combined,0.82,1024,840,149,0.1773809523809524,184,1,0.9766951829059678,0.1761904761904762
G2,Combined,0.83,1024,850,159,0.18705882352941178,174,1,0.9750590700450654,0.18588235294117647
G2,Combined,0.84,1024,861,170,0.19744483159117304,163,1,0.9734202331594186,0.19628339140534262
G2,Combined,0.85,1024,871,180,0.2066590126291619,153,1,0.971642061383959,0.20551090700344432
G2,Combined,0.86,1024,881,190,0.21566401816118047,143,1,0.9696919684351426,0.21452894438138478
G2,Combined,0.87,1024,891,200,0.2244668911335578,133,1,0.9678595153377008,0.22334455667789002
G2,Combined,0.88,1024,902,211,0.23392461197339245,122,1,0.9663434024766001,0.2328159645232816
G2,Combined,0.89,1024,912,221,0.24232456140350878,112,1,0.9649550871929867,0.2412280701754386
G2,Combined,0.9,1024,922,231,0.25054229934924077,102,1,0.9633446072001537,0.24945770065075923
G2,Combined,0.91,1024,932,241,0.25858369098712447,92,1,0.9615394030482171,0.2575107296137339
G2,Combined,0.92,1024,943,252,0.2672322375397667,81,1,0.9596591069726806,0.26617179215270415
G2,Combined,0.93,1024,953,262,0.27492130115424973,71,1,0.9577884912019003,0.2738719832109129
G2,Combined,0.94,1024,963,271,0.2814122533748702,61,0,0.9547757199237717,0.2814122533748702
G2,Combined,0.95,1024,973,281,0.28879753340184994,51,0,0.9499773697722319,0.28879753340184994
G2,Combined,0.96,1024,984,292,0.2967479674796748,40,0,0.9446153082652456,0.2967479674796748
G2,Combined,0.97,1024,994,302,0.3038229376257545,30,0,0.9384603255015137,0.3038229376257545
G2,Combined,0.98,1024,1004,312,0.3107569721115538,20,0,0.9332940086337456,0.3107569721115538
G2,Combined,0.99,1024,1014,322,0.3175542406311637,10,0,0.9286437029085471,0.3175542406311637
G2,Combined,1.0,1024,1024,332,0.32421875,0,0,0.9242642219952523,0.32421875
G2,Agreement,0.25,1024,256,2,0.0078125,768,438,0.9994549418604651,0.0
G2,Agreement,0.26,1024,267,2,0.00749063670411985,757,427,0.9994773974392476,0.0
G2,Agreement,0.27,1024,277,2,0.007220216606498195,747,417,0.9994036970781157,0.0
G2,Agreement,0.28,1024,287,2,0.006968641114982578,737,407,0.9994244741834079,0.0
G2,Agreement,0.29,1024,297,3,0.010101010101010102,727,398,0.9991848518980302,0.0
G2,Agreement,0.3,1024,308,4,0.012987012987012988,716,388,0.9988532139694931,0.0
G2,Agreement,0.31,1024,318,4,0.012578616352201259,706,378,0.9988892764232826,0.0
G2,Agreement,0.32,1024,328,5,0.01524390243902439,696,369,0.9983914623740897,0.0
G2,Agreement,0.33,1024,338,8,0.023668639053254437,686,362,0.9977978942518866,0.0
G2,Agreement,0.34,1024,349,8,0.022922636103151862,675,351,0.9978673015963829,0.0
G2,Agreement,0.35,1024,359,9,0.025069637883008356,665,342,0.9975304714284,0.0
G2,Agreement,0.36,1024,369,10,0.02710027100271003,655,333,0.9972257660871324,0.0
G2,Agreement,0.37,1024,379,10,0.026385224274406333,645,323,0.9972989648711131,0.0
G2,Agreement,0.38,1024,390,10,0.02564102564102564,634,312,0.9972530477911097,0.0
G2,Agreement,0.39,1024,400,11,0.0275,624,303,0.9970044139040243,0.0
G2,Agreement,0.4,1024,410,12,0.02926829268292683,614,294,0.9968653879021234,0.0
G2,Agreement,0.41,1024,420,13,0.030952380952380953,604,285,0.9966578931682835,0.0
G2,Agreement,0.42,1024,431,15,0.03480278422273782,593,276,0.9962314446356677,0.0
G2,Agreement,0.43,1024,441,16,0.036281179138321996,583,267,0.995806846854965,0.0
G2,Agreement,0.44,1024,451,17,0.037694013303769404,573,258,0.9954175526508567,0.0
G2,Agreement,0.45,1024,461,17,0.0368763557483731,563,248,0.9953000352397752,0.0
G2,Agreement,0.46,1024,472,18,0.038135593220338986,552,238,0.9947453100058671,0.0
G2,Agreement,0.47,1024,482,19,0.03941908713692946,542,229,0.9946037272685538,0.0
G2,Agreement,0.48,1024,492,21,0.042682926829268296,532,221,0.9941834200471074,0.0
G2,Agreement,0.49,1024,502,22,0.043824701195219126,522,212,0.9939762559781169,0.0
G2,Agreement,0.5,1024,512,25,0.048828125,512,205,0.9935048035684633,0.0
G2,Agreement,0.51,1024,523,26,0.0497131931166348,501,195,0.9930829750191008,0.0
G2,Agreement,0.52,1024,533,30,0.05628517823639775,491,189,0.9922744992497547,0.0
G2,Agreement,0.53,1024,543,35,0.06445672191528545,481,184,0.9913256171874639,0.0
G2,Agreement,0.54,1024,553,35,0.06329113924050633,471,174,0.9914824776361538,0.0
G2,Agreement,0.55,1024,564,36,0.06382978723404255,460,164,0.9914944212961947,0.0
G2,Agreement,0.56,1024,574,40,0.06968641114982578,450,158,0.9905977780727593,0.0
G2,Agreement,0.57,1024,584,45,0.07705479452054795,440,153,0.9892683433906099,0.0
G2,Agreement,0.58,1024,594,52,0.08754208754208755,430,150,0.9873207177492801,0.0
G2,Agreement,0.59,1024,605,60,0.09917355371900827,419,147,0.9853275246010447,0.0
G2,Agreement,0.6,1024,615,69,0.11219512195121951,409,146,0.9807130806497043,0.0
G2,Agreement,0.61,1024,625,78,0.1248,399,145,0.9743154828019629,0.0
G2,Agreement,0.62,1024,635,85,0.13385826771653545,389,142,0.9700332958529185,0.0
G2,Agreement,0.63,1024,646,95,0.14705882352941177,378,141,0.9649074175677331,0.0
G2,Agreement,0.64,1024,656,104,0.15853658536585366,368,140,0.9605381188155102,0.0
G2,Agreement,0.65,1024,666,112,0.16816816816816818,358,138,0.9566304323125807,0.0
G2,Agreement,0.66,1024,676,120,0.17751479289940827,348,136,0.953856872290917,0.0
G2,Agreement,0.67,1024,687,129,0.18777292576419213,337,134,0.9482329567001482,0.0
G2,Agreement,0.68,1024,697,136,0.1951219512195122,327,131,0.944807890391437,0.007173601147776184
G2,Agreement,0.69,1024,707,146,0.2065063649222065,317,131,0.9397068082758661,0.021216407355021217
G2,Agreement,0.7,1024,717,153,0.21338912133891214,307,128,0.9383728468070577,0.03486750348675035
G2,Agreement,0.71,1024,728,162,0.22252747252747251,296,126,0.9354265125067407,0.04945054945054945
G2,Agreement,0.72,1024,738,167,0.22628726287262874,286,121,0.9335288066439051,0.06233062330623306
G2,Agreement,0.73,1024,748,173,0.23128342245989306,276,117,0.9325994957195769,0.0748663101604278
G2,Agreement,0.74,1024,758,181,0.23878627968337732,266,115,0.9303281809120951,0.0870712401055409
G2,Agreement,0.75,1024,768,188,0.24479166666666666,256,112,0.9284851765714657,0.09895833333333333
G2,Agreement,0.76,1024,779,195,0.2503209242618742,245,108,0.9280809461870569,0.1116816431322208
G2,Agreement,0.77,1024,789,201,0.25475285171102663,235,104,0.926586214016993,0.1229404309252218
G2,Agreement,0.78,1024,799,209,0.2615769712140175,225,102,0.9253385917102159,0.13391739674593242
G2,Agreement,0.79,1024,809,215,0.2657601977750309,215,98,0.9251127641146845,0.1446229913473424
G2,Agreement,0.8,1024,820,222,0.2707317073170732,204,94,0.9243399941097937,0.15609756097560976
G2,Agreement,0.81,1024,830,224,0.26987951807228916,194,86,0.9246951298300713,0.16626506024096385
G2,Agreement,0.82,1024,840,227,0.2702380952380952,184,79,0.9250972798228615,0.1761904761904762
G2,Agreement,0.83,1024,850,233,0.2741176470588235,174,75,0.9248346806986698,0.18588235294117647
G2,Agreement,0.84,1024,861,238,0.2764227642276423,163,69,0.924930419510243,0.19628339140534262
G2,Agreement,0.85,1024,871,242,0.27784156142365096,153,63,0.9250412095239678,0.20551090700344432
G2,Agreement,0.86,1024,881,245,0.27809307604994327,143,56,0.9250960985366228,0.21452894438138478
G2,Agreement,0.87,1024,891,254,0.2850729517396184,133,55,0.9248692077706532,0.22334455667789002
G2,Agreement,0.88,1024,902,263,0.2915742793791574,122,53,0.9246459831238529,0.2328159645232816
G2,Agreement,0.89,1024,912,273,0.2993421052631579,112,53,0.9238438024894531,0.2412280701754386
G2,Agreement,0.9,1024,922,281,0.3047722342733189,102,51,0.9234895476452617,0.24945770065075923
G2,Agreement,0.91,1024,932,289,0.31008583690987124,92,49,0.9232515725329333,0.2575107296137339
G2,Agreement,0.92,1024,943,294,0.3117709437963945,81,43,0.923260159832228,0.26617179215270415
G2,Agreement,0.93,1024,953,300,0.3147953830010493,71,39,0.923441939118504,0.2738719832109129
G2,Agreement,0.94,1024,963,307,0.31879543094496365,61,36,0.9235026991299639,0.2814122533748702
G2,Agreement,0.95,1024,973,312,0.32065775950668035,51,31,0.9234239467190698,0.28879753340184994
G2,Agreement,0.96,1024,984,316,0.32113821138211385,40,24,0.9236981742516424,0.2967479674796748
G2,Agreement,0.97,1024,994,319,0.3209255533199195,30,17,0.9239911601005631,0.3038229376257545
G2,Agreement,0.98,1024,1004,324,0.32270916334661354,20,12,0.9238310096865615,0.3107569721115538
G2,Agreement,0.99,1024,1014,325,0.32051282051282054,10,3,0.9243061067833854,0.3175542406311637
G2,Agreement,1.0,1024,1024,332,0.32421875,0,0,0.9242642219952523,0.32421875
G3,Global,0.25,1024,256,0,0.0,768,602,0.9999091569767442,0.0
G3,Global,0.26,1024,267,0,0.0,757,591,0.999912899573208,0.0
G3,Global,0.27,1024,277,0,0.0,747,581,0.9999160439929478,0.0
G3,Global,0.28,1024,287,0,0.0,737,571,0.9999189692893606,0.0
G3,Global,0.29,1024,297,0,0.0,727,561,0.9999216975961163,0.0
G3,Global,0.3,1024,308,0,0.0,716,550,0.9999244941105406,0.0
G3,Global,0.31,1024,318,0,0.0,706,540,0.9999268685095802,0.0
G3,Global,0.32,1024,328,0,0.0,696,530,0.9999290981281906,0.0
G3,Global,0.33,1024,338,0,0.0,686,520,0.9999311958167056,0.0
G3,Global,0.34,1024,349,0,0.0,675,509,0.9999333644299327,0.0
G3,Global,0.35,1024,359,0,0.0,665,499,0.9999352205739457,0.0
G3,Global,0.36,1024,369,0,0.0,655,489,0.9999369761139472,0.0
G3,Global,0.37,1024,379,0,0.0,645,479,0.9999386390133154,0.0
G3,Global,0.38,1024,390,0,0.0,634,468,0.9999403697078115,0.0
G3,Global,0.39,1024,400,0,0.0,624,458,0.9999418604651162,0.0
G3,Global,0.4,1024,410,0,0.0,614,448,0.9999432785025525,0.0
G3,Global,0.41,1024,420,0,0.0,604,438,0.9999446290143965,0.0
G3,Global,0.42,1024,431,0,0.0,593,427,0.9998833344756832,0.0
G3,Global,0.43,1024,441,0,0.0,583,417,0.9998859799524251,0.0
G3,Global,0.44,1024,451,0,0.0,573,407,0.9998885081131252,0.0
G3,Global,0.45,1024,461,0,0.0,563,397,0.9998909265922331,0.0
G3,Global,0.46,1024,472,0,0.0,552,386,0.9998417943116887,0.0
G3,Global,0.47,1024,482,0,0.0,542,376,0.9998450765873798,0.0
G3,Global,0.48,1024,492,0,0.0,532,366,0.9998482254372298,0.0
G3,Global,0.49,1024,502,0,0.0,522,356,0.9998512488348944,0.0
G3,Global,0.5,1024,512,0,0.0,512,346,0.999854154131088,0.0
G3,Global,0.51,1024,523,0,0.0,501,335,0.999857221635023,0.0
G3,Global,0.52,1024,533,0,0.0,491,325,0.9998599004035966,0.0
G3,Global,0.53,1024,543,0,0.0,481,315,0.9998624805066612,0.0
G3,Global,0.54,1024,553,0,0.0,471,305,0.9998649672967758,0.0
G3,Global,0.55,1024,564,0,0.0,460,294,0.9998263672006446,0.0
G3,Global,0.56,1024,574,0,0.0,450,284,0.9998293921623058,0.0
G3,Global,0.57,1024,584,0,0.0,440,274,0.9997544401797737,0.0
G3,Global,0.58,1024,594,0,0.0,430,264,0.9997194229815393,0.0
G3,Global,0.59,1024,605,0,0.0,419,253,0.9995990303874591,0.0
G3,Global,0.6,1024,615,0,0.0,409,243,0.9996055502185573,0.0
G3,Global,0.61,1024,625,0,0.0,399,233,0.9995314088694917,0.0
G3,Global,0.62,1024,635,1,0.0015748031496062992,389,224,0.9993696814887431,0.0
G3,Global,0.63,1024,646,1,0.0015479876160990713,378,213,0.9993001865368839,0.0
G3,Global,0.64,1024,656,1,0.001524390243902439,368,203,0.9991612772937567,0.0
G3,Global,0.65,1024,666,2,0.003003003003003003,358,194,0.9989318507867971,0.0
G3,Global,0.66,1024,676,2,0.0029585798816568047,348,184,0.9988654055745685,0.0
G3,Global,0.67,1024,687,3,0.004366812227074236,337,174,0.9985900551225636,0.0
G3,Global,0.68,1024,697,5,0.007173601147776184,327,166,0.9981980477355273,0.0
G3,Global,0.69,1024,707,9,0.01272984441301273,317,160,0.9976378351986984,0.0
G3,Global,0.7,1024,717,12,0.016736401673640166,307,153,0.997200212353396,0.0
G3,Global,0.71,1024,728,20,0.027472527472527472,296,150,0.9961439356880825,0.0
G3,Global,0.72,1024,738,25,0.03387533875338753,286,145,0.9953257408751777,0.0
G3,Global,0.73,1024,748,30,0.040106951871657755,276,140,0.9947163101156107,0.0
G3,Global,0.74,1024,758,35,0.04617414248021108,266,135,0.9941318814365219,0.0
G3,Global,0.75,1024,768,41,0.053385416666666664,256,131,0.9933750297722183,0.0
G3,Global,0.76,1024,779,47,0.06033376123234917,245,126,0.9927048293398818,0.0
G3,Global,0.77,1024,789,49,0.062103929024081114,235,118,0.9925285219818881,0.0
G3,Global,0.78,1024,799,53,0.06633291614518148,225,112,0.9921873082670749,0.0
G3,Global,0.79,1024,809,53,0.06551297898640297,215,102,0.9922551341056111,0.0
G3,Global,0.8,1024,820,55,0.06707317073170732,204,93,0.9920669895869142,0.0
G3,Global,0.81,1024,830,56,0.06746987951807229,194,84,0.991941117924658,0.0
G3,Global,0.82,1024,840,56,0.06666666666666667,184,74,0.9920030433915412,0.0
G3,Global,0.83,1024,850,59,0.06941176470588235,174,67,0.9917390553712798,0.0
G3,Global,0.84,1024,861,60,0.06968641114982578,163,57,0.9916114430810108,0.003484320557491289
G3,Global,0.85,1024,871,62,0.0711825487944891,153,49,0.9912948131613258,0.014925373134328358
G3,Global,0.86,1024,881,63,0.07150964812712826,143,40,0.9911629565951162,0.026106696935300794
G3,Global,0.87,1024,891,65,0.07295173961840629,133,32,0.9908789959808282,0.037037037037037035
G3,Global,0.88,1024,902,69,0.07649667405764966,122,25,0.9903729391560914,0.04878048780487805
G3,Global,0.89,1024,912,73,0.0800438596491228,112,19,0.9899432141781501,0.05921052631578947
G3,Global,0.9,1024,922,81,0.0878524945770065,102,17,0.9892687664516061,0.06941431670281996
G3,Global,0.91,1024,932,88,0.0944206008583691,92,14,0.9885326494805677,0.07939914163090128
G3,Global,0.92,1024,943,95,0.1007423117709438,81,10,0.9877178880430115,0.09013785790031813
G3,Global,0.93,1024,953,101,0.10598111227701994,71,6,0.987002182988167,0.09968520461699895
G3,Global,0.94,1024,963,107,0.1111111111111111,61,2,0.9856054077731873,0.10903426791277258
G3,Global,0.95,1024,973,116,0.11921891058581706,51,1,0.9840972901003402,0.11819116135662898
G3,Global,0.96,1024,984,126,0.12804878048780488,40,0,0.9817192730202667,0.12804878048780488
G3,Global,0.97,1024,994,136,0.13682092555331993,30,0,0.9789769772514193,0.13682092555331993
G3,Global,0.98,1024,1004,146,0.1454183266932271,20,0,0.9772354192944835,0.1454183266932271
G3,Global,0.99,1024,1014,156,0.15384615384615385,10,0,0.9748868889353729,0.15384615384615385
G3,Global,1.0,1024,1024,166,0.162109375,0,0,0.9728320311845646,0.162109375
G3,Event,0.25,1024,256,0,0.0,768,602,1.0,0.0
G3,Event,0.26,1024,267,0,0.0,757,591,1.0,0.0
G3,Event,0.27,1024,277,0,0.0,747,581,1.0,0.0
G3,Event,0.28,1024,287,0,0.0,737,571,1.0,0.0
G3,Event,0.29,1024,297,0,0.0,727,561,1.0,0.0
G3,Event,0.3,1024,308,0,0.0,716,550,1.0,0.0
G3,Event,0.31,1024,318,0,0.0,706,540,1.0,0.0
G3,Event,0.32,1024,328,0,0.0,696,530,0.9999256395002976,0.0
G3,Event,0.33,1024,338,0,0.0,686,520,0.9999278395150816,0.0
G3,Event,0.34,1024,349,0,0.0,675,509,0.9999301139143197,0.0
G3,Event,0.35,1024,359,0,0.0,665,499,0.9999320606019432,0.0
G3,Event,0.36,1024,369,0,0.0,655,489,0.9999339017780422,0.0
G3,Event,0.37,1024,379,0,0.0,645,479,0.9999356457944527,0.0
G3,Event,0.38,1024,390,0,0.0,634,468,0.9999374609130707,0.0
G3,Event,0.39,1024,400,0,0.0,624,458,0.999939024390244,0.0
G3,Event,0.4,1024,410,0,0.0,614,448,0.999940511600238,0.0
G3,Event,0.41,1024,420,0,0.0,604,438,0.9999419279907086,0.0
G3,Event,0.42,1024,431,0,0.0,593,427,0.999943410106955,0.0
G3,Event,0.43,1024,441,0,0.0,583,417,0.9999446933244843,0.0
G3,Event,0.44,1024,451,0,0.0,573,407,0.99994591963658,0.0
G3,Event,0.45,1024,461,0,0.0,563,397,0.9999470927464156,0.0
G3,Event,0.46,1024,472,0,0.0,552,386,0.9998910651039629,0.0
G3,Event,0.47,1024,482,0,0.0,542,376,0.9998933251640467,0.0
G3,Event,0.48,1024,492,0,0.0,532,366,0.9998954933517693,0.0
G3,Event,0.49,1024,502,0,0.0,522,356,0.999897575157511,0.0
G3,Event,0.5,1024,512,0,0.0,512,346,0.9998541541310879,0.0
G3,Event,0.51,1024,523,0,0.0,501,335,0.999857221635023,0.0
G3,Event,0.52,1024,533,0,0.0,491,325,0.9998599004035966,0.0
G3,Event,0.53,1024,543,0,0.0,481,315,0.9998624805066612,0.0
G3,Event,0.54,1024,553,0,0.0,471,305,0.9998649672967758,0.0
G3,Event,0.55,1024,564,0,0.0,460,294,0.999867600913328,0.0
G3,Event,0.56,1024,574,0,0.0,450,284,0.9998699075176255,0.0
G3,Event,0.57,1024,584,0,0.0,440,274,0.999872135128625,0.0
G3,Event,0.58,1024,594,0,0.0,430,264,0.9998742877358873,0.0
G3,Event,0.59,1024,605,0,0.0,419,253,0.9998765734134165,0.0
G3,Event,0.6,1024,615,0,0.0,409,243,0.9998785803497837,0.0
G3,Event,0.61,1024,625,0,0.0,399,233,0.9998805230641872,0.0
G3,Event,0.62,1024,635,0,0.0,389,223,0.9997582246386851,0.0
G3,Event,0.63,1024,646,0,0.0,378,212,0.9997245857610877,0.0
G3,Event,0.64,1024,656,0,0.0,368,202,0.999728784148876,0.0
G3,Event,0.65,1024,666,0,0.0,358,192,0.9997328564589529,0.0
G3,Event,0.66,1024,676,0,0.0,348,182,0.99969887777518,0.0
G3,Event,0.67,1024,687,0,0.0,337,171,0.9996320118293631,0.0
G3,Event,0.68,1024,697,0,0.0,327,161,0.9995985152076691,0.0
G3,Event,0.69,1024,707,0,0.0,317,151,0.9994547883657758,0.0
G3,Event,0.7,1024,717,0,0.0,307,141,0.9993848492594212,0.0
G3,Event,0.71,1024,728,0,0.0,296,130,0.9993198940452623,0.0
G3,Event,0.72,1024,738,0,0.0,286,120,0.999078790377805,0.0
G3,Event,0.73,1024,748,0,0.0,276,110,0.9989586684091373,0.0
G3,Event,0.74,1024,758,0,0.0,266,100,0.9988702054114363,0.0
G3,Event,0.75,1024,768,0,0.0,256,90,0.9988228771406416,0.0
G3,Event,0.76,1024,779,0,0.0,245,79,0.9988028218426719,0.0
G3,Event,0.77,1024,789,0,0.0,235,69,0.9987546238472006,0.0
G3,Event,0.78,1024,799,0,0.0,225,59,0.9985770088246099,0.0
G3,Event,0.79,1024,809,0,0.0,215,49,0.9984420214413267,0.0
G3,Event,0.8,1024,820,0,0.0,204,38,0.9983383966616194,0.0
G3,Event,0.81,1024,830,0,0.0,194,28,0.9980649120811017,0.0
G3,Event,0.82,1024,840,6,0.007142857142857143,184,24,0.9974270592937559,0.0
G3,Event,0.83,1024,850,13,0.015294117647058824,174,21,0.9965857026663802,0.0
G3,Event,0.84,1024,861,20,0.023228803716608595,163,17,0.9959050677845339,0.003484320557491289
G3,Event,0.85,1024,871,28,0.03214695752009185,153,15,0.995076404921904,0.014925373134328358
G3,Event,0.86,1024,881,37,0.04199772985244041,143,14,0.9942317365195145,0.026106696935300794
G3,Event,0.87,1024,891,45,0.050505050505050504,133,12,0.9933214868452844,0.037037037037037035
G3,Event,0.88,1024,902,52,0.057649667405764965,122,8,0.9923788819628415,0.04878048780487805
G3,Event,0.89,1024,912,61,0.0668859649122807,112,7,0.9915647306111567,0.05921052631578947
G3,Event,0.9,1024,922,69,0.07483731019522777,102,5,0.9905948096984137,0.06941431670281996
G3,Event,0.91,1024,932,78,0.08369098712446352,92,4,0.9897068516454498,0.07939914163090128
G3,Event,0.92,1024,943,87,0.09225874867444327,81,2,0.9888014677946735,0.09013785790031813
G3,Event,0.93,1024,953,96,0.10073452256033578,71,1,0.9878939693317573,0.09968520461699895
G3,Event,0.94,1024,963,105,0.10903426791277258,61,0,0.9864818075207428,0.10903426791277258
G3,Event,0.95,1024,973,115,0.11819116135662898,51,0,0.9842685728387766,0.11819116135662898
G3,Event,0.96,1024,984,126,0.12804878048780488,40,0,0.9819038964051537,0.12804878048780488
G3,Event,0.97,1024,994,136,0.13682092555331993,30,0,0.9797746988834903,0.13682092555331993
G3,Event,0.98,1024,1004,146,0.1454183266932271,20,0,0.9773412167224037,0.1454183266932271
G3,Event,0.99,1024,1014,156,0.15384615384615385,10,0,0.9751895446363734,0.15384615384615385
G3,Event,1.0,1024,1024,166,0.162109375,0,0,0.9728320311845645,0.162109375
G3,Combined,0.25,1024,256,0,0.0,768,602,1.0,0.0
G3,Combined,0.26,1024,267,0,0.0,757,591,1.0,0.0
G3,Combined,0.27,1024,277,0,0.0,747,581,1.0,0.0
G3,Combined,0.28,1024,287,0,0.0,737,571,1.0,0.0
G3,Combined,0.29,1024,297,0,0.0,727,561,1.0,0.0
G3,Combined,0.3,1024,308,0,0.0,716,550,1.0,0.0
G3,Combined,0.31,1024,318,0,0.0,706,540,1.0,0.0
G3,Combined,0.32,1024,328,0,0.0,696,530,0.9998547376284881,0.0
G3,Combined,0.33,1024,338,0,0.0,686,520,0.9998590353317873,0.0
G3,Combined,0.34,1024,349,0,0.0,675,509,0.9998634783442525,0.0
G3,Combined,0.35,1024,359,0,0.0,665,499,0.9998672811758889,0.0
G3,Combined,0.36,1024,369,0,0.0,655,489,0.9998708778919895,0.0
G3,Combined,0.37,1024,379,0,0.0,645,479,0.9998742848077681,0.0
G3,Combined,0.38,1024,390,0,0.0,634,468,0.999808530551582,0.0
G3,Combined,0.39,1024,400,0,0.0,624,458,0.9998133172877925,0.0
G3,Combined,0.4,1024,410,0,0.0,614,448,0.9998178705246756,0.0
G3,Combined,0.41,1024,420,0,0.0,604,438,0.9998222069407547,0.0
G3,Combined,0.42,1024,431,0,0.0,593,427,0.9998267445826381,0.0
G3,Combined,0.43,1024,441,0,0.0,583,417,0.9998306732769093,0.0
G3,Combined,0.44,1024,451,0,0.0,573,407,0.9998344277497051,0.0
G3,Combined,0.45,1024,461,0,0.0,563,397,0.9998380193386486,0.0
G3,Combined,0.46,1024,472,0,0.0,552,386,0.9998417943116886,0.0
G3,Combined,0.47,1024,482,0,0.0,542,376,0.9998450765873796,0.0
G3,Combined,0.48,1024,492,0,0.0,532,366,0.9998482254372297,0.0
G3,Combined,0.49,1024,502,0,0.0,522,356,0.9998512488348944,0.0
G3,Combined,0.5,1024,512,0,0.0,512,346,0.9998541541310879,0.0
G3,Combined,0.51,1024,523,0,0.0,501,335,0.999857221635023,0.0
G3,Combined,0.52,1024,533,0,0.0,491,325,0.9998182076789771,0.0
G3,Combined,0.53,1024,543,0,0.0,481,315,0.9997787272172031,0.0
G3,Combined,0.54,1024,553,0,0.0,471,305,0.9995965605520665,0.0
G3,Combined,0.55,1024,564,0,0.0,460,294,0.9994598668160417,0.0
G3,Combined,0.56,1024,574,0,0.0,450,284,0.9994287614465053,0.0
G3,Combined,0.57,1024,584,0,0.0,440,274,0.9994385429285857,0.0
G3,Combined,0.58,1024,594,0,0.0,430,264,0.9994069340511641,0.0
G3,Combined,0.59,1024,605,0,0.0,419,253,0.9993258187946993,0.0
G3,Combined,0.6,1024,615,0,0.0,409,243,0.9991689038330711,0.0
G3,Combined,0.61,1024,625,0,0.0,399,233,0.9991389581284987,0.0
G3,Combined,0.62,1024,635,0,0.0,389,223,0.9991075234673075,0.0
G3,Combined,0.63,1024,646,0,0.0,378,212,0.9990808829329926,0.0
G3,Combined,0.64,1024,656,0,0.0,368,202,0.9989868117422314,0.0
G3,Combined,0.65,1024,666,0,0.0,358,192,0.9989250247021348,0.0
G3,Combined,0.66,1024,676,0,0.0,348,182,0.9989009458943708,0.0
G3,Combined,0.67,1024,687,0,0.0,337,171,0.9988846923007878,0.0
G3,Combined,0.68,1024,697,0,0.0,327,161,0.9988639061477765,0.0
G3,Combined,0.69,1024,707,0,0.0,317,151,0.9988126216936085,0.0
G3,Combined,0.7,1024,717,0,0.0,307,141,0.998682081188839,0.0
G3,Combined,0.71,1024,728,2,0.0027472527472527475,296,132,0.998397979073618,0.0
G3,Combined,0.72,1024,738,5,0.006775067750677507,286,125,0.9981074319660758,0.0
G3,Combined,0.73,1024,748,6,0.008021390374331552,276,116,0.9979084767581963,0.0
G3,Combined,0.74,1024,758,6,0.0079155672823219,266,106,0.9979022422024931,0.0
G3,Combined,0.75,1024,768,6,0.0078125,256,96,0.997929556757148,0.0
G3,Combined,0.76,1024,779,7,0.008985879332477536,245,86,0.9977713169080269,0.0
G3,Combined,0.77,1024,789,10,0.012674271229404309,235,79,0.9974489442457056,0.0
G3,Combined,0.78,1024,799,12,0.015018773466833541,225,71,0.9971352883410586,0.0
G3,Combined,0.79,1024,809,14,0.0173053152039555,215,63,0.9969290749502315,0.0
G3,Combined,0.8,1024,820,17,0.020731707317073172,204,55,0.9966563888251913,0.0
G3,Combined,0.81,1024,830,18,0.021686746987951807,194,46,0.9965695994116545,0.0
G3,Combined,0.82,1024,840,24,0.02857142857142857,184,42,0.9959483862230578,0.0
G3,Combined,0.83,1024,850,28,0.03294117647058824,174,36,0.9955280814025637,0.0
G3,Combined,0.84,1024,861,33,0.03832752613240418,163,30,0.9948497616529498,0.003484320557491289
G3,Combined,0.85,1024,871,41,0.04707233065442021,153,28,0.9939253996167811,0.014925373134328358
G3,Combined,0.86,1024,881,46,0.05221339387060159,143,23,0.9932668063965014,0.026106696935300794
G3,Combined,0.87,1024,891,51,0.05723905723905724,133,18,0.9925575973988159,0.037037037037037035
G3,Combined,0.88,1024,902,59,0.06541019955654102,122,15,0.9918271623508461,0.04878048780487805
G3,Combined,0.89,1024,912,66,0.07236842105263158,112,12,0.9910756452453567,0.05921052631578947
G3,Combined,0.9,1024,922,74,0.08026030368763558,102,10,0.9903073975022118,0.06941431670281996
G3,Combined,0.91,1024,932,80,0.08583690987124463,92,6,0.9892617977120718,0.07939914163090128
G3,Combined,0.92,1024,943,88,0.09331919406150584,81,3,0.9880555319989277,0.09013785790031813
G3,Combined,0.93,1024,953,96,0.10073452256033578,71,1,0.9869808516069484,0.09968520461699895
G3,Combined,0.94,1024,963,105,0.10903426791277258,61,0,0.9854005101192723,0.10903426791277258
G3,Combined,0.95,1024,973,115,0.11819116135662898,51,0,0.9838326838875516,0.11819116135662898
G3,Combined,0.96,1024,984,126,0.12804878048780488,40,0,0.9818883414026649,0.12804878048780488
G3,Combined,0.97,1024,994,136,0.13682092555331993,30,0,0.9796204237585827,0.13682092555331993
G3,Combined,0.98,1024,1004,146,0.1454183266932271,20,0,0.9770695716840343,0.1454183266932271
G3,Combined,0.99,1024,1014,156,0.15384615384615385,10,0,0.9750413973704467,0.15384615384615385
G3,Combined,1.0,1024,1024,166,0.162109375,0,0,0.9728320311845645,0.162109375
G3,Agreement,0.25,1024,256,7,0.02734375,768,609,0.996564174329069,0.0
G3,Agreement,0.26,1024,267,8,0.0299625468164794,757,599,0.99643167751511,0.0
G3,Agreement,0.27,1024,277,8,0.02888086642599278,747,589,0.9965604978214236,0.0
G3,Agreement,0.28,1024,287,8,0.027874564459930314,737,579,0.9966803411029072,0.0
G3,Agreement,0.29,1024,297,8,0.026936026936026935,727,569,0.9967921141297453,0.0
G3,Agreement,0.3,1024,308,8,0.025974025974025976,716,558,0.9969066814822544,0.0
G3,Agreement,0.31,1024,318,8,0.025157232704402517,706,548,0.9970039556494791,0.0
G3,Agreement,0.32,1024,328,8,0.024390243902439025,696,538,0.9970952984650437,0.0
G3,Agreement,0.33,1024,338,8,0.023668639053254437,686,528,0.9971812363802791,0.0
G3,Agreement,0.34,1024,349,8,0.022922636103151862,675,517,0.9972700799327632,0.0
G3,Agreement,0.35,1024,359,8,0.022284122562674095,665,507,0.997346122274469,0.0
G3,Agreement,0.36,1024,369,9,0.024390243902439025,655,498,0.9971029236497749,0.0
G3,Agreement,0.37,1024,379,9,0.023746701846965697,645,488,0.9971793636590156,0.0
G3,Agreement,0.38,1024,390,9,0.023076923076923078,634,477,0.9971963809817037,0.0
G3,Agreement,0.39,1024,400,9,0.0225,624,467,0.9972664714571612,0.0
G3,Agreement,0.4,1024,410,9,0.02195121951219512,614,457,0.9973331428850353,0.0
G3,Agreement,0.41,1024,420,12,0.02857142857142857,604,450,0.9965711084249214,0.0
G3,Agreement,0.42,1024,431,12,0.027842227378190254,593,439,0.9966586207389024,0.0
G3,Agreement,0.43,1024,441,12,0.027210884353741496,583,429,0.9967343889761155,0.0
G3,Agreement,0.44,1024,451,12,0.026607538802660754,573,419,0.9968067972028093,0.0
G3,Agreement,0.45,1024,461,12,0.026030368763557483,563,409,0.9968760640747657,0.0
G3,Agreement,0.46,1024,472,12,0.025423728813559324,552,398,0.9969488676662436,0.0
G3,Agreement,0.47,1024,482,12,0.024896265560165973,542,388,0.9970121691669439,0.0
G3,Agreement,0.48,1024,492,12,0.024390243902439025,532,378,0.9969712714196484,0.0
G3,Agreement,0.49,1024,502,12,0.02390438247011952,522,368,0.9970316046583007,0.0
G3,Agreement,0.5,1024,512,13,0.025390625,512,359,0.9968725672409295,0.0
G3,Agreement,0.51,1024,523,14,0.02676864244741874,501,349,0.9967645226318295,0.0
G3,Agreement,0.52,1024,533,15,0.028142589118198873,491,340,0.9966943300086045,0.0
G3,Agreement,0.53,1024,543,17,0.03130755064456722,481,332,0.9963917453844158,0.0
G3,Agreement,0.54,1024,553,17,0.03074141048824593,471,322,0.9964569941116416,0.0
G3,Agreement,0.55,1024,564,17,0.030141843971631204,460,311,0.9965260952903152,0.0
G3,Agreement,0.56,1024,574,19,0.033101045296167246,450,303,0.9962655677716364,0.0
G3,Agreement,0.57,1024,584,19,0.032534246575342464,440,293,0.9963295135289715,0.0
G3,Agreement,0.58,1024,594,22,0.037037037037037035,430,286,0.9957054040294504,0.0
G3,Agreement,0.59,1024,605,24,0.03966942148760331,419,277,0.9954239932291884,0.0
G3,Agreement,0.6,1024,615,28,0.04552845528455285,409,271,0.994693501080423,0.0
G3,Agreement,0.61,1024,625,36,0.0576,399,269,0.9937084206869735,0.0
G3,Agreement,0.62,1024,635,45,0.07086614173228346,389,268,0.992565692544099,0.0
G3,Agreement,0.63,1024,646,53,0.08204334365325078,378,265,0.9915040460925834,0.0
G3,Agreement,0.64,1024,656,57,0.08689024390243902,368,259,0.9909593359149395,0.0
G3,Agreement,0.65,1024,666,63,0.0945945945945946,358,255,0.9887700321550813,0.0
G3,Agreement,0.66,1024,676,71,0.10502958579881656,348,253,0.9856074067028874,0.0
G3,Agreement,0.67,1024,687,77,0.11208151382823872,337,248,0.9835948597578367,0.0
G3,Agreement,0.68,1024,697,84,0.12051649928263988,327,245,0.9811298592733505,0.0
G3,Agreement,0.69,1024,707,92,0.13012729844413012,317,243,0.9788391672730729,0.0
G3,Agreement,0.7,1024,717,94,0.13110181311018132,307,235,0.9783372244531021,0.0
G3,Agreement,0.71,1024,728,98,0.1346153846153846,296,228,0.9776223563335503,0.0
G3,Agreement,0.72,1024,738,102,0.13821138211382114,286,222,0.9767173813792952,0.0
G3,Agreement,0.73,1024,748,107,0.14304812834224598,276,217,0.9752274852761995,0.0
G3,Agreement,0.74,1024,758,111,0.14643799472295516,266,211,0.9743596218751551,0.0
G3,Agreement,0.75,1024,768,114,0.1484375,256,204,0.9739026940226679,0.0
G3,Agreement,0.76,1024,779,119,0.1527599486521181,245,198,0.9730128536846739,0.0
G3,Agreement,0.77,1024,789,121,0.15335868187579213,235,190,0.9729842988650895,0.0
G3,Agreement,0.78,1024,799,122,0.15269086357947434,225,181,0.9729573781450426,0.0
G3,Agreement,0.79,1024,809,125,0.15451174289245984,215,174,0.9727077101453481,0.0
G3,Agreement,0.8,1024,820,128,0.15609756097560976,204,166,0.9725978902721134,0.0
G3,Agreement,0.81,1024,830,132,0.15903614457831325,194,160,0.9719522316850376,0.0
G3,Agreement,0.82,1024,840,134,0.1595238095238095,184,152,0.9717042804452777,0.0
G3,Agreement,0.83,1024,850,136,0.16,174,144,0.9716426376925643,0.0
G3,Agreement,0.84,1024,861,136,0.15795586527293845,163,133,0.971971742868883,0.003484320557491289
G3,Agreement,0.85,1024,871,139,0.15958668197474168,153,126,0.9717655018963607,0.014925373134328358
G3,Agreement,0.86,1024,881,141,0.16004540295119182,143,118,0.9716919770170014,0.026106696935300794
G3,Agreement,0.87,1024,891,146,0.1638608305274972,133,113,0.971310436003089,0.037037037037037035
G3,Agreement,0.88,1024,902,149,0.16518847006651885,122,105,0.9712196495186869,0.04878048780487805
G3,Agreement,0.89,1024,912,154,0.16885964912280702,112,100,0.9710140560430194,0.05921052631578947
G3,Agreement,0.9,1024,922,156,0.16919739696312364,102,92,0.9711657474091471,0.06941431670281996
G3,Agreement,0.91,1024,932,156,0.16738197424892703,92,82,0.9714751278017527,0.07939914163090128
G3,Agreement,0.92,1024,943,156,0.16542948038176034,81,71,0.9718078675622838,0.09013785790031813
G3,Agreement,0.93,1024,953,156,0.16369359916054566,71,61,0.9721036926665619,0.09968520461699895
G3,Agreement,0.94,1024,963,156,0.16199376947040497,61,51,0.972393373947283,0.10903426791277258
G3,Agreement,0.95,1024,973,161,0.16546762589928057,51,46,0.9722053070108413,0.11819116135662898
G3,Agreement,0.96,1024,984,164,0.16666666666666666,40,38,0.972034508003707,0.12804878048780488
G3,Agreement,0.97,1024,994,164,0.16498993963782696,30,28,0.9722445483038986,0.13682092555331993
G3,Agreement,0.98,1024,1004,164,0.16334661354581673,20,18,0.9725209970259713,0.1454183266932271
G3,Agreement,0.99,1024,1014,165,0.16272189349112426,10,9,0.9726933737811392,0.15384615384615385
G3,Agreement,1.0,1024,1024,166,0.162109375,0,0,0.9728320311845646,0.162109375
G4,Global,0.25,1024,256,0,0.0,768,522,0.9999168882978724,0.0
G4,Global,0.26,1024,267,0,0.0,757,511,0.9999203123754882,0.0
G4,Global,0.27,1024,277,0,0.0,747,501,0.9999231891850373,0.0
G4,Global,0.28,1024,287,0,0.0,737,491,0.9999258655200535,0.0
G4,Global,0.29,1024,297,0,0.0,727,481,0.9999283616304894,0.0
G4,Global,0.3,1024,308,0,0.0,716,470,0.9999309201436861,0.0
G4,Global,0.31,1024,318,0,0.0,706,460,0.9999330924662118,0.0
G4,Global,0.32,1024,328,0,0.0,696,450,0.9999351323300467,0.0
G4,Global,0.33,1024,338,0,0.0,686,440,0.9999370514918797,0.0
G4,Global,0.34,1024,349,0,0.0,675,429,0.9999390355422789,0.0
G4,Global,0.35,1024,359,0,0.0,665,419,0.9999407337165886,0.0
G4,Global,0.36,1024,369,0,0.0,655,409,0.9999423398489304,0.0
G4,Global,0.37,1024,379,0,0.0,645,399,0.9998877224498962,0.0
G4,Global,0.38,1024,390,0,0.0,634,388,0.9998908892525915,0.0
G4,Global,0.39,1024,400,0,0.0,624,378,0.9998936170212767,0.0
G4,Global,0.4,1024,410,0,0.0,614,368,0.9998962117280747,0.0
G4,Global,0.41,1024,420,0,0.0,604,358,0.9998986828774064,0.0
G4,Global,0.42,1024,431,0,0.0,593,347,0.9999012686972405,0.0
G4,Global,0.43,1024,441,0,0.0,583,337,0.9999035075022917,0.0
G4,Global,0.44,1024,451,0,0.0,573,327,0.9999056470255225,0.0
G4,Global,0.45,1024,461,0,0.0,563,317,0.9999076937277889,0.0
G4,Global,0.46,1024,472,0,0.0,552,306,0.9999098449332853,0.0
G4,Global,0.47,1024,482,0,0.0,542,296,0.9999117153703541,0.0
G4,Global,0.48,1024,492,0,0.0,532,286,0.9999135097733957,0.0
G4,Global,0.49,1024,502,0,0.0,522,276,0.9999152326862762,0.0
G4,Global,0.5,1024,512,0,0.0,512,266,0.9998692511027504,0.0
G4,Global,0.51,1024,523,0,0.0,501,255,0.9998313192521292,0.0
G4,Global,0.52,1024,533,0,0.0,491,245,0.9997887236866063,0.0
G4,Global,0.53,1024,543,0,0.0,481,235,0.9997453935530756,0.0
G4,Global,0.54,1024,553,0,0.0,471,225,0.9995733659528402,0.0
G4,Global,0.55,1024,564,0,0.0,460,214,0.9994495274941226,0.0
G4,Global,0.56,1024,574,0,0.0,450,204,0.9991260990453659,0.0
G4,Global,0.57,1024,584,1,0.0017123287671232876,440,195,0.998699319476537,0.0
G4,Global,0.58,1024,594,1,0.0016835016835016834,430,185,0.998554723459096,0.0
G4,Global,0.59,1024,605,1,0.001652892561983471,419,174,0.9983348836955405,0.0
G4,Global,0.6,1024,615,1,0.0016260162601626016,409,164,0.997996944037836,0.0
G4,Global,0.61,1024,625,1,0.0016,399,154,0.9979113860956239,0.0
G4,Global,0.62,1024,635,1,0.0015748031496062992,389,144,0.9976524156976644,0.0
G4,Global,0.63,1024,646,1,0.0015479876160990713,378,133,0.9972749603085647,0.0
G4,Global,0.64,1024,656,3,0.004573170731707317,368,125,0.9968185580297512,0.0
G4,Global,0.65,1024,666,4,0.006006006006006006,358,116,0.9964859820752815,0.0
G4,Global,0.66,1024,676,4,0.005917159763313609,348,106,0.9963935177578129,0.0
G4,Global,0.67,1024,687,4,0.005822416302765648,337,95,0.9961331380135511,0.0
G4,Global,0.68,1024,697,4,0.005738880918220947,327,85,0.9961168357901953,0.0
G4,Global,0.69,1024,707,5,0.007072135785007072,317,76,0.9960056874767323,0.0
G4,Global,0.7,1024,717,6,0.008368200836820083,307,67,0.9958939089162576,0.0
G4,Global,0.71,1024,728,6,0.008241758241758242,296,56,0.9956889365096946,0.0
G4,Global,0.72,1024,738,6,0.008130081300813009,286,46,0.9955878626526452,0.0
G4,Global,0.73,1024,748,6,0.008021390374331552,276,36,0.995431493553182,0.0
G4,Global,0.74,1024,758,6,0.0079155672823219,266,26,0.9951406005132415,0.0
G4,Global,0.75,1024,768,6,0.0078125,256,16,0.9948868273446062,0.0
G4,Global,0.76,1024,779,16,0.02053915275994865,245,15,0.9932911294014888,0.0012836970474967907
G4,Global,0.77,1024,789,26,0.032953105196451206,235,15,0.9918500023660535,0.01394169835234474
G4,Global,0.78,1024,799,35,0.04380475594493116,225,14,0.9903696779383779,0.026282853566958697
G4,Global,0.79,1024,809,42,0.0519159456118665,215,11,0.9891919620516003,0.038318912237330034
G4,Global,0.8,1024,820,53,0.06463414634146342,204,11,0.987495098623188,0.05121951219512195
G4,Global,0.81,1024,830,63,0.07590361445783132,194,11,0.9859033330448251,0.06265060240963856
G4,Global,0.82,1024,840,73,0.0869047619047619,184,11,0.9840894667744962,0.07380952380952381
G4,Global,0.83,1024,850,82,0.09647058823529411,174,10,0.9825495547524323,0.08470588235294117
G4,Global,0.84,1024,861,93,0.10801393728222997,163,10,0.9808677852819621,0.09639953542392567
G4,Global,0.85,1024,871,103,0.1182548794489093,153,10,0.9792949612987243,0.10677382319173363
G4,Global,0.86,1024,881,113,0.1282633371169126,143,10,0.9780544306122965,0.11691259931895573
G4,Global,0.87,1024,891,122,0.13692480359147025,133,9,0.9770009074360534,0.12682379349046016
G4,Global,0.88,1024,902,132,0.14634146341463414,122,8,0.9759754807881418,0.13747228381374724
G4,Global,0.89,1024,912,139,0.1524122807017544,112,5,0.9753793946751196,0.14692982456140352
G4,Global,0.9,1024,922,147,0.1594360086767896,102,3,0.9743940481080359,0.1561822125813449
G4,Global,0.91,1024,932,157,0.1684549356223176,92,3,0.9733391389971028,0.16523605150214593
G4,Global,0.92,1024,943,168,0.17815482502651114,81,3,0.972116486867974,0.17497348886532343
G4,Global,0.93,1024,953,177,0.18572927597061908,71,2,0.9712858373553159,0.18363064008394545
G4,Global,0.94,1024,963,185,0.1921079958463136,61,0,0.9700974168578177,0.1921079958463136
G4,Global,0.95,1024,973,195,0.20041109969167523,51,0,0.9674487085978914,0.20041109969167523
G4,Global,0.96,1024,984,206,0.20934959349593496,40,0,0.9649481883229287,0.20934959349593496
G4,Global,0.97,1024,994,216,0.21730382293762576,30,0,0.9625699681928404,0.21730382293762576
G4,Global,0.98,1024,1004,226,0.2250996015936255,20,0,0.9600000424976338,0.2250996015936255
G4,Global,0.99,1024,1014,236,0.23274161735700197,10,0,0.9576336906276224,0.23274161735700197
G4,Global,1.0,1024,1024,246,0.240234375,0,0,0.9552352569200135,0.240234375
G4,Event,0.25,1024,256,0,0.0,768,522,1.0,0.0
G4,Event,0.26,1024,267,0,0.0,757,511,1.0,0.0
G4,Event,0.27,1024,277,0,0.0,747,501,1.0,0.0
G4,Event,0.28,1024,287,0,0.0,737,491,1.0,0.0
G4,Event,0.29,1024,297,0,0.0,727,481,1.0,0.0
G4,Event,0.3,1024,308,0,0.0,716,470,1.0,0.0
G4,Event,0.31,1024,318,0,0.0,706,460,1.0,0.0
G4,Event,0.32,1024,328,0,0.0,696,450,1.0,0.0
G4,Event,0.33,1024,338,0,0.0,686,440,1.0,0.0
G4,Event,0.34,1024,349,0,0.0,675,429,1.0,0.0
G4,Event,0.35,1024,359,0,0.0,665,419,1.0,0.0
G4,Event,0.36,1024,369,0,0.0,655,409,1.0,0.0
G4,Event,0.37,1024,379,0,0.0,645,399,1.0,0.0
G4,Event,0.38,1024,390,0,0.0,634,388,1.0,0.0
G4,Event,0.39,1024,400,0,0.0,624,378,1.0,0.0
G4,Event,0.4,1024,410,0,0.0,614,368,1.0,0.0
G4,Event,0.41,1024,420,0,0.0,604,358,1.0,0.0
G4,Event,0.42,1024,431,0,0.0,593,347,1.0,0.0
G4,Event,0.43,1024,441,0,0.0,583,337,0.9999517537511459,0.0
G4,Event,0.44,1024,451,0,0.0,573,327,0.9999528235127613,0.0
G4,Event,0.45,1024,461,0,0.0,563,317,0.9999538468638944,0.0
G4,Event,0.46,1024,472,0,0.0,552,306,0.9999549224666426,0.0
G4,Event,0.47,1024,482,0,0.0,542,296,0.9999026605365442,0.0
G4,Event,0.48,1024,492,0,0.0,532,286,0.9999046389809233,0.0
G4,Event,0.49,1024,502,0,0.0,522,276,0.9999065386028173,0.0
G4,Event,0.5,1024,512,0,0.0,512,266,0.999908364020731,0.0
G4,Event,0.51,1024,523,0,0.0,501,255,0.999910291354903,0.0
G4,Event,0.52,1024,533,0,0.0,491,245,0.9998662141364199,0.0
G4,Event,0.53,1024,543,0,0.0,481,235,0.9997765393465348,0.0
G4,Event,0.54,1024,553,0,0.0,471,225,0.9996980000461505,0.0
G4,Event,0.55,1024,564,0,0.0,460,214,0.9994987058551855,0.0
G4,Event,0.56,1024,574,0,0.0,450,204,0.9992540598698252,0.0
G4,Event,0.57,1024,584,0,0.0,440,194,0.9991790210856123,0.0
G4,Event,0.58,1024,594,0,0.0,430,184,0.9989124548778577,0.0
G4,Event,0.59,1024,605,0,0.0,419,173,0.9987708229426197,0.0
G4,Event,0.6,1024,615,0,0.0,409,163,0.9985142431336455,0.0
G4,Event,0.61,1024,625,0,0.0,399,153,0.9982263487127949,0.0
G4,Event,0.62,1024,635,0,0.0,389,143,0.9980612252424043,0.0
G4,Event,0.63,1024,646,1,0.0015479876160990713,378,133,0.9978956256266173,0.0
G4,Event,0.64,1024,656,1,0.001524390243902439,368,123,0.9977123509370979,0.0
G4,Event,0.65,1024,666,1,0.0015015015015015015,358,113,0.997636659356215,0.0
G4,Event,0.66,1024,676,1,0.0014792899408284023,348,103,0.9975268056417641,0.0
G4,Event,0.67,1024,687,2,0.002911208151382824,337,93,0.9972900506825023,0.0
G4,Event,0.68,1024,697,2,0.0028694404591104736,327,83,0.9971869967141191,0.0
G4,Event,0.69,1024,707,2,0.002828854314002829,317,73,0.996920463929681,0.0
G4,Event,0.7,1024,717,2,0.002789400278940028,307,63,0.9966519520854172,0.0
G4,Event,0.71,1024,728,2,0.0027472527472527475,296,52,0.9963534649157201,0.0
G4,Event,0.72,1024,738,4,0.005420054200542005,286,44,0.9959142238648115,0.0
G4,Event,0.73,1024,748,6,0.008021390374331552,276,36,0.9955591205657686,0.0
G4,Event,0.74,1024,758,9,0.011873350923482849,266,29,0.99500574027737,0.0
G4,Event,0.75,1024,768,12,0.015625,256,22,0.99453224746323,0.0
G4,Event,0.76,1024,779,16,0.02053915275994865,245,15,0.9938425481134671,0.0012836970474967907
G4,Event,0.77,1024,789,24,0.030418250950570342,235,13,0.9928806115022305,0.01394169835234474
G4,Event,0.78,1024,799,32,0.04005006257822278,225,11,0.9918252302551928,0.026282853566958697
G4,Event,0.79,1024,809,36,0.04449938195302843,215,5,0.9911458256044192,0.038318912237330034
G4,Event,0.8,1024,820,44,0.05365853658536585,204,2,0.9899438695476452,0.05121951219512195
G4,Event,0.81,1024,830,54,0.06506024096385542,194,2,0.9888614824619391,0.06265060240963856
G4,Event,0.82,1024,840,63,0.075,184,1,0.9876738978732982,0.07380952380952381
G4,Event,0.83,1024,850,73,0.08588235294117647,174,1,0.9865608454160218,0.08470588235294117
G4,Event,0.84,1024,861,83,0.09639953542392567,163,0,0.9852908851909772,0.09639953542392567
G4,Event,0.85,1024,871,93,0.10677382319173363,153,0,0.9838446938136927,0.10677382319173363
G4,Event,0.86,1024,881,103,0.11691259931895573,143,0,0.9823396191480652,0.11691259931895573
G4,Event,0.87,1024,891,113,0.12682379349046016,133,0,0.9811258529498573,0.12682379349046016
G4,Event,0.88,1024,902,124,0.13747228381374724,122,0,0.9795807680185381,0.13747228381374724
G4,Event,0.89,1024,912,134,0.14692982456140352,112,0,0.9780732612272354,0.14692982456140352
G4,Event,0.9,1024,922,144,0.1561822125813449,102,0,0.9763651163807631,0.1561822125813449
G4,Event,0.91,1024,932,154,0.16523605150214593,92,0,0.9747769887597577,0.16523605150214593
G4,Event,0.92,1024,943,165,0.17497348886532343,81,0,0.9728755561530715,0.17497348886532343
G4,Event,0.93,1024,953,175,0.18363064008394545,71,0,0.9711801057814695,0.18363064008394545
G4,Event,0.94,1024,963,185,0.1921079958463136,61,0,0.9690912939072276,0.1921079958463136
G4,Event,0.95,1024,973,195,0.20041109969167523,51,0,0.9672704121230303,0.20041109969167523
G4,Event,0.96,1024,984,206,0.20934959349593496,40,0,0.9647790082610112,0.20934959349593496
G4,Event,0.97,1024,994,216,0.21730382293762576,30,0,0.9633190051123292,0.21730382293762576
G4,Event,0.98,1024,1004,226,0.2250996015936255,20,0,0.960685396911495,0.2250996015936255
G4,Event,0.99,1024,1014,236,0.23274161735700197,10,0,0.9579395350433959,0.23274161735700197
G4,Event,1.0,1024,1024,246,0.240234375,0,0,0.9552352569200135,0.240234375
G4,Combined,0.25,1024,256,0,0.0,768,522,0.9999168882978724,0.0
G4,Combined,0.26,1024,267,0,0.0,757,511,0.9999203123754882,0.0
G4,Combined,0.27,1024,277,0,0.0,747,501,0.9999231891850373,0.0
G4,Combined,0.28,1024,287,0,0.0,737,491,0.9999258655200535,0.0
G4,Combined,0.29,1024,297,0,0.0,727,481,0.9999283616304894,0.0
G4,Combined,0.3,1024,308,0,0.0,716,470,0.9999309201436861,0.0
G4,Combined,0.31,1024,318,0,0.0,706,460,0.9999330924662118,0.0
G4,Combined,0.32,1024,328,0,0.0,696,450,0.9999351323300467,0.0
G4,Combined,0.33,1024,338,0,0.0,686,440,0.9999370514918797,0.0
G4,Combined,0.34,1024,349,0,0.0,675,429,0.9999390355422789,0.0
G4,Combined,0.35,1024,359,0,0.0,665,419,0.9998814674331773,0.0
G4,Combined,0.36,1024,369,0,0.0,655,409,0.9998846796978609,0.0
G4,Combined,0.37,1024,379,0,0.0,645,399,0.9998877224498962,0.0
G4,Combined,0.38,1024,390,0,0.0,634,388,0.9998908892525915,0.0
G4,Combined,0.39,1024,400,0,0.0,624,378,0.9998936170212767,0.0
G4,Combined,0.4,1024,410,0,0.0,614,368,0.9998962117280747,0.0
G4,Combined,0.41,1024,420,0,0.0,604,358,0.9998986828774064,0.0
G4,Combined,0.42,1024,431,0,0.0,593,347,0.9998519030458608,0.0
G4,Combined,0.43,1024,441,0,0.0,583,337,0.9998552612534376,0.0
G4,Combined,0.44,1024,451,0,0.0,573,327,0.9998584705382838,0.0
G4,Combined,0.45,1024,461,0,0.0,563,317,0.9998615405916833,0.0
G4,Combined,0.46,1024,472,0,0.0,552,306,0.999864767399928,0.0
G4,Combined,0.47,1024,482,0,0.0,542,296,0.9998675730555311,0.0
G4,Combined,0.48,1024,492,0,0.0,532,286,0.9998702646600935,0.0
G4,Combined,0.49,1024,502,0,0.0,522,276,0.9998242628861823,0.0
G4,Combined,0.5,1024,512,0,0.0,512,266,0.9998276952516866,0.0
G4,Combined,0.51,1024,523,0,0.0,501,255,0.9998313192521292,0.0
G4,Combined,0.52,1024,533,0,0.0,491,245,0.9997450917654929,0.0
G4,Combined,0.53,1024,543,0,0.0,481,235,0.9997106027905395,0.0
G4,Combined,0.54,1024,553,0,0.0,471,225,0.9996296767765045,0.0
G4,Combined,0.55,1024,564,0,0.0,460,214,0.9992571113895291,0.0
G4,Combined,0.56,1024,574,0,0.0,450,204,0.9991033322552332,0.0
G4,Combined,0.57,1024,584,0,0.0,440,194,0.998901352119145,0.0
G4,Combined,0.58,1024,594,1,0.0016835016835016834,430,185,0.9987111956116923,0.0
G4,Combined,0.59,1024,605,1,0.001652892561983471,419,174,0.9986224490720218,0.0
G4,Combined,0.6,1024,615,1,0.0016260162601626016,409,164,0.9983273001184737,0.0
G4,Combined,0.61,1024,625,1,0.0016,399,154,0.9980727014188804,0.0
G4,Combined,0.62,1024,635,2,0.0031496062992125984,389,145,0.9976917588931026,0.0
G4,Combined,0.63,1024,646,2,0.0030959752321981426,378,134,0.9974570917664243,0.0
G4,Combined,0.64,1024,656,2,0.003048780487804878,368,124,0.9973433212530841,0.0
G4,Combined,0.65,1024,666,2,0.003003003003003003,358,114,0.9971259453561435,0.0
G4,Combined,0.66,1024,676,2,0.0029585798816568047,348,104,0.997024014126236,0.0
G4,Combined,0.67,1024,687,2,0.002911208151382824,337,93,0.9969771631276789,0.0
G4,Combined,0.68,1024,697,2,0.0028694404591104736,327,83,0.9968814827077902,0.0
G4,Combined,0.69,1024,707,2,0.002828854314002829,317,73,0.9968565954165839,0.0
G4,Combined,0.7,1024,717,2,0.002789400278940028,307,63,0.9966937423805539,0.0
G4,Combined,0.71,1024,728,2,0.0027472527472527475,296,52,0.9963529832573105,0.0
G4,Combined,0.72,1024,738,3,0.0040650406504065045,286,43,0.9960174568107395,0.0
G4,Combined,0.73,1024,748,3,0.004010695187165776,276,33,0.995658110474204,0.0
G4,Combined,0.74,1024,758,3,0.00395778364116095,266,23,0.9954990292342806,0.0
G4,Combined,0.75,1024,768,6,0.0078125,256,16,0.9948656426079575,0.0
G4,Combined,0.76,1024,779,13,0.01668806161745828,245,12,0.9939692910063761,0.0012836970474967907
G4,Combined,0.77,1024,789,22,0.02788339670468948,235,11,0.9928504110683105,0.01394169835234474
G4,Combined,0.78,1024,799,31,0.03879849812265332,225,10,0.9916670151373278,0.026282853566958697
G4,Combined,0.79,1024,809,41,0.05067985166872682,215,10,0.9900421668453535,0.038318912237330034
G4,Combined,0.8,1024,820,51,0.06219512195121951,204,9,0.9887915483157196,0.05121951219512195
G4,Combined,0.81,1024,830,61,0.07349397590361446,194,9,0.9874061583338491,0.06265060240963856
G4,Combined,0.82,1024,840,71,0.08452380952380953,184,9,0.9858117070496828,0.07380952380952381
G4,Combined,0.83,1024,850,79,0.09294117647058824,174,7,0.9843159069089132,0.08470588235294117
G4,Combined,0.84,1024,861,88,0.10220673635307782,163,5,0.9828986862287846,0.09639953542392567
G4,Combined,0.85,1024,871,97,0.1113662456946039,153,4,0.9818570697186983,0.10677382319173363
G4,Combined,0.86,1024,881,107,0.12145289443813848,143,4,0.9807747030527171,0.11691259931895573
G4,Combined,0.87,1024,891,116,0.13019079685746351,133,3,0.979533311131682,0.12682379349046016
G4,Combined,0.88,1024,902,126,0.13968957871396895,122,2,0.9780933450680229,0.13747228381374724
G4,Combined,0.89,1024,912,135,0.14802631578947367,112,1,0.9768193925562462,0.14692982456140352
G4,Combined,0.9,1024,922,145,0.15726681127982647,102,1,0.9757997044172984,0.1561822125813449
G4,Combined,0.91,1024,932,155,0.16630901287553648,92,1,0.9746474521984384,0.16523605150214593
G4,Combined,0.92,1024,943,165,0.17497348886532343,81,0,0.973147631464257,0.17497348886532343
G4,Combined,0.93,1024,953,175,0.18363064008394545,71,0,0.9719531736439144,0.18363064008394545
G4,Combined,0.94,1024,963,185,0.1921079958463136,61,0,0.9700923554661279,0.1921079958463136
G4,Combined,0.95,1024,973,195,0.20041109969167523,51,0,0.9679200460941667,0.20041109969167523
G4,Combined,0.96,1024,984,206,0.20934959349593496,40,0,0.9654504943633753,0.20934959349593496
G4,Combined,0.97,1024,994,216,0.21730382293762576,30,0,0.9628042505930141,0.21730382293762576
G4,Combined,0.98,1024,1004,226,0.2250996015936255,20,0,0.9602827201556334,0.2250996015936255
G4,Combined,0.99,1024,1014,236,0.23274161735700197,10,0,0.9577946397231696,0.23274161735700197
G4,Combined,1.0,1024,1024,246,0.240234375,0,0,0.9552352569200135,0.240234375
G4,Agreement,0.25,1024,256,1,0.00390625,768,523,0.9966522198196104,0.0
G4,Agreement,0.26,1024,267,2,0.00749063670411985,757,513,0.9965930213291121,0.0
G4,Agreement,0.27,1024,277,2,0.007220216606498195,747,503,0.9965353986473987,0.0
G4,Agreement,0.28,1024,287,2,0.006968641114982578,737,493,0.9965711330363309,0.0
G4,Agreement,0.29,1024,297,2,0.006734006734006734,727,483,0.9965182329340977,0.0
G4,Agreement,0.3,1024,308,3,0.00974025974025974,716,473,0.9960955097822366,0.0
G4,Agreement,0.31,1024,318,4,0.012578616352201259,706,464,0.995852635041388,0.0
G4,Agreement,0.32,1024,328,4,0.012195121951219513,696,454,0.9956741057122497,0.0
G4,Agreement,0.33,1024,338,4,0.011834319526627219,686,444,0.995802090750349,0.0
G4,Agreement,0.34,1024,349,5,0.014326647564469915,675,434,0.9953948948777337,0.0
G4,Agreement,0.35,1024,359,6,0.016713091922005572,665,425,0.9949452899857097,0.0
G4,Agreement,0.36,1024,369,7,0.018970189701897018,655,416,0.9946887590010952,0.0
G4,Agreement,0.37,1024,379,8,0.021108179419525065,645,407,0.9944577381470561,0.0
G4,Agreement,0.38,1024,390,9,0.023076923076923078,634,397,0.9943291580682644,0.0
G4,Agreement,0.39,1024,400,11,0.0275,624,389,0.9939337630306113,0.0
G4,Agreement,0.4,1024,410,13,0.03170731707317073,614,381,0.9933619872511417,0.0
G4,Agreement,0.41,1024,420,13,0.030952380952380953,604,371,0.9932875445597907,0.0
G4,Agreement,0.42,1024,431,16,0.037122969837587005,593,363,0.9925806191653279,0.0
G4,Agreement,0.43,1024,441,19,0.04308390022675737,583,356,0.9919350270260819,0.0
G4,Agreement,0.44,1024,451,21,0.04656319290465632,573,348,0.9914468336988137,0.0
G4,Agreement,0.45,1024,461,25,0.05422993492407809,563,342,0.9906133416861441,0.0
G4,Agreement,0.46,1024,472,28,0.059322033898305086,552,334,0.9898497957523917,0.0
G4,Agreement,0.47,1024,482,30,0.06224066390041494,542,326,0.9892571009409794,0.0
G4,Agreement,0.48,1024,492,32,0.06504065040650407,532,318,0.9887622438903736,0.0
G4,Agreement,0.49,1024,502,32,0.06374501992031872,522,308,0.9888839480931906,0.0
G4,Agreement,0.5,1024,512,32,0.0625,512,298,0.9889695981454572,0.0
G4,Agreement,0.51,1024,523,32,0.06118546845124283,501,287,0.9892015951251895,0.0
G4,Agreement,0.52,1024,533,33,0.06191369606003752,491,278,0.9892669109170107,0.0
G4,Agreement,0.53,1024,543,35,0.06445672191528545,481,270,0.9892133138310121,0.0
G4,Agreement,0.54,1024,553,35,0.06329113924050633,471,260,0.9894083714470877,0.0
G4,Agreement,0.55,1024,564,35,0.06205673758865248,460,249,0.989614945762836,0.0
G4,Agreement,0.56,1024,574,35,0.06097560975609756,450,239,0.9897958700526821,0.0
G4,Agreement,0.57,1024,584,36,0.06164383561643835,440,230,0.9898149320536481,0.0
G4,Agreement,0.58,1024,594,36,0.06060606060606061,430,220,0.9899863978439908,0.0
G4,Agreement,0.59,1024,605,36,0.05950413223140496,419,209,0.9901684633377364,0.0
G4,Agreement,0.6,1024,615,36,0.05853658536585366,409,199,0.9903283257224886,0.0
G4,Agreement,0.61,1024,625,36,0.0576,399,189,0.9904830725109288,0.0
G4,Agreement,0.62,1024,635,36,0.05669291338582677,389,179,0.9906329453847724,0.0
G4,Agreement,0.63,1024,646,36,0.05572755417956656,378,168,0.9907924463147532,0.0
G4,Agreement,0.64,1024,656,37,0.056402439024390245,368,159,0.990772343233896,0.0
G4,Agreement,0.65,1024,666,38,0.057057057057057055,358,150,0.9906963964242922,0.0
G4,Agreement,0.66,1024,676,38,0.05621301775147929,348,140,0.9908340236961222,0.0
G4,Agreement,0.67,1024,687,43,0.06259097525473072,337,134,0.9900346578489226,0.0
G4,Agreement,0.68,1024,697,52,0.0746054519368723,327,133,0.9884079098412448,0.0
G4,Agreement,0.69,1024,707,61,0.08628005657708628,317,132,0.9856646892437919,0.0
G4,Agreement,0.7,1024,717,70,0.09762900976290098,307,131,0.983581737851249,0.0
G4,Agreement,0.71,1024,728,79,0.10851648351648352,296,129,0.980039474369186,0.0
G4,Agreement,0.72,1024,738,87,0.11788617886178862,286,127,0.9775288339163819,0.0
G4,Agreement,0.73,1024,748,95,0.1270053475935829,276,125,0.9750272363218325,0.0
G4,Agreement,0.74,1024,758,105,0.13852242744063326,266,125,0.9717265532025768,0.0
G4,Agreement,0.75,1024,768,112,0.14583333333333334,256,122,0.9703899773576682,0.0
G4,Agreement,0.76,1024,779,119,0.1527599486521181,245,118,0.9687934018177621,0.0012836970474967907
G4,Agreement,0.77,1024,789,127,0.16096324461343473,235,116,0.9670116343303914,0.01394169835234474
G4,Agreement,0.78,1024,799,132,0.16520650813516896,225,111,0.966127589915073,0.026282853566958697
G4,Agreement,0.79,1024,809,137,0.16934487021013597,215,106,0.9644717508030719,0.038318912237330034
G4,Agreement,0.8,1024,820,141,0.1719512195121951,204,99,0.963972563294428,0.05121951219512195
G4,Agreement,0.81,1024,830,146,0.17590361445783131,194,94,0.9625321227166594,0.06265060240963856
G4,Agreement,0.82,1024,840,152,0.18095238095238095,184,90,0.9618608722977618,0.07380952380952381
G4,Agreement,0.83,1024,850,155,0.18235294117647058,174,83,0.9617104325708626,0.08470588235294117
G4,Agreement,0.84,1024,861,162,0.18815331010452963,163,79,0.9610051982270953,0.09639953542392567
G4,Agreement,0.85,1024,871,168,0.1928817451205511,153,75,0.9603345630263712,0.10677382319173363
G4,Agreement,0.86,1024,881,176,0.19977298524404086,143,73,0.9593555608702784,0.11691259931895573
G4,Agreement,0.87,1024,891,184,0.20650953984287318,133,71,0.9582656790532214,0.12682379349046016
G4,Agreement,0.88,1024,902,191,0.21175166297117518,122,67,0.9577578360397566,0.13747228381374724
G4,Agreement,0.89,1024,912,194,0.21271929824561403,112,60,0.9577473023745859,0.14692982456140352
G4,Agreement,0.9,1024,922,200,0.21691973969631237,102,56,0.9572739510669522,0.1561822125813449
G4,Agreement,0.91,1024,932,206,0.22103004291845493,92,52,0.9566809776550053,0.16523605150214593
G4,Agreement,0.92,1024,943,212,0.22481442205726404,81,47,0.9564078520116506,0.17497348886532343
G4,Agreement,0.93,1024,953,220,0.23084994753410285,71,45,0.955817438657396,0.18363064008394545
G4,Agreement,0.94,1024,963,225,0.2336448598130841,61,40,0.9552618742304182,0.1921079958463136
G4,Agreement,0.95,1024,973,225,0.2312435765673176,51,30,0.9556702503744596,0.20041109969167523
G4,Agreement,0.96,1024,984,229,0.23272357723577236,40,23,0.9557430729794654,0.20934959349593496
G4,Agreement,0.97,1024,994,236,0.23742454728370221,30,20,0.9553612863764506,0.21730382293762576
G4,Agreement,0.98,1024,1004,242,0.2410358565737052,20,16,0.955017904316869,0.2250996015936255
G4,Agreement,0.99,1024,1014,244,0.2406311637080868,10,8,0.9550748063256991,0.23274161735700197
G4,Agreement,1.0,1024,1024,246,0.240234375,0,0,0.9552352569200135,0.240234375
