target,residual,snr_db,sum,size,minimum_mistakes,prevalence,minimum_mean_squared_error
G1_p0_w0_regular,G1_p1,-5.0,4,4,0,1.0,0.0
G1_p0_w0_regular,G1_p1,0.0,1,4,1,0.25,0.1875
G1_p0_w0_regular,G1_p1,10.0,0,4,0,0.0,0.0
G1_p0_w0_regular,G1_p1,20.0,0,4,0,0.0,0.0
G1_p0_w0_regular,G1_p2,-5.0,3,4,1,0.75,0.1875
G1_p0_w0_regular,G1_p2,0.0,1,4,1,0.25,0.1875
G1_p0_w0_regular,G1_p2,10.0,0,4,0,0.0,0.0
G1_p0_w0_regular,G1_p2,20.0,0,4,0,0.0,0.0
G1_p0_w0_regular,G1_p3,-5.0,2,4,2,0.5,0.25
G1_p0_w0_regular,G1_p3,0.0,0,4,0,0.0,0.0
G1_p0_w0_regular,G1_p3,10.0,0,4,0,0.0,0.0
G1_p0_w0_regular,G1_p3,20.0,0,4,0,0.0,0.0
G1_p0_w0_regular,G1_p4,-5.0,4,4,0,1.0,0.0
G1_p0_w0_regular,G1_p4,0.0,4,4,0,1.0,0.0
G1_p0_w0_regular,G1_p4,10.0,0,4,0,0.0,0.0
G1_p0_w0_regular,G1_p4,20.0,0,4,0,0.0,0.0
G1_p0_w0_regular,G2_p1,-5.0,4,4,0,1.0,0.0
G1_p0_w0_regular,G2_p1,0.0,3,4,1,0.75,0.1875
G1_p0_w0_regular,G2_p1,10.0,0,4,0,0.0,0.0
G1_p0_w0_regular,G2_p1,20.0,0,4,0,0.0,0.0
G1_p0_w0_regular,G2_p2,-5.0,3,4,1,0.75,0.1875
G1_p0_w0_regular,G2_p2,0.0,0,4,0,0.0,0.0
G1_p0_w0_regular,G2_p2,10.0,0,4,0,0.0,0.0
G1_p0_w0_regular,G2_p2,20.0,0,4,0,0.0,0.0
G1_p0_w0_regular,G2_p3,-5.0,4,4,0,1.0,0.0
G1_p0_w0_regular,G2_p3,0.0,0,4,0,0.0,0.0
G1_p0_w0_regular,G2_p3,10.0,0,4,0,0.0,0.0
G1_p0_w0_regular,G2_p3,20.0,0,4,0,0.0,0.0
G1_p0_w0_regular,G2_p4,-5.0,4,4,0,1.0,0.0
G1_p0_w0_regular,G2_p4,0.0,4,4,0,1.0,0.0
G1_p0_w0_regular,G2_p4,10.0,0,4,0,0.0,0.0
G1_p0_w0_regular,G2_p4,20.0,0,4,0,0.0,0.0
G1_p0_w0_regular,G3_p1,-5.0,4,4,0,1.0,0.0
G1_p0_w0_regular,G3_p1,0.0,4,4,0,1.0,0.0
G1_p0_w0_regular,G3_p1,10.0,0,4,0,0.0,0.0
G1_p0_w0_regular,G3_p1,20.0,0,4,0,0.0,0.0
G1_p0_w0_regular,G3_p2,-5.0,0,4,0,0.0,0.0
G1_p0_w0_regular,G3_p2,0.0,0,4,0,0.0,0.0
G1_p0_w0_regular,G3_p2,10.0,0,4,0,0.0,0.0
G1_p0_w0_regular,G3_p2,20.0,0,4,0,0.0,0.0
G1_p0_w0_regular,G3_p3,-5.0,0,4,0,0.0,0.0
G1_p0_w0_regular,G3_p3,0.0,0,4,0,0.0,0.0
G1_p0_w0_regular,G3_p3,10.0,0,4,0,0.0,0.0
G1_p0_w0_regular,G3_p3,20.0,0,4,0,0.0,0.0
G1_p0_w0_regular,G3_p4,-5.0,4,4,0,1.0,0.0
G1_p0_w0_regular,G3_p4,0.0,0,4,0,0.0,0.0
G1_p0_w0_regular,G3_p4,10.0,0,4,0,0.0,0.0
G1_p0_w0_regular,G3_p4,20.0,0,4,0,0.0,0.0
G1_p0_w0_regular,G4_p1,-5.0,4,4,0,1.0,0.0
G1_p0_w0_regular,G4_p1,0.0,3,4,1,0.75,0.1875
G1_p0_w0_regular,G4_p1,10.0,0,4,0,0.0,0.0
G1_p0_w0_regular,G4_p1,20.0,0,4,0,0.0,0.0
G1_p0_w0_regular,G4_p2,-5.0,3,4,1,0.75,0.1875
G1_p0_w0_regular,G4_p2,0.0,0,4,0,0.0,0.0
G1_p0_w0_regular,G4_p2,10.0,0,4,0,0.0,0.0
G1_p0_w0_regular,G4_p2,20.0,0,4,0,0.0,0.0
G1_p0_w0_regular,G4_p3,-5.0,0,4,0,0.0,0.0
G1_p0_w0_regular,G4_p3,0.0,0,4,0,0.0,0.0
G1_p0_w0_regular,G4_p3,10.0,0,4,0,0.0,0.0
G1_p0_w0_regular,G4_p3,20.0,0,4,0,0.0,0.0
G1_p0_w0_regular,G4_p4,-5.0,4,4,0,1.0,0.0
G1_p0_w0_regular,G4_p4,0.0,1,4,1,0.25,0.1875
G1_p0_w0_regular,G4_p4,10.0,0,4,0,0.0,0.0
G1_p0_w0_regular,G4_p4,20.0,0,4,0,0.0,0.0
G1_p0_w0_variable,G1_p1,-5.0,4,4,0,1.0,0.0
G1_p0_w0_variable,G1_p1,0.0,2,4,2,0.5,0.25
G1_p0_w0_variable,G1_p1,10.0,0,4,0,0.0,0.0
G1_p0_w0_variable,G1_p1,20.0,0,4,0,0.0,0.0
G1_p0_w0_variable,G1_p2,-5.0,3,4,1,0.75,0.1875
G1_p0_w0_variable,G1_p2,0.0,0,4,0,0.0,0.0
G1_p0_w0_variable,G1_p2,10.0,0,4,0,0.0,0.0
G1_p0_w0_variable,G1_p2,20.0,0,4,0,0.0,0.0
G1_p0_w0_variable,G1_p3,-5.0,3,4,1,0.75,0.1875
G1_p0_w0_variable,G1_p3,0.0,0,4,0,0.0,0.0
G1_p0_w0_variable,G1_p3,10.0,0,4,0,0.0,0.0
G1_p0_w0_variable,G1_p3,20.0,0,4,0,0.0,0.0
G1_p0_w0_variable,G1_p4,-5.0,4,4,0,1.0,0.0
G1_p0_w0_variable,G1_p4,0.0,4,4,0,1.0,0.0
G1_p0_w0_variable,G1_p4,10.0,0,4,0,0.0,0.0
G1_p0_w0_variable,G1_p4,20.0,0,4,0,0.0,0.0
G1_p0_w0_variable,G2_p1,-5.0,4,4,0,1.0,0.0
G1_p0_w0_variable,G2_p1,0.0,3,4,1,0.75,0.1875
G1_p0_w0_variable,G2_p1,10.0,0,4,0,0.0,0.0
G1_p0_w0_variable,G2_p1,20.0,0,4,0,0.0,0.0
G1_p0_w0_variable,G2_p2,-5.0,4,4,0,1.0,0.0
G1_p0_w0_variable,G2_p2,0.0,1,4,1,0.25,0.1875
G1_p0_w0_variable,G2_p2,10.0,0,4,0,0.0,0.0
G1_p0_w0_variable,G2_p2,20.0,0,4,0,0.0,0.0
G1_p0_w0_variable,G2_p3,-5.0,4,4,0,1.0,0.0
G1_p0_w0_variable,G2_p3,0.0,1,4,1,0.25,0.1875
G1_p0_w0_variable,G2_p3,10.0,0,4,0,0.0,0.0
G1_p0_w0_variable,G2_p3,20.0,0,4,0,0.0,0.0
G1_p0_w0_variable,G2_p4,-5.0,4,4,0,1.0,0.0
G1_p0_w0_variable,G2_p4,0.0,4,4,0,1.0,0.0
G1_p0_w0_variable,G2_p4,10.0,0,4,0,0.0,0.0
G1_p0_w0_variable,G2_p4,20.0,0,4,0,0.0,0.0
G1_p0_w0_variable,G3_p1,-5.0,4,4,0,1.0,0.0
G1_p0_w0_variable,G3_p1,0.0,4,4,0,1.0,0.0
G1_p0_w0_variable,G3_p1,10.0,0,4,0,0.0,0.0
G1_p0_w0_variable,G3_p1,20.0,0,4,0,0.0,0.0
G1_p0_w0_variable,G3_p2,-5.0,0,4,0,0.0,0.0
G1_p0_w0_variable,G3_p2,0.0,0,4,0,0.0,0.0
G1_p0_w0_variable,G3_p2,10.0,0,4,0,0.0,0.0
G1_p0_w0_variable,G3_p2,20.0,0,4,0,0.0,0.0
G1_p0_w0_variable,G3_p3,-5.0,0,4,0,0.0,0.0
G1_p0_w0_variable,G3_p3,0.0,0,4,0,0.0,0.0
G1_p0_w0_variable,G3_p3,10.0,0,4,0,0.0,0.0
G1_p0_w0_variable,G3_p3,20.0,0,4,0,0.0,0.0
G1_p0_w0_variable,G3_p4,-5.0,3,4,1,0.75,0.1875
G1_p0_w0_variable,G3_p4,0.0,0,4,0,0.0,0.0
G1_p0_w0_variable,G3_p4,10.0,0,4,0,0.0,0.0
G1_p0_w0_variable,G3_p4,20.0,0,4,0,0.0,0.0
G1_p0_w0_variable,G4_p1,-5.0,4,4,0,1.0,0.0
G1_p0_w0_variable,G4_p1,0.0,4,4,0,1.0,0.0
G1_p0_w0_variable,G4_p1,10.0,0,4,0,0.0,0.0
G1_p0_w0_variable,G4_p1,20.0,0,4,0,0.0,0.0
G1_p0_w0_variable,G4_p2,-5.0,4,4,0,1.0,0.0
G1_p0_w0_variable,G4_p2,0.0,0,4,0,0.0,0.0
G1_p0_w0_variable,G4_p2,10.0,0,4,0,0.0,0.0
G1_p0_w0_variable,G4_p2,20.0,0,4,0,0.0,0.0
G1_p0_w0_variable,G4_p3,-5.0,0,4,0,0.0,0.0
G1_p0_w0_variable,G4_p3,0.0,0,4,0,0.0,0.0
G1_p0_w0_variable,G4_p3,10.0,0,4,0,0.0,0.0
G1_p0_w0_variable,G4_p3,20.0,0,4,0,0.0,0.0
G1_p0_w0_variable,G4_p4,-5.0,4,4,0,1.0,0.0
G1_p0_w0_variable,G4_p4,0.0,0,4,0,0.0,0.0
G1_p0_w0_variable,G4_p4,10.0,0,4,0,0.0,0.0
G1_p0_w0_variable,G4_p4,20.0,0,4,0,0.0,0.0
G1_p0_w1_regular,G1_p1,-5.0,4,4,0,1.0,0.0
G1_p0_w1_regular,G1_p1,0.0,1,4,1,0.25,0.1875
G1_p0_w1_regular,G1_p1,10.0,0,4,0,0.0,0.0
G1_p0_w1_regular,G1_p1,20.0,0,4,0,0.0,0.0
G1_p0_w1_regular,G1_p2,-5.0,3,4,1,0.75,0.1875
G1_p0_w1_regular,G1_p2,0.0,0,4,0,0.0,0.0
G1_p0_w1_regular,G1_p2,10.0,0,4,0,0.0,0.0
G1_p0_w1_regular,G1_p2,20.0,0,4,0,0.0,0.0
G1_p0_w1_regular,G1_p3,-5.0,3,4,1,0.75,0.1875
G1_p0_w1_regular,G1_p3,0.0,0,4,0,0.0,0.0
G1_p0_w1_regular,G1_p3,10.0,0,4,0,0.0,0.0
G1_p0_w1_regular,G1_p3,20.0,0,4,0,0.0,0.0
G1_p0_w1_regular,G1_p4,-5.0,4,4,0,1.0,0.0
G1_p0_w1_regular,G1_p4,0.0,4,4,0,1.0,0.0
G1_p0_w1_regular,G1_p4,10.0,0,4,0,0.0,0.0
G1_p0_w1_regular,G1_p4,20.0,0,4,0,0.0,0.0
G1_p0_w1_regular,G2_p1,-5.0,3,4,1,0.75,0.1875
G1_p0_w1_regular,G2_p1,0.0,2,4,2,0.5,0.25
G1_p0_w1_regular,G2_p1,10.0,0,4,0,0.0,0.0
G1_p0_w1_regular,G2_p1,20.0,0,4,0,0.0,0.0
G1_p0_w1_regular,G2_p2,-5.0,2,4,2,0.5,0.25
G1_p0_w1_regular,G2_p2,0.0,0,4,0,0.0,0.0
G1_p0_w1_regular,G2_p2,10.0,0,4,0,0.0,0.0
G1_p0_w1_regular,G2_p2,20.0,0,4,0,0.0,0.0
G1_p0_w1_regular,G2_p3,-5.0,3,4,1,0.75,0.1875
G1_p0_w1_regular,G2_p3,0.0,0,4,0,0.0,0.0
G1_p0_w1_regular,G2_p3,10.0,0,4,0,0.0,0.0
G1_p0_w1_regular,G2_p3,20.0,0,4,0,0.0,0.0
G1_p0_w1_regular,G2_p4,-5.0,4,4,0,1.0,0.0
G1_p0_w1_regular,G2_p4,0.0,4,4,0,1.0,0.0
G1_p0_w1_regular,G2_p4,10.0,0,4,0,0.0,0.0
G1_p0_w1_regular,G2_p4,20.0,0,4,0,0.0,0.0
G1_p0_w1_regular,G3_p1,-5.0,4,4,0,1.0,0.0
G1_p0_w1_regular,G3_p1,0.0,3,4,1,0.75,0.1875
G1_p0_w1_regular,G3_p1,10.0,0,4,0,0.0,0.0
G1_p0_w1_regular,G3_p1,20.0,0,4,0,0.0,0.0
G1_p0_w1_regular,G3_p2,-5.0,0,4,0,0.0,0.0
G1_p0_w1_regular,G3_p2,0.0,0,4,0,0.0,0.0
G1_p0_w1_regular,G3_p2,10.0,0,4,0,0.0,0.0
G1_p0_w1_regular,G3_p2,20.0,0,4,0,0.0,0.0
G1_p0_w1_regular,G3_p3,-5.0,0,4,0,0.0,0.0
G1_p0_w1_regular,G3_p3,0.0,0,4,0,0.0,0.0
G1_p0_w1_regular,G3_p3,10.0,0,4,0,0.0,0.0
G1_p0_w1_regular,G3_p3,20.0,0,4,0,0.0,0.0
G1_p0_w1_regular,G3_p4,-5.0,4,4,0,1.0,0.0
G1_p0_w1_regular,G3_p4,0.0,0,4,0,0.0,0.0
G1_p0_w1_regular,G3_p4,10.0,0,4,0,0.0,0.0
G1_p0_w1_regular,G3_p4,20.0,0,4,0,0.0,0.0
G1_p0_w1_regular,G4_p1,-5.0,4,4,0,1.0,0.0
G1_p0_w1_regular,G4_p1,0.0,4,4,0,1.0,0.0
G1_p0_w1_regular,G4_p1,10.0,0,4,0,0.0,0.0
G1_p0_w1_regular,G4_p1,20.0,0,4,0,0.0,0.0
G1_p0_w1_regular,G4_p2,-5.0,4,4,0,1.0,0.0
G1_p0_w1_regular,G4_p2,0.0,1,4,1,0.25,0.1875
G1_p0_w1_regular,G4_p2,10.0,0,4,0,0.0,0.0
G1_p0_w1_regular,G4_p2,20.0,0,4,0,0.0,0.0
G1_p0_w1_regular,G4_p3,-5.0,0,4,0,0.0,0.0
G1_p0_w1_regular,G4_p3,0.0,0,4,0,0.0,0.0
G1_p0_w1_regular,G4_p3,10.0,0,4,0,0.0,0.0
G1_p0_w1_regular,G4_p3,20.0,0,4,0,0.0,0.0
G1_p0_w1_regular,G4_p4,-5.0,4,4,0,1.0,0.0
G1_p0_w1_regular,G4_p4,0.0,1,4,1,0.25,0.1875
G1_p0_w1_regular,G4_p4,10.0,0,4,0,0.0,0.0
G1_p0_w1_regular,G4_p4,20.0,0,4,0,0.0,0.0
G1_p0_w1_variable,G1_p1,-5.0,4,4,0,1.0,0.0
G1_p0_w1_variable,G1_p1,0.0,1,4,1,0.25,0.1875
G1_p0_w1_variable,G1_p1,10.0,0,4,0,0.0,0.0
G1_p0_w1_variable,G1_p1,20.0,0,4,0,0.0,0.0
G1_p0_w1_variable,G1_p2,-5.0,4,4,0,1.0,0.0
G1_p0_w1_variable,G1_p2,0.0,0,4,0,0.0,0.0
G1_p0_w1_variable,G1_p2,10.0,0,4,0,0.0,0.0
G1_p0_w1_variable,G1_p2,20.0,0,4,0,0.0,0.0
G1_p0_w1_variable,G1_p3,-5.0,3,4,1,0.75,0.1875
G1_p0_w1_variable,G1_p3,0.0,0,4,0,0.0,0.0
G1_p0_w1_variable,G1_p3,10.0,0,4,0,0.0,0.0
G1_p0_w1_variable,G1_p3,20.0,0,4,0,0.0,0.0
G1_p0_w1_variable,G1_p4,-5.0,4,4,0,1.0,0.0
G1_p0_w1_variable,G1_p4,0.0,4,4,0,1.0,0.0
G1_p0_w1_variable,G1_p4,10.0,0,4,0,0.0,0.0
G1_p0_w1_variable,G1_p4,20.0,0,4,0,0.0,0.0
G1_p0_w1_variable,G2_p1,-5.0,4,4,0,1.0,0.0
G1_p0_w1_variable,G2_p1,0.0,4,4,0,1.0,0.0
G1_p0_w1_variable,G2_p1,10.0,0,4,0,0.0,0.0
G1_p0_w1_variable,G2_p1,20.0,0,4,0,0.0,0.0
G1_p0_w1_variable,G2_p2,-5.0,3,4,1,0.75,0.1875
G1_p0_w1_variable,G2_p2,0.0,1,4,1,0.25,0.1875
G1_p0_w1_variable,G2_p2,10.0,0,4,0,0.0,0.0
G1_p0_w1_variable,G2_p2,20.0,0,4,0,0.0,0.0
G1_p0_w1_variable,G2_p3,-5.0,4,4,0,1.0,0.0
G1_p0_w1_variable,G2_p3,0.0,0,4,0,0.0,0.0
G1_p0_w1_variable,G2_p3,10.0,0,4,0,0.0,0.0
G1_p0_w1_variable,G2_p3,20.0,0,4,0,0.0,0.0
G1_p0_w1_variable,G2_p4,-5.0,4,4,0,1.0,0.0
G1_p0_w1_variable,G2_p4,0.0,4,4,0,1.0,0.0
G1_p0_w1_variable,G2_p4,10.0,0,4,0,0.0,0.0
G1_p0_w1_variable,G2_p4,20.0,0,4,0,0.0,0.0
G1_p0_w1_variable,G3_p1,-5.0,4,4,0,1.0,0.0
G1_p0_w1_variable,G3_p1,0.0,4,4,0,1.0,0.0
G1_p0_w1_variable,G3_p1,10.0,0,4,0,0.0,0.0
G1_p0_w1_variable,G3_p1,20.0,0,4,0,0.0,0.0
G1_p0_w1_variable,G3_p2,-5.0,0,4,0,0.0,0.0
G1_p0_w1_variable,G3_p2,0.0,0,4,0,0.0,0.0
G1_p0_w1_variable,G3_p2,10.0,0,4,0,0.0,0.0
G1_p0_w1_variable,G3_p2,20.0,0,4,0,0.0,0.0
G1_p0_w1_variable,G3_p3,-5.0,0,4,0,0.0,0.0
G1_p0_w1_variable,G3_p3,0.0,0,4,0,0.0,0.0
G1_p0_w1_variable,G3_p3,10.0,0,4,0,0.0,0.0
G1_p0_w1_variable,G3_p3,20.0,0,4,0,0.0,0.0
G1_p0_w1_variable,G3_p4,-5.0,4,4,0,1.0,0.0
G1_p0_w1_variable,G3_p4,0.0,1,4,1,0.25,0.1875
G1_p0_w1_variable,G3_p4,10.0,0,4,0,0.0,0.0
G1_p0_w1_variable,G3_p4,20.0,0,4,0,0.0,0.0
G1_p0_w1_variable,G4_p1,-5.0,4,4,0,1.0,0.0
G1_p0_w1_variable,G4_p1,0.0,4,4,0,1.0,0.0
G1_p0_w1_variable,G4_p1,10.0,0,4,0,0.0,0.0
G1_p0_w1_variable,G4_p1,20.0,0,4,0,0.0,0.0
G1_p0_w1_variable,G4_p2,-5.0,4,4,0,1.0,0.0
G1_p0_w1_variable,G4_p2,0.0,1,4,1,0.25,0.1875
G1_p0_w1_variable,G4_p2,10.0,0,4,0,0.0,0.0
G1_p0_w1_variable,G4_p2,20.0,0,4,0,0.0,0.0
G1_p0_w1_variable,G4_p3,-5.0,2,4,2,0.5,0.25
G1_p0_w1_variable,G4_p3,0.0,0,4,0,0.0,0.0
G1_p0_w1_variable,G4_p3,10.0,0,4,0,0.0,0.0
G1_p0_w1_variable,G4_p3,20.0,0,4,0,0.0,0.0
G1_p0_w1_variable,G4_p4,-5.0,4,4,0,1.0,0.0
G1_p0_w1_variable,G4_p4,0.0,1,4,1,0.25,0.1875
G1_p0_w1_variable,G4_p4,10.0,0,4,0,0.0,0.0
G1_p0_w1_variable,G4_p4,20.0,0,4,0,0.0,0.0
G1_p0_w2_regular,G1_p1,-5.0,4,4,0,1.0,0.0
G1_p0_w2_regular,G1_p1,0.0,2,4,2,0.5,0.25
G1_p0_w2_regular,G1_p1,10.0,0,4,0,0.0,0.0
G1_p0_w2_regular,G1_p1,20.0,0,4,0,0.0,0.0
G1_p0_w2_regular,G1_p2,-5.0,3,4,1,0.75,0.1875
G1_p0_w2_regular,G1_p2,0.0,0,4,0,0.0,0.0
G1_p0_w2_regular,G1_p2,10.0,0,4,0,0.0,0.0
G1_p0_w2_regular,G1_p2,20.0,0,4,0,0.0,0.0
G1_p0_w2_regular,G1_p3,-5.0,2,4,2,0.5,0.25
G1_p0_w2_regular,G1_p3,0.0,0,4,0,0.0,0.0
G1_p0_w2_regular,G1_p3,10.0,0,4,0,0.0,0.0
G1_p0_w2_regular,G1_p3,20.0,0,4,0,0.0,0.0
G1_p0_w2_regular,G1_p4,-5.0,4,4,0,1.0,0.0
G1_p0_w2_regular,G1_p4,0.0,4,4,0,1.0,0.0
G1_p0_w2_regular,G1_p4,10.0,0,4,0,0.0,0.0
G1_p0_w2_regular,G1_p4,20.0,0,4,0,0.0,0.0
G1_p0_w2_regular,G2_p1,-5.0,3,4,1,0.75,0.1875
G1_p0_w2_regular,G2_p1,0.0,3,4,1,0.75,0.1875
G1_p0_w2_regular,G2_p1,10.0,0,4,0,0.0,0.0
G1_p0_w2_regular,G2_p1,20.0,0,4,0,0.0,0.0
G1_p0_w2_regular,G2_p2,-5.0,4,4,0,1.0,0.0
G1_p0_w2_regular,G2_p2,0.0,0,4,0,0.0,0.0
G1_p0_w2_regular,G2_p2,10.0,0,4,0,0.0,0.0
G1_p0_w2_regular,G2_p2,20.0,0,4,0,0.0,0.0
G1_p0_w2_regular,G2_p3,-5.0,3,4,1,0.75,0.1875
G1_p0_w2_regular,G2_p3,0.0,1,4,1,0.25,0.1875
G1_p0_w2_regular,G2_p3,10.0,0,4,0,0.0,0.0
G1_p0_w2_regular,G2_p3,20.0,0,4,0,0.0,0.0
G1_p0_w2_regular,G2_p4,-5.0,4,4,0,1.0,0.0
G1_p0_w2_regular,G2_p4,0.0,4,4,0,1.0,0.0
G1_p0_w2_regular,G2_p4,10.0,0,4,0,0.0,0.0
G1_p0_w2_regular,G2_p4,20.0,0,4,0,0.0,0.0
G1_p0_w2_regular,G3_p1,-5.0,4,4,0,1.0,0.0
G1_p0_w2_regular,G3_p1,0.0,4,4,0,1.0,0.0
G1_p0_w2_regular,G3_p1,10.0,0,4,0,0.0,0.0
G1_p0_w2_regular,G3_p1,20.0,0,4,0,0.0,0.0
G1_p0_w2_regular,G3_p2,-5.0,0,4,0,0.0,0.0
G1_p0_w2_regular,G3_p2,0.0,0,4,0,0.0,0.0
G1_p0_w2_regular,G3_p2,10.0,0,4,0,0.0,0.0
G1_p0_w2_regular,G3_p2,20.0,0,4,0,0.0,0.0
G1_p0_w2_regular,G3_p3,-5.0,0,4,0,0.0,0.0
G1_p0_w2_regular,G3_p3,0.0,0,4,0,0.0,0.0
G1_p0_w2_regular,G3_p3,10.0,0,4,0,0.0,0.0
G1_p0_w2_regular,G3_p3,20.0,0,4,0,0.0,0.0
G1_p0_w2_regular,G3_p4,-5.0,4,4,0,1.0,0.0
G1_p0_w2_regular,G3_p4,0.0,0,4,0,0.0,0.0
G1_p0_w2_regular,G3_p4,10.0,0,4,0,0.0,0.0
G1_p0_w2_regular,G3_p4,20.0,0,4,0,0.0,0.0
G1_p0_w2_regular,G4_p1,-5.0,4,4,0,1.0,0.0
G1_p0_w2_regular,G4_p1,0.0,3,4,1,0.75,0.1875
G1_p0_w2_regular,G4_p1,10.0,0,4,0,0.0,0.0
G1_p0_w2_regular,G4_p1,20.0,0,4,0,0.0,0.0
G1_p0_w2_regular,G4_p2,-5.0,4,4,0,1.0,0.0
G1_p0_w2_regular,G4_p2,0.0,0,4,0,0.0,0.0
G1_p0_w2_regular,G4_p2,10.0,0,4,0,0.0,0.0
G1_p0_w2_regular,G4_p2,20.0,0,4,0,0.0,0.0
G1_p0_w2_regular,G4_p3,-5.0,0,4,0,0.0,0.0
G1_p0_w2_regular,G4_p3,0.0,0,4,0,0.0,0.0
G1_p0_w2_regular,G4_p3,10.0,0,4,0,0.0,0.0
G1_p0_w2_regular,G4_p3,20.0,0,4,0,0.0,0.0
G1_p0_w2_regular,G4_p4,-5.0,4,4,0,1.0,0.0
G1_p0_w2_regular,G4_p4,0.0,1,4,1,0.25,0.1875
G1_p0_w2_regular,G4_p4,10.0,0,4,0,0.0,0.0
G1_p0_w2_regular,G4_p4,20.0,0,4,0,0.0,0.0
G1_p0_w2_variable,G1_p1,-5.0,4,4,0,1.0,0.0
G1_p0_w2_variable,G1_p1,0.0,1,4,1,0.25,0.1875
G1_p0_w2_variable,G1_p1,10.0,0,4,0,0.0,0.0
G1_p0_w2_variable,G1_p1,20.0,0,4,0,0.0,0.0
G1_p0_w2_variable,G1_p2,-5.0,3,4,1,0.75,0.1875
G1_p0_w2_variable,G1_p2,0.0,0,4,0,0.0,0.0
G1_p0_w2_variable,G1_p2,10.0,0,4,0,0.0,0.0
G1_p0_w2_variable,G1_p2,20.0,0,4,0,0.0,0.0
G1_p0_w2_variable,G1_p3,-5.0,2,4,2,0.5,0.25
G1_p0_w2_variable,G1_p3,0.0,0,4,0,0.0,0.0
G1_p0_w2_variable,G1_p3,10.0,0,4,0,0.0,0.0
G1_p0_w2_variable,G1_p3,20.0,0,4,0,0.0,0.0
G1_p0_w2_variable,G1_p4,-5.0,4,4,0,1.0,0.0
G1_p0_w2_variable,G1_p4,0.0,4,4,0,1.0,0.0
G1_p0_w2_variable,G1_p4,10.0,0,4,0,0.0,0.0
G1_p0_w2_variable,G1_p4,20.0,0,4,0,0.0,0.0
G1_p0_w2_variable,G2_p1,-5.0,4,4,0,1.0,0.0
G1_p0_w2_variable,G2_p1,0.0,4,4,0,1.0,0.0
G1_p0_w2_variable,G2_p1,10.0,0,4,0,0.0,0.0
G1_p0_w2_variable,G2_p1,20.0,0,4,0,0.0,0.0
G1_p0_w2_variable,G2_p2,-5.0,1,4,1,0.25,0.1875
G1_p0_w2_variable,G2_p2,0.0,0,4,0,0.0,0.0
G1_p0_w2_variable,G2_p2,10.0,0,4,0,0.0,0.0
G1_p0_w2_variable,G2_p2,20.0,0,4,0,0.0,0.0
G1_p0_w2_variable,G2_p3,-5.0,4,4,0,1.0,0.0
G1_p0_w2_variable,G2_p3,0.0,0,4,0,0.0,0.0
G1_p0_w2_variable,G2_p3,10.0,0,4,0,0.0,0.0
G1_p0_w2_variable,G2_p3,20.0,0,4,0,0.0,0.0
G1_p0_w2_variable,G2_p4,-5.0,4,4,0,1.0,0.0
G1_p0_w2_variable,G2_p4,0.0,4,4,0,1.0,0.0
G1_p0_w2_variable,G2_p4,10.0,0,4,0,0.0,0.0
G1_p0_w2_variable,G2_p4,20.0,0,4,0,0.0,0.0
G1_p0_w2_variable,G3_p1,-5.0,4,4,0,1.0,0.0
G1_p0_w2_variable,G3_p1,0.0,4,4,0,1.0,0.0
G1_p0_w2_variable,G3_p1,10.0,0,4,0,0.0,0.0
G1_p0_w2_variable,G3_p1,20.0,0,4,0,0.0,0.0
G1_p0_w2_variable,G3_p2,-5.0,0,4,0,0.0,0.0
G1_p0_w2_variable,G3_p2,0.0,0,4,0,0.0,0.0
G1_p0_w2_variable,G3_p2,10.0,0,4,0,0.0,0.0
G1_p0_w2_variable,G3_p2,20.0,0,4,0,0.0,0.0
G1_p0_w2_variable,G3_p3,-5.0,0,4,0,0.0,0.0
G1_p0_w2_variable,G3_p3,0.0,0,4,0,0.0,0.0
G1_p0_w2_variable,G3_p3,10.0,0,4,0,0.0,0.0
G1_p0_w2_variable,G3_p3,20.0,0,4,0,0.0,0.0
G1_p0_w2_variable,G3_p4,-5.0,4,4,0,1.0,0.0
G1_p0_w2_variable,G3_p4,0.0,0,4,0,0.0,0.0
G1_p0_w2_variable,G3_p4,10.0,0,4,0,0.0,0.0
G1_p0_w2_variable,G3_p4,20.0,0,4,0,0.0,0.0
G1_p0_w2_variable,G4_p1,-5.0,4,4,0,1.0,0.0
G1_p0_w2_variable,G4_p1,0.0,4,4,0,1.0,0.0
G1_p0_w2_variable,G4_p1,10.0,0,4,0,0.0,0.0
G1_p0_w2_variable,G4_p1,20.0,0,4,0,0.0,0.0
G1_p0_w2_variable,G4_p2,-5.0,4,4,0,1.0,0.0
G1_p0_w2_variable,G4_p2,0.0,0,4,0,0.0,0.0
G1_p0_w2_variable,G4_p2,10.0,0,4,0,0.0,0.0
G1_p0_w2_variable,G4_p2,20.0,0,4,0,0.0,0.0
G1_p0_w2_variable,G4_p3,-5.0,0,4,0,0.0,0.0
G1_p0_w2_variable,G4_p3,0.0,0,4,0,0.0,0.0
G1_p0_w2_variable,G4_p3,10.0,0,4,0,0.0,0.0
G1_p0_w2_variable,G4_p3,20.0,0,4,0,0.0,0.0
G1_p0_w2_variable,G4_p4,-5.0,4,4,0,1.0,0.0
G1_p0_w2_variable,G4_p4,0.0,2,4,2,0.5,0.25
G1_p0_w2_variable,G4_p4,10.0,0,4,0,0.0,0.0
G1_p0_w2_variable,G4_p4,20.0,0,4,0,0.0,0.0
G1_p0_w3_regular,G1_p1,-5.0,4,4,0,1.0,0.0
G1_p0_w3_regular,G1_p1,0.0,0,4,0,0.0,0.0
G1_p0_w3_regular,G1_p1,10.0,0,4,0,0.0,0.0
G1_p0_w3_regular,G1_p1,20.0,0,4,0,0.0,0.0
G1_p0_w3_regular,G1_p2,-5.0,4,4,0,1.0,0.0
G1_p0_w3_regular,G1_p2,0.0,0,4,0,0.0,0.0
G1_p0_w3_regular,G1_p2,10.0,0,4,0,0.0,0.0
G1_p0_w3_regular,G1_p2,20.0,0,4,0,0.0,0.0
G1_p0_w3_regular,G1_p3,-5.0,2,4,2,0.5,0.25
G1_p0_w3_regular,G1_p3,0.0,0,4,0,0.0,0.0
G1_p0_w3_regular,G1_p3,10.0,0,4,0,0.0,0.0
G1_p0_w3_regular,G1_p3,20.0,0,4,0,0.0,0.0
G1_p0_w3_regular,G1_p4,-5.0,4,4,0,1.0,0.0
G1_p0_w3_regular,G1_p4,0.0,4,4,0,1.0,0.0
G1_p0_w3_regular,G1_p4,10.0,0,4,0,0.0,0.0
G1_p0_w3_regular,G1_p4,20.0,0,4,0,0.0,0.0
G1_p0_w3_regular,G2_p1,-5.0,4,4,0,1.0,0.0
G1_p0_w3_regular,G2_p1,0.0,3,4,1,0.75,0.1875
G1_p0_w3_regular,G2_p1,10.0,0,4,0,0.0,0.0
G1_p0_w3_regular,G2_p1,20.0,0,4,0,0.0,0.0
G1_p0_w3_regular,G2_p2,-5.0,2,4,2,0.5,0.25
G1_p0_w3_regular,G2_p2,0.0,2,4,2,0.5,0.25
G1_p0_w3_regular,G2_p2,10.0,0,4,0,0.0,0.0
G1_p0_w3_regular,G2_p2,20.0,0,4,0,0.0,0.0
G1_p0_w3_regular,G2_p3,-5.0,4,4,0,1.0,0.0
G1_p0_w3_regular,G2_p3,0.0,0,4,0,0.0,0.0
G1_p0_w3_regular,G2_p3,10.0,0,4,0,0.0,0.0
G1_p0_w3_regular,G2_p3,20.0,0,4,0,0.0,0.0
G1_p0_w3_regular,G2_p4,-5.0,4,4,0,1.0,0.0
G1_p0_w3_regular,G2_p4,0.0,4,4,0,1.0,0.0
G1_p0_w3_regular,G2_p4,10.0,0,4,0,0.0,0.0
G1_p0_w3_regular,G2_p4,20.0,0,4,0,0.0,0.0
G1_p0_w3_regular,G3_p1,-5.0,4,4,0,1.0,0.0
G1_p0_w3_regular,G3_p1,0.0,2,4,2,0.5,0.25
G1_p0_w3_regular,G3_p1,10.0,0,4,0,0.0,0.0
G1_p0_w3_regular,G3_p1,20.0,0,4,0,0.0,0.0
G1_p0_w3_regular,G3_p2,-5.0,0,4,0,0.0,0.0
G1_p0_w3_regular,G3_p2,0.0,0,4,0,0.0,0.0
G1_p0_w3_regular,G3_p2,10.0,0,4,0,0.0,0.0
G1_p0_w3_regular,G3_p2,20.0,0,4,0,0.0,0.0
G1_p0_w3_regular,G3_p3,-5.0,1,4,1,0.25,0.1875
G1_p0_w3_regular,G3_p3,0.0,0,4,0,0.0,0.0
G1_p0_w3_regular,G3_p3,10.0,0,4,0,0.0,0.0
G1_p0_w3_regular,G3_p3,20.0,0,4,0,0.0,0.0
G1_p0_w3_regular,G3_p4,-5.0,3,4,1,0.75,0.1875
G1_p0_w3_regular,G3_p4,0.0,0,4,0,0.0,0.0
G1_p0_w3_regular,G3_p4,10.0,0,4,0,0.0,0.0
G1_p0_w3_regular,G3_p4,20.0,0,4,0,0.0,0.0
G1_p0_w3_regular,G4_p1,-5.0,4,4,0,1.0,0.0
G1_p0_w3_regular,G4_p1,0.0,4,4,0,1.0,0.0
G1_p0_w3_regular,G4_p1,10.0,0,4,0,0.0,0.0
G1_p0_w3_regular,G4_p1,20.0,0,4,0,0.0,0.0
G1_p0_w3_regular,G4_p2,-5.0,3,4,1,0.75,0.1875
G1_p0_w3_regular,G4_p2,0.0,0,4,0,0.0,0.0
G1_p0_w3_regular,G4_p2,10.0,0,4,0,0.0,0.0
G1_p0_w3_regular,G4_p2,20.0,0,4,0,0.0,0.0
G1_p0_w3_regular,G4_p3,-5.0,0,4,0,0.0,0.0
G1_p0_w3_regular,G4_p3,0.0,0,4,0,0.0,0.0
G1_p0_w3_regular,G4_p3,10.0,0,4,0,0.0,0.0
G1_p0_w3_regular,G4_p3,20.0,0,4,0,0.0,0.0
G1_p0_w3_regular,G4_p4,-5.0,4,4,0,1.0,0.0
G1_p0_w3_regular,G4_p4,0.0,0,4,0,0.0,0.0
G1_p0_w3_regular,G4_p4,10.0,0,4,0,0.0,0.0
G1_p0_w3_regular,G4_p4,20.0,0,4,0,0.0,0.0
G1_p0_w3_variable,G1_p1,-5.0,4,4,0,1.0,0.0
G1_p0_w3_variable,G1_p1,0.0,3,4,1,0.75,0.1875
G1_p0_w3_variable,G1_p1,10.0,0,4,0,0.0,0.0
G1_p0_w3_variable,G1_p1,20.0,0,4,0,0.0,0.0
G1_p0_w3_variable,G1_p2,-5.0,4,4,0,1.0,0.0
G1_p0_w3_variable,G1_p2,0.0,0,4,0,0.0,0.0
G1_p0_w3_variable,G1_p2,10.0,0,4,0,0.0,0.0
G1_p0_w3_variable,G1_p2,20.0,0,4,0,0.0,0.0
G1_p0_w3_variable,G1_p3,-5.0,1,4,1,0.25,0.1875
G1_p0_w3_variable,G1_p3,0.0,0,4,0,0.0,0.0
G1_p0_w3_variable,G1_p3,10.0,0,4,0,0.0,0.0
G1_p0_w3_variable,G1_p3,20.0,0,4,0,0.0,0.0
G1_p0_w3_variable,G1_p4,-5.0,4,4,0,1.0,0.0
G1_p0_w3_variable,G1_p4,0.0,4,4,0,1.0,0.0
G1_p0_w3_variable,G1_p4,10.0,0,4,0,0.0,0.0
G1_p0_w3_variable,G1_p4,20.0,0,4,0,0.0,0.0
G1_p0_w3_variable,G2_p1,-5.0,4,4,0,1.0,0.0
G1_p0_w3_variable,G2_p1,0.0,2,4,2,0.5,0.25
G1_p0_w3_variable,G2_p1,10.0,0,4,0,0.0,0.0
G1_p0_w3_variable,G2_p1,20.0,0,4,0,0.0,0.0
G1_p0_w3_variable,G2_p2,-5.0,3,4,1,0.75,0.1875
G1_p0_w3_variable,G2_p2,0.0,0,4,0,0.0,0.0
G1_p0_w3_variable,G2_p2,10.0,0,4,0,0.0,0.0
G1_p0_w3_variable,G2_p2,20.0,0,4,0,0.0,0.0
G1_p0_w3_variable,G2_p3,-5.0,4,4,0,1.0,0.0
G1_p0_w3_variable,G2_p3,0.0,0,4,0,0.0,0.0
G1_p0_w3_variable,G2_p3,10.0,0,4,0,0.0,0.0
G1_p0_w3_variable,G2_p3,20.0,0,4,0,0.0,0.0
G1_p0_w3_variable,G2_p4,-5.0,4,4,0,1.0,0.0
G1_p0_w3_variable,G2_p4,0.0,4,4,0,1.0,0.0
G1_p0_w3_variable,G2_p4,10.0,0,4,0,0.0,0.0
G1_p0_w3_variable,G2_p4,20.0,0,4,0,0.0,0.0
G1_p0_w3_variable,G3_p1,-5.0,4,4,0,1.0,0.0
G1_p0_w3_variable,G3_p1,0.0,3,4,1,0.75,0.1875
G1_p0_w3_variable,G3_p1,10.0,0,4,0,0.0,0.0
G1_p0_w3_variable,G3_p1,20.0,0,4,0,0.0,0.0
G1_p0_w3_variable,G3_p2,-5.0,0,4,0,0.0,0.0
G1_p0_w3_variable,G3_p2,0.0,0,4,0,0.0,0.0
G1_p0_w3_variable,G3_p2,10.0,0,4,0,0.0,0.0
G1_p0_w3_variable,G3_p2,20.0,0,4,0,0.0,0.0
G1_p0_w3_variable,G3_p3,-5.0,0,4,0,0.0,0.0
G1_p0_w3_variable,G3_p3,0.0,0,4,0,0.0,0.0
G1_p0_w3_variable,G3_p3,10.0,0,4,0,0.0,0.0
G1_p0_w3_variable,G3_p3,20.0,0,4,0,0.0,0.0
G1_p0_w3_variable,G3_p4,-5.0,4,4,0,1.0,0.0
G1_p0_w3_variable,G3_p4,0.0,0,4,0,0.0,0.0
G1_p0_w3_variable,G3_p4,10.0,0,4,0,0.0,0.0
G1_p0_w3_variable,G3_p4,20.0,0,4,0,0.0,0.0
G1_p0_w3_variable,G4_p1,-5.0,4,4,0,1.0,0.0
G1_p0_w3_variable,G4_p1,0.0,4,4,0,1.0,0.0
G1_p0_w3_variable,G4_p1,10.0,0,4,0,0.0,0.0
G1_p0_w3_variable,G4_p1,20.0,0,4,0,0.0,0.0
G1_p0_w3_variable,G4_p2,-5.0,4,4,0,1.0,0.0
G1_p0_w3_variable,G4_p2,0.0,0,4,0,0.0,0.0
G1_p0_w3_variable,G4_p2,10.0,0,4,0,0.0,0.0
G1_p0_w3_variable,G4_p2,20.0,0,4,0,0.0,0.0
G1_p0_w3_variable,G4_p3,-5.0,0,4,0,0.0,0.0
G1_p0_w3_variable,G4_p3,0.0,0,4,0,0.0,0.0
G1_p0_w3_variable,G4_p3,10.0,0,4,0,0.0,0.0
G1_p0_w3_variable,G4_p3,20.0,0,4,0,0.0,0.0
G1_p0_w3_variable,G4_p4,-5.0,4,4,0,1.0,0.0
G1_p0_w3_variable,G4_p4,0.0,1,4,1,0.25,0.1875
G1_p0_w3_variable,G4_p4,10.0,0,4,0,0.0,0.0
G1_p0_w3_variable,G4_p4,20.0,0,4,0,0.0,0.0
G1_p5_w0_regular,G1_p1,-5.0,4,4,0,1.0,0.0
G1_p5_w0_regular,G1_p1,0.0,0,4,0,0.0,0.0
G1_p5_w0_regular,G1_p1,10.0,0,4,0,0.0,0.0
G1_p5_w0_regular,G1_p1,20.0,0,4,0,0.0,0.0
G1_p5_w0_regular,G1_p2,-5.0,3,4,1,0.75,0.1875
G1_p5_w0_regular,G1_p2,0.0,0,4,0,0.0,0.0
G1_p5_w0_regular,G1_p2,10.0,0,4,0,0.0,0.0
G1_p5_w0_regular,G1_p2,20.0,0,4,0,0.0,0.0
G1_p5_w0_regular,G1_p3,-5.0,0,4,0,0.0,0.0
G1_p5_w0_regular,G1_p3,0.0,0,4,0,0.0,0.0
G1_p5_w0_regular,G1_p3,10.0,0,4,0,0.0,0.0
G1_p5_w0_regular,G1_p3,20.0,0,4,0,0.0,0.0
G1_p5_w0_regular,G1_p4,-5.0,4,4,0,1.0,0.0
G1_p5_w0_regular,G1_p4,0.0,4,4,0,1.0,0.0
G1_p5_w0_regular,G1_p4,10.0,0,4,0,0.0,0.0
G1_p5_w0_regular,G1_p4,20.0,0,4,0,0.0,0.0
G1_p5_w0_regular,G2_p1,-5.0,4,4,0,1.0,0.0
G1_p5_w0_regular,G2_p1,0.0,1,4,1,0.25,0.1875
G1_p5_w0_regular,G2_p1,10.0,0,4,0,0.0,0.0
G1_p5_w0_regular,G2_p1,20.0,0,4,0,0.0,0.0
G1_p5_w0_regular,G2_p2,-5.0,3,4,1,0.75,0.1875
G1_p5_w0_regular,G2_p2,0.0,0,4,0,0.0,0.0
G1_p5_w0_regular,G2_p2,10.0,0,4,0,0.0,0.0
G1_p5_w0_regular,G2_p2,20.0,0,4,0,0.0,0.0
G1_p5_w0_regular,G2_p3,-5.0,4,4,0,1.0,0.0
G1_p5_w0_regular,G2_p3,0.0,0,4,0,0.0,0.0
G1_p5_w0_regular,G2_p3,10.0,0,4,0,0.0,0.0
G1_p5_w0_regular,G2_p3,20.0,0,4,0,0.0,0.0
G1_p5_w0_regular,G2_p4,-5.0,4,4,0,1.0,0.0
G1_p5_w0_regular,G2_p4,0.0,4,4,0,1.0,0.0
G1_p5_w0_regular,G2_p4,10.0,0,4,0,0.0,0.0
G1_p5_w0_regular,G2_p4,20.0,0,4,0,0.0,0.0
G1_p5_w0_regular,G3_p1,-5.0,4,4,0,1.0,0.0
G1_p5_w0_regular,G3_p1,0.0,3,4,1,0.75,0.1875
G1_p5_w0_regular,G3_p1,10.0,0,4,0,0.0,0.0
G1_p5_w0_regular,G3_p1,20.0,0,4,0,0.0,0.0
G1_p5_w0_regular,G3_p2,-5.0,0,4,0,0.0,0.0
G1_p5_w0_regular,G3_p2,0.0,0,4,0,0.0,0.0
G1_p5_w0_regular,G3_p2,10.0,0,4,0,0.0,0.0
G1_p5_w0_regular,G3_p2,20.0,0,4,0,0.0,0.0
G1_p5_w0_regular,G3_p3,-5.0,0,4,0,0.0,0.0
G1_p5_w0_regular,G3_p3,0.0,0,4,0,0.0,0.0
G1_p5_w0_regular,G3_p3,10.0,0,4,0,0.0,0.0
G1_p5_w0_regular,G3_p3,20.0,0,4,0,0.0,0.0
G1_p5_w0_regular,G3_p4,-5.0,2,4,2,0.5,0.25
G1_p5_w0_regular,G3_p4,0.0,0,4,0,0.0,0.0
G1_p5_w0_regular,G3_p4,10.0,0,4,0,0.0,0.0
G1_p5_w0_regular,G3_p4,20.0,0,4,0,0.0,0.0
G1_p5_w0_regular,G4_p1,-5.0,4,4,0,1.0,0.0
G1_p5_w0_regular,G4_p1,0.0,4,4,0,1.0,0.0
G1_p5_w0_regular,G4_p1,10.0,0,4,0,0.0,0.0
G1_p5_w0_regular,G4_p1,20.0,0,4,0,0.0,0.0
G1_p5_w0_regular,G4_p2,-5.0,2,4,2,0.5,0.25
G1_p5_w0_regular,G4_p2,0.0,0,4,0,0.0,0.0
G1_p5_w0_regular,G4_p2,10.0,0,4,0,0.0,0.0
G1_p5_w0_regular,G4_p2,20.0,0,4,0,0.0,0.0
G1_p5_w0_regular,G4_p3,-5.0,0,4,0,0.0,0.0
G1_p5_w0_regular,G4_p3,0.0,0,4,0,0.0,0.0
G1_p5_w0_regular,G4_p3,10.0,0,4,0,0.0,0.0
G1_p5_w0_regular,G4_p3,20.0,0,4,0,0.0,0.0
G1_p5_w0_regular,G4_p4,-5.0,4,4,0,1.0,0.0
G1_p5_w0_regular,G4_p4,0.0,0,4,0,0.0,0.0
G1_p5_w0_regular,G4_p4,10.0,0,4,0,0.0,0.0
G1_p5_w0_regular,G4_p4,20.0,0,4,0,0.0,0.0
G1_p5_w0_variable,G1_p1,-5.0,4,4,0,1.0,0.0
G1_p5_w0_variable,G1_p1,0.0,0,4,0,0.0,0.0
G1_p5_w0_variable,G1_p1,10.0,0,4,0,0.0,0.0
G1_p5_w0_variable,G1_p1,20.0,0,4,0,0.0,0.0
G1_p5_w0_variable,G1_p2,-5.0,4,4,0,1.0,0.0
G1_p5_w0_variable,G1_p2,0.0,1,4,1,0.25,0.1875
G1_p5_w0_variable,G1_p2,10.0,0,4,0,0.0,0.0
G1_p5_w0_variable,G1_p2,20.0,0,4,0,0.0,0.0
G1_p5_w0_variable,G1_p3,-5.0,2,4,2,0.5,0.25
G1_p5_w0_variable,G1_p3,0.0,0,4,0,0.0,0.0
G1_p5_w0_variable,G1_p3,10.0,0,4,0,0.0,0.0
G1_p5_w0_variable,G1_p3,20.0,0,4,0,0.0,0.0
G1_p5_w0_variable,G1_p4,-5.0,4,4,0,1.0,0.0
G1_p5_w0_variable,G1_p4,0.0,4,4,0,1.0,0.0
G1_p5_w0_variable,G1_p4,10.0,0,4,0,0.0,0.0
G1_p5_w0_variable,G1_p4,20.0,0,4,0,0.0,0.0
G1_p5_w0_variable,G2_p1,-5.0,4,4,0,1.0,0.0
G1_p5_w0_variable,G2_p1,0.0,3,4,1,0.75,0.1875
G1_p5_w0_variable,G2_p1,10.0,0,4,0,0.0,0.0
G1_p5_w0_variable,G2_p1,20.0,0,4,0,0.0,0.0
G1_p5_w0_variable,G2_p2,-5.0,2,4,2,0.5,0.25
G1_p5_w0_variable,G2_p2,0.0,0,4,0,0.0,0.0
G1_p5_w0_variable,G2_p2,10.0,0,4,0,0.0,0.0
G1_p5_w0_variable,G2_p2,20.0,0,4,0,0.0,0.0
G1_p5_w0_variable,G2_p3,-5.0,4,4,0,1.0,0.0
G1_p5_w0_variable,G2_p3,0.0,0,4,0,0.0,0.0
G1_p5_w0_variable,G2_p3,10.0,0,4,0,0.0,0.0
G1_p5_w0_variable,G2_p3,20.0,0,4,0,0.0,0.0
G1_p5_w0_variable,G2_p4,-5.0,4,4,0,1.0,0.0
G1_p5_w0_variable,G2_p4,0.0,4,4,0,1.0,0.0
G1_p5_w0_variable,G2_p4,10.0,0,4,0,0.0,0.0
G1_p5_w0_variable,G2_p4,20.0,0,4,0,0.0,0.0
G1_p5_w0_variable,G3_p1,-5.0,4,4,0,1.0,0.0
G1_p5_w0_variable,G3_p1,0.0,4,4,0,1.0,0.0
G1_p5_w0_variable,G3_p1,10.0,0,4,0,0.0,0.0
G1_p5_w0_variable,G3_p1,20.0,0,4,0,0.0,0.0
G1_p5_w0_variable,G3_p2,-5.0,0,4,0,0.0,0.0
G1_p5_w0_variable,G3_p2,0.0,0,4,0,0.0,0.0
G1_p5_w0_variable,G3_p2,10.0,0,4,0,0.0,0.0
G1_p5_w0_variable,G3_p2,20.0,0,4,0,0.0,0.0
G1_p5_w0_variable,G3_p3,-5.0,0,4,0,0.0,0.0
G1_p5_w0_variable,G3_p3,0.0,0,4,0,0.0,0.0
G1_p5_w0_variable,G3_p3,10.0,0,4,0,0.0,0.0
G1_p5_w0_variable,G3_p3,20.0,0,4,0,0.0,0.0
G1_p5_w0_variable,G3_p4,-5.0,3,4,1,0.75,0.1875
G1_p5_w0_variable,G3_p4,0.0,0,4,0,0.0,0.0
G1_p5_w0_variable,G3_p4,10.0,0,4,0,0.0,0.0
G1_p5_w0_variable,G3_p4,20.0,0,4,0,0.0,0.0
G1_p5_w0_variable,G4_p1,-5.0,4,4,0,1.0,0.0
G1_p5_w0_variable,G4_p1,0.0,3,4,1,0.75,0.1875
G1_p5_w0_variable,G4_p1,10.0,0,4,0,0.0,0.0
G1_p5_w0_variable,G4_p1,20.0,0,4,0,0.0,0.0
G1_p5_w0_variable,G4_p2,-5.0,3,4,1,0.75,0.1875
G1_p5_w0_variable,G4_p2,0.0,0,4,0,0.0,0.0
G1_p5_w0_variable,G4_p2,10.0,0,4,0,0.0,0.0
G1_p5_w0_variable,G4_p2,20.0,0,4,0,0.0,0.0
G1_p5_w0_variable,G4_p3,-5.0,0,4,0,0.0,0.0
G1_p5_w0_variable,G4_p3,0.0,0,4,0,0.0,0.0
G1_p5_w0_variable,G4_p3,10.0,0,4,0,0.0,0.0
G1_p5_w0_variable,G4_p3,20.0,0,4,0,0.0,0.0
G1_p5_w0_variable,G4_p4,-5.0,3,4,1,0.75,0.1875
G1_p5_w0_variable,G4_p4,0.0,0,4,0,0.0,0.0
G1_p5_w0_variable,G4_p4,10.0,0,4,0,0.0,0.0
G1_p5_w0_variable,G4_p4,20.0,0,4,0,0.0,0.0
G1_p5_w1_regular,G1_p1,-5.0,4,4,0,1.0,0.0
G1_p5_w1_regular,G1_p1,0.0,0,4,0,0.0,0.0
G1_p5_w1_regular,G1_p1,10.0,0,4,0,0.0,0.0
G1_p5_w1_regular,G1_p1,20.0,0,4,0,0.0,0.0
G1_p5_w1_regular,G1_p2,-5.0,1,4,1,0.25,0.1875
G1_p5_w1_regular,G1_p2,0.0,0,4,0,0.0,0.0
G1_p5_w1_regular,G1_p2,10.0,0,4,0,0.0,0.0
G1_p5_w1_regular,G1_p2,20.0,0,4,0,0.0,0.0
G1_p5_w1_regular,G1_p3,-5.0,1,4,1,0.25,0.1875
G1_p5_w1_regular,G1_p3,0.0,0,4,0,0.0,0.0
G1_p5_w1_regular,G1_p3,10.0,0,4,0,0.0,0.0
G1_p5_w1_regular,G1_p3,20.0,0,4,0,0.0,0.0
G1_p5_w1_regular,G1_p4,-5.0,4,4,0,1.0,0.0
G1_p5_w1_regular,G1_p4,0.0,4,4,0,1.0,0.0
G1_p5_w1_regular,G1_p4,10.0,0,4,0,0.0,0.0
G1_p5_w1_regular,G1_p4,20.0,0,4,0,0.0,0.0
G1_p5_w1_regular,G2_p1,-5.0,4,4,0,1.0,0.0
G1_p5_w1_regular,G2_p1,0.0,3,4,1,0.75,0.1875
G1_p5_w1_regular,G2_p1,10.0,0,4,0,0.0,0.0
G1_p5_w1_regular,G2_p1,20.0,0,4,0,0.0,0.0
G1_p5_w1_regular,G2_p2,-5.0,1,4,1,0.25,0.1875
G1_p5_w1_regular,G2_p2,0.0,0,4,0,0.0,0.0
G1_p5_w1_regular,G2_p2,10.0,0,4,0,0.0,0.0
G1_p5_w1_regular,G2_p2,20.0,0,4,0,0.0,0.0
G1_p5_w1_regular,G2_p3,-5.0,3,4,1,0.75,0.1875
G1_p5_w1_regular,G2_p3,0.0,0,4,0,0.0,0.0
G1_p5_w1_regular,G2_p3,10.0,0,4,0,0.0,0.0
G1_p5_w1_regular,G2_p3,20.0,0,4,0,0.0,0.0
G1_p5_w1_regular,G2_p4,-5.0,4,4,0,1.0,0.0
G1_p5_w1_regular,G2_p4,0.0,4,4,0,1.0,0.0
G1_p5_w1_regular,G2_p4,10.0,0,4,0,0.0,0.0
G1_p5_w1_regular,G2_p4,20.0,0,4,0,0.0,0.0
G1_p5_w1_regular,G3_p1,-5.0,4,4,0,1.0,0.0
G1_p5_w1_regular,G3_p1,0.0,3,4,1,0.75,0.1875
G1_p5_w1_regular,G3_p1,10.0,0,4,0,0.0,0.0
G1_p5_w1_regular,G3_p1,20.0,0,4,0,0.0,0.0
G1_p5_w1_regular,G3_p2,-5.0,0,4,0,0.0,0.0
G1_p5_w1_regular,G3_p2,0.0,0,4,0,0.0,0.0
G1_p5_w1_regular,G3_p2,10.0,0,4,0,0.0,0.0
G1_p5_w1_regular,G3_p2,20.0,0,4,0,0.0,0.0
G1_p5_w1_regular,G3_p3,-5.0,0,4,0,0.0,0.0
G1_p5_w1_regular,G3_p3,0.0,0,4,0,0.0,0.0
G1_p5_w1_regular,G3_p3,10.0,0,4,0,0.0,0.0
G1_p5_w1_regular,G3_p3,20.0,0,4,0,0.0,0.0
G1_p5_w1_regular,G3_p4,-5.0,4,4,0,1.0,0.0
G1_p5_w1_regular,G3_p4,0.0,0,4,0,0.0,0.0
G1_p5_w1_regular,G3_p4,10.0,0,4,0,0.0,0.0
G1_p5_w1_regular,G3_p4,20.0,0,4,0,0.0,0.0
G1_p5_w1_regular,G4_p1,-5.0,4,4,0,1.0,0.0
G1_p5_w1_regular,G4_p1,0.0,4,4,0,1.0,0.0
G1_p5_w1_regular,G4_p1,10.0,0,4,0,0.0,0.0
G1_p5_w1_regular,G4_p1,20.0,0,4,0,0.0,0.0
G1_p5_w1_regular,G4_p2,-5.0,2,4,2,0.5,0.25
G1_p5_w1_regular,G4_p2,0.0,0,4,0,0.0,0.0
G1_p5_w1_regular,G4_p2,10.0,0,4,0,0.0,0.0
G1_p5_w1_regular,G4_p2,20.0,0,4,0,0.0,0.0
G1_p5_w1_regular,G4_p3,-5.0,0,4,0,0.0,0.0
G1_p5_w1_regular,G4_p3,0.0,0,4,0,0.0,0.0
G1_p5_w1_regular,G4_p3,10.0,0,4,0,0.0,0.0
G1_p5_w1_regular,G4_p3,20.0,0,4,0,0.0,0.0
G1_p5_w1_regular,G4_p4,-5.0,4,4,0,1.0,0.0
G1_p5_w1_regular,G4_p4,0.0,0,4,0,0.0,0.0
G1_p5_w1_regular,G4_p4,10.0,0,4,0,0.0,0.0
G1_p5_w1_regular,G4_p4,20.0,0,4,0,0.0,0.0
G1_p5_w1_variable,G1_p1,-5.0,4,4,0,1.0,0.0
G1_p5_w1_variable,G1_p1,0.0,1,4,1,0.25,0.1875
G1_p5_w1_variable,G1_p1,10.0,0,4,0,0.0,0.0
G1_p5_w1_variable,G1_p1,20.0,0,4,0,0.0,0.0
G1_p5_w1_variable,G1_p2,-5.0,3,4,1,0.75,0.1875
G1_p5_w1_variable,G1_p2,0.0,0,4,0,0.0,0.0
G1_p5_w1_variable,G1_p2,10.0,0,4,0,0.0,0.0
G1_p5_w1_variable,G1_p2,20.0,0,4,0,0.0,0.0
G1_p5_w1_variable,G1_p3,-5.0,2,4,2,0.5,0.25
G1_p5_w1_variable,G1_p3,0.0,0,4,0,0.0,0.0
G1_p5_w1_variable,G1_p3,10.0,0,4,0,0.0,0.0
G1_p5_w1_variable,G1_p3,20.0,0,4,0,0.0,0.0
G1_p5_w1_variable,G1_p4,-5.0,4,4,0,1.0,0.0
G1_p5_w1_variable,G1_p4,0.0,4,4,0,1.0,0.0
G1_p5_w1_variable,G1_p4,10.0,0,4,0,0.0,0.0
G1_p5_w1_variable,G1_p4,20.0,0,4,0,0.0,0.0
G1_p5_w1_variable,G2_p1,-5.0,4,4,0,1.0,0.0
G1_p5_w1_variable,G2_p1,0.0,2,4,2,0.5,0.25
G1_p5_w1_variable,G2_p1,10.0,0,4,0,0.0,0.0
G1_p5_w1_variable,G2_p1,20.0,0,4,0,0.0,0.0
G1_p5_w1_variable,G2_p2,-5.0,3,4,1,0.75,0.1875
G1_p5_w1_variable,G2_p2,0.0,1,4,1,0.25,0.1875
G1_p5_w1_variable,G2_p2,10.0,0,4,0,0.0,0.0
G1_p5_w1_variable,G2_p2,20.0,0,4,0,0.0,0.0
G1_p5_w1_variable,G2_p3,-5.0,4,4,0,1.0,0.0
G1_p5_w1_variable,G2_p3,0.0,0,4,0,0.0,0.0
G1_p5_w1_variable,G2_p3,10.0,0,4,0,0.0,0.0
G1_p5_w1_variable,G2_p3,20.0,0,4,0,0.0,0.0
G1_p5_w1_variable,G2_p4,-5.0,4,4,0,1.0,0.0
G1_p5_w1_variable,G2_p4,0.0,4,4,0,1.0,0.0
G1_p5_w1_variable,G2_p4,10.0,0,4,0,0.0,0.0
G1_p5_w1_variable,G2_p4,20.0,0,4,0,0.0,0.0
G1_p5_w1_variable,G3_p1,-5.0,4,4,0,1.0,0.0
G1_p5_w1_variable,G3_p1,0.0,3,4,1,0.75,0.1875
G1_p5_w1_variable,G3_p1,10.0,0,4,0,0.0,0.0
G1_p5_w1_variable,G3_p1,20.0,0,4,0,0.0,0.0
G1_p5_w1_variable,G3_p2,-5.0,0,4,0,0.0,0.0
G1_p5_w1_variable,G3_p2,0.0,0,4,0,0.0,0.0
G1_p5_w1_variable,G3_p2,10.0,0,4,0,0.0,0.0
G1_p5_w1_variable,G3_p2,20.0,0,4,0,0.0,0.0
G1_p5_w1_variable,G3_p3,-5.0,0,4,0,0.0,0.0
G1_p5_w1_variable,G3_p3,0.0,0,4,0,0.0,0.0
G1_p5_w1_variable,G3_p3,10.0,0,4,0,0.0,0.0
G1_p5_w1_variable,G3_p3,20.0,0,4,0,0.0,0.0
G1_p5_w1_variable,G3_p4,-5.0,4,4,0,1.0,0.0
G1_p5_w1_variable,G3_p4,0.0,0,4,0,0.0,0.0
G1_p5_w1_variable,G3_p4,10.0,0,4,0,0.0,0.0
G1_p5_w1_variable,G3_p4,20.0,0,4,0,0.0,0.0
G1_p5_w1_variable,G4_p1,-5.0,4,4,0,1.0,0.0
G1_p5_w1_variable,G4_p1,0.0,4,4,0,1.0,0.0
G1_p5_w1_variable,G4_p1,10.0,0,4,0,0.0,0.0
G1_p5_w1_variable,G4_p1,20.0,0,4,0,0.0,0.0
G1_p5_w1_variable,G4_p2,-5.0,4,4,0,1.0,0.0
G1_p5_w1_variable,G4_p2,0.0,0,4,0,0.0,0.0
G1_p5_w1_variable,G4_p2,10.0,0,4,0,0.0,0.0
G1_p5_w1_variable,G4_p2,20.0,0,4,0,0.0,0.0
G1_p5_w1_variable,G4_p3,-5.0,1,4,1,0.25,0.1875
G1_p5_w1_variable,G4_p3,0.0,0,4,0,0.0,0.0
G1_p5_w1_variable,G4_p3,10.0,0,4,0,0.0,0.0
G1_p5_w1_variable,G4_p3,20.0,0,4,0,0.0,0.0
G1_p5_w1_variable,G4_p4,-5.0,4,4,0,1.0,0.0
G1_p5_w1_variable,G4_p4,0.0,0,4,0,0.0,0.0
G1_p5_w1_variable,G4_p4,10.0,0,4,0,0.0,0.0
G1_p5_w1_variable,G4_p4,20.0,0,4,0,0.0,0.0
G1_p5_w2_regular,G1_p1,-5.0,4,4,0,1.0,0.0
G1_p5_w2_regular,G1_p1,0.0,2,4,2,0.5,0.25
G1_p5_w2_regular,G1_p1,10.0,0,4,0,0.0,0.0
G1_p5_w2_regular,G1_p1,20.0,0,4,0,0.0,0.0
G1_p5_w2_regular,G1_p2,-5.0,3,4,1,0.75,0.1875
G1_p5_w2_regular,G1_p2,0.0,2,4,2,0.5,0.25
G1_p5_w2_regular,G1_p2,10.0,0,4,0,0.0,0.0
G1_p5_w2_regular,G1_p2,20.0,0,4,0,0.0,0.0
G1_p5_w2_regular,G1_p3,-5.0,1,4,1,0.25,0.1875
G1_p5_w2_regular,G1_p3,0.0,0,4,0,0.0,0.0
G1_p5_w2_regular,G1_p3,10.0,0,4,0,0.0,0.0
G1_p5_w2_regular,G1_p3,20.0,0,4,0,0.0,0.0
G1_p5_w2_regular,G1_p4,-5.0,4,4,0,1.0,0.0
G1_p5_w2_regular,G1_p4,0.0,4,4,0,1.0,0.0
G1_p5_w2_regular,G1_p4,10.0,1,4,1,0.25,0.1875
G1_p5_w2_regular,G1_p4,20.0,0,4,0,0.0,0.0
G1_p5_w2_regular,G2_p1,-5.0,4,4,0,1.0,0.0
G1_p5_w2_regular,G2_p1,0.0,3,4,1,0.75,0.1875
G1_p5_w2_regular,G2_p1,10.0,0,4,0,0.0,0.0
G1_p5_w2_regular,G2_p1,20.0,0,4,0,0.0,0.0
G1_p5_w2_regular,G2_p2,-5.0,4,4,0,1.0,0.0
G1_p5_w2_regular,G2_p2,0.0,1,4,1,0.25,0.1875
G1_p5_w2_regular,G2_p2,10.0,0,4,0,0.0,0.0
G1_p5_w2_regular,G2_p2,20.0,0,4,0,0.0,0.0
G1_p5_w2_regular,G2_p3,-5.0,4,4,0,1.0,0.0
G1_p5_w2_regular,G2_p3,0.0,1,4,1,0.25,0.1875
G1_p5_w2_regular,G2_p3,10.0,0,4,0,0.0,0.0
G1_p5_w2_regular,G2_p3,20.0,0,4,0,0.0,0.0
G1_p5_w2_regular,G2_p4,-5.0,4,4,0,1.0,0.0
G1_p5_w2_regular,G2_p4,0.0,4,4,0,1.0,0.0
G1_p5_w2_regular,G2_p4,10.0,0,4,0,0.0,0.0
G1_p5_w2_regular,G2_p4,20.0,0,4,0,0.0,0.0
G1_p5_w2_regular,G3_p1,-5.0,4,4,0,1.0,0.0
G1_p5_w2_regular,G3_p1,0.0,4,4,0,1.0,0.0
G1_p5_w2_regular,G3_p1,10.0,0,4,0,0.0,0.0
G1_p5_w2_regular,G3_p1,20.0,0,4,0,0.0,0.0
G1_p5_w2_regular,G3_p2,-5.0,0,4,0,0.0,0.0
G1_p5_w2_regular,G3_p2,0.0,0,4,0,0.0,0.0
G1_p5_w2_regular,G3_p2,10.0,0,4,0,0.0,0.0
G1_p5_w2_regular,G3_p2,20.0,0,4,0,0.0,0.0
G1_p5_w2_regular,G3_p3,-5.0,0,4,0,0.0,0.0
G1_p5_w2_regular,G3_p3,0.0,0,4,0,0.0,0.0
G1_p5_w2_regular,G3_p3,10.0,0,4,0,0.0,0.0
G1_p5_w2_regular,G3_p3,20.0,0,4,0,0.0,0.0
G1_p5_w2_regular,G3_p4,-5.0,4,4,0,1.0,0.0
G1_p5_w2_regular,G3_p4,0.0,1,4,1,0.25,0.1875
G1_p5_w2_regular,G3_p4,10.0,0,4,0,0.0,0.0
G1_p5_w2_regular,G3_p4,20.0,0,4,0,0.0,0.0
G1_p5_w2_regular,G4_p1,-5.0,4,4,0,1.0,0.0
G1_p5_w2_regular,G4_p1,0.0,4,4,0,1.0,0.0
G1_p5_w2_regular,G4_p1,10.0,0,4,0,0.0,0.0
G1_p5_w2_regular,G4_p1,20.0,0,4,0,0.0,0.0
G1_p5_w2_regular,G4_p2,-5.0,4,4,0,1.0,0.0
G1_p5_w2_regular,G4_p2,0.0,0,4,0,0.0,0.0
G1_p5_w2_regular,G4_p2,10.0,0,4,0,0.0,0.0
G1_p5_w2_regular,G4_p2,20.0,0,4,0,0.0,0.0
G1_p5_w2_regular,G4_p3,-5.0,0,4,0,0.0,0.0
G1_p5_w2_regular,G4_p3,0.0,0,4,0,0.0,0.0
G1_p5_w2_regular,G4_p3,10.0,0,4,0,0.0,0.0
G1_p5_w2_regular,G4_p3,20.0,0,4,0,0.0,0.0
G1_p5_w2_regular,G4_p4,-5.0,4,4,0,1.0,0.0
G1_p5_w2_regular,G4_p4,0.0,1,4,1,0.25,0.1875
G1_p5_w2_regular,G4_p4,10.0,0,4,0,0.0,0.0
G1_p5_w2_regular,G4_p4,20.0,0,4,0,0.0,0.0
G1_p5_w2_variable,G1_p1,-5.0,4,4,0,1.0,0.0
G1_p5_w2_variable,G1_p1,0.0,2,4,2,0.5,0.25
G1_p5_w2_variable,G1_p1,10.0,0,4,0,0.0,0.0
G1_p5_w2_variable,G1_p1,20.0,0,4,0,0.0,0.0
G1_p5_w2_variable,G1_p2,-5.0,4,4,0,1.0,0.0
G1_p5_w2_variable,G1_p2,0.0,1,4,1,0.25,0.1875
G1_p5_w2_variable,G1_p2,10.0,0,4,0,0.0,0.0
G1_p5_w2_variable,G1_p2,20.0,0,4,0,0.0,0.0
G1_p5_w2_variable,G1_p3,-5.0,2,4,2,0.5,0.25
G1_p5_w2_variable,G1_p3,0.0,0,4,0,0.0,0.0
G1_p5_w2_variable,G1_p3,10.0,0,4,0,0.0,0.0
G1_p5_w2_variable,G1_p3,20.0,0,4,0,0.0,0.0
G1_p5_w2_variable,G1_p4,-5.0,4,4,0,1.0,0.0
G1_p5_w2_variable,G1_p4,0.0,4,4,0,1.0,0.0
G1_p5_w2_variable,G1_p4,10.0,0,4,0,0.0,0.0
G1_p5_w2_variable,G1_p4,20.0,0,4,0,0.0,0.0
G1_p5_w2_variable,G2_p1,-5.0,4,4,0,1.0,0.0
G1_p5_w2_variable,G2_p1,0.0,2,4,2,0.5,0.25
G1_p5_w2_variable,G2_p1,10.0,0,4,0,0.0,0.0
G1_p5_w2_variable,G2_p1,20.0,0,4,0,0.0,0.0
G1_p5_w2_variable,G2_p2,-5.0,3,4,1,0.75,0.1875
G1_p5_w2_variable,G2_p2,0.0,2,4,2,0.5,0.25
G1_p5_w2_variable,G2_p2,10.0,0,4,0,0.0,0.0
G1_p5_w2_variable,G2_p2,20.0,0,4,0,0.0,0.0
G1_p5_w2_variable,G2_p3,-5.0,4,4,0,1.0,0.0
G1_p5_w2_variable,G2_p3,0.0,0,4,0,0.0,0.0
G1_p5_w2_variable,G2_p3,10.0,0,4,0,0.0,0.0
G1_p5_w2_variable,G2_p3,20.0,0,4,0,0.0,0.0
G1_p5_w2_variable,G2_p4,-5.0,4,4,0,1.0,0.0
G1_p5_w2_variable,G2_p4,0.0,4,4,0,1.0,0.0
G1_p5_w2_variable,G2_p4,10.0,0,4,0,0.0,0.0
G1_p5_w2_variable,G2_p4,20.0,0,4,0,0.0,0.0
G1_p5_w2_variable,G3_p1,-5.0,4,4,0,1.0,0.0
G1_p5_w2_variable,G3_p1,0.0,1,4,1,0.25,0.1875
G1_p5_w2_variable,G3_p1,10.0,0,4,0,0.0,0.0
G1_p5_w2_variable,G3_p1,20.0,0,4,0,0.0,0.0
G1_p5_w2_variable,G3_p2,-5.0,0,4,0,0.0,0.0
G1_p5_w2_variable,G3_p2,0.0,0,4,0,0.0,0.0
G1_p5_w2_variable,G3_p2,10.0,0,4,0,0.0,0.0
G1_p5_w2_variable,G3_p2,20.0,0,4,0,0.0,0.0
G1_p5_w2_variable,G3_p3,-5.0,0,4,0,0.0,0.0
G1_p5_w2_variable,G3_p3,0.0,0,4,0,0.0,0.0
G1_p5_w2_variable,G3_p3,10.0,0,4,0,0.0,0.0
G1_p5_w2_variable,G3_p3,20.0,0,4,0,0.0,0.0
G1_p5_w2_variable,G3_p4,-5.0,4,4,0,1.0,0.0
G1_p5_w2_variable,G3_p4,0.0,0,4,0,0.0,0.0
G1_p5_w2_variable,G3_p4,10.0,0,4,0,0.0,0.0
G1_p5_w2_variable,G3_p4,20.0,0,4,0,0.0,0.0
G1_p5_w2_variable,G4_p1,-5.0,4,4,0,1.0,0.0
G1_p5_w2_variable,G4_p1,0.0,4,4,0,1.0,0.0
G1_p5_w2_variable,G4_p1,10.0,0,4,0,0.0,0.0
G1_p5_w2_variable,G4_p1,20.0,0,4,0,0.0,0.0
G1_p5_w2_variable,G4_p2,-5.0,2,4,2,0.5,0.25
G1_p5_w2_variable,G4_p2,0.0,0,4,0,0.0,0.0
G1_p5_w2_variable,G4_p2,10.0,0,4,0,0.0,0.0
G1_p5_w2_variable,G4_p2,20.0,0,4,0,0.0,0.0
G1_p5_w2_variable,G4_p3,-5.0,0,4,0,0.0,0.0
G1_p5_w2_variable,G4_p3,0.0,0,4,0,0.0,0.0
G1_p5_w2_variable,G4_p3,10.0,0,4,0,0.0,0.0
G1_p5_w2_variable,G4_p3,20.0,0,4,0,0.0,0.0
G1_p5_w2_variable,G4_p4,-5.0,4,4,0,1.0,0.0
G1_p5_w2_variable,G4_p4,0.0,0,4,0,0.0,0.0
G1_p5_w2_variable,G4_p4,10.0,0,4,0,0.0,0.0
G1_p5_w2_variable,G4_p4,20.0,0,4,0,0.0,0.0
G1_p5_w3_regular,G1_p1,-5.0,4,4,0,1.0,0.0
G1_p5_w3_regular,G1_p1,0.0,2,4,2,0.5,0.25
G1_p5_w3_regular,G1_p1,10.0,0,4,0,0.0,0.0
G1_p5_w3_regular,G1_p1,20.0,0,4,0,0.0,0.0
G1_p5_w3_regular,G1_p2,-5.0,4,4,0,1.0,0.0
G1_p5_w3_regular,G1_p2,0.0,1,4,1,0.25,0.1875
G1_p5_w3_regular,G1_p2,10.0,0,4,0,0.0,0.0
G1_p5_w3_regular,G1_p2,20.0,0,4,0,0.0,0.0
G1_p5_w3_regular,G1_p3,-5.0,1,4,1,0.25,0.1875
G1_p5_w3_regular,G1_p3,0.0,0,4,0,0.0,0.0
G1_p5_w3_regular,G1_p3,10.0,0,4,0,0.0,0.0
G1_p5_w3_regular,G1_p3,20.0,0,4,0,0.0,0.0
G1_p5_w3_regular,G1_p4,-5.0,4,4,0,1.0,0.0
G1_p5_w3_regular,G1_p4,0.0,4,4,0,1.0,0.0
G1_p5_w3_regular,G1_p4,10.0,0,4,0,0.0,0.0
G1_p5_w3_regular,G1_p4,20.0,0,4,0,0.0,0.0
G1_p5_w3_regular,G2_p1,-5.0,4,4,0,1.0,0.0
G1_p5_w3_regular,G2_p1,0.0,3,4,1,0.75,0.1875
G1_p5_w3_regular,G2_p1,10.0,0,4,0,0.0,0.0
G1_p5_w3_regular,G2_p1,20.0,0,4,0,0.0,0.0
G1_p5_w3_regular,G2_p2,-5.0,4,4,0,1.0,0.0
G1_p5_w3_regular,G2_p2,0.0,1,4,1,0.25,0.1875
G1_p5_w3_regular,G2_p2,10.0,0,4,0,0.0,0.0
G1_p5_w3_regular,G2_p2,20.0,0,4,0,0.0,0.0
G1_p5_w3_regular,G2_p3,-5.0,4,4,0,1.0,0.0
G1_p5_w3_regular,G2_p3,0.0,1,4,1,0.25,0.1875
G1_p5_w3_regular,G2_p3,10.0,0,4,0,0.0,0.0
G1_p5_w3_regular,G2_p3,20.0,0,4,0,0.0,0.0
G1_p5_w3_regular,G2_p4,-5.0,4,4,0,1.0,0.0
G1_p5_w3_regular,G2_p4,0.0,4,4,0,1.0,0.0
G1_p5_w3_regular,G2_p4,10.0,0,4,0,0.0,0.0
G1_p5_w3_regular,G2_p4,20.0,0,4,0,0.0,0.0
G1_p5_w3_regular,G3_p1,-5.0,4,4,0,1.0,0.0
G1_p5_w3_regular,G3_p1,0.0,4,4,0,1.0,0.0
G1_p5_w3_regular,G3_p1,10.0,0,4,0,0.0,0.0
G1_p5_w3_regular,G3_p1,20.0,0,4,0,0.0,0.0
G1_p5_w3_regular,G3_p2,-5.0,0,4,0,0.0,0.0
G1_p5_w3_regular,G3_p2,0.0,0,4,0,0.0,0.0
G1_p5_w3_regular,G3_p2,10.0,0,4,0,0.0,0.0
G1_p5_w3_regular,G3_p2,20.0,0,4,0,0.0,0.0
G1_p5_w3_regular,G3_p3,-5.0,0,4,0,0.0,0.0
G1_p5_w3_regular,G3_p3,0.0,0,4,0,0.0,0.0
G1_p5_w3_regular,G3_p3,10.0,0,4,0,0.0,0.0
G1_p5_w3_regular,G3_p3,20.0,0,4,0,0.0,0.0
G1_p5_w3_regular,G3_p4,-5.0,3,4,1,0.75,0.1875
G1_p5_w3_regular,G3_p4,0.0,1,4,1,0.25,0.1875
G1_p5_w3_regular,G3_p4,10.0,0,4,0,0.0,0.0
G1_p5_w3_regular,G3_p4,20.0,0,4,0,0.0,0.0
G1_p5_w3_regular,G4_p1,-5.0,4,4,0,1.0,0.0
G1_p5_w3_regular,G4_p1,0.0,4,4,0,1.0,0.0
G1_p5_w3_regular,G4_p1,10.0,0,4,0,0.0,0.0
G1_p5_w3_regular,G4_p1,20.0,0,4,0,0.0,0.0
G1_p5_w3_regular,G4_p2,-5.0,4,4,0,1.0,0.0
G1_p5_w3_regular,G4_p2,0.0,0,4,0,0.0,0.0
G1_p5_w3_regular,G4_p2,10.0,0,4,0,0.0,0.0
G1_p5_w3_regular,G4_p2,20.0,0,4,0,0.0,0.0
G1_p5_w3_regular,G4_p3,-5.0,0,4,0,0.0,0.0
G1_p5_w3_regular,G4_p3,0.0,0,4,0,0.0,0.0
G1_p5_w3_regular,G4_p3,10.0,0,4,0,0.0,0.0
G1_p5_w3_regular,G4_p3,20.0,0,4,0,0.0,0.0
G1_p5_w3_regular,G4_p4,-5.0,4,4,0,1.0,0.0
G1_p5_w3_regular,G4_p4,0.0,0,4,0,0.0,0.0
G1_p5_w3_regular,G4_p4,10.0,0,4,0,0.0,0.0
G1_p5_w3_regular,G4_p4,20.0,0,4,0,0.0,0.0
G1_p5_w3_variable,G1_p1,-5.0,4,4,0,1.0,0.0
G1_p5_w3_variable,G1_p1,0.0,1,4,1,0.25,0.1875
G1_p5_w3_variable,G1_p1,10.0,0,4,0,0.0,0.0
G1_p5_w3_variable,G1_p1,20.0,0,4,0,0.0,0.0
G1_p5_w3_variable,G1_p2,-5.0,4,4,0,1.0,0.0
G1_p5_w3_variable,G1_p2,0.0,1,4,1,0.25,0.1875
G1_p5_w3_variable,G1_p2,10.0,0,4,0,0.0,0.0
G1_p5_w3_variable,G1_p2,20.0,0,4,0,0.0,0.0
G1_p5_w3_variable,G1_p3,-5.0,0,4,0,0.0,0.0
G1_p5_w3_variable,G1_p3,0.0,0,4,0,0.0,0.0
G1_p5_w3_variable,G1_p3,10.0,0,4,0,0.0,0.0
G1_p5_w3_variable,G1_p3,20.0,0,4,0,0.0,0.0
G1_p5_w3_variable,G1_p4,-5.0,4,4,0,1.0,0.0
G1_p5_w3_variable,G1_p4,0.0,4,4,0,1.0,0.0
G1_p5_w3_variable,G1_p4,10.0,0,4,0,0.0,0.0
G1_p5_w3_variable,G1_p4,20.0,0,4,0,0.0,0.0
G1_p5_w3_variable,G2_p1,-5.0,4,4,0,1.0,0.0
G1_p5_w3_variable,G2_p1,0.0,2,4,2,0.5,0.25
G1_p5_w3_variable,G2_p1,10.0,0,4,0,0.0,0.0
G1_p5_w3_variable,G2_p1,20.0,0,4,0,0.0,0.0
G1_p5_w3_variable,G2_p2,-5.0,2,4,2,0.5,0.25
G1_p5_w3_variable,G2_p2,0.0,0,4,0,0.0,0.0
G1_p5_w3_variable,G2_p2,10.0,0,4,0,0.0,0.0
G1_p5_w3_variable,G2_p2,20.0,0,4,0,0.0,0.0
G1_p5_w3_variable,G2_p3,-5.0,3,4,1,0.75,0.1875
G1_p5_w3_variable,G2_p3,0.0,0,4,0,0.0,0.0
G1_p5_w3_variable,G2_p3,10.0,0,4,0,0.0,0.0
G1_p5_w3_variable,G2_p3,20.0,0,4,0,0.0,0.0
G1_p5_w3_variable,G2_p4,-5.0,4,4,0,1.0,0.0
G1_p5_w3_variable,G2_p4,0.0,4,4,0,1.0,0.0
G1_p5_w3_variable,G2_p4,10.0,0,4,0,0.0,0.0
G1_p5_w3_variable,G2_p4,20.0,0,4,0,0.0,0.0
G1_p5_w3_variable,G3_p1,-5.0,4,4,0,1.0,0.0
G1_p5_w3_variable,G3_p1,0.0,3,4,1,0.75,0.1875
G1_p5_w3_variable,G3_p1,10.0,0,4,0,0.0,0.0
G1_p5_w3_variable,G3_p1,20.0,0,4,0,0.0,0.0
G1_p5_w3_variable,G3_p2,-5.0,0,4,0,0.0,0.0
G1_p5_w3_variable,G3_p2,0.0,0,4,0,0.0,0.0
G1_p5_w3_variable,G3_p2,10.0,0,4,0,0.0,0.0
G1_p5_w3_variable,G3_p2,20.0,0,4,0,0.0,0.0
G1_p5_w3_variable,G3_p3,-5.0,0,4,0,0.0,0.0
G1_p5_w3_variable,G3_p3,0.0,0,4,0,0.0,0.0
G1_p5_w3_variable,G3_p3,10.0,0,4,0,0.0,0.0
G1_p5_w3_variable,G3_p3,20.0,0,4,0,0.0,0.0
G1_p5_w3_variable,G3_p4,-5.0,3,4,1,0.75,0.1875
G1_p5_w3_variable,G3_p4,0.0,0,4,0,0.0,0.0
G1_p5_w3_variable,G3_p4,10.0,0,4,0,0.0,0.0
G1_p5_w3_variable,G3_p4,20.0,0,4,0,0.0,0.0
G1_p5_w3_variable,G4_p1,-5.0,4,4,0,1.0,0.0
G1_p5_w3_variable,G4_p1,0.0,3,4,1,0.75,0.1875
G1_p5_w3_variable,G4_p1,10.0,0,4,0,0.0,0.0
G1_p5_w3_variable,G4_p1,20.0,0,4,0,0.0,0.0
G1_p5_w3_variable,G4_p2,-5.0,3,4,1,0.75,0.1875
G1_p5_w3_variable,G4_p2,0.0,0,4,0,0.0,0.0
G1_p5_w3_variable,G4_p2,10.0,0,4,0,0.0,0.0
G1_p5_w3_variable,G4_p2,20.0,0,4,0,0.0,0.0
G1_p5_w3_variable,G4_p3,-5.0,1,4,1,0.25,0.1875
G1_p5_w3_variable,G4_p3,0.0,0,4,0,0.0,0.0
G1_p5_w3_variable,G4_p3,10.0,0,4,0,0.0,0.0
G1_p5_w3_variable,G4_p3,20.0,0,4,0,0.0,0.0
G1_p5_w3_variable,G4_p4,-5.0,4,4,0,1.0,0.0
G1_p5_w3_variable,G4_p4,0.0,0,4,0,0.0,0.0
G1_p5_w3_variable,G4_p4,10.0,0,4,0,0.0,0.0
G1_p5_w3_variable,G4_p4,20.0,0,4,0,0.0,0.0
G2_p0_w0_regular,G1_p1,-5.0,4,4,0,1.0,0.0
G2_p0_w0_regular,G1_p1,0.0,1,4,1,0.25,0.1875
G2_p0_w0_regular,G1_p1,10.0,0,4,0,0.0,0.0
G2_p0_w0_regular,G1_p1,20.0,0,4,0,0.0,0.0
G2_p0_w0_regular,G1_p2,-5.0,3,4,1,0.75,0.1875
G2_p0_w0_regular,G1_p2,0.0,0,4,0,0.0,0.0
G2_p0_w0_regular,G1_p2,10.0,0,4,0,0.0,0.0
G2_p0_w0_regular,G1_p2,20.0,0,4,0,0.0,0.0
G2_p0_w0_regular,G1_p3,-5.0,1,4,1,0.25,0.1875
G2_p0_w0_regular,G1_p3,0.0,0,4,0,0.0,0.0
G2_p0_w0_regular,G1_p3,10.0,0,4,0,0.0,0.0
G2_p0_w0_regular,G1_p3,20.0,0,4,0,0.0,0.0
G2_p0_w0_regular,G1_p4,-5.0,4,4,0,1.0,0.0
G2_p0_w0_regular,G1_p4,0.0,4,4,0,1.0,0.0
G2_p0_w0_regular,G1_p4,10.0,0,4,0,0.0,0.0
G2_p0_w0_regular,G1_p4,20.0,0,4,0,0.0,0.0
G2_p0_w0_regular,G2_p1,-5.0,3,4,1,0.75,0.1875
G2_p0_w0_regular,G2_p1,0.0,3,4,1,0.75,0.1875
G2_p0_w0_regular,G2_p1,10.0,0,4,0,0.0,0.0
G2_p0_w0_regular,G2_p1,20.0,0,4,0,0.0,0.0
G2_p0_w0_regular,G2_p2,-5.0,3,4,1,0.75,0.1875
G2_p0_w0_regular,G2_p2,0.0,0,4,0,0.0,0.0
G2_p0_w0_regular,G2_p2,10.0,0,4,0,0.0,0.0
G2_p0_w0_regular,G2_p2,20.0,0,4,0,0.0,0.0
G2_p0_w0_regular,G2_p3,-5.0,4,4,0,1.0,0.0
G2_p0_w0_regular,G2_p3,0.0,0,4,0,0.0,0.0
G2_p0_w0_regular,G2_p3,10.0,0,4,0,0.0,0.0
G2_p0_w0_regular,G2_p3,20.0,0,4,0,0.0,0.0
G2_p0_w0_regular,G2_p4,-5.0,4,4,0,1.0,0.0
G2_p0_w0_regular,G2_p4,0.0,4,4,0,1.0,0.0
G2_p0_w0_regular,G2_p4,10.0,0,4,0,0.0,0.0
G2_p0_w0_regular,G2_p4,20.0,0,4,0,0.0,0.0
G2_p0_w0_regular,G3_p1,-5.0,4,4,0,1.0,0.0
G2_p0_w0_regular,G3_p1,0.0,3,4,1,0.75,0.1875
G2_p0_w0_regular,G3_p1,10.0,0,4,0,0.0,0.0
G2_p0_w0_regular,G3_p1,20.0,0,4,0,0.0,0.0
G2_p0_w0_regular,G3_p2,-5.0,0,4,0,0.0,0.0
G2_p0_w0_regular,G3_p2,0.0,0,4,0,0.0,0.0
G2_p0_w0_regular,G3_p2,10.0,0,4,0,0.0,0.0
G2_p0_w0_regular,G3_p2,20.0,0,4,0,0.0,0.0
G2_p0_w0_regular,G3_p3,-5.0,0,4,0,0.0,0.0
G2_p0_w0_regular,G3_p3,0.0,0,4,0,0.0,0.0
G2_p0_w0_regular,G3_p3,10.0,0,4,0,0.0,0.0
G2_p0_w0_regular,G3_p3,20.0,0,4,0,0.0,0.0
G2_p0_w0_regular,G3_p4,-5.0,2,4,2,0.5,0.25
G2_p0_w0_regular,G3_p4,0.0,0,4,0,0.0,0.0
G2_p0_w0_regular,G3_p4,10.0,0,4,0,0.0,0.0
G2_p0_w0_regular,G3_p4,20.0,0,4,0,0.0,0.0
G2_p0_w0_regular,G4_p1,-5.0,4,4,0,1.0,0.0
G2_p0_w0_regular,G4_p1,0.0,3,4,1,0.75,0.1875
G2_p0_w0_regular,G4_p1,10.0,0,4,0,0.0,0.0
G2_p0_w0_regular,G4_p1,20.0,0,4,0,0.0,0.0
G2_p0_w0_regular,G4_p2,-5.0,4,4,0,1.0,0.0
G2_p0_w0_regular,G4_p2,0.0,0,4,0,0.0,0.0
G2_p0_w0_regular,G4_p2,10.0,0,4,0,0.0,0.0
G2_p0_w0_regular,G4_p2,20.0,0,4,0,0.0,0.0
G2_p0_w0_regular,G4_p3,-5.0,0,4,0,0.0,0.0
G2_p0_w0_regular,G4_p3,0.0,0,4,0,0.0,0.0
G2_p0_w0_regular,G4_p3,10.0,0,4,0,0.0,0.0
G2_p0_w0_regular,G4_p3,20.0,0,4,0,0.0,0.0
G2_p0_w0_regular,G4_p4,-5.0,4,4,0,1.0,0.0
G2_p0_w0_regular,G4_p4,0.0,0,4,0,0.0,0.0
G2_p0_w0_regular,G4_p4,10.0,0,4,0,0.0,0.0
G2_p0_w0_regular,G4_p4,20.0,0,4,0,0.0,0.0
G2_p0_w0_variable,G1_p1,-5.0,4,4,0,1.0,0.0
G2_p0_w0_variable,G1_p1,0.0,0,4,0,0.0,0.0
G2_p0_w0_variable,G1_p1,10.0,0,4,0,0.0,0.0
G2_p0_w0_variable,G1_p1,20.0,0,4,0,0.0,0.0
G2_p0_w0_variable,G1_p2,-5.0,4,4,0,1.0,0.0
G2_p0_w0_variable,G1_p2,0.0,1,4,1,0.25,0.1875
G2_p0_w0_variable,G1_p2,10.0,0,4,0,0.0,0.0
G2_p0_w0_variable,G1_p2,20.0,0,4,0,0.0,0.0
G2_p0_w0_variable,G1_p3,-5.0,1,4,1,0.25,0.1875
G2_p0_w0_variable,G1_p3,0.0,0,4,0,0.0,0.0
G2_p0_w0_variable,G1_p3,10.0,0,4,0,0.0,0.0
G2_p0_w0_variable,G1_p3,20.0,0,4,0,0.0,0.0
G2_p0_w0_variable,G1_p4,-5.0,4,4,0,1.0,0.0
G2_p0_w0_variable,G1_p4,0.0,4,4,0,1.0,0.0
G2_p0_w0_variable,G1_p4,10.0,0,4,0,0.0,0.0
G2_p0_w0_variable,G1_p4,20.0,0,4,0,0.0,0.0
G2_p0_w0_variable,G2_p1,-5.0,4,4,0,1.0,0.0
G2_p0_w0_variable,G2_p1,0.0,3,4,1,0.75,0.1875
G2_p0_w0_variable,G2_p1,10.0,0,4,0,0.0,0.0
G2_p0_w0_variable,G2_p1,20.0,0,4,0,0.0,0.0
G2_p0_w0_variable,G2_p2,-5.0,3,4,1,0.75,0.1875
G2_p0_w0_variable,G2_p2,0.0,0,4,0,0.0,0.0
G2_p0_w0_variable,G2_p2,10.0,0,4,0,0.0,0.0
G2_p0_w0_variable,G2_p2,20.0,0,4,0,0.0,0.0
G2_p0_w0_variable,G2_p3,-5.0,3,4,1,0.75,0.1875
G2_p0_w0_variable,G2_p3,0.0,0,4,0,0.0,0.0
G2_p0_w0_variable,G2_p3,10.0,0,4,0,0.0,0.0
G2_p0_w0_variable,G2_p3,20.0,0,4,0,0.0,0.0
G2_p0_w0_variable,G2_p4,-5.0,4,4,0,1.0,0.0
G2_p0_w0_variable,G2_p4,0.0,4,4,0,1.0,0.0
G2_p0_w0_variable,G2_p4,10.0,0,4,0,0.0,0.0
G2_p0_w0_variable,G2_p4,20.0,0,4,0,0.0,0.0
G2_p0_w0_variable,G3_p1,-5.0,4,4,0,1.0,0.0
G2_p0_w0_variable,G3_p1,0.0,4,4,0,1.0,0.0
G2_p0_w0_variable,G3_p1,10.0,0,4,0,0.0,0.0
G2_p0_w0_variable,G3_p1,20.0,0,4,0,0.0,0.0
G2_p0_w0_variable,G3_p2,-5.0,0,4,0,0.0,0.0
G2_p0_w0_variable,G3_p2,0.0,0,4,0,0.0,0.0
G2_p0_w0_variable,G3_p2,10.0,0,4,0,0.0,0.0
G2_p0_w0_variable,G3_p2,20.0,0,4,0,0.0,0.0
G2_p0_w0_variable,G3_p3,-5.0,0,4,0,0.0,0.0
G2_p0_w0_variable,G3_p3,0.0,0,4,0,0.0,0.0
G2_p0_w0_variable,G3_p3,10.0,0,4,0,0.0,0.0
G2_p0_w0_variable,G3_p3,20.0,0,4,0,0.0,0.0
G2_p0_w0_variable,G3_p4,-5.0,4,4,0,1.0,0.0
G2_p0_w0_variable,G3_p4,0.0,0,4,0,0.0,0.0
G2_p0_w0_variable,G3_p4,10.0,0,4,0,0.0,0.0
G2_p0_w0_variable,G3_p4,20.0,0,4,0,0.0,0.0
G2_p0_w0_variable,G4_p1,-5.0,4,4,0,1.0,0.0
G2_p0_w0_variable,G4_p1,0.0,2,4,2,0.5,0.25
G2_p0_w0_variable,G4_p1,10.0,0,4,0,0.0,0.0
G2_p0_w0_variable,G4_p1,20.0,0,4,0,0.0,0.0
G2_p0_w0_variable,G4_p2,-5.0,4,4,0,1.0,0.0
G2_p0_w0_variable,G4_p2,0.0,0,4,0,0.0,0.0
G2_p0_w0_variable,G4_p2,10.0,0,4,0,0.0,0.0
G2_p0_w0_variable,G4_p2,20.0,0,4,0,0.0,0.0
G2_p0_w0_variable,G4_p3,-5.0,0,4,0,0.0,0.0
G2_p0_w0_variable,G4_p3,0.0,0,4,0,0.0,0.0
G2_p0_w0_variable,G4_p3,10.0,0,4,0,0.0,0.0
G2_p0_w0_variable,G4_p3,20.0,0,4,0,0.0,0.0
G2_p0_w0_variable,G4_p4,-5.0,4,4,0,1.0,0.0
G2_p0_w0_variable,G4_p4,0.0,0,4,0,0.0,0.0
G2_p0_w0_variable,G4_p4,10.0,0,4,0,0.0,0.0
G2_p0_w0_variable,G4_p4,20.0,0,4,0,0.0,0.0
G2_p0_w1_regular,G1_p1,-5.0,4,4,0,1.0,0.0
G2_p0_w1_regular,G1_p1,0.0,0,4,0,0.0,0.0
G2_p0_w1_regular,G1_p1,10.0,0,4,0,0.0,0.0
G2_p0_w1_regular,G1_p1,20.0,0,4,0,0.0,0.0
G2_p0_w1_regular,G1_p2,-5.0,4,4,0,1.0,0.0
G2_p0_w1_regular,G1_p2,0.0,0,4,0,0.0,0.0
G2_p0_w1_regular,G1_p2,10.0,0,4,0,0.0,0.0
G2_p0_w1_regular,G1_p2,20.0,0,4,0,0.0,0.0
G2_p0_w1_regular,G1_p3,-5.0,1,4,1,0.25,0.1875
G2_p0_w1_regular,G1_p3,0.0,0,4,0,0.0,0.0
G2_p0_w1_regular,G1_p3,10.0,0,4,0,0.0,0.0
G2_p0_w1_regular,G1_p3,20.0,0,4,0,0.0,0.0
G2_p0_w1_regular,G1_p4,-5.0,4,4,0,1.0,0.0
G2_p0_w1_regular,G1_p4,0.0,4,4,0,1.0,0.0
G2_p0_w1_regular,G1_p4,10.0,0,4,0,0.0,0.0
G2_p0_w1_regular,G1_p4,20.0,0,4,0,0.0,0.0
G2_p0_w1_regular,G2_p1,-5.0,4,4,0,1.0,0.0
G2_p0_w1_regular,G2_p1,0.0,3,4,1,0.75,0.1875
G2_p0_w1_regular,G2_p1,10.0,0,4,0,0.0,0.0
G2_p0_w1_regular,G2_p1,20.0,0,4,0,0.0,0.0
G2_p0_w1_regular,G2_p2,-5.0,1,4,1,0.25,0.1875
G2_p0_w1_regular,G2_p2,0.0,0,4,0,0.0,0.0
G2_p0_w1_regular,G2_p2,10.0,0,4,0,0.0,0.0
G2_p0_w1_regular,G2_p2,20.0,0,4,0,0.0,0.0
G2_p0_w1_regular,G2_p3,-5.0,4,4,0,1.0,0.0
G2_p0_w1_regular,G2_p3,0.0,0,4,0,0.0,0.0
G2_p0_w1_regular,G2_p3,10.0,0,4,0,0.0,0.0
G2_p0_w1_regular,G2_p3,20.0,0,4,0,0.0,0.0
G2_p0_w1_regular,G2_p4,-5.0,4,4,0,1.0,0.0
G2_p0_w1_regular,G2_p4,0.0,4,4,0,1.0,0.0
G2_p0_w1_regular,G2_p4,10.0,0,4,0,0.0,0.0
G2_p0_w1_regular,G2_p4,20.0,0,4,0,0.0,0.0
G2_p0_w1_regular,G3_p1,-5.0,4,4,0,1.0,0.0
G2_p0_w1_regular,G3_p1,0.0,3,4,1,0.75,0.1875
G2_p0_w1_regular,G3_p1,10.0,0,4,0,0.0,0.0
G2_p0_w1_regular,G3_p1,20.0,0,4,0,0.0,0.0
G2_p0_w1_regular,G3_p2,-5.0,0,4,0,0.0,0.0
G2_p0_w1_regular,G3_p2,0.0,0,4,0,0.0,0.0
G2_p0_w1_regular,G3_p2,10.0,0,4,0,0.0,0.0
G2_p0_w1_regular,G3_p2,20.0,0,4,0,0.0,0.0
G2_p0_w1_regular,G3_p3,-5.0,0,4,0,0.0,0.0
G2_p0_w1_regular,G3_p3,0.0,0,4,0,0.0,0.0
G2_p0_w1_regular,G3_p3,10.0,0,4,0,0.0,0.0
G2_p0_w1_regular,G3_p3,20.0,0,4,0,0.0,0.0
G2_p0_w1_regular,G3_p4,-5.0,4,4,0,1.0,0.0
G2_p0_w1_regular,G3_p4,0.0,0,4,0,0.0,0.0
G2_p0_w1_regular,G3_p4,10.0,0,4,0,0.0,0.0
G2_p0_w1_regular,G3_p4,20.0,0,4,0,0.0,0.0
G2_p0_w1_regular,G4_p1,-5.0,3,4,1,0.75,0.1875
G2_p0_w1_regular,G4_p1,0.0,2,4,2,0.5,0.25
G2_p0_w1_regular,G4_p1,10.0,0,4,0,0.0,0.0
G2_p0_w1_regular,G4_p1,20.0,0,4,0,0.0,0.0
G2_p0_w1_regular,G4_p2,-5.0,4,4,0,1.0,0.0
G2_p0_w1_regular,G4_p2,0.0,0,4,0,0.0,0.0
G2_p0_w1_regular,G4_p2,10.0,0,4,0,0.0,0.0
G2_p0_w1_regular,G4_p2,20.0,0,4,0,0.0,0.0
G2_p0_w1_regular,G4_p3,-5.0,0,4,0,0.0,0.0
G2_p0_w1_regular,G4_p3,0.0,0,4,0,0.0,0.0
G2_p0_w1_regular,G4_p3,10.0,0,4,0,0.0,0.0
G2_p0_w1_regular,G4_p3,20.0,0,4,0,0.0,0.0
G2_p0_w1_regular,G4_p4,-5.0,4,4,0,1.0,0.0
G2_p0_w1_regular,G4_p4,0.0,1,4,1,0.25,0.1875
G2_p0_w1_regular,G4_p4,10.0,0,4,0,0.0,0.0
G2_p0_w1_regular,G4_p4,20.0,0,4,0,0.0,0.0
G2_p0_w1_variable,G1_p1,-5.0,4,4,0,1.0,0.0
G2_p0_w1_variable,G1_p1,0.0,2,4,2,0.5,0.25
G2_p0_w1_variable,G1_p1,10.0,0,4,0,0.0,0.0
G2_p0_w1_variable,G1_p1,20.0,0,4,0,0.0,0.0
G2_p0_w1_variable,G1_p2,-5.0,4,4,0,1.0,0.0
G2_p0_w1_variable,G1_p2,0.0,0,4,0,0.0,0.0
G2_p0_w1_variable,G1_p2,10.0,0,4,0,0.0,0.0
G2_p0_w1_variable,G1_p2,20.0,0,4,0,0.0,0.0
G2_p0_w1_variable,G1_p3,-5.0,1,4,1,0.25,0.1875
G2_p0_w1_variable,G1_p3,0.0,0,4,0,0.0,0.0
G2_p0_w1_variable,G1_p3,10.0,0,4,0,0.0,0.0
G2_p0_w1_variable,G1_p3,20.0,0,4,0,0.0,0.0
G2_p0_w1_variable,G1_p4,-5.0,4,4,0,1.0,0.0
G2_p0_w1_variable,G1_p4,0.0,4,4,0,1.0,0.0
G2_p0_w1_variable,G1_p4,10.0,0,4,0,0.0,0.0
G2_p0_w1_variable,G1_p4,20.0,0,4,0,0.0,0.0
G2_p0_w1_variable,G2_p1,-5.0,4,4,0,1.0,0.0
G2_p0_w1_variable,G2_p1,0.0,3,4,1,0.75,0.1875
G2_p0_w1_variable,G2_p1,10.0,0,4,0,0.0,0.0
G2_p0_w1_variable,G2_p1,20.0,0,4,0,0.0,0.0
G2_p0_w1_variable,G2_p2,-5.0,2,4,2,0.5,0.25
G2_p0_w1_variable,G2_p2,0.0,0,4,0,0.0,0.0
G2_p0_w1_variable,G2_p2,10.0,0,4,0,0.0,0.0
G2_p0_w1_variable,G2_p2,20.0,0,4,0,0.0,0.0
G2_p0_w1_variable,G2_p3,-5.0,4,4,0,1.0,0.0
G2_p0_w1_variable,G2_p3,0.0,1,4,1,0.25,0.1875
G2_p0_w1_variable,G2_p3,10.0,0,4,0,0.0,0.0
G2_p0_w1_variable,G2_p3,20.0,0,4,0,0.0,0.0
G2_p0_w1_variable,G2_p4,-5.0,4,4,0,1.0,0.0
G2_p0_w1_variable,G2_p4,0.0,4,4,0,1.0,0.0
G2_p0_w1_variable,G2_p4,10.0,0,4,0,0.0,0.0
G2_p0_w1_variable,G2_p4,20.0,0,4,0,0.0,0.0
G2_p0_w1_variable,G3_p1,-5.0,4,4,0,1.0,0.0
G2_p0_w1_variable,G3_p1,0.0,3,4,1,0.75,0.1875
G2_p0_w1_variable,G3_p1,10.0,0,4,0,0.0,0.0
G2_p0_w1_variable,G3_p1,20.0,0,4,0,0.0,0.0
G2_p0_w1_variable,G3_p2,-5.0,0,4,0,0.0,0.0
G2_p0_w1_variable,G3_p2,0.0,0,4,0,0.0,0.0
G2_p0_w1_variable,G3_p2,10.0,0,4,0,0.0,0.0
G2_p0_w1_variable,G3_p2,20.0,0,4,0,0.0,0.0
G2_p0_w1_variable,G3_p3,-5.0,0,4,0,0.0,0.0
G2_p0_w1_variable,G3_p3,0.0,0,4,0,0.0,0.0
G2_p0_w1_variable,G3_p3,10.0,0,4,0,0.0,0.0
G2_p0_w1_variable,G3_p3,20.0,0,4,0,0.0,0.0
G2_p0_w1_variable,G3_p4,-5.0,2,4,2,0.5,0.25
G2_p0_w1_variable,G3_p4,0.0,0,4,0,0.0,0.0
G2_p0_w1_variable,G3_p4,10.0,0,4,0,0.0,0.0
G2_p0_w1_variable,G3_p4,20.0,0,4,0,0.0,0.0
G2_p0_w1_variable,G4_p1,-5.0,4,4,0,1.0,0.0
G2_p0_w1_variable,G4_p1,0.0,4,4,0,1.0,0.0
G2_p0_w1_variable,G4_p1,10.0,0,4,0,0.0,0.0
G2_p0_w1_variable,G4_p1,20.0,0,4,0,0.0,0.0
G2_p0_w1_variable,G4_p2,-5.0,4,4,0,1.0,0.0
G2_p0_w1_variable,G4_p2,0.0,0,4,0,0.0,0.0
G2_p0_w1_variable,G4_p2,10.0,0,4,0,0.0,0.0
G2_p0_w1_variable,G4_p2,20.0,0,4,0,0.0,0.0
G2_p0_w1_variable,G4_p3,-5.0,0,4,0,0.0,0.0
G2_p0_w1_variable,G4_p3,0.0,0,4,0,0.0,0.0
G2_p0_w1_variable,G4_p3,10.0,0,4,0,0.0,0.0
G2_p0_w1_variable,G4_p3,20.0,0,4,0,0.0,0.0
G2_p0_w1_variable,G4_p4,-5.0,4,4,0,1.0,0.0
G2_p0_w1_variable,G4_p4,0.0,0,4,0,0.0,0.0
G2_p0_w1_variable,G4_p4,10.0,0,4,0,0.0,0.0
G2_p0_w1_variable,G4_p4,20.0,0,4,0,0.0,0.0
G2_p0_w2_regular,G1_p1,-5.0,4,4,0,1.0,0.0
G2_p0_w2_regular,G1_p1,0.0,0,4,0,0.0,0.0
G2_p0_w2_regular,G1_p1,10.0,0,4,0,0.0,0.0
G2_p0_w2_regular,G1_p1,20.0,0,4,0,0.0,0.0
G2_p0_w2_regular,G1_p2,-5.0,4,4,0,1.0,0.0
G2_p0_w2_regular,G1_p2,0.0,1,4,1,0.25,0.1875
G2_p0_w2_regular,G1_p2,10.0,0,4,0,0.0,0.0
G2_p0_w2_regular,G1_p2,20.0,0,4,0,0.0,0.0
G2_p0_w2_regular,G1_p3,-5.0,0,4,0,0.0,0.0
G2_p0_w2_regular,G1_p3,0.0,0,4,0,0.0,0.0
G2_p0_w2_regular,G1_p3,10.0,0,4,0,0.0,0.0
G2_p0_w2_regular,G1_p3,20.0,0,4,0,0.0,0.0
G2_p0_w2_regular,G1_p4,-5.0,4,4,0,1.0,0.0
G2_p0_w2_regular,G1_p4,0.0,4,4,0,1.0,0.0
G2_p0_w2_regular,G1_p4,10.0,0,4,0,0.0,0.0
G2_p0_w2_regular,G1_p4,20.0,0,4,0,0.0,0.0
G2_p0_w2_regular,G2_p1,-5.0,4,4,0,1.0,0.0
G2_p0_w2_regular,G2_p1,0.0,3,4,1,0.75,0.1875
G2_p0_w2_regular,G2_p1,10.0,0,4,0,0.0,0.0
G2_p0_w2_regular,G2_p1,20.0,0,4,0,0.0,0.0
G2_p0_w2_regular,G2_p2,-5.0,2,4,2,0.5,0.25
G2_p0_w2_regular,G2_p2,0.0,0,4,0,0.0,0.0
G2_p0_w2_regular,G2_p2,10.0,0,4,0,0.0,0.0
G2_p0_w2_regular,G2_p2,20.0,0,4,0,0.0,0.0
G2_p0_w2_regular,G2_p3,-5.0,4,4,0,1.0,0.0
G2_p0_w2_regular,G2_p3,0.0,0,4,0,0.0,0.0
G2_p0_w2_regular,G2_p3,10.0,0,4,0,0.0,0.0
G2_p0_w2_regular,G2_p3,20.0,0,4,0,0.0,0.0
G2_p0_w2_regular,G2_p4,-5.0,4,4,0,1.0,0.0
G2_p0_w2_regular,G2_p4,0.0,4,4,0,1.0,0.0
G2_p0_w2_regular,G2_p4,10.0,0,4,0,0.0,0.0
G2_p0_w2_regular,G2_p4,20.0,0,4,0,0.0,0.0
G2_p0_w2_regular,G3_p1,-5.0,4,4,0,1.0,0.0
G2_p0_w2_regular,G3_p1,0.0,3,4,1,0.75,0.1875
G2_p0_w2_regular,G3_p1,10.0,0,4,0,0.0,0.0
G2_p0_w2_regular,G3_p1,20.0,0,4,0,0.0,0.0
G2_p0_w2_regular,G3_p2,-5.0,0,4,0,0.0,0.0
G2_p0_w2_regular,G3_p2,0.0,0,4,0,0.0,0.0
G2_p0_w2_regular,G3_p2,10.0,0,4,0,0.0,0.0
G2_p0_w2_regular,G3_p2,20.0,0,4,0,0.0,0.0
G2_p0_w2_regular,G3_p3,-5.0,0,4,0,0.0,0.0
G2_p0_w2_regular,G3_p3,0.0,0,4,0,0.0,0.0
G2_p0_w2_regular,G3_p3,10.0,0,4,0,0.0,0.0
G2_p0_w2_regular,G3_p3,20.0,0,4,0,0.0,0.0
G2_p0_w2_regular,G3_p4,-5.0,4,4,0,1.0,0.0
G2_p0_w2_regular,G3_p4,0.0,0,4,0,0.0,0.0
G2_p0_w2_regular,G3_p4,10.0,0,4,0,0.0,0.0
G2_p0_w2_regular,G3_p4,20.0,0,4,0,0.0,0.0
G2_p0_w2_regular,G4_p1,-5.0,4,4,0,1.0,0.0
G2_p0_w2_regular,G4_p1,0.0,3,4,1,0.75,0.1875
G2_p0_w2_regular,G4_p1,10.0,0,4,0,0.0,0.0
G2_p0_w2_regular,G4_p1,20.0,0,4,0,0.0,0.0
G2_p0_w2_regular,G4_p2,-5.0,3,4,1,0.75,0.1875
G2_p0_w2_regular,G4_p2,0.0,0,4,0,0.0,0.0
G2_p0_w2_regular,G4_p2,10.0,0,4,0,0.0,0.0
G2_p0_w2_regular,G4_p2,20.0,0,4,0,0.0,0.0
G2_p0_w2_regular,G4_p3,-5.0,0,4,0,0.0,0.0
G2_p0_w2_regular,G4_p3,0.0,0,4,0,0.0,0.0
G2_p0_w2_regular,G4_p3,10.0,0,4,0,0.0,0.0
G2_p0_w2_regular,G4_p3,20.0,0,4,0,0.0,0.0
G2_p0_w2_regular,G4_p4,-5.0,4,4,0,1.0,0.0
G2_p0_w2_regular,G4_p4,0.0,0,4,0,0.0,0.0
G2_p0_w2_regular,G4_p4,10.0,0,4,0,0.0,0.0
G2_p0_w2_regular,G4_p4,20.0,0,4,0,0.0,0.0
G2_p0_w2_variable,G1_p1,-5.0,4,4,0,1.0,0.0
G2_p0_w2_variable,G1_p1,0.0,0,4,0,0.0,0.0
G2_p0_w2_variable,G1_p1,10.0,0,4,0,0.0,0.0
G2_p0_w2_variable,G1_p1,20.0,0,4,0,0.0,0.0
G2_p0_w2_variable,G1_p2,-5.0,3,4,1,0.75,0.1875
G2_p0_w2_variable,G1_p2,0.0,0,4,0,0.0,0.0
G2_p0_w2_variable,G1_p2,10.0,0,4,0,0.0,0.0
G2_p0_w2_variable,G1_p2,20.0,0,4,0,0.0,0.0
G2_p0_w2_variable,G1_p3,-5.0,2,4,2,0.5,0.25
G2_p0_w2_variable,G1_p3,0.0,0,4,0,0.0,0.0
G2_p0_w2_variable,G1_p3,10.0,0,4,0,0.0,0.0
G2_p0_w2_variable,G1_p3,20.0,0,4,0,0.0,0.0
G2_p0_w2_variable,G1_p4,-5.0,4,4,0,1.0,0.0
G2_p0_w2_variable,G1_p4,0.0,4,4,0,1.0,0.0
G2_p0_w2_variable,G1_p4,10.0,0,4,0,0.0,0.0
G2_p0_w2_variable,G1_p4,20.0,0,4,0,0.0,0.0
G2_p0_w2_variable,G2_p1,-5.0,4,4,0,1.0,0.0
G2_p0_w2_variable,G2_p1,0.0,1,4,1,0.25,0.1875
G2_p0_w2_variable,G2_p1,10.0,0,4,0,0.0,0.0
G2_p0_w2_variable,G2_p1,20.0,0,4,0,0.0,0.0
G2_p0_w2_variable,G2_p2,-5.0,3,4,1,0.75,0.1875
G2_p0_w2_variable,G2_p2,0.0,1,4,1,0.25,0.1875
G2_p0_w2_variable,G2_p2,10.0,0,4,0,0.0,0.0
G2_p0_w2_variable,G2_p2,20.0,0,4,0,0.0,0.0
G2_p0_w2_variable,G2_p3,-5.0,4,4,0,1.0,0.0
G2_p0_w2_variable,G2_p3,0.0,0,4,0,0.0,0.0
G2_p0_w2_variable,G2_p3,10.0,0,4,0,0.0,0.0
G2_p0_w2_variable,G2_p3,20.0,0,4,0,0.0,0.0
G2_p0_w2_variable,G2_p4,-5.0,4,4,0,1.0,0.0
G2_p0_w2_variable,G2_p4,0.0,4,4,0,1.0,0.0
G2_p0_w2_variable,G2_p4,10.0,0,4,0,0.0,0.0
G2_p0_w2_variable,G2_p4,20.0,0,4,0,0.0,0.0
G2_p0_w2_variable,G3_p1,-5.0,4,4,0,1.0,0.0
G2_p0_w2_variable,G3_p1,0.0,1,4,1,0.25,0.1875
G2_p0_w2_variable,G3_p1,10.0,0,4,0,0.0,0.0
G2_p0_w2_variable,G3_p1,20.0,0,4,0,0.0,0.0
G2_p0_w2_variable,G3_p2,-5.0,0,4,0,0.0,0.0
G2_p0_w2_variable,G3_p2,0.0,0,4,0,0.0,0.0
G2_p0_w2_variable,G3_p2,10.0,0,4,0,0.0,0.0
G2_p0_w2_variable,G3_p2,20.0,0,4,0,0.0,0.0
G2_p0_w2_variable,G3_p3,-5.0,0,4,0,0.0,0.0
G2_p0_w2_variable,G3_p3,0.0,0,4,0,0.0,0.0
G2_p0_w2_variable,G3_p3,10.0,0,4,0,0.0,0.0
G2_p0_w2_variable,G3_p3,20.0,0,4,0,0.0,0.0
G2_p0_w2_variable,G3_p4,-5.0,4,4,0,1.0,0.0
G2_p0_w2_variable,G3_p4,0.0,0,4,0,0.0,0.0
G2_p0_w2_variable,G3_p4,10.0,0,4,0,0.0,0.0
G2_p0_w2_variable,G3_p4,20.0,0,4,0,0.0,0.0
G2_p0_w2_variable,G4_p1,-5.0,4,4,0,1.0,0.0
G2_p0_w2_variable,G4_p1,0.0,2,4,2,0.5,0.25
G2_p0_w2_variable,G4_p1,10.0,0,4,0,0.0,0.0
G2_p0_w2_variable,G4_p1,20.0,0,4,0,0.0,0.0
G2_p0_w2_variable,G4_p2,-5.0,4,4,0,1.0,0.0
G2_p0_w2_variable,G4_p2,0.0,0,4,0,0.0,0.0
G2_p0_w2_variable,G4_p2,10.0,0,4,0,0.0,0.0
G2_p0_w2_variable,G4_p2,20.0,0,4,0,0.0,0.0
G2_p0_w2_variable,G4_p3,-5.0,1,4,1,0.25,0.1875
G2_p0_w2_variable,G4_p3,0.0,0,4,0,0.0,0.0
G2_p0_w2_variable,G4_p3,10.0,0,4,0,0.0,0.0
G2_p0_w2_variable,G4_p3,20.0,0,4,0,0.0,0.0
G2_p0_w2_variable,G4_p4,-5.0,4,4,0,1.0,0.0
G2_p0_w2_variable,G4_p4,0.0,1,4,1,0.25,0.1875
G2_p0_w2_variable,G4_p4,10.0,0,4,0,0.0,0.0
G2_p0_w2_variable,G4_p4,20.0,0,4,0,0.0,0.0
G2_p0_w3_regular,G1_p1,-5.0,4,4,0,1.0,0.0
G2_p0_w3_regular,G1_p1,0.0,1,4,1,0.25,0.1875
G2_p0_w3_regular,G1_p1,10.0,0,4,0,0.0,0.0
G2_p0_w3_regular,G1_p1,20.0,0,4,0,0.0,0.0
G2_p0_w3_regular,G1_p2,-5.0,3,4,1,0.75,0.1875
G2_p0_w3_regular,G1_p2,0.0,0,4,0,0.0,0.0
G2_p0_w3_regular,G1_p2,10.0,0,4,0,0.0,0.0
G2_p0_w3_regular,G1_p2,20.0,0,4,0,0.0,0.0
G2_p0_w3_regular,G1_p3,-5.0,2,4,2,0.5,0.25
G2_p0_w3_regular,G1_p3,0.0,0,4,0,0.0,0.0
G2_p0_w3_regular,G1_p3,10.0,0,4,0,0.0,0.0
G2_p0_w3_regular,G1_p3,20.0,0,4,0,0.0,0.0
G2_p0_w3_regular,G1_p4,-5.0,4,4,0,1.0,0.0
G2_p0_w3_regular,G1_p4,0.0,4,4,0,1.0,0.0
G2_p0_w3_regular,G1_p4,10.0,0,4,0,0.0,0.0
G2_p0_w3_regular,G1_p4,20.0,0,4,0,0.0,0.0
G2_p0_w3_regular,G2_p1,-5.0,4,4,0,1.0,0.0
G2_p0_w3_regular,G2_p1,0.0,2,4,2,0.5,0.25
G2_p0_w3_regular,G2_p1,10.0,0,4,0,0.0,0.0
G2_p0_w3_regular,G2_p1,20.0,0,4,0,0.0,0.0
G2_p0_w3_regular,G2_p2,-5.0,3,4,1,0.75,0.1875
G2_p0_w3_regular,G2_p2,0.0,1,4,1,0.25,0.1875
G2_p0_w3_regular,G2_p2,10.0,0,4,0,0.0,0.0
G2_p0_w3_regular,G2_p2,20.0,0,4,0,0.0,0.0
G2_p0_w3_regular,G2_p3,-5.0,4,4,0,1.0,0.0
G2_p0_w3_regular,G2_p3,0.0,0,4,0,0.0,0.0
G2_p0_w3_regular,G2_p3,10.0,0,4,0,0.0,0.0
G2_p0_w3_regular,G2_p3,20.0,0,4,0,0.0,0.0
G2_p0_w3_regular,G2_p4,-5.0,4,4,0,1.0,0.0
G2_p0_w3_regular,G2_p4,0.0,4,4,0,1.0,0.0
G2_p0_w3_regular,G2_p4,10.0,0,4,0,0.0,0.0
G2_p0_w3_regular,G2_p4,20.0,0,4,0,0.0,0.0
G2_p0_w3_regular,G3_p1,-5.0,4,4,0,1.0,0.0
G2_p0_w3_regular,G3_p1,0.0,3,4,1,0.75,0.1875
G2_p0_w3_regular,G3_p1,10.0,0,4,0,0.0,0.0
G2_p0_w3_regular,G3_p1,20.0,0,4,0,0.0,0.0
G2_p0_w3_regular,G3_p2,-5.0,0,4,0,0.0,0.0
G2_p0_w3_regular,G3_p2,0.0,0,4,0,0.0,0.0
G2_p0_w3_regular,G3_p2,10.0,0,4,0,0.0,0.0
G2_p0_w3_regular,G3_p2,20.0,0,4,0,0.0,0.0
G2_p0_w3_regular,G3_p3,-5.0,0,4,0,0.0,0.0
G2_p0_w3_regular,G3_p3,0.0,0,4,0,0.0,0.0
G2_p0_w3_regular,G3_p3,10.0,0,4,0,0.0,0.0
G2_p0_w3_regular,G3_p3,20.0,0,4,0,0.0,0.0
G2_p0_w3_regular,G3_p4,-5.0,2,4,2,0.5,0.25
G2_p0_w3_regular,G3_p4,0.0,0,4,0,0.0,0.0
G2_p0_w3_regular,G3_p4,10.0,0,4,0,0.0,0.0
G2_p0_w3_regular,G3_p4,20.0,0,4,0,0.0,0.0
G2_p0_w3_regular,G4_p1,-5.0,4,4,0,1.0,0.0
G2_p0_w3_regular,G4_p1,0.0,4,4,0,1.0,0.0
G2_p0_w3_regular,G4_p1,10.0,0,4,0,0.0,0.0
G2_p0_w3_regular,G4_p1,20.0,0,4,0,0.0,0.0
G2_p0_w3_regular,G4_p2,-5.0,4,4,0,1.0,0.0
G2_p0_w3_regular,G4_p2,0.0,0,4,0,0.0,0.0
G2_p0_w3_regular,G4_p2,10.0,0,4,0,0.0,0.0
G2_p0_w3_regular,G4_p2,20.0,0,4,0,0.0,0.0
G2_p0_w3_regular,G4_p3,-5.0,0,4,0,0.0,0.0
G2_p0_w3_regular,G4_p3,0.0,0,4,0,0.0,0.0
G2_p0_w3_regular,G4_p3,10.0,0,4,0,0.0,0.0
G2_p0_w3_regular,G4_p3,20.0,0,4,0,0.0,0.0
G2_p0_w3_regular,G4_p4,-5.0,4,4,0,1.0,0.0
G2_p0_w3_regular,G4_p4,0.0,0,4,0,0.0,0.0
G2_p0_w3_regular,G4_p4,10.0,0,4,0,0.0,0.0
G2_p0_w3_regular,G4_p4,20.0,0,4,0,0.0,0.0
G2_p0_w3_variable,G1_p1,-5.0,4,4,0,1.0,0.0
G2_p0_w3_variable,G1_p1,0.0,0,4,0,0.0,0.0
G2_p0_w3_variable,G1_p1,10.0,0,4,0,0.0,0.0
G2_p0_w3_variable,G1_p1,20.0,0,4,0,0.0,0.0
G2_p0_w3_variable,G1_p2,-5.0,3,4,1,0.75,0.1875
G2_p0_w3_variable,G1_p2,0.0,0,4,0,0.0,0.0
G2_p0_w3_variable,G1_p2,10.0,0,4,0,0.0,0.0
G2_p0_w3_variable,G1_p2,20.0,0,4,0,0.0,0.0
G2_p0_w3_variable,G1_p3,-5.0,2,4,2,0.5,0.25
G2_p0_w3_variable,G1_p3,0.0,0,4,0,0.0,0.0
G2_p0_w3_variable,G1_p3,10.0,0,4,0,0.0,0.0
G2_p0_w3_variable,G1_p3,20.0,0,4,0,0.0,0.0
G2_p0_w3_variable,G1_p4,-5.0,4,4,0,1.0,0.0
G2_p0_w3_variable,G1_p4,0.0,4,4,0,1.0,0.0
G2_p0_w3_variable,G1_p4,10.0,1,4,1,0.25,0.1875
G2_p0_w3_variable,G1_p4,20.0,0,4,0,0.0,0.0
G2_p0_w3_variable,G2_p1,-5.0,4,4,0,1.0,0.0
G2_p0_w3_variable,G2_p1,0.0,2,4,2,0.5,0.25
G2_p0_w3_variable,G2_p1,10.0,0,4,0,0.0,0.0
G2_p0_w3_variable,G2_p1,20.0,0,4,0,0.0,0.0
G2_p0_w3_variable,G2_p2,-5.0,1,4,1,0.25,0.1875
G2_p0_w3_variable,G2_p2,0.0,0,4,0,0.0,0.0
G2_p0_w3_variable,G2_p2,10.0,0,4,0,0.0,0.0
G2_p0_w3_variable,G2_p2,20.0,0,4,0,0.0,0.0
G2_p0_w3_variable,G2_p3,-5.0,2,4,2,0.5,0.25
G2_p0_w3_variable,G2_p3,0.0,0,4,0,0.0,0.0
G2_p0_w3_variable,G2_p3,10.0,0,4,0,0.0,0.0
G2_p0_w3_variable,G2_p3,20.0,0,4,0,0.0,0.0
G2_p0_w3_variable,G2_p4,-5.0,4,4,0,1.0,0.0
G2_p0_w3_variable,G2_p4,0.0,4,4,0,1.0,0.0
G2_p0_w3_variable,G2_p4,10.0,0,4,0,0.0,0.0
G2_p0_w3_variable,G2_p4,20.0,0,4,0,0.0,0.0
G2_p0_w3_variable,G3_p1,-5.0,4,4,0,1.0,0.0
G2_p0_w3_variable,G3_p1,0.0,3,4,1,0.75,0.1875
G2_p0_w3_variable,G3_p1,10.0,0,4,0,0.0,0.0
G2_p0_w3_variable,G3_p1,20.0,0,4,0,0.0,0.0
G2_p0_w3_variable,G3_p2,-5.0,0,4,0,0.0,0.0
G2_p0_w3_variable,G3_p2,0.0,0,4,0,0.0,0.0
G2_p0_w3_variable,G3_p2,10.0,0,4,0,0.0,0.0
G2_p0_w3_variable,G3_p2,20.0,0,4,0,0.0,0.0
G2_p0_w3_variable,G3_p3,-5.0,0,4,0,0.0,0.0
G2_p0_w3_variable,G3_p3,0.0,0,4,0,0.0,0.0
G2_p0_w3_variable,G3_p3,10.0,0,4,0,0.0,0.0
G2_p0_w3_variable,G3_p3,20.0,0,4,0,0.0,0.0
G2_p0_w3_variable,G3_p4,-5.0,2,4,2,0.5,0.25
G2_p0_w3_variable,G3_p4,0.0,0,4,0,0.0,0.0
G2_p0_w3_variable,G3_p4,10.0,0,4,0,0.0,0.0
G2_p0_w3_variable,G3_p4,20.0,0,4,0,0.0,0.0
G2_p0_w3_variable,G4_p1,-5.0,4,4,0,1.0,0.0
G2_p0_w3_variable,G4_p1,0.0,4,4,0,1.0,0.0
G2_p0_w3_variable,G4_p1,10.0,0,4,0,0.0,0.0
G2_p0_w3_variable,G4_p1,20.0,0,4,0,0.0,0.0
G2_p0_w3_variable,G4_p2,-5.0,4,4,0,1.0,0.0
G2_p0_w3_variable,G4_p2,0.0,0,4,0,0.0,0.0
G2_p0_w3_variable,G4_p2,10.0,0,4,0,0.0,0.0
G2_p0_w3_variable,G4_p2,20.0,0,4,0,0.0,0.0
G2_p0_w3_variable,G4_p3,-5.0,0,4,0,0.0,0.0
G2_p0_w3_variable,G4_p3,0.0,0,4,0,0.0,0.0
G2_p0_w3_variable,G4_p3,10.0,0,4,0,0.0,0.0
G2_p0_w3_variable,G4_p3,20.0,0,4,0,0.0,0.0
G2_p0_w3_variable,G4_p4,-5.0,4,4,0,1.0,0.0
G2_p0_w3_variable,G4_p4,0.0,0,4,0,0.0,0.0
G2_p0_w3_variable,G4_p4,10.0,0,4,0,0.0,0.0
G2_p0_w3_variable,G4_p4,20.0,0,4,0,0.0,0.0
G2_p5_w0_regular,G1_p1,-5.0,4,4,0,1.0,0.0
G2_p5_w0_regular,G1_p1,0.0,0,4,0,0.0,0.0
G2_p5_w0_regular,G1_p1,10.0,0,4,0,0.0,0.0
G2_p5_w0_regular,G1_p1,20.0,0,4,0,0.0,0.0
G2_p5_w0_regular,G1_p2,-5.0,3,4,1,0.75,0.1875
G2_p5_w0_regular,G1_p2,0.0,0,4,0,0.0,0.0
G2_p5_w0_regular,G1_p2,10.0,0,4,0,0.0,0.0
G2_p5_w0_regular,G1_p2,20.0,0,4,0,0.0,0.0
G2_p5_w0_regular,G1_p3,-5.0,0,4,0,0.0,0.0
G2_p5_w0_regular,G1_p3,0.0,0,4,0,0.0,0.0
G2_p5_w0_regular,G1_p3,10.0,0,4,0,0.0,0.0
G2_p5_w0_regular,G1_p3,20.0,0,4,0,0.0,0.0
G2_p5_w0_regular,G1_p4,-5.0,4,4,0,1.0,0.0
G2_p5_w0_regular,G1_p4,0.0,4,4,0,1.0,0.0
G2_p5_w0_regular,G1_p4,10.0,0,4,0,0.0,0.0
G2_p5_w0_regular,G1_p4,20.0,0,4,0,0.0,0.0
G2_p5_w0_regular,G2_p1,-5.0,4,4,0,1.0,0.0
G2_p5_w0_regular,G2_p1,0.0,2,4,2,0.5,0.25
G2_p5_w0_regular,G2_p1,10.0,0,4,0,0.0,0.0
G2_p5_w0_regular,G2_p1,20.0,0,4,0,0.0,0.0
G2_p5_w0_regular,G2_p2,-5.0,0,4,0,0.0,0.0
G2_p5_w0_regular,G2_p2,0.0,0,4,0,0.0,0.0
G2_p5_w0_regular,G2_p2,10.0,0,4,0,0.0,0.0
G2_p5_w0_regular,G2_p2,20.0,0,4,0,0.0,0.0
G2_p5_w0_regular,G2_p3,-5.0,2,4,2,0.5,0.25
G2_p5_w0_regular,G2_p3,0.0,0,4,0,0.0,0.0
G2_p5_w0_regular,G2_p3,10.0,0,4,0,0.0,0.0
G2_p5_w0_regular,G2_p3,20.0,0,4,0,0.0,0.0
G2_p5_w0_regular,G2_p4,-5.0,4,4,0,1.0,0.0
G2_p5_w0_regular,G2_p4,0.0,4,4,0,1.0,0.0
G2_p5_w0_regular,G2_p4,10.0,0,4,0,0.0,0.0
G2_p5_w0_regular,G2_p4,20.0,0,4,0,0.0,0.0
G2_p5_w0_regular,G3_p1,-5.0,4,4,0,1.0,0.0
G2_p5_w0_regular,G3_p1,0.0,3,4,1,0.75,0.1875
G2_p5_w0_regular,G3_p1,10.0,0,4,0,0.0,0.0
G2_p5_w0_regular,G3_p1,20.0,0,4,0,0.0,0.0
G2_p5_w0_regular,G3_p2,-5.0,0,4,0,0.0,0.0
G2_p5_w0_regular,G3_p2,0.0,0,4,0,0.0,0.0
G2_p5_w0_regular,G3_p2,10.0,0,4,0,0.0,0.0
G2_p5_w0_regular,G3_p2,20.0,0,4,0,0.0,0.0
G2_p5_w0_regular,G3_p3,-5.0,0,4,0,0.0,0.0
G2_p5_w0_regular,G3_p3,0.0,0,4,0,0.0,0.0
G2_p5_w0_regular,G3_p3,10.0,0,4,0,0.0,0.0
G2_p5_w0_regular,G3_p3,20.0,0,4,0,0.0,0.0
G2_p5_w0_regular,G3_p4,-5.0,3,4,1,0.75,0.1875
G2_p5_w0_regular,G3_p4,0.0,0,4,0,0.0,0.0
G2_p5_w0_regular,G3_p4,10.0,0,4,0,0.0,0.0
G2_p5_w0_regular,G3_p4,20.0,0,4,0,0.0,0.0
G2_p5_w0_regular,G4_p1,-5.0,3,4,1,0.75,0.1875
G2_p5_w0_regular,G4_p1,0.0,1,4,1,0.25,0.1875
G2_p5_w0_regular,G4_p1,10.0,0,4,0,0.0,0.0
G2_p5_w0_regular,G4_p1,20.0,0,4,0,0.0,0.0
G2_p5_w0_regular,G4_p2,-5.0,4,4,0,1.0,0.0
G2_p5_w0_regular,G4_p2,0.0,0,4,0,0.0,0.0
G2_p5_w0_regular,G4_p2,10.0,0,4,0,0.0,0.0
G2_p5_w0_regular,G4_p2,20.0,0,4,0,0.0,0.0
G2_p5_w0_regular,G4_p3,-5.0,0,4,0,0.0,0.0
G2_p5_w0_regular,G4_p3,0.0,0,4,0,0.0,0.0
G2_p5_w0_regular,G4_p3,10.0,0,4,0,0.0,0.0
G2_p5_w0_regular,G4_p3,20.0,0,4,0,0.0,0.0
G2_p5_w0_regular,G4_p4,-5.0,4,4,0,1.0,0.0
G2_p5_w0_regular,G4_p4,0.0,0,4,0,0.0,0.0
G2_p5_w0_regular,G4_p4,10.0,0,4,0,0.0,0.0
G2_p5_w0_regular,G4_p4,20.0,0,4,0,0.0,0.0
G2_p5_w0_variable,G1_p1,-5.0,4,4,0,1.0,0.0
G2_p5_w0_variable,G1_p1,0.0,0,4,0,0.0,0.0
G2_p5_w0_variable,G1_p1,10.0,0,4,0,0.0,0.0
G2_p5_w0_variable,G1_p1,20.0,0,4,0,0.0,0.0
G2_p5_w0_variable,G1_p2,-5.0,3,4,1,0.75,0.1875
G2_p5_w0_variable,G1_p2,0.0,0,4,0,0.0,0.0
G2_p5_w0_variable,G1_p2,10.0,0,4,0,0.0,0.0
G2_p5_w0_variable,G1_p2,20.0,0,4,0,0.0,0.0
G2_p5_w0_variable,G1_p3,-5.0,1,4,1,0.25,0.1875
G2_p5_w0_variable,G1_p3,0.0,0,4,0,0.0,0.0
G2_p5_w0_variable,G1_p3,10.0,0,4,0,0.0,0.0
G2_p5_w0_variable,G1_p3,20.0,0,4,0,0.0,0.0
G2_p5_w0_variable,G1_p4,-5.0,4,4,0,1.0,0.0
G2_p5_w0_variable,G1_p4,0.0,4,4,0,1.0,0.0
G2_p5_w0_variable,G1_p4,10.0,0,4,0,0.0,0.0
G2_p5_w0_variable,G1_p4,20.0,0,4,0,0.0,0.0
G2_p5_w0_variable,G2_p1,-5.0,4,4,0,1.0,0.0
G2_p5_w0_variable,G2_p1,0.0,2,4,2,0.5,0.25
G2_p5_w0_variable,G2_p1,10.0,0,4,0,0.0,0.0
G2_p5_w0_variable,G2_p1,20.0,0,4,0,0.0,0.0
G2_p5_w0_variable,G2_p2,-5.0,1,4,1,0.25,0.1875
G2_p5_w0_variable,G2_p2,0.0,1,4,1,0.25,0.1875
G2_p5_w0_variable,G2_p2,10.0,0,4,0,0.0,0.0
G2_p5_w0_variable,G2_p2,20.0,0,4,0,0.0,0.0
G2_p5_w0_variable,G2_p3,-5.0,4,4,0,1.0,0.0
G2_p5_w0_variable,G2_p3,0.0,0,4,0,0.0,0.0
G2_p5_w0_variable,G2_p3,10.0,0,4,0,0.0,0.0
G2_p5_w0_variable,G2_p3,20.0,0,4,0,0.0,0.0
G2_p5_w0_variable,G2_p4,-5.0,4,4,0,1.0,0.0
G2_p5_w0_variable,G2_p4,0.0,4,4,0,1.0,0.0
G2_p5_w0_variable,G2_p4,10.0,0,4,0,0.0,0.0
G2_p5_w0_variable,G2_p4,20.0,0,4,0,0.0,0.0
G2_p5_w0_variable,G3_p1,-5.0,4,4,0,1.0,0.0
G2_p5_w0_variable,G3_p1,0.0,3,4,1,0.75,0.1875
G2_p5_w0_variable,G3_p1,10.0,0,4,0,0.0,0.0
G2_p5_w0_variable,G3_p1,20.0,0,4,0,0.0,0.0
G2_p5_w0_variable,G3_p2,-5.0,0,4,0,0.0,0.0
G2_p5_w0_variable,G3_p2,0.0,0,4,0,0.0,0.0
G2_p5_w0_variable,G3_p2,10.0,0,4,0,0.0,0.0
G2_p5_w0_variable,G3_p2,20.0,0,4,0,0.0,0.0
G2_p5_w0_variable,G3_p3,-5.0,0,4,0,0.0,0.0
G2_p5_w0_variable,G3_p3,0.0,0,4,0,0.0,0.0
G2_p5_w0_variable,G3_p3,10.0,0,4,0,0.0,0.0
G2_p5_w0_variable,G3_p3,20.0,0,4,0,0.0,0.0
G2_p5_w0_variable,G3_p4,-5.0,1,4,1,0.25,0.1875
G2_p5_w0_variable,G3_p4,0.0,0,4,0,0.0,0.0
G2_p5_w0_variable,G3_p4,10.0,0,4,0,0.0,0.0
G2_p5_w0_variable,G3_p4,20.0,0,4,0,0.0,0.0
G2_p5_w0_variable,G4_p1,-5.0,4,4,0,1.0,0.0
G2_p5_w0_variable,G4_p1,0.0,3,4,1,0.75,0.1875
G2_p5_w0_variable,G4_p1,10.0,0,4,0,0.0,0.0
G2_p5_w0_variable,G4_p1,20.0,0,4,0,0.0,0.0
G2_p5_w0_variable,G4_p2,-5.0,4,4,0,1.0,0.0
G2_p5_w0_variable,G4_p2,0.0,0,4,0,0.0,0.0
G2_p5_w0_variable,G4_p2,10.0,0,4,0,0.0,0.0
G2_p5_w0_variable,G4_p2,20.0,0,4,0,0.0,0.0
G2_p5_w0_variable,G4_p3,-5.0,0,4,0,0.0,0.0
G2_p5_w0_variable,G4_p3,0.0,0,4,0,0.0,0.0
G2_p5_w0_variable,G4_p3,10.0,0,4,0,0.0,0.0
G2_p5_w0_variable,G4_p3,20.0,0,4,0,0.0,0.0
G2_p5_w0_variable,G4_p4,-5.0,4,4,0,1.0,0.0
G2_p5_w0_variable,G4_p4,0.0,0,4,0,0.0,0.0
G2_p5_w0_variable,G4_p4,10.0,0,4,0,0.0,0.0
G2_p5_w0_variable,G4_p4,20.0,0,4,0,0.0,0.0
G2_p5_w1_regular,G1_p1,-5.0,4,4,0,1.0,0.0
G2_p5_w1_regular,G1_p1,0.0,2,4,2,0.5,0.25
G2_p5_w1_regular,G1_p1,10.0,0,4,0,0.0,0.0
G2_p5_w1_regular,G1_p1,20.0,0,4,0,0.0,0.0
G2_p5_w1_regular,G1_p2,-5.0,3,4,1,0.75,0.1875
G2_p5_w1_regular,G1_p2,0.0,2,4,2,0.5,0.25
G2_p5_w1_regular,G1_p2,10.0,0,4,0,0.0,0.0
G2_p5_w1_regular,G1_p2,20.0,0,4,0,0.0,0.0
G2_p5_w1_regular,G1_p3,-5.0,1,4,1,0.25,0.1875
G2_p5_w1_regular,G1_p3,0.0,0,4,0,0.0,0.0
G2_p5_w1_regular,G1_p3,10.0,0,4,0,0.0,0.0
G2_p5_w1_regular,G1_p3,20.0,0,4,0,0.0,0.0
G2_p5_w1_regular,G1_p4,-5.0,4,4,0,1.0,0.0
G2_p5_w1_regular,G1_p4,0.0,4,4,0,1.0,0.0
G2_p5_w1_regular,G1_p4,10.0,1,4,1,0.25,0.1875
G2_p5_w1_regular,G1_p4,20.0,0,4,0,0.0,0.0
G2_p5_w1_regular,G2_p1,-5.0,4,4,0,1.0,0.0
G2_p5_w1_regular,G2_p1,0.0,3,4,1,0.75,0.1875
G2_p5_w1_regular,G2_p1,10.0,0,4,0,0.0,0.0
G2_p5_w1_regular,G2_p1,20.0,0,4,0,0.0,0.0
G2_p5_w1_regular,G2_p2,-5.0,4,4,0,1.0,0.0
G2_p5_w1_regular,G2_p2,0.0,1,4,1,0.25,0.1875
G2_p5_w1_regular,G2_p2,10.0,0,4,0,0.0,0.0
G2_p5_w1_regular,G2_p2,20.0,0,4,0,0.0,0.0
G2_p5_w1_regular,G2_p3,-5.0,4,4,0,1.0,0.0
G2_p5_w1_regular,G2_p3,0.0,0,4,0,0.0,0.0
G2_p5_w1_regular,G2_p3,10.0,0,4,0,0.0,0.0
G2_p5_w1_regular,G2_p3,20.0,0,4,0,0.0,0.0
G2_p5_w1_regular,G2_p4,-5.0,4,4,0,1.0,0.0
G2_p5_w1_regular,G2_p4,0.0,4,4,0,1.0,0.0
G2_p5_w1_regular,G2_p4,10.0,0,4,0,0.0,0.0
G2_p5_w1_regular,G2_p4,20.0,0,4,0,0.0,0.0
G2_p5_w1_regular,G3_p1,-5.0,4,4,0,1.0,0.0
G2_p5_w1_regular,G3_p1,0.0,4,4,0,1.0,0.0
G2_p5_w1_regular,G3_p1,10.0,0,4,0,0.0,0.0
G2_p5_w1_regular,G3_p1,20.0,0,4,0,0.0,0.0
G2_p5_w1_regular,G3_p2,-5.0,0,4,0,0.0,0.0
G2_p5_w1_regular,G3_p2,0.0,0,4,0,0.0,0.0
G2_p5_w1_regular,G3_p2,10.0,0,4,0,0.0,0.0
G2_p5_w1_regular,G3_p2,20.0,0,4,0,0.0,0.0
G2_p5_w1_regular,G3_p3,-5.0,0,4,0,0.0,0.0
G2_p5_w1_regular,G3_p3,0.0,0,4,0,0.0,0.0
G2_p5_w1_regular,G3_p3,10.0,0,4,0,0.0,0.0
G2_p5_w1_regular,G3_p3,20.0,0,4,0,0.0,0.0
G2_p5_w1_regular,G3_p4,-5.0,4,4,0,1.0,0.0
G2_p5_w1_regular,G3_p4,0.0,1,4,1,0.25,0.1875
G2_p5_w1_regular,G3_p4,10.0,0,4,0,0.0,0.0
G2_p5_w1_regular,G3_p4,20.0,0,4,0,0.0,0.0
G2_p5_w1_regular,G4_p1,-5.0,4,4,0,1.0,0.0
G2_p5_w1_regular,G4_p1,0.0,4,4,0,1.0,0.0
G2_p5_w1_regular,G4_p1,10.0,0,4,0,0.0,0.0
G2_p5_w1_regular,G4_p1,20.0,0,4,0,0.0,0.0
G2_p5_w1_regular,G4_p2,-5.0,4,4,0,1.0,0.0
G2_p5_w1_regular,G4_p2,0.0,0,4,0,0.0,0.0
G2_p5_w1_regular,G4_p2,10.0,0,4,0,0.0,0.0
G2_p5_w1_regular,G4_p2,20.0,0,4,0,0.0,0.0
G2_p5_w1_regular,G4_p3,-5.0,0,4,0,0.0,0.0
G2_p5_w1_regular,G4_p3,0.0,0,4,0,0.0,0.0
G2_p5_w1_regular,G4_p3,10.0,0,4,0,0.0,0.0
G2_p5_w1_regular,G4_p3,20.0,0,4,0,0.0,0.0
G2_p5_w1_regular,G4_p4,-5.0,4,4,0,1.0,0.0
G2_p5_w1_regular,G4_p4,0.0,1,4,1,0.25,0.1875
G2_p5_w1_regular,G4_p4,10.0,0,4,0,0.0,0.0
G2_p5_w1_regular,G4_p4,20.0,0,4,0,0.0,0.0
G2_p5_w1_variable,G1_p1,-5.0,4,4,0,1.0,0.0
G2_p5_w1_variable,G1_p1,0.0,1,4,1,0.25,0.1875
G2_p5_w1_variable,G1_p1,10.0,0,4,0,0.0,0.0
G2_p5_w1_variable,G1_p1,20.0,0,4,0,0.0,0.0
G2_p5_w1_variable,G1_p2,-5.0,4,4,0,1.0,0.0
G2_p5_w1_variable,G1_p2,0.0,1,4,1,0.25,0.1875
G2_p5_w1_variable,G1_p2,10.0,0,4,0,0.0,0.0
G2_p5_w1_variable,G1_p2,20.0,0,4,0,0.0,0.0
G2_p5_w1_variable,G1_p3,-5.0,1,4,1,0.25,0.1875
G2_p5_w1_variable,G1_p3,0.0,0,4,0,0.0,0.0
G2_p5_w1_variable,G1_p3,10.0,0,4,0,0.0,0.0
G2_p5_w1_variable,G1_p3,20.0,0,4,0,0.0,0.0
G2_p5_w1_variable,G1_p4,-5.0,4,4,0,1.0,0.0
G2_p5_w1_variable,G1_p4,0.0,4,4,0,1.0,0.0
G2_p5_w1_variable,G1_p4,10.0,0,4,0,0.0,0.0
G2_p5_w1_variable,G1_p4,20.0,0,4,0,0.0,0.0
G2_p5_w1_variable,G2_p1,-5.0,4,4,0,1.0,0.0
G2_p5_w1_variable,G2_p1,0.0,3,4,1,0.75,0.1875
G2_p5_w1_variable,G2_p1,10.0,0,4,0,0.0,0.0
G2_p5_w1_variable,G2_p1,20.0,0,4,0,0.0,0.0
G2_p5_w1_variable,G2_p2,-5.0,4,4,0,1.0,0.0
G2_p5_w1_variable,G2_p2,0.0,2,4,2,0.5,0.25
G2_p5_w1_variable,G2_p2,10.0,0,4,0,0.0,0.0
G2_p5_w1_variable,G2_p2,20.0,0,4,0,0.0,0.0
G2_p5_w1_variable,G2_p3,-5.0,4,4,0,1.0,0.0
G2_p5_w1_variable,G2_p3,0.0,0,4,0,0.0,0.0
G2_p5_w1_variable,G2_p3,10.0,0,4,0,0.0,0.0
G2_p5_w1_variable,G2_p3,20.0,0,4,0,0.0,0.0
G2_p5_w1_variable,G2_p4,-5.0,4,4,0,1.0,0.0
G2_p5_w1_variable,G2_p4,0.0,4,4,0,1.0,0.0
G2_p5_w1_variable,G2_p4,10.0,0,4,0,0.0,0.0
G2_p5_w1_variable,G2_p4,20.0,0,4,0,0.0,0.0
G2_p5_w1_variable,G3_p1,-5.0,4,4,0,1.0,0.0
G2_p5_w1_variable,G3_p1,0.0,3,4,1,0.75,0.1875
G2_p5_w1_variable,G3_p1,10.0,0,4,0,0.0,0.0
G2_p5_w1_variable,G3_p1,20.0,0,4,0,0.0,0.0
G2_p5_w1_variable,G3_p2,-5.0,0,4,0,0.0,0.0
G2_p5_w1_variable,G3_p2,0.0,0,4,0,0.0,0.0
G2_p5_w1_variable,G3_p2,10.0,0,4,0,0.0,0.0
G2_p5_w1_variable,G3_p2,20.0,0,4,0,0.0,0.0
G2_p5_w1_variable,G3_p3,-5.0,0,4,0,0.0,0.0
G2_p5_w1_variable,G3_p3,0.0,0,4,0,0.0,0.0
G2_p5_w1_variable,G3_p3,10.0,0,4,0,0.0,0.0
G2_p5_w1_variable,G3_p3,20.0,0,4,0,0.0,0.0
G2_p5_w1_variable,G3_p4,-5.0,4,4,0,1.0,0.0
G2_p5_w1_variable,G3_p4,0.0,0,4,0,0.0,0.0
G2_p5_w1_variable,G3_p4,10.0,0,4,0,0.0,0.0
G2_p5_w1_variable,G3_p4,20.0,0,4,0,0.0,0.0
G2_p5_w1_variable,G4_p1,-5.0,4,4,0,1.0,0.0
G2_p5_w1_variable,G4_p1,0.0,4,4,0,1.0,0.0
G2_p5_w1_variable,G4_p1,10.0,0,4,0,0.0,0.0
G2_p5_w1_variable,G4_p1,20.0,0,4,0,0.0,0.0
G2_p5_w1_variable,G4_p2,-5.0,4,4,0,1.0,0.0
G2_p5_w1_variable,G4_p2,0.0,0,4,0,0.0,0.0
G2_p5_w1_variable,G4_p2,10.0,0,4,0,0.0,0.0
G2_p5_w1_variable,G4_p2,20.0,0,4,0,0.0,0.0
G2_p5_w1_variable,G4_p3,-5.0,1,4,1,0.25,0.1875
G2_p5_w1_variable,G4_p3,0.0,0,4,0,0.0,0.0
G2_p5_w1_variable,G4_p3,10.0,0,4,0,0.0,0.0
G2_p5_w1_variable,G4_p3,20.0,0,4,0,0.0,0.0
G2_p5_w1_variable,G4_p4,-5.0,4,4,0,1.0,0.0
G2_p5_w1_variable,G4_p4,0.0,0,4,0,0.0,0.0
G2_p5_w1_variable,G4_p4,10.0,0,4,0,0.0,0.0
G2_p5_w1_variable,G4_p4,20.0,0,4,0,0.0,0.0
G2_p5_w2_regular,G1_p1,-5.0,4,4,0,1.0,0.0
G2_p5_w2_regular,G1_p1,0.0,2,4,2,0.5,0.25
G2_p5_w2_regular,G1_p1,10.0,0,4,0,0.0,0.0
G2_p5_w2_regular,G1_p1,20.0,0,4,0,0.0,0.0
G2_p5_w2_regular,G1_p2,-5.0,4,4,0,1.0,0.0
G2_p5_w2_regular,G1_p2,0.0,2,4,2,0.5,0.25
G2_p5_w2_regular,G1_p2,10.0,0,4,0,0.0,0.0
G2_p5_w2_regular,G1_p2,20.0,0,4,0,0.0,0.0
G2_p5_w2_regular,G1_p3,-5.0,0,4,0,0.0,0.0
G2_p5_w2_regular,G1_p3,0.0,0,4,0,0.0,0.0
G2_p5_w2_regular,G1_p3,10.0,0,4,0,0.0,0.0
G2_p5_w2_regular,G1_p3,20.0,0,4,0,0.0,0.0
G2_p5_w2_regular,G1_p4,-5.0,4,4,0,1.0,0.0
G2_p5_w2_regular,G1_p4,0.0,4,4,0,1.0,0.0
G2_p5_w2_regular,G1_p4,10.0,0,4,0,0.0,0.0
G2_p5_w2_regular,G1_p4,20.0,0,4,0,0.0,0.0
G2_p5_w2_regular,G2_p1,-5.0,4,4,0,1.0,0.0
G2_p5_w2_regular,G2_p1,0.0,2,4,2,0.5,0.25
G2_p5_w2_regular,G2_p1,10.0,0,4,0,0.0,0.0
G2_p5_w2_regular,G2_p1,20.0,0,4,0,0.0,0.0
G2_p5_w2_regular,G2_p2,-5.0,3,4,1,0.75,0.1875
G2_p5_w2_regular,G2_p2,0.0,0,4,0,0.0,0.0
G2_p5_w2_regular,G2_p2,10.0,0,4,0,0.0,0.0
G2_p5_w2_regular,G2_p2,20.0,0,4,0,0.0,0.0
G2_p5_w2_regular,G2_p3,-5.0,4,4,0,1.0,0.0
G2_p5_w2_regular,G2_p3,0.0,0,4,0,0.0,0.0
G2_p5_w2_regular,G2_p3,10.0,0,4,0,0.0,0.0
G2_p5_w2_regular,G2_p3,20.0,0,4,0,0.0,0.0
G2_p5_w2_regular,G2_p4,-5.0,4,4,0,1.0,0.0
G2_p5_w2_regular,G2_p4,0.0,4,4,0,1.0,0.0
G2_p5_w2_regular,G2_p4,10.0,0,4,0,0.0,0.0
G2_p5_w2_regular,G2_p4,20.0,0,4,0,0.0,0.0
G2_p5_w2_regular,G3_p1,-5.0,4,4,0,1.0,0.0
G2_p5_w2_regular,G3_p1,0.0,4,4,0,1.0,0.0
G2_p5_w2_regular,G3_p1,10.0,0,4,0,0.0,0.0
G2_p5_w2_regular,G3_p1,20.0,0,4,0,0.0,0.0
G2_p5_w2_regular,G3_p2,-5.0,0,4,0,0.0,0.0
G2_p5_w2_regular,G3_p2,0.0,0,4,0,0.0,0.0
G2_p5_w2_regular,G3_p2,10.0,0,4,0,0.0,0.0
G2_p5_w2_regular,G3_p2,20.0,0,4,0,0.0,0.0
G2_p5_w2_regular,G3_p3,-5.0,0,4,0,0.0,0.0
G2_p5_w2_regular,G3_p3,0.0,0,4,0,0.0,0.0
G2_p5_w2_regular,G3_p3,10.0,0,4,0,0.0,0.0
G2_p5_w2_regular,G3_p3,20.0,0,4,0,0.0,0.0
G2_p5_w2_regular,G3_p4,-5.0,4,4,0,1.0,0.0
G2_p5_w2_regular,G3_p4,0.0,0,4,0,0.0,0.0
G2_p5_w2_regular,G3_p4,10.0,0,4,0,0.0,0.0
G2_p5_w2_regular,G3_p4,20.0,0,4,0,0.0,0.0
G2_p5_w2_regular,G4_p1,-5.0,4,4,0,1.0,0.0
G2_p5_w2_regular,G4_p1,0.0,4,4,0,1.0,0.0
G2_p5_w2_regular,G4_p1,10.0,0,4,0,0.0,0.0
G2_p5_w2_regular,G4_p1,20.0,0,4,0,0.0,0.0
G2_p5_w2_regular,G4_p2,-5.0,4,4,0,1.0,0.0
G2_p5_w2_regular,G4_p2,0.0,0,4,0,0.0,0.0
G2_p5_w2_regular,G4_p2,10.0,0,4,0,0.0,0.0
G2_p5_w2_regular,G4_p2,20.0,0,4,0,0.0,0.0
G2_p5_w2_regular,G4_p3,-5.0,1,4,1,0.25,0.1875
G2_p5_w2_regular,G4_p3,0.0,0,4,0,0.0,0.0
G2_p5_w2_regular,G4_p3,10.0,0,4,0,0.0,0.0
G2_p5_w2_regular,G4_p3,20.0,0,4,0,0.0,0.0
G2_p5_w2_regular,G4_p4,-5.0,4,4,0,1.0,0.0
G2_p5_w2_regular,G4_p4,0.0,1,4,1,0.25,0.1875
G2_p5_w2_regular,G4_p4,10.0,0,4,0,0.0,0.0
G2_p5_w2_regular,G4_p4,20.0,0,4,0,0.0,0.0
G2_p5_w2_variable,G1_p1,-5.0,4,4,0,1.0,0.0
G2_p5_w2_variable,G1_p1,0.0,0,4,0,0.0,0.0
G2_p5_w2_variable,G1_p1,10.0,0,4,0,0.0,0.0
G2_p5_w2_variable,G1_p1,20.0,0,4,0,0.0,0.0
G2_p5_w2_variable,G1_p2,-5.0,3,4,1,0.75,0.1875
G2_p5_w2_variable,G1_p2,0.0,1,4,1,0.25,0.1875
G2_p5_w2_variable,G1_p2,10.0,0,4,0,0.0,0.0
G2_p5_w2_variable,G1_p2,20.0,0,4,0,0.0,0.0
G2_p5_w2_variable,G1_p3,-5.0,0,4,0,0.0,0.0
G2_p5_w2_variable,G1_p3,0.0,0,4,0,0.0,0.0
G2_p5_w2_variable,G1_p3,10.0,0,4,0,0.0,0.0
G2_p5_w2_variable,G1_p3,20.0,0,4,0,0.0,0.0
G2_p5_w2_variable,G1_p4,-5.0,4,4,0,1.0,0.0
G2_p5_w2_variable,G1_p4,0.0,4,4,0,1.0,0.0
G2_p5_w2_variable,G1_p4,10.0,0,4,0,0.0,0.0
G2_p5_w2_variable,G1_p4,20.0,0,4,0,0.0,0.0
G2_p5_w2_variable,G2_p1,-5.0,4,4,0,1.0,0.0
G2_p5_w2_variable,G2_p1,0.0,2,4,2,0.5,0.25
G2_p5_w2_variable,G2_p1,10.0,0,4,0,0.0,0.0
G2_p5_w2_variable,G2_p1,20.0,0,4,0,0.0,0.0
G2_p5_w2_variable,G2_p2,-5.0,2,4,2,0.5,0.25
G2_p5_w2_variable,G2_p2,0.0,0,4,0,0.0,0.0
G2_p5_w2_variable,G2_p2,10.0,0,4,0,0.0,0.0
G2_p5_w2_variable,G2_p2,20.0,0,4,0,0.0,0.0
G2_p5_w2_variable,G2_p3,-5.0,4,4,0,1.0,0.0
G2_p5_w2_variable,G2_p3,0.0,0,4,0,0.0,0.0
G2_p5_w2_variable,G2_p3,10.0,0,4,0,0.0,0.0
G2_p5_w2_variable,G2_p3,20.0,0,4,0,0.0,0.0
G2_p5_w2_variable,G2_p4,-5.0,4,4,0,1.0,0.0
G2_p5_w2_variable,G2_p4,0.0,4,4,0,1.0,0.0
G2_p5_w2_variable,G2_p4,10.0,0,4,0,0.0,0.0
G2_p5_w2_variable,G2_p4,20.0,0,4,0,0.0,0.0
G2_p5_w2_variable,G3_p1,-5.0,4,4,0,1.0,0.0
G2_p5_w2_variable,G3_p1,0.0,3,4,1,0.75,0.1875
G2_p5_w2_variable,G3_p1,10.0,0,4,0,0.0,0.0
G2_p5_w2_variable,G3_p1,20.0,0,4,0,0.0,0.0
G2_p5_w2_variable,G3_p2,-5.0,0,4,0,0.0,0.0
G2_p5_w2_variable,G3_p2,0.0,0,4,0,0.0,0.0
G2_p5_w2_variable,G3_p2,10.0,0,4,0,0.0,0.0
G2_p5_w2_variable,G3_p2,20.0,0,4,0,0.0,0.0
G2_p5_w2_variable,G3_p3,-5.0,0,4,0,0.0,0.0
G2_p5_w2_variable,G3_p3,0.0,0,4,0,0.0,0.0
G2_p5_w2_variable,G3_p3,10.0,0,4,0,0.0,0.0
G2_p5_w2_variable,G3_p3,20.0,0,4,0,0.0,0.0
G2_p5_w2_variable,G3_p4,-5.0,0,4,0,0.0,0.0
G2_p5_w2_variable,G3_p4,0.0,0,4,0,0.0,0.0
G2_p5_w2_variable,G3_p4,10.0,0,4,0,0.0,0.0
G2_p5_w2_variable,G3_p4,20.0,0,4,0,0.0,0.0
G2_p5_w2_variable,G4_p1,-5.0,4,4,0,1.0,0.0
G2_p5_w2_variable,G4_p1,0.0,4,4,0,1.0,0.0
G2_p5_w2_variable,G4_p1,10.0,0,4,0,0.0,0.0
G2_p5_w2_variable,G4_p1,20.0,0,4,0,0.0,0.0
G2_p5_w2_variable,G4_p2,-5.0,2,4,2,0.5,0.25
G2_p5_w2_variable,G4_p2,0.0,0,4,0,0.0,0.0
G2_p5_w2_variable,G4_p2,10.0,0,4,0,0.0,0.0
G2_p5_w2_variable,G4_p2,20.0,0,4,0,0.0,0.0
G2_p5_w2_variable,G4_p3,-5.0,2,4,2,0.5,0.25
G2_p5_w2_variable,G4_p3,0.0,0,4,0,0.0,0.0
G2_p5_w2_variable,G4_p3,10.0,0,4,0,0.0,0.0
G2_p5_w2_variable,G4_p3,20.0,0,4,0,0.0,0.0
G2_p5_w2_variable,G4_p4,-5.0,4,4,0,1.0,0.0
G2_p5_w2_variable,G4_p4,0.0,0,4,0,0.0,0.0
G2_p5_w2_variable,G4_p4,10.0,0,4,0,0.0,0.0
G2_p5_w2_variable,G4_p4,20.0,0,4,0,0.0,0.0
G2_p5_w3_regular,G1_p1,-5.0,4,4,0,1.0,0.0
G2_p5_w3_regular,G1_p1,0.0,1,4,1,0.25,0.1875
G2_p5_w3_regular,G1_p1,10.0,0,4,0,0.0,0.0
G2_p5_w3_regular,G1_p1,20.0,0,4,0,0.0,0.0
G2_p5_w3_regular,G1_p2,-5.0,3,4,1,0.75,0.1875
G2_p5_w3_regular,G1_p2,0.0,1,4,1,0.25,0.1875
G2_p5_w3_regular,G1_p2,10.0,0,4,0,0.0,0.0
G2_p5_w3_regular,G1_p2,20.0,0,4,0,0.0,0.0
G2_p5_w3_regular,G1_p3,-5.0,1,4,1,0.25,0.1875
G2_p5_w3_regular,G1_p3,0.0,0,4,0,0.0,0.0
G2_p5_w3_regular,G1_p3,10.0,0,4,0,0.0,0.0
G2_p5_w3_regular,G1_p3,20.0,0,4,0,0.0,0.0
G2_p5_w3_regular,G1_p4,-5.0,4,4,0,1.0,0.0
G2_p5_w3_regular,G1_p4,0.0,4,4,0,1.0,0.0
G2_p5_w3_regular,G1_p4,10.0,0,4,0,0.0,0.0
G2_p5_w3_regular,G1_p4,20.0,0,4,0,0.0,0.0
G2_p5_w3_regular,G2_p1,-5.0,4,4,0,1.0,0.0
G2_p5_w3_regular,G2_p1,0.0,3,4,1,0.75,0.1875
G2_p5_w3_regular,G2_p1,10.0,0,4,0,0.0,0.0
G2_p5_w3_regular,G2_p1,20.0,0,4,0,0.0,0.0
G2_p5_w3_regular,G2_p2,-5.0,3,4,1,0.75,0.1875
G2_p5_w3_regular,G2_p2,0.0,0,4,0,0.0,0.0
G2_p5_w3_regular,G2_p2,10.0,0,4,0,0.0,0.0
G2_p5_w3_regular,G2_p2,20.0,0,4,0,0.0,0.0
G2_p5_w3_regular,G2_p3,-5.0,4,4,0,1.0,0.0
G2_p5_w3_regular,G2_p3,0.0,0,4,0,0.0,0.0
G2_p5_w3_regular,G2_p3,10.0,0,4,0,0.0,0.0
G2_p5_w3_regular,G2_p3,20.0,0,4,0,0.0,0.0
G2_p5_w3_regular,G2_p4,-5.0,4,4,0,1.0,0.0
G2_p5_w3_regular,G2_p4,0.0,4,4,0,1.0,0.0
G2_p5_w3_regular,G2_p4,10.0,0,4,0,0.0,0.0
G2_p5_w3_regular,G2_p4,20.0,0,4,0,0.0,0.0
G2_p5_w3_regular,G3_p1,-5.0,4,4,0,1.0,0.0
G2_p5_w3_regular,G3_p1,0.0,4,4,0,1.0,0.0
G2_p5_w3_regular,G3_p1,10.0,0,4,0,0.0,0.0
G2_p5_w3_regular,G3_p1,20.0,0,4,0,0.0,0.0
G2_p5_w3_regular,G3_p2,-5.0,0,4,0,0.0,0.0
G2_p5_w3_regular,G3_p2,0.0,0,4,0,0.0,0.0
G2_p5_w3_regular,G3_p2,10.0,0,4,0,0.0,0.0
G2_p5_w3_regular,G3_p2,20.0,0,4,0,0.0,0.0
G2_p5_w3_regular,G3_p3,-5.0,0,4,0,0.0,0.0
G2_p5_w3_regular,G3_p3,0.0,0,4,0,0.0,0.0
G2_p5_w3_regular,G3_p3,10.0,0,4,0,0.0,0.0
G2_p5_w3_regular,G3_p3,20.0,0,4,0,0.0,0.0
G2_p5_w3_regular,G3_p4,-5.0,4,4,0,1.0,0.0
G2_p5_w3_regular,G3_p4,0.0,0,4,0,0.0,0.0
G2_p5_w3_regular,G3_p4,10.0,0,4,0,0.0,0.0
G2_p5_w3_regular,G3_p4,20.0,0,4,0,0.0,0.0
G2_p5_w3_regular,G4_p1,-5.0,4,4,0,1.0,0.0
G2_p5_w3_regular,G4_p1,0.0,4,4,0,1.0,0.0
G2_p5_w3_regular,G4_p1,10.0,0,4,0,0.0,0.0
G2_p5_w3_regular,G4_p1,20.0,0,4,0,0.0,0.0
G2_p5_w3_regular,G4_p2,-5.0,4,4,0,1.0,0.0
G2_p5_w3_regular,G4_p2,0.0,0,4,0,0.0,0.0
G2_p5_w3_regular,G4_p2,10.0,0,4,0,0.0,0.0
G2_p5_w3_regular,G4_p2,20.0,0,4,0,0.0,0.0
G2_p5_w3_regular,G4_p3,-5.0,1,4,1,0.25,0.1875
G2_p5_w3_regular,G4_p3,0.0,0,4,0,0.0,0.0
G2_p5_w3_regular,G4_p3,10.0,0,4,0,0.0,0.0
G2_p5_w3_regular,G4_p3,20.0,0,4,0,0.0,0.0
G2_p5_w3_regular,G4_p4,-5.0,4,4,0,1.0,0.0
G2_p5_w3_regular,G4_p4,0.0,2,4,2,0.5,0.25
G2_p5_w3_regular,G4_p4,10.0,0,4,0,0.0,0.0
G2_p5_w3_regular,G4_p4,20.0,0,4,0,0.0,0.0
G2_p5_w3_variable,G1_p1,-5.0,4,4,0,1.0,0.0
G2_p5_w3_variable,G1_p1,0.0,0,4,0,0.0,0.0
G2_p5_w3_variable,G1_p1,10.0,0,4,0,0.0,0.0
G2_p5_w3_variable,G1_p1,20.0,0,4,0,0.0,0.0
G2_p5_w3_variable,G1_p2,-5.0,3,4,1,0.75,0.1875
G2_p5_w3_variable,G1_p2,0.0,0,4,0,0.0,0.0
G2_p5_w3_variable,G1_p2,10.0,0,4,0,0.0,0.0
G2_p5_w3_variable,G1_p2,20.0,0,4,0,0.0,0.0
G2_p5_w3_variable,G1_p3,-5.0,0,4,0,0.0,0.0
G2_p5_w3_variable,G1_p3,0.0,0,4,0,0.0,0.0
G2_p5_w3_variable,G1_p3,10.0,0,4,0,0.0,0.0
G2_p5_w3_variable,G1_p3,20.0,0,4,0,0.0,0.0
G2_p5_w3_variable,G1_p4,-5.0,4,4,0,1.0,0.0
G2_p5_w3_variable,G1_p4,0.0,4,4,0,1.0,0.0
G2_p5_w3_variable,G1_p4,10.0,0,4,0,0.0,0.0
G2_p5_w3_variable,G1_p4,20.0,0,4,0,0.0,0.0
G2_p5_w3_variable,G2_p1,-5.0,4,4,0,1.0,0.0
G2_p5_w3_variable,G2_p1,0.0,1,4,1,0.25,0.1875
G2_p5_w3_variable,G2_p1,10.0,0,4,0,0.0,0.0
G2_p5_w3_variable,G2_p1,20.0,0,4,0,0.0,0.0
G2_p5_w3_variable,G2_p2,-5.0,2,4,2,0.5,0.25
G2_p5_w3_variable,G2_p2,0.0,0,4,0,0.0,0.0
G2_p5_w3_variable,G2_p2,10.0,0,4,0,0.0,0.0
G2_p5_w3_variable,G2_p2,20.0,0,4,0,0.0,0.0
G2_p5_w3_variable,G2_p3,-5.0,4,4,0,1.0,0.0
G2_p5_w3_variable,G2_p3,0.0,0,4,0,0.0,0.0
G2_p5_w3_variable,G2_p3,10.0,0,4,0,0.0,0.0
G2_p5_w3_variable,G2_p3,20.0,0,4,0,0.0,0.0
G2_p5_w3_variable,G2_p4,-5.0,4,4,0,1.0,0.0
G2_p5_w3_variable,G2_p4,0.0,4,4,0,1.0,0.0
G2_p5_w3_variable,G2_p4,10.0,0,4,0,0.0,0.0
G2_p5_w3_variable,G2_p4,20.0,0,4,0,0.0,0.0
G2_p5_w3_variable,G3_p1,-5.0,4,4,0,1.0,0.0
G2_p5_w3_variable,G3_p1,0.0,3,4,1,0.75,0.1875
G2_p5_w3_variable,G3_p1,10.0,0,4,0,0.0,0.0
G2_p5_w3_variable,G3_p1,20.0,0,4,0,0.0,0.0
G2_p5_w3_variable,G3_p2,-5.0,0,4,0,0.0,0.0
G2_p5_w3_variable,G3_p2,0.0,0,4,0,0.0,0.0
G2_p5_w3_variable,G3_p2,10.0,0,4,0,0.0,0.0
G2_p5_w3_variable,G3_p2,20.0,0,4,0,0.0,0.0
G2_p5_w3_variable,G3_p3,-5.0,0,4,0,0.0,0.0
G2_p5_w3_variable,G3_p3,0.0,0,4,0,0.0,0.0
G2_p5_w3_variable,G3_p3,10.0,0,4,0,0.0,0.0
G2_p5_w3_variable,G3_p3,20.0,0,4,0,0.0,0.0
G2_p5_w3_variable,G3_p4,-5.0,2,4,2,0.5,0.25
G2_p5_w3_variable,G3_p4,0.0,0,4,0,0.0,0.0
G2_p5_w3_variable,G3_p4,10.0,0,4,0,0.0,0.0
G2_p5_w3_variable,G3_p4,20.0,0,4,0,0.0,0.0
G2_p5_w3_variable,G4_p1,-5.0,4,4,0,1.0,0.0
G2_p5_w3_variable,G4_p1,0.0,4,4,0,1.0,0.0
G2_p5_w3_variable,G4_p1,10.0,0,4,0,0.0,0.0
G2_p5_w3_variable,G4_p1,20.0,0,4,0,0.0,0.0
G2_p5_w3_variable,G4_p2,-5.0,2,4,2,0.5,0.25
G2_p5_w3_variable,G4_p2,0.0,0,4,0,0.0,0.0
G2_p5_w3_variable,G4_p2,10.0,0,4,0,0.0,0.0
G2_p5_w3_variable,G4_p2,20.0,0,4,0,0.0,0.0
G2_p5_w3_variable,G4_p3,-5.0,0,4,0,0.0,0.0
G2_p5_w3_variable,G4_p3,0.0,0,4,0,0.0,0.0
G2_p5_w3_variable,G4_p3,10.0,0,4,0,0.0,0.0
G2_p5_w3_variable,G4_p3,20.0,0,4,0,0.0,0.0
G2_p5_w3_variable,G4_p4,-5.0,4,4,0,1.0,0.0
G2_p5_w3_variable,G4_p4,0.0,0,4,0,0.0,0.0
G2_p5_w3_variable,G4_p4,10.0,0,4,0,0.0,0.0
G2_p5_w3_variable,G4_p4,20.0,0,4,0,0.0,0.0
G3_p0_w0_regular,G1_p1,-5.0,4,4,0,1.0,0.0
G3_p0_w0_regular,G1_p1,0.0,1,4,1,0.25,0.1875
G3_p0_w0_regular,G1_p1,10.0,0,4,0,0.0,0.0
G3_p0_w0_regular,G1_p1,20.0,0,4,0,0.0,0.0
G3_p0_w0_regular,G1_p2,-5.0,2,4,2,0.5,0.25
G3_p0_w0_regular,G1_p2,0.0,0,4,0,0.0,0.0
G3_p0_w0_regular,G1_p2,10.0,0,4,0,0.0,0.0
G3_p0_w0_regular,G1_p2,20.0,0,4,0,0.0,0.0
G3_p0_w0_regular,G1_p3,-5.0,2,4,2,0.5,0.25
G3_p0_w0_regular,G1_p3,0.0,0,4,0,0.0,0.0
G3_p0_w0_regular,G1_p3,10.0,0,4,0,0.0,0.0
G3_p0_w0_regular,G1_p3,20.0,0,4,0,0.0,0.0
G3_p0_w0_regular,G1_p4,-5.0,4,4,0,1.0,0.0
G3_p0_w0_regular,G1_p4,0.0,4,4,0,1.0,0.0
G3_p0_w0_regular,G1_p4,10.0,0,4,0,0.0,0.0
G3_p0_w0_regular,G1_p4,20.0,0,4,0,0.0,0.0
G3_p0_w0_regular,G2_p1,-5.0,3,4,1,0.75,0.1875
G3_p0_w0_regular,G2_p1,0.0,1,4,1,0.25,0.1875
G3_p0_w0_regular,G2_p1,10.0,0,4,0,0.0,0.0
G3_p0_w0_regular,G2_p1,20.0,0,4,0,0.0,0.0
G3_p0_w0_regular,G2_p2,-5.0,3,4,1,0.75,0.1875
G3_p0_w0_regular,G2_p2,0.0,0,4,0,0.0,0.0
G3_p0_w0_regular,G2_p2,10.0,0,4,0,0.0,0.0
G3_p0_w0_regular,G2_p2,20.0,0,4,0,0.0,0.0
G3_p0_w0_regular,G2_p3,-5.0,4,4,0,1.0,0.0
G3_p0_w0_regular,G2_p3,0.0,0,4,0,0.0,0.0
G3_p0_w0_regular,G2_p3,10.0,0,4,0,0.0,0.0
G3_p0_w0_regular,G2_p3,20.0,0,4,0,0.0,0.0
G3_p0_w0_regular,G2_p4,-5.0,4,4,0,1.0,0.0
G3_p0_w0_regular,G2_p4,0.0,4,4,0,1.0,0.0
G3_p0_w0_regular,G2_p4,10.0,1,4,1,0.25,0.1875
G3_p0_w0_regular,G2_p4,20.0,0,4,0,0.0,0.0
G3_p0_w0_regular,G3_p1,-5.0,4,4,0,1.0,0.0
G3_p0_w0_regular,G3_p1,0.0,4,4,0,1.0,0.0
G3_p0_w0_regular,G3_p1,10.0,0,4,0,0.0,0.0
G3_p0_w0_regular,G3_p1,20.0,0,4,0,0.0,0.0
G3_p0_w0_regular,G3_p2,-5.0,0,4,0,0.0,0.0
G3_p0_w0_regular,G3_p2,0.0,0,4,0,0.0,0.0
G3_p0_w0_regular,G3_p2,10.0,0,4,0,0.0,0.0
G3_p0_w0_regular,G3_p2,20.0,0,4,0,0.0,0.0
G3_p0_w0_regular,G3_p3,-5.0,0,4,0,0.0,0.0
G3_p0_w0_regular,G3_p3,0.0,0,4,0,0.0,0.0
G3_p0_w0_regular,G3_p3,10.0,0,4,0,0.0,0.0
G3_p0_w0_regular,G3_p3,20.0,0,4,0,0.0,0.0
G3_p0_w0_regular,G3_p4,-5.0,4,4,0,1.0,0.0
G3_p0_w0_regular,G3_p4,0.0,0,4,0,0.0,0.0
G3_p0_w0_regular,G3_p4,10.0,0,4,0,0.0,0.0
G3_p0_w0_regular,G3_p4,20.0,0,4,0,0.0,0.0
G3_p0_w0_regular,G4_p1,-5.0,4,4,0,1.0,0.0
G3_p0_w0_regular,G4_p1,0.0,4,4,0,1.0,0.0
G3_p0_w0_regular,G4_p1,10.0,0,4,0,0.0,0.0
G3_p0_w0_regular,G4_p1,20.0,0,4,0,0.0,0.0
G3_p0_w0_regular,G4_p2,-5.0,4,4,0,1.0,0.0
G3_p0_w0_regular,G4_p2,0.0,0,4,0,0.0,0.0
G3_p0_w0_regular,G4_p2,10.0,0,4,0,0.0,0.0
G3_p0_w0_regular,G4_p2,20.0,0,4,0,0.0,0.0
G3_p0_w0_regular,G4_p3,-5.0,0,4,0,0.0,0.0
G3_p0_w0_regular,G4_p3,0.0,0,4,0,0.0,0.0
G3_p0_w0_regular,G4_p3,10.0,0,4,0,0.0,0.0
G3_p0_w0_regular,G4_p3,20.0,0,4,0,0.0,0.0
G3_p0_w0_regular,G4_p4,-5.0,4,4,0,1.0,0.0
G3_p0_w0_regular,G4_p4,0.0,1,4,1,0.25,0.1875
G3_p0_w0_regular,G4_p4,10.0,0,4,0,0.0,0.0
G3_p0_w0_regular,G4_p4,20.0,0,4,0,0.0,0.0
G3_p0_w0_variable,G1_p1,-5.0,4,4,0,1.0,0.0
G3_p0_w0_variable,G1_p1,0.0,1,4,1,0.25,0.1875
G3_p0_w0_variable,G1_p1,10.0,0,4,0,0.0,0.0
G3_p0_w0_variable,G1_p1,20.0,0,4,0,0.0,0.0
G3_p0_w0_variable,G1_p2,-5.0,4,4,0,1.0,0.0
G3_p0_w0_variable,G1_p2,0.0,1,4,1,0.25,0.1875
G3_p0_w0_variable,G1_p2,10.0,0,4,0,0.0,0.0
G3_p0_w0_variable,G1_p2,20.0,0,4,0,0.0,0.0
G3_p0_w0_variable,G1_p3,-5.0,1,4,1,0.25,0.1875
G3_p0_w0_variable,G1_p3,0.0,0,4,0,0.0,0.0
G3_p0_w0_variable,G1_p3,10.0,0,4,0,0.0,0.0
G3_p0_w0_variable,G1_p3,20.0,0,4,0,0.0,0.0
G3_p0_w0_variable,G1_p4,-5.0,4,4,0,1.0,0.0
G3_p0_w0_variable,G1_p4,0.0,4,4,0,1.0,0.0
G3_p0_w0_variable,G1_p4,10.0,0,4,0,0.0,0.0
G3_p0_w0_variable,G1_p4,20.0,0,4,0,0.0,0.0
G3_p0_w0_variable,G2_p1,-5.0,4,4,0,1.0,0.0
G3_p0_w0_variable,G2_p1,0.0,4,4,0,1.0,0.0
G3_p0_w0_variable,G2_p1,10.0,0,4,0,0.0,0.0
G3_p0_w0_variable,G2_p1,20.0,0,4,0,0.0,0.0
G3_p0_w0_variable,G2_p2,-5.0,3,4,1,0.75,0.1875
G3_p0_w0_variable,G2_p2,0.0,0,4,0,0.0,0.0
G3_p0_w0_variable,G2_p2,10.0,0,4,0,0.0,0.0
G3_p0_w0_variable,G2_p2,20.0,0,4,0,0.0,0.0
G3_p0_w0_variable,G2_p3,-5.0,3,4,1,0.75,0.1875
G3_p0_w0_variable,G2_p3,0.0,0,4,0,0.0,0.0
G3_p0_w0_variable,G2_p3,10.0,0,4,0,0.0,0.0
G3_p0_w0_variable,G2_p3,20.0,0,4,0,0.0,0.0
G3_p0_w0_variable,G2_p4,-5.0,4,4,0,1.0,0.0
G3_p0_w0_variable,G2_p4,0.0,4,4,0,1.0,0.0
G3_p0_w0_variable,G2_p4,10.0,0,4,0,0.0,0.0
G3_p0_w0_variable,G2_p4,20.0,0,4,0,0.0,0.0
G3_p0_w0_variable,G3_p1,-5.0,4,4,0,1.0,0.0
G3_p0_w0_variable,G3_p1,0.0,3,4,1,0.75,0.1875
G3_p0_w0_variable,G3_p1,10.0,0,4,0,0.0,0.0
G3_p0_w0_variable,G3_p1,20.0,0,4,0,0.0,0.0
G3_p0_w0_variable,G3_p2,-5.0,0,4,0,0.0,0.0
G3_p0_w0_variable,G3_p2,0.0,0,4,0,0.0,0.0
G3_p0_w0_variable,G3_p2,10.0,0,4,0,0.0,0.0
G3_p0_w0_variable,G3_p2,20.0,0,4,0,0.0,0.0
G3_p0_w0_variable,G3_p3,-5.0,0,4,0,0.0,0.0
G3_p0_w0_variable,G3_p3,0.0,0,4,0,0.0,0.0
G3_p0_w0_variable,G3_p3,10.0,0,4,0,0.0,0.0
G3_p0_w0_variable,G3_p3,20.0,0,4,0,0.0,0.0
G3_p0_w0_variable,G3_p4,-5.0,3,4,1,0.75,0.1875
G3_p0_w0_variable,G3_p4,0.0,0,4,0,0.0,0.0
G3_p0_w0_variable,G3_p4,10.0,0,4,0,0.0,0.0
G3_p0_w0_variable,G3_p4,20.0,0,4,0,0.0,0.0
G3_p0_w0_variable,G4_p1,-5.0,4,4,0,1.0,0.0
G3_p0_w0_variable,G4_p1,0.0,4,4,0,1.0,0.0
G3_p0_w0_variable,G4_p1,10.0,0,4,0,0.0,0.0
G3_p0_w0_variable,G4_p1,20.0,0,4,0,0.0,0.0
G3_p0_w0_variable,G4_p2,-5.0,3,4,1,0.75,0.1875
G3_p0_w0_variable,G4_p2,0.0,0,4,0,0.0,0.0
G3_p0_w0_variable,G4_p2,10.0,0,4,0,0.0,0.0
G3_p0_w0_variable,G4_p2,20.0,0,4,0,0.0,0.0
G3_p0_w0_variable,G4_p3,-5.0,0,4,0,0.0,0.0
G3_p0_w0_variable,G4_p3,0.0,0,4,0,0.0,0.0
G3_p0_w0_variable,G4_p3,10.0,0,4,0,0.0,0.0
G3_p0_w0_variable,G4_p3,20.0,0,4,0,0.0,0.0
G3_p0_w0_variable,G4_p4,-5.0,4,4,0,1.0,0.0
G3_p0_w0_variable,G4_p4,0.0,0,4,0,0.0,0.0
G3_p0_w0_variable,G4_p4,10.0,0,4,0,0.0,0.0
G3_p0_w0_variable,G4_p4,20.0,0,4,0,0.0,0.0
G3_p0_w1_regular,G1_p1,-5.0,4,4,0,1.0,0.0
G3_p0_w1_regular,G1_p1,0.0,0,4,0,0.0,0.0
G3_p0_w1_regular,G1_p1,10.0,0,4,0,0.0,0.0
G3_p0_w1_regular,G1_p1,20.0,0,4,0,0.0,0.0
G3_p0_w1_regular,G1_p2,-5.0,2,4,2,0.5,0.25
G3_p0_w1_regular,G1_p2,0.0,0,4,0,0.0,0.0
G3_p0_w1_regular,G1_p2,10.0,0,4,0,0.0,0.0
G3_p0_w1_regular,G1_p2,20.0,0,4,0,0.0,0.0
G3_p0_w1_regular,G1_p3,-5.0,0,4,0,0.0,0.0
G3_p0_w1_regular,G1_p3,0.0,0,4,0,0.0,0.0
G3_p0_w1_regular,G1_p3,10.0,0,4,0,0.0,0.0
G3_p0_w1_regular,G1_p3,20.0,0,4,0,0.0,0.0
G3_p0_w1_regular,G1_p4,-5.0,4,4,0,1.0,0.0
G3_p0_w1_regular,G1_p4,0.0,4,4,0,1.0,0.0
G3_p0_w1_regular,G1_p4,10.0,0,4,0,0.0,0.0
G3_p0_w1_regular,G1_p4,20.0,0,4,0,0.0,0.0
G3_p0_w1_regular,G2_p1,-5.0,4,4,0,1.0,0.0
G3_p0_w1_regular,G2_p1,0.0,1,4,1,0.25,0.1875
G3_p0_w1_regular,G2_p1,10.0,0,4,0,0.0,0.0
G3_p0_w1_regular,G2_p1,20.0,0,4,0,0.0,0.0
G3_p0_w1_regular,G2_p2,-5.0,2,4,2,0.5,0.25
G3_p0_w1_regular,G2_p2,0.0,0,4,0,0.0,0.0
G3_p0_w1_regular,G2_p2,10.0,0,4,0,0.0,0.0
G3_p0_w1_regular,G2_p2,20.0,0,4,0,0.0,0.0
G3_p0_w1_regular,G2_p3,-5.0,4,4,0,1.0,0.0
G3_p0_w1_regular,G2_p3,0.0,0,4,0,0.0,0.0
G3_p0_w1_regular,G2_p3,10.0,0,4,0,0.0,0.0
G3_p0_w1_regular,G2_p3,20.0,0,4,0,0.0,0.0
G3_p0_w1_regular,G2_p4,-5.0,4,4,0,1.0,0.0
G3_p0_w1_regular,G2_p4,0.0,4,4,0,1.0,0.0
G3_p0_w1_regular,G2_p4,10.0,0,4,0,0.0,0.0
G3_p0_w1_regular,G2_p4,20.0,0,4,0,0.0,0.0
G3_p0_w1_regular,G3_p1,-5.0,4,4,0,1.0,0.0
G3_p0_w1_regular,G3_p1,0.0,3,4,1,0.75,0.1875
G3_p0_w1_regular,G3_p1,10.0,0,4,0,0.0,0.0
G3_p0_w1_regular,G3_p1,20.0,0,4,0,0.0,0.0
G3_p0_w1_regular,G3_p2,-5.0,0,4,0,0.0,0.0
G3_p0_w1_regular,G3_p2,0.0,0,4,0,0.0,0.0
G3_p0_w1_regular,G3_p2,10.0,0,4,0,0.0,0.0
G3_p0_w1_regular,G3_p2,20.0,0,4,0,0.0,0.0
G3_p0_w1_regular,G3_p3,-5.0,0,4,0,0.0,0.0
G3_p0_w1_regular,G3_p3,0.0,0,4,0,0.0,0.0
G3_p0_w1_regular,G3_p3,10.0,0,4,0,0.0,0.0
G3_p0_w1_regular,G3_p3,20.0,0,4,0,0.0,0.0
G3_p0_w1_regular,G3_p4,-5.0,2,4,2,0.5,0.25
G3_p0_w1_regular,G3_p4,0.0,0,4,0,0.0,0.0
G3_p0_w1_regular,G3_p4,10.0,0,4,0,0.0,0.0
G3_p0_w1_regular,G3_p4,20.0,0,4,0,0.0,0.0
G3_p0_w1_regular,G4_p1,-5.0,4,4,0,1.0,0.0
G3_p0_w1_regular,G4_p1,0.0,4,4,0,1.0,0.0
G3_p0_w1_regular,G4_p1,10.0,0,4,0,0.0,0.0
G3_p0_w1_regular,G4_p1,20.0,0,4,0,0.0,0.0
G3_p0_w1_regular,G4_p2,-5.0,4,4,0,1.0,0.0
G3_p0_w1_regular,G4_p2,0.0,0,4,0,0.0,0.0
G3_p0_w1_regular,G4_p2,10.0,0,4,0,0.0,0.0
G3_p0_w1_regular,G4_p2,20.0,0,4,0,0.0,0.0
G3_p0_w1_regular,G4_p3,-5.0,0,4,0,0.0,0.0
G3_p0_w1_regular,G4_p3,0.0,0,4,0,0.0,0.0
G3_p0_w1_regular,G4_p3,10.0,0,4,0,0.0,0.0
G3_p0_w1_regular,G4_p3,20.0,0,4,0,0.0,0.0
G3_p0_w1_regular,G4_p4,-5.0,4,4,0,1.0,0.0
G3_p0_w1_regular,G4_p4,0.0,1,4,1,0.25,0.1875
G3_p0_w1_regular,G4_p4,10.0,0,4,0,0.0,0.0
G3_p0_w1_regular,G4_p4,20.0,0,4,0,0.0,0.0
G3_p0_w1_variable,G1_p1,-5.0,4,4,0,1.0,0.0
G3_p0_w1_variable,G1_p1,0.0,2,4,2,0.5,0.25
G3_p0_w1_variable,G1_p1,10.0,0,4,0,0.0,0.0
G3_p0_w1_variable,G1_p1,20.0,0,4,0,0.0,0.0
G3_p0_w1_variable,G1_p2,-5.0,3,4,1,0.75,0.1875
G3_p0_w1_variable,G1_p2,0.0,0,4,0,0.0,0.0
G3_p0_w1_variable,G1_p2,10.0,0,4,0,0.0,0.0
G3_p0_w1_variable,G1_p2,20.0,0,4,0,0.0,0.0
G3_p0_w1_variable,G1_p3,-5.0,0,4,0,0.0,0.0
G3_p0_w1_variable,G1_p3,0.0,0,4,0,0.0,0.0
G3_p0_w1_variable,G1_p3,10.0,0,4,0,0.0,0.0
G3_p0_w1_variable,G1_p3,20.0,0,4,0,0.0,0.0
G3_p0_w1_variable,G1_p4,-5.0,4,4,0,1.0,0.0
G3_p0_w1_variable,G1_p4,0.0,4,4,0,1.0,0.0
G3_p0_w1_variable,G1_p4,10.0,0,4,0,0.0,0.0
G3_p0_w1_variable,G1_p4,20.0,0,4,0,0.0,0.0
G3_p0_w1_variable,G2_p1,-5.0,4,4,0,1.0,0.0
G3_p0_w1_variable,G2_p1,0.0,3,4,1,0.75,0.1875
G3_p0_w1_variable,G2_p1,10.0,0,4,0,0.0,0.0
G3_p0_w1_variable,G2_p1,20.0,0,4,0,0.0,0.0
G3_p0_w1_variable,G2_p2,-5.0,2,4,2,0.5,0.25
G3_p0_w1_variable,G2_p2,0.0,0,4,0,0.0,0.0
G3_p0_w1_variable,G2_p2,10.0,0,4,0,0.0,0.0
G3_p0_w1_variable,G2_p2,20.0,0,4,0,0.0,0.0
G3_p0_w1_variable,G2_p3,-5.0,3,4,1,0.75,0.1875
G3_p0_w1_variable,G2_p3,0.0,0,4,0,0.0,0.0
G3_p0_w1_variable,G2_p3,10.0,0,4,0,0.0,0.0
G3_p0_w1_variable,G2_p3,20.0,0,4,0,0.0,0.0
G3_p0_w1_variable,G2_p4,-5.0,4,4,0,1.0,0.0
G3_p0_w1_variable,G2_p4,0.0,4,4,0,1.0,0.0
G3_p0_w1_variable,G2_p4,10.0,0,4,0,0.0,0.0
G3_p0_w1_variable,G2_p4,20.0,0,4,0,0.0,0.0
G3_p0_w1_variable,G3_p1,-5.0,4,4,0,1.0,0.0
G3_p0_w1_variable,G3_p1,0.0,4,4,0,1.0,0.0
G3_p0_w1_variable,G3_p1,10.0,0,4,0,0.0,0.0
G3_p0_w1_variable,G3_p1,20.0,0,4,0,0.0,0.0
G3_p0_w1_variable,G3_p2,-5.0,0,4,0,0.0,0.0
G3_p0_w1_variable,G3_p2,0.0,0,4,0,0.0,0.0
G3_p0_w1_variable,G3_p2,10.0,0,4,0,0.0,0.0
G3_p0_w1_variable,G3_p2,20.0,0,4,0,0.0,0.0
G3_p0_w1_variable,G3_p3,-5.0,0,4,0,0.0,0.0
G3_p0_w1_variable,G3_p3,0.0,0,4,0,0.0,0.0
G3_p0_w1_variable,G3_p3,10.0,0,4,0,0.0,0.0
G3_p0_w1_variable,G3_p3,20.0,0,4,0,0.0,0.0
G3_p0_w1_variable,G3_p4,-5.0,2,4,2,0.5,0.25
G3_p0_w1_variable,G3_p4,0.0,0,4,0,0.0,0.0
G3_p0_w1_variable,G3_p4,10.0,0,4,0,0.0,0.0
G3_p0_w1_variable,G3_p4,20.0,0,4,0,0.0,0.0
G3_p0_w1_variable,G4_p1,-5.0,4,4,0,1.0,0.0
G3_p0_w1_variable,G4_p1,0.0,4,4,0,1.0,0.0
G3_p0_w1_variable,G4_p1,10.0,0,4,0,0.0,0.0
G3_p0_w1_variable,G4_p1,20.0,0,4,0,0.0,0.0
G3_p0_w1_variable,G4_p2,-5.0,4,4,0,1.0,0.0
G3_p0_w1_variable,G4_p2,0.0,0,4,0,0.0,0.0
G3_p0_w1_variable,G4_p2,10.0,0,4,0,0.0,0.0
G3_p0_w1_variable,G4_p2,20.0,0,4,0,0.0,0.0
G3_p0_w1_variable,G4_p3,-5.0,0,4,0,0.0,0.0
G3_p0_w1_variable,G4_p3,0.0,0,4,0,0.0,0.0
G3_p0_w1_variable,G4_p3,10.0,0,4,0,0.0,0.0
G3_p0_w1_variable,G4_p3,20.0,0,4,0,0.0,0.0
G3_p0_w1_variable,G4_p4,-5.0,4,4,0,1.0,0.0
G3_p0_w1_variable,G4_p4,0.0,0,4,0,0.0,0.0
G3_p0_w1_variable,G4_p4,10.0,0,4,0,0.0,0.0
G3_p0_w1_variable,G4_p4,20.0,0,4,0,0.0,0.0
G3_p0_w2_regular,G1_p1,-5.0,4,4,0,1.0,0.0
G3_p0_w2_regular,G1_p1,0.0,0,4,0,0.0,0.0
G3_p0_w2_regular,G1_p1,10.0,0,4,0,0.0,0.0
G3_p0_w2_regular,G1_p1,20.0,0,4,0,0.0,0.0
G3_p0_w2_regular,G1_p2,-5.0,4,4,0,1.0,0.0
G3_p0_w2_regular,G1_p2,0.0,0,4,0,0.0,0.0
G3_p0_w2_regular,G1_p2,10.0,0,4,0,0.0,0.0
G3_p0_w2_regular,G1_p2,20.0,0,4,0,0.0,0.0
G3_p0_w2_regular,G1_p3,-5.0,1,4,1,0.25,0.1875
G3_p0_w2_regular,G1_p3,0.0,0,4,0,0.0,0.0
G3_p0_w2_regular,G1_p3,10.0,0,4,0,0.0,0.0
G3_p0_w2_regular,G1_p3,20.0,0,4,0,0.0,0.0
G3_p0_w2_regular,G1_p4,-5.0,4,4,0,1.0,0.0
G3_p0_w2_regular,G1_p4,0.0,4,4,0,1.0,0.0
G3_p0_w2_regular,G1_p4,10.0,0,4,0,0.0,0.0
G3_p0_w2_regular,G1_p4,20.0,0,4,0,0.0,0.0
G3_p0_w2_regular,G2_p1,-5.0,4,4,0,1.0,0.0
G3_p0_w2_regular,G2_p1,0.0,2,4,2,0.5,0.25
G3_p0_w2_regular,G2_p1,10.0,0,4,0,0.0,0.0
G3_p0_w2_regular,G2_p1,20.0,0,4,0,0.0,0.0
G3_p0_w2_regular,G2_p2,-5.0,3,4,1,0.75,0.1875
G3_p0_w2_regular,G2_p2,0.0,1,4,1,0.25,0.1875
G3_p0_w2_regular,G2_p2,10.0,0,4,0,0.0,0.0
G3_p0_w2_regular,G2_p2,20.0,0,4,0,0.0,0.0
G3_p0_w2_regular,G2_p3,-5.0,4,4,0,1.0,0.0
G3_p0_w2_regular,G2_p3,0.0,0,4,0,0.0,0.0
G3_p0_w2_regular,G2_p3,10.0,0,4,0,0.0,0.0
G3_p0_w2_regular,G2_p3,20.0,0,4,0,0.0,0.0
G3_p0_w2_regular,G2_p4,-5.0,4,4,0,1.0,0.0
G3_p0_w2_regular,G2_p4,0.0,4,4,0,1.0,0.0
G3_p0_w2_regular,G2_p4,10.0,0,4,0,0.0,0.0
G3_p0_w2_regular,G2_p4,20.0,0,4,0,0.0,0.0
G3_p0_w2_regular,G3_p1,-5.0,4,4,0,1.0,0.0
G3_p0_w2_regular,G3_p1,0.0,4,4,0,1.0,0.0
G3_p0_w2_regular,G3_p1,10.0,0,4,0,0.0,0.0
G3_p0_w2_regular,G3_p1,20.0,0,4,0,0.0,0.0
G3_p0_w2_regular,G3_p2,-5.0,0,4,0,0.0,0.0
G3_p0_w2_regular,G3_p2,0.0,0,4,0,0.0,0.0
G3_p0_w2_regular,G3_p2,10.0,0,4,0,0.0,0.0
G3_p0_w2_regular,G3_p2,20.0,0,4,0,0.0,0.0
G3_p0_w2_regular,G3_p3,-5.0,0,4,0,0.0,0.0
G3_p0_w2_regular,G3_p3,0.0,0,4,0,0.0,0.0
G3_p0_w2_regular,G3_p3,10.0,0,4,0,0.0,0.0
G3_p0_w2_regular,G3_p3,20.0,0,4,0,0.0,0.0
G3_p0_w2_regular,G3_p4,-5.0,2,4,2,0.5,0.25
G3_p0_w2_regular,G3_p4,0.0,0,4,0,0.0,0.0
G3_p0_w2_regular,G3_p4,10.0,0,4,0,0.0,0.0
G3_p0_w2_regular,G3_p4,20.0,0,4,0,0.0,0.0
G3_p0_w2_regular,G4_p1,-5.0,4,4,0,1.0,0.0
G3_p0_w2_regular,G4_p1,0.0,3,4,1,0.75,0.1875
G3_p0_w2_regular,G4_p1,10.0,0,4,0,0.0,0.0
G3_p0_w2_regular,G4_p1,20.0,0,4,0,0.0,0.0
G3_p0_w2_regular,G4_p2,-5.0,3,4,1,0.75,0.1875
G3_p0_w2_regular,G4_p2,0.0,0,4,0,0.0,0.0
G3_p0_w2_regular,G4_p2,10.0,0,4,0,0.0,0.0
G3_p0_w2_regular,G4_p2,20.0,0,4,0,0.0,0.0
G3_p0_w2_regular,G4_p3,-5.0,0,4,0,0.0,0.0
G3_p0_w2_regular,G4_p3,0.0,0,4,0,0.0,0.0
G3_p0_w2_regular,G4_p3,10.0,0,4,0,0.0,0.0
G3_p0_w2_regular,G4_p3,20.0,0,4,0,0.0,0.0
G3_p0_w2_regular,G4_p4,-5.0,4,4,0,1.0,0.0
G3_p0_w2_regular,G4_p4,0.0,1,4,1,0.25,0.1875
G3_p0_w2_regular,G4_p4,10.0,0,4,0,0.0,0.0
G3_p0_w2_regular,G4_p4,20.0,0,4,0,0.0,0.0
G3_p0_w2_variable,G1_p1,-5.0,4,4,0,1.0,0.0
G3_p0_w2_variable,G1_p1,0.0,0,4,0,0.0,0.0
G3_p0_w2_variable,G1_p1,10.0,0,4,0,0.0,0.0
G3_p0_w2_variable,G1_p1,20.0,0,4,0,0.0,0.0
G3_p0_w2_variable,G1_p2,-5.0,1,4,1,0.25,0.1875
G3_p0_w2_variable,G1_p2,0.0,0,4,0,0.0,0.0
G3_p0_w2_variable,G1_p2,10.0,0,4,0,0.0,0.0
G3_p0_w2_variable,G1_p2,20.0,0,4,0,0.0,0.0
G3_p0_w2_variable,G1_p3,-5.0,2,4,2,0.5,0.25
G3_p0_w2_variable,G1_p3,0.0,0,4,0,0.0,0.0
G3_p0_w2_variable,G1_p3,10.0,0,4,0,0.0,0.0
G3_p0_w2_variable,G1_p3,20.0,0,4,0,0.0,0.0
G3_p0_w2_variable,G1_p4,-5.0,4,4,0,1.0,0.0
G3_p0_w2_variable,G1_p4,0.0,4,4,0,1.0,0.0
G3_p0_w2_variable,G1_p4,10.0,1,4,1,0.25,0.1875
G3_p0_w2_variable,G1_p4,20.0,0,4,0,0.0,0.0
G3_p0_w2_variable,G2_p1,-5.0,4,4,0,1.0,0.0
G3_p0_w2_variable,G2_p1,0.0,4,4,0,1.0,0.0
G3_p0_w2_variable,G2_p1,10.0,0,4,0,0.0,0.0
G3_p0_w2_variable,G2_p1,20.0,0,4,0,0.0,0.0
G3_p0_w2_variable,G2_p2,-5.0,3,4,1,0.75,0.1875
G3_p0_w2_variable,G2_p2,0.0,0,4,0,0.0,0.0
G3_p0_w2_variable,G2_p2,10.0,0,4,0,0.0,0.0
G3_p0_w2_variable,G2_p2,20.0,0,4,0,0.0,0.0
G3_p0_w2_variable,G2_p3,-5.0,4,4,0,1.0,0.0
G3_p0_w2_variable,G2_p3,0.0,0,4,0,0.0,0.0
G3_p0_w2_variable,G2_p3,10.0,0,4,0,0.0,0.0
G3_p0_w2_variable,G2_p3,20.0,0,4,0,0.0,0.0
G3_p0_w2_variable,G2_p4,-5.0,4,4,0,1.0,0.0
G3_p0_w2_variable,G2_p4,0.0,4,4,0,1.0,0.0
G3_p0_w2_variable,G2_p4,10.0,0,4,0,0.0,0.0
G3_p0_w2_variable,G2_p4,20.0,0,4,0,0.0,0.0
G3_p0_w2_variable,G3_p1,-5.0,4,4,0,1.0,0.0
G3_p0_w2_variable,G3_p1,0.0,4,4,0,1.0,0.0
G3_p0_w2_variable,G3_p1,10.0,0,4,0,0.0,0.0
G3_p0_w2_variable,G3_p1,20.0,0,4,0,0.0,0.0
G3_p0_w2_variable,G3_p2,-5.0,0,4,0,0.0,0.0
G3_p0_w2_variable,G3_p2,0.0,0,4,0,0.0,0.0
G3_p0_w2_variable,G3_p2,10.0,0,4,0,0.0,0.0
G3_p0_w2_variable,G3_p2,20.0,0,4,0,0.0,0.0
G3_p0_w2_variable,G3_p3,-5.0,0,4,0,0.0,0.0
G3_p0_w2_variable,G3_p3,0.0,0,4,0,0.0,0.0
G3_p0_w2_variable,G3_p3,10.0,0,4,0,0.0,0.0
G3_p0_w2_variable,G3_p3,20.0,0,4,0,0.0,0.0
G3_p0_w2_variable,G3_p4,-5.0,2,4,2,0.5,0.25
G3_p0_w2_variable,G3_p4,0.0,0,4,0,0.0,0.0
G3_p0_w2_variable,G3_p4,10.0,0,4,0,0.0,0.0
G3_p0_w2_variable,G3_p4,20.0,0,4,0,0.0,0.0
G3_p0_w2_variable,G4_p1,-5.0,4,4,0,1.0,0.0
G3_p0_w2_variable,G4_p1,0.0,4,4,0,1.0,0.0
G3_p0_w2_variable,G4_p1,10.0,0,4,0,0.0,0.0
G3_p0_w2_variable,G4_p1,20.0,0,4,0,0.0,0.0
G3_p0_w2_variable,G4_p2,-5.0,4,4,0,1.0,0.0
G3_p0_w2_variable,G4_p2,0.0,0,4,0,0.0,0.0
G3_p0_w2_variable,G4_p2,10.0,0,4,0,0.0,0.0
G3_p0_w2_variable,G4_p2,20.0,0,4,0,0.0,0.0
G3_p0_w2_variable,G4_p3,-5.0,0,4,0,0.0,0.0
G3_p0_w2_variable,G4_p3,0.0,0,4,0,0.0,0.0
G3_p0_w2_variable,G4_p3,10.0,0,4,0,0.0,0.0
G3_p0_w2_variable,G4_p3,20.0,0,4,0,0.0,0.0
G3_p0_w2_variable,G4_p4,-5.0,4,4,0,1.0,0.0
G3_p0_w2_variable,G4_p4,0.0,1,4,1,0.25,0.1875
G3_p0_w2_variable,G4_p4,10.0,0,4,0,0.0,0.0
G3_p0_w2_variable,G4_p4,20.0,0,4,0,0.0,0.0
G3_p0_w3_regular,G1_p1,-5.0,4,4,0,1.0,0.0
G3_p0_w3_regular,G1_p1,0.0,2,4,2,0.5,0.25
G3_p0_w3_regular,G1_p1,10.0,0,4,0,0.0,0.0
G3_p0_w3_regular,G1_p1,20.0,0,4,0,0.0,0.0
G3_p0_w3_regular,G1_p2,-5.0,4,4,0,1.0,0.0
G3_p0_w3_regular,G1_p2,0.0,0,4,0,0.0,0.0
G3_p0_w3_regular,G1_p2,10.0,0,4,0,0.0,0.0
G3_p0_w3_regular,G1_p2,20.0,0,4,0,0.0,0.0
G3_p0_w3_regular,G1_p3,-5.0,1,4,1,0.25,0.1875
G3_p0_w3_regular,G1_p3,0.0,0,4,0,0.0,0.0
G3_p0_w3_regular,G1_p3,10.0,0,4,0,0.0,0.0
G3_p0_w3_regular,G1_p3,20.0,0,4,0,0.0,0.0
G3_p0_w3_regular,G1_p4,-5.0,4,4,0,1.0,0.0
G3_p0_w3_regular,G1_p4,0.0,4,4,0,1.0,0.0
G3_p0_w3_regular,G1_p4,10.0,0,4,0,0.0,0.0
G3_p0_w3_regular,G1_p4,20.0,0,4,0,0.0,0.0
G3_p0_w3_regular,G2_p1,-5.0,4,4,0,1.0,0.0
G3_p0_w3_regular,G2_p1,0.0,2,4,2,0.5,0.25
G3_p0_w3_regular,G2_p1,10.0,0,4,0,0.0,0.0
G3_p0_w3_regular,G2_p1,20.0,0,4,0,0.0,0.0
G3_p0_w3_regular,G2_p2,-5.0,3,4,1,0.75,0.1875
G3_p0_w3_regular,G2_p2,0.0,0,4,0,0.0,0.0
G3_p0_w3_regular,G2_p2,10.0,0,4,0,0.0,0.0
G3_p0_w3_regular,G2_p2,20.0,0,4,0,0.0,0.0
G3_p0_w3_regular,G2_p3,-5.0,4,4,0,1.0,0.0
G3_p0_w3_regular,G2_p3,0.0,0,4,0,0.0,0.0
G3_p0_w3_regular,G2_p3,10.0,0,4,0,0.0,0.0
G3_p0_w3_regular,G2_p3,20.0,0,4,0,0.0,0.0
G3_p0_w3_regular,G2_p4,-5.0,4,4,0,1.0,0.0
G3_p0_w3_regular,G2_p4,0.0,4,4,0,1.0,0.0
G3_p0_w3_regular,G2_p4,10.0,0,4,0,0.0,0.0
G3_p0_w3_regular,G2_p4,20.0,0,4,0,0.0,0.0
G3_p0_w3_regular,G3_p1,-5.0,4,4,0,1.0,0.0
G3_p0_w3_regular,G3_p1,0.0,3,4,1,0.75,0.1875
G3_p0_w3_regular,G3_p1,10.0,0,4,0,0.0,0.0
G3_p0_w3_regular,G3_p1,20.0,0,4,0,0.0,0.0
G3_p0_w3_regular,G3_p2,-5.0,0,4,0,0.0,0.0
G3_p0_w3_regular,G3_p2,0.0,0,4,0,0.0,0.0
G3_p0_w3_regular,G3_p2,10.0,0,4,0,0.0,0.0
G3_p0_w3_regular,G3_p2,20.0,0,4,0,0.0,0.0
G3_p0_w3_regular,G3_p3,-5.0,0,4,0,0.0,0.0
G3_p0_w3_regular,G3_p3,0.0,0,4,0,0.0,0.0
G3_p0_w3_regular,G3_p3,10.0,0,4,0,0.0,0.0
G3_p0_w3_regular,G3_p3,20.0,0,4,0,0.0,0.0
G3_p0_w3_regular,G3_p4,-5.0,3,4,1,0.75,0.1875
G3_p0_w3_regular,G3_p4,0.0,0,4,0,0.0,0.0
G3_p0_w3_regular,G3_p4,10.0,0,4,0,0.0,0.0
G3_p0_w3_regular,G3_p4,20.0,0,4,0,0.0,0.0
G3_p0_w3_regular,G4_p1,-5.0,4,4,0,1.0,0.0
G3_p0_w3_regular,G4_p1,0.0,4,4,0,1.0,0.0
G3_p0_w3_regular,G4_p1,10.0,0,4,0,0.0,0.0
G3_p0_w3_regular,G4_p1,20.0,0,4,0,0.0,0.0
G3_p0_w3_regular,G4_p2,-5.0,4,4,0,1.0,0.0
G3_p0_w3_regular,G4_p2,0.0,0,4,0,0.0,0.0
G3_p0_w3_regular,G4_p2,10.0,0,4,0,0.0,0.0
G3_p0_w3_regular,G4_p2,20.0,0,4,0,0.0,0.0
G3_p0_w3_regular,G4_p3,-5.0,1,4,1,0.25,0.1875
G3_p0_w3_regular,G4_p3,0.0,0,4,0,0.0,0.0
G3_p0_w3_regular,G4_p3,10.0,0,4,0,0.0,0.0
G3_p0_w3_regular,G4_p3,20.0,0,4,0,0.0,0.0
G3_p0_w3_regular,G4_p4,-5.0,4,4,0,1.0,0.0
G3_p0_w3_regular,G4_p4,0.0,0,4,0,0.0,0.0
G3_p0_w3_regular,G4_p4,10.0,0,4,0,0.0,0.0
G3_p0_w3_regular,G4_p4,20.0,0,4,0,0.0,0.0
G3_p0_w3_variable,G1_p1,-5.0,4,4,0,1.0,0.0
G3_p0_w3_variable,G1_p1,0.0,0,4,0,0.0,0.0
G3_p0_w3_variable,G1_p1,10.0,0,4,0,0.0,0.0
G3_p0_w3_variable,G1_p1,20.0,0,4,0,0.0,0.0
G3_p0_w3_variable,G1_p2,-5.0,4,4,0,1.0,0.0
G3_p0_w3_variable,G1_p2,0.0,0,4,0,0.0,0.0
G3_p0_w3_variable,G1_p2,10.0,0,4,0,0.0,0.0
G3_p0_w3_variable,G1_p2,20.0,0,4,0,0.0,0.0
G3_p0_w3_variable,G1_p3,-5.0,2,4,2,0.5,0.25
G3_p0_w3_variable,G1_p3,0.0,0,4,0,0.0,0.0
G3_p0_w3_variable,G1_p3,10.0,0,4,0,0.0,0.0
G3_p0_w3_variable,G1_p3,20.0,0,4,0,0.0,0.0
G3_p0_w3_variable,G1_p4,-5.0,4,4,0,1.0,0.0
G3_p0_w3_variable,G1_p4,0.0,4,4,0,1.0,0.0
G3_p0_w3_variable,G1_p4,10.0,0,4,0,0.0,0.0
G3_p0_w3_variable,G1_p4,20.0,0,4,0,0.0,0.0
G3_p0_w3_variable,G2_p1,-5.0,4,4,0,1.0,0.0
G3_p0_w3_variable,G2_p1,0.0,3,4,1,0.75,0.1875
G3_p0_w3_variable,G2_p1,10.0,0,4,0,0.0,0.0
G3_p0_w3_variable,G2_p1,20.0,0,4,0,0.0,0.0
G3_p0_w3_variable,G2_p2,-5.0,4,4,0,1.0,0.0
G3_p0_w3_variable,G2_p2,0.0,0,4,0,0.0,0.0
G3_p0_w3_variable,G2_p2,10.0,0,4,0,0.0,0.0
G3_p0_w3_variable,G2_p2,20.0,0,4,0,0.0,0.0
G3_p0_w3_variable,G2_p3,-5.0,4,4,0,1.0,0.0
G3_p0_w3_variable,G2_p3,0.0,1,4,1,0.25,0.1875
G3_p0_w3_variable,G2_p3,10.0,0,4,0,0.0,0.0
G3_p0_w3_variable,G2_p3,20.0,0,4,0,0.0,0.0
G3_p0_w3_variable,G2_p4,-5.0,4,4,0,1.0,0.0
G3_p0_w3_variable,G2_p4,0.0,4,4,0,1.0,0.0
G3_p0_w3_variable,G2_p4,10.0,0,4,0,0.0,0.0
G3_p0_w3_variable,G2_p4,20.0,0,4,0,0.0,0.0
G3_p0_w3_variable,G3_p1,-5.0,4,4,0,1.0,0.0
G3_p0_w3_variable,G3_p1,0.0,3,4,1,0.75,0.1875
G3_p0_w3_variable,G3_p1,10.0,0,4,0,0.0,0.0
G3_p0_w3_variable,G3_p1,20.0,0,4,0,0.0,0.0
G3_p0_w3_variable,G3_p2,-5.0,0,4,0,0.0,0.0
G3_p0_w3_variable,G3_p2,0.0,0,4,0,0.0,0.0
G3_p0_w3_variable,G3_p2,10.0,0,4,0,0.0,0.0
G3_p0_w3_variable,G3_p2,20.0,0,4,0,0.0,0.0
G3_p0_w3_variable,G3_p3,-5.0,0,4,0,0.0,0.0
G3_p0_w3_variable,G3_p3,0.0,0,4,0,0.0,0.0
G3_p0_w3_variable,G3_p3,10.0,0,4,0,0.0,0.0
G3_p0_w3_variable,G3_p3,20.0,0,4,0,0.0,0.0
G3_p0_w3_variable,G3_p4,-5.0,4,4,0,1.0,0.0
G3_p0_w3_variable,G3_p4,0.0,0,4,0,0.0,0.0
G3_p0_w3_variable,G3_p4,10.0,0,4,0,0.0,0.0
G3_p0_w3_variable,G3_p4,20.0,0,4,0,0.0,0.0
G3_p0_w3_variable,G4_p1,-5.0,4,4,0,1.0,0.0
G3_p0_w3_variable,G4_p1,0.0,3,4,1,0.75,0.1875
G3_p0_w3_variable,G4_p1,10.0,0,4,0,0.0,0.0
G3_p0_w3_variable,G4_p1,20.0,0,4,0,0.0,0.0
G3_p0_w3_variable,G4_p2,-5.0,4,4,0,1.0,0.0
G3_p0_w3_variable,G4_p2,0.0,0,4,0,0.0,0.0
G3_p0_w3_variable,G4_p2,10.0,0,4,0,0.0,0.0
G3_p0_w3_variable,G4_p2,20.0,0,4,0,0.0,0.0
G3_p0_w3_variable,G4_p3,-5.0,0,4,0,0.0,0.0
G3_p0_w3_variable,G4_p3,0.0,0,4,0,0.0,0.0
G3_p0_w3_variable,G4_p3,10.0,0,4,0,0.0,0.0
G3_p0_w3_variable,G4_p3,20.0,0,4,0,0.0,0.0
G3_p0_w3_variable,G4_p4,-5.0,4,4,0,1.0,0.0
G3_p0_w3_variable,G4_p4,0.0,1,4,1,0.25,0.1875
G3_p0_w3_variable,G4_p4,10.0,0,4,0,0.0,0.0
G3_p0_w3_variable,G4_p4,20.0,0,4,0,0.0,0.0
G3_p5_w0_regular,G1_p1,-5.0,4,4,0,1.0,0.0
G3_p5_w0_regular,G1_p1,0.0,0,4,0,0.0,0.0
G3_p5_w0_regular,G1_p1,10.0,0,4,0,0.0,0.0
G3_p5_w0_regular,G1_p1,20.0,0,4,0,0.0,0.0
G3_p5_w0_regular,G1_p2,-5.0,3,4,1,0.75,0.1875
G3_p5_w0_regular,G1_p2,0.0,0,4,0,0.0,0.0
G3_p5_w0_regular,G1_p2,10.0,0,4,0,0.0,0.0
G3_p5_w0_regular,G1_p2,20.0,0,4,0,0.0,0.0
G3_p5_w0_regular,G1_p3,-5.0,0,4,0,0.0,0.0
G3_p5_w0_regular,G1_p3,0.0,0,4,0,0.0,0.0
G3_p5_w0_regular,G1_p3,10.0,0,4,0,0.0,0.0
G3_p5_w0_regular,G1_p3,20.0,0,4,0,0.0,0.0
G3_p5_w0_regular,G1_p4,-5.0,4,4,0,1.0,0.0
G3_p5_w0_regular,G1_p4,0.0,4,4,0,1.0,0.0
G3_p5_w0_regular,G1_p4,10.0,0,4,0,0.0,0.0
G3_p5_w0_regular,G1_p4,20.0,0,4,0,0.0,0.0
G3_p5_w0_regular,G2_p1,-5.0,4,4,0,1.0,0.0
G3_p5_w0_regular,G2_p1,0.0,1,4,1,0.25,0.1875
G3_p5_w0_regular,G2_p1,10.0,0,4,0,0.0,0.0
G3_p5_w0_regular,G2_p1,20.0,0,4,0,0.0,0.0
G3_p5_w0_regular,G2_p2,-5.0,3,4,1,0.75,0.1875
G3_p5_w0_regular,G2_p2,0.0,0,4,0,0.0,0.0
G3_p5_w0_regular,G2_p2,10.0,0,4,0,0.0,0.0
G3_p5_w0_regular,G2_p2,20.0,0,4,0,0.0,0.0
G3_p5_w0_regular,G2_p3,-5.0,3,4,1,0.75,0.1875
G3_p5_w0_regular,G2_p3,0.0,0,4,0,0.0,0.0
G3_p5_w0_regular,G2_p3,10.0,0,4,0,0.0,0.0
G3_p5_w0_regular,G2_p3,20.0,0,4,0,0.0,0.0
G3_p5_w0_regular,G2_p4,-5.0,4,4,0,1.0,0.0
G3_p5_w0_regular,G2_p4,0.0,4,4,0,1.0,0.0
G3_p5_w0_regular,G2_p4,10.0,0,4,0,0.0,0.0
G3_p5_w0_regular,G2_p4,20.0,0,4,0,0.0,0.0
G3_p5_w0_regular,G3_p1,-5.0,4,4,0,1.0,0.0
G3_p5_w0_regular,G3_p1,0.0,3,4,1,0.75,0.1875
G3_p5_w0_regular,G3_p1,10.0,0,4,0,0.0,0.0
G3_p5_w0_regular,G3_p1,20.0,0,4,0,0.0,0.0
G3_p5_w0_regular,G3_p2,-5.0,0,4,0,0.0,0.0
G3_p5_w0_regular,G3_p2,0.0,0,4,0,0.0,0.0
G3_p5_w0_regular,G3_p2,10.0,0,4,0,0.0,0.0
G3_p5_w0_regular,G3_p2,20.0,0,4,0,0.0,0.0
G3_p5_w0_regular,G3_p3,-5.0,0,4,0,0.0,0.0
G3_p5_w0_regular,G3_p3,0.0,0,4,0,0.0,0.0
G3_p5_w0_regular,G3_p3,10.0,0,4,0,0.0,0.0
G3_p5_w0_regular,G3_p3,20.0,0,4,0,0.0,0.0
G3_p5_w0_regular,G3_p4,-5.0,1,4,1,0.25,0.1875
G3_p5_w0_regular,G3_p4,0.0,0,4,0,0.0,0.0
G3_p5_w0_regular,G3_p4,10.0,0,4,0,0.0,0.0
G3_p5_w0_regular,G3_p4,20.0,0,4,0,0.0,0.0
G3_p5_w0_regular,G4_p1,-5.0,4,4,0,1.0,0.0
G3_p5_w0_regular,G4_p1,0.0,4,4,0,1.0,0.0
G3_p5_w0_regular,G4_p1,10.0,0,4,0,0.0,0.0
G3_p5_w0_regular,G4_p1,20.0,0,4,0,0.0,0.0
G3_p5_w0_regular,G4_p2,-5.0,1,4,1,0.25,0.1875
G3_p5_w0_regular,G4_p2,0.0,0,4,0,0.0,0.0
G3_p5_w0_regular,G4_p2,10.0,0,4,0,0.0,0.0
G3_p5_w0_regular,G4_p2,20.0,0,4,0,0.0,0.0
G3_p5_w0_regular,G4_p3,-5.0,0,4,0,0.0,0.0
G3_p5_w0_regular,G4_p3,0.0,0,4,0,0.0,0.0
G3_p5_w0_regular,G4_p3,10.0,0,4,0,0.0,0.0
G3_p5_w0_regular,G4_p3,20.0,0,4,0,0.0,0.0
G3_p5_w0_regular,G4_p4,-5.0,4,4,0,1.0,0.0
G3_p5_w0_regular,G4_p4,0.0,0,4,0,0.0,0.0
G3_p5_w0_regular,G4_p4,10.0,0,4,0,0.0,0.0
G3_p5_w0_regular,G4_p4,20.0,0,4,0,0.0,0.0
G3_p5_w0_variable,G1_p1,-5.0,4,4,0,1.0,0.0
G3_p5_w0_variable,G1_p1,0.0,0,4,0,0.0,0.0
G3_p5_w0_variable,G1_p1,10.0,0,4,0,0.0,0.0
G3_p5_w0_variable,G1_p1,20.0,0,4,0,0.0,0.0
G3_p5_w0_variable,G1_p2,-5.0,3,4,1,0.75,0.1875
G3_p5_w0_variable,G1_p2,0.0,0,4,0,0.0,0.0
G3_p5_w0_variable,G1_p2,10.0,0,4,0,0.0,0.0
G3_p5_w0_variable,G1_p2,20.0,0,4,0,0.0,0.0
G3_p5_w0_variable,G1_p3,-5.0,0,4,0,0.0,0.0
G3_p5_w0_variable,G1_p3,0.0,0,4,0,0.0,0.0
G3_p5_w0_variable,G1_p3,10.0,0,4,0,0.0,0.0
G3_p5_w0_variable,G1_p3,20.0,0,4,0,0.0,0.0
G3_p5_w0_variable,G1_p4,-5.0,4,4,0,1.0,0.0
G3_p5_w0_variable,G1_p4,0.0,4,4,0,1.0,0.0
G3_p5_w0_variable,G1_p4,10.0,0,4,0,0.0,0.0
G3_p5_w0_variable,G1_p4,20.0,0,4,0,0.0,0.0
G3_p5_w0_variable,G2_p1,-5.0,4,4,0,1.0,0.0
G3_p5_w0_variable,G2_p1,0.0,2,4,2,0.5,0.25
G3_p5_w0_variable,G2_p1,10.0,0,4,0,0.0,0.0
G3_p5_w0_variable,G2_p1,20.0,0,4,0,0.0,0.0
G3_p5_w0_variable,G2_p2,-5.0,1,4,1,0.25,0.1875
G3_p5_w0_variable,G2_p2,0.0,0,4,0,0.0,0.0
G3_p5_w0_variable,G2_p2,10.0,0,4,0,0.0,0.0
G3_p5_w0_variable,G2_p2,20.0,0,4,0,0.0,0.0
G3_p5_w0_variable,G2_p3,-5.0,3,4,1,0.75,0.1875
G3_p5_w0_variable,G2_p3,0.0,0,4,0,0.0,0.0
G3_p5_w0_variable,G2_p3,10.0,0,4,0,0.0,0.0
G3_p5_w0_variable,G2_p3,20.0,0,4,0,0.0,0.0
G3_p5_w0_variable,G2_p4,-5.0,4,4,0,1.0,0.0
G3_p5_w0_variable,G2_p4,0.0,4,4,0,1.0,0.0
G3_p5_w0_variable,G2_p4,10.0,0,4,0,0.0,0.0
G3_p5_w0_variable,G2_p4,20.0,0,4,0,0.0,0.0
G3_p5_w0_variable,G3_p1,-5.0,4,4,0,1.0,0.0
G3_p5_w0_variable,G3_p1,0.0,3,4,1,0.75,0.1875
G3_p5_w0_variable,G3_p1,10.0,0,4,0,0.0,0.0
G3_p5_w0_variable,G3_p1,20.0,0,4,0,0.0,0.0
G3_p5_w0_variable,G3_p2,-5.0,0,4,0,0.0,0.0
G3_p5_w0_variable,G3_p2,0.0,0,4,0,0.0,0.0
G3_p5_w0_variable,G3_p2,10.0,0,4,0,0.0,0.0
G3_p5_w0_variable,G3_p2,20.0,0,4,0,0.0,0.0
G3_p5_w0_variable,G3_p3,-5.0,0,4,0,0.0,0.0
G3_p5_w0_variable,G3_p3,0.0,0,4,0,0.0,0.0
G3_p5_w0_variable,G3_p3,10.0,0,4,0,0.0,0.0
G3_p5_w0_variable,G3_p3,20.0,0,4,0,0.0,0.0
G3_p5_w0_variable,G3_p4,-5.0,1,4,1,0.25,0.1875
G3_p5_w0_variable,G3_p4,0.0,0,4,0,0.0,0.0
G3_p5_w0_variable,G3_p4,10.0,0,4,0,0.0,0.0
G3_p5_w0_variable,G3_p4,20.0,0,4,0,0.0,0.0
G3_p5_w0_variable,G4_p1,-5.0,4,4,0,1.0,0.0
G3_p5_w0_variable,G4_p1,0.0,4,4,0,1.0,0.0
G3_p5_w0_variable,G4_p1,10.0,0,4,0,0.0,0.0
G3_p5_w0_variable,G4_p1,20.0,0,4,0,0.0,0.0
G3_p5_w0_variable,G4_p2,-5.0,3,4,1,0.75,0.1875
G3_p5_w0_variable,G4_p2,0.0,0,4,0,0.0,0.0
G3_p5_w0_variable,G4_p2,10.0,0,4,0,0.0,0.0
G3_p5_w0_variable,G4_p2,20.0,0,4,0,0.0,0.0
G3_p5_w0_variable,G4_p3,-5.0,0,4,0,0.0,0.0
G3_p5_w0_variable,G4_p3,0.0,0,4,0,0.0,0.0
G3_p5_w0_variable,G4_p3,10.0,0,4,0,0.0,0.0
G3_p5_w0_variable,G4_p3,20.0,0,4,0,0.0,0.0
G3_p5_w0_variable,G4_p4,-5.0,4,4,0,1.0,0.0
G3_p5_w0_variable,G4_p4,0.0,0,4,0,0.0,0.0
G3_p5_w0_variable,G4_p4,10.0,0,4,0,0.0,0.0
G3_p5_w0_variable,G4_p4,20.0,0,4,0,0.0,0.0
G3_p5_w1_regular,G1_p1,-5.0,4,4,0,1.0,0.0
G3_p5_w1_regular,G1_p1,0.0,3,4,1,0.75,0.1875
G3_p5_w1_regular,G1_p1,10.0,0,4,0,0.0,0.0
G3_p5_w1_regular,G1_p1,20.0,0,4,0,0.0,0.0
G3_p5_w1_regular,G1_p2,-5.0,4,4,0,1.0,0.0
G3_p5_w1_regular,G1_p2,0.0,2,4,2,0.5,0.25
G3_p5_w1_regular,G1_p2,10.0,0,4,0,0.0,0.0
G3_p5_w1_regular,G1_p2,20.0,0,4,0,0.0,0.0
G3_p5_w1_regular,G1_p3,-5.0,2,4,2,0.5,0.25
G3_p5_w1_regular,G1_p3,0.0,0,4,0,0.0,0.0
G3_p5_w1_regular,G1_p3,10.0,0,4,0,0.0,0.0
G3_p5_w1_regular,G1_p3,20.0,0,4,0,0.0,0.0
G3_p5_w1_regular,G1_p4,-5.0,4,4,0,1.0,0.0
G3_p5_w1_regular,G1_p4,0.0,4,4,0,1.0,0.0
G3_p5_w1_regular,G1_p4,10.0,0,4,0,0.0,0.0
G3_p5_w1_regular,G1_p4,20.0,0,4,0,0.0,0.0
G3_p5_w1_regular,G2_p1,-5.0,4,4,0,1.0,0.0
G3_p5_w1_regular,G2_p1,0.0,3,4,1,0.75,0.1875
G3_p5_w1_regular,G2_p1,10.0,0,4,0,0.0,0.0
G3_p5_w1_regular,G2_p1,20.0,0,4,0,0.0,0.0
G3_p5_w1_regular,G2_p2,-5.0,2,4,2,0.5,0.25
G3_p5_w1_regular,G2_p2,0.0,1,4,1,0.25,0.1875
G3_p5_w1_regular,G2_p2,10.0,0,4,0,0.0,0.0
G3_p5_w1_regular,G2_p2,20.0,0,4,0,0.0,0.0
G3_p5_w1_regular,G2_p3,-5.0,4,4,0,1.0,0.0
G3_p5_w1_regular,G2_p3,0.0,0,4,0,0.0,0.0
G3_p5_w1_regular,G2_p3,10.0,0,4,0,0.0,0.0
G3_p5_w1_regular,G2_p3,20.0,0,4,0,0.0,0.0
G3_p5_w1_regular,G2_p4,-5.0,4,4,0,1.0,0.0
G3_p5_w1_regular,G2_p4,0.0,4,4,0,1.0,0.0
G3_p5_w1_regular,G2_p4,10.0,0,4,0,0.0,0.0
G3_p5_w1_regular,G2_p4,20.0,0,4,0,0.0,0.0
G3_p5_w1_regular,G3_p1,-5.0,4,4,0,1.0,0.0
G3_p5_w1_regular,G3_p1,0.0,4,4,0,1.0,0.0
G3_p5_w1_regular,G3_p1,10.0,0,4,0,0.0,0.0
G3_p5_w1_regular,G3_p1,20.0,0,4,0,0.0,0.0
G3_p5_w1_regular,G3_p2,-5.0,0,4,0,0.0,0.0
G3_p5_w1_regular,G3_p2,0.0,0,4,0,0.0,0.0
G3_p5_w1_regular,G3_p2,10.0,0,4,0,0.0,0.0
G3_p5_w1_regular,G3_p2,20.0,0,4,0,0.0,0.0
G3_p5_w1_regular,G3_p3,-5.0,0,4,0,0.0,0.0
G3_p5_w1_regular,G3_p3,0.0,0,4,0,0.0,0.0
G3_p5_w1_regular,G3_p3,10.0,0,4,0,0.0,0.0
G3_p5_w1_regular,G3_p3,20.0,0,4,0,0.0,0.0
G3_p5_w1_regular,G3_p4,-5.0,3,4,1,0.75,0.1875
G3_p5_w1_regular,G3_p4,0.0,0,4,0,0.0,0.0
G3_p5_w1_regular,G3_p4,10.0,0,4,0,0.0,0.0
G3_p5_w1_regular,G3_p4,20.0,0,4,0,0.0,0.0
G3_p5_w1_regular,G4_p1,-5.0,4,4,0,1.0,0.0
G3_p5_w1_regular,G4_p1,0.0,4,4,0,1.0,0.0
G3_p5_w1_regular,G4_p1,10.0,0,4,0,0.0,0.0
G3_p5_w1_regular,G4_p1,20.0,0,4,0,0.0,0.0
G3_p5_w1_regular,G4_p2,-5.0,4,4,0,1.0,0.0
G3_p5_w1_regular,G4_p2,0.0,0,4,0,0.0,0.0
G3_p5_w1_regular,G4_p2,10.0,0,4,0,0.0,0.0
G3_p5_w1_regular,G4_p2,20.0,0,4,0,0.0,0.0
G3_p5_w1_regular,G4_p3,-5.0,1,4,1,0.25,0.1875
G3_p5_w1_regular,G4_p3,0.0,0,4,0,0.0,0.0
G3_p5_w1_regular,G4_p3,10.0,0,4,0,0.0,0.0
G3_p5_w1_regular,G4_p3,20.0,0,4,0,0.0,0.0
G3_p5_w1_regular,G4_p4,-5.0,4,4,0,1.0,0.0
G3_p5_w1_regular,G4_p4,0.0,1,4,1,0.25,0.1875
G3_p5_w1_regular,G4_p4,10.0,0,4,0,0.0,0.0
G3_p5_w1_regular,G4_p4,20.0,0,4,0,0.0,0.0
G3_p5_w1_variable,G1_p1,-5.0,4,4,0,1.0,0.0
G3_p5_w1_variable,G1_p1,0.0,1,4,1,0.25,0.1875
G3_p5_w1_variable,G1_p1,10.0,0,4,0,0.0,0.0
G3_p5_w1_variable,G1_p1,20.0,0,4,0,0.0,0.0
G3_p5_w1_variable,G1_p2,-5.0,3,4,1,0.75,0.1875
G3_p5_w1_variable,G1_p2,0.0,2,4,2,0.5,0.25
G3_p5_w1_variable,G1_p2,10.0,0,4,0,0.0,0.0
G3_p5_w1_variable,G1_p2,20.0,0,4,0,0.0,0.0
G3_p5_w1_variable,G1_p3,-5.0,2,4,2,0.5,0.25
G3_p5_w1_variable,G1_p3,0.0,0,4,0,0.0,0.0
G3_p5_w1_variable,G1_p3,10.0,0,4,0,0.0,0.0
G3_p5_w1_variable,G1_p3,20.0,0,4,0,0.0,0.0
G3_p5_w1_variable,G1_p4,-5.0,4,4,0,1.0,0.0
G3_p5_w1_variable,G1_p4,0.0,4,4,0,1.0,0.0
G3_p5_w1_variable,G1_p4,10.0,0,4,0,0.0,0.0
G3_p5_w1_variable,G1_p4,20.0,0,4,0,0.0,0.0
G3_p5_w1_variable,G2_p1,-5.0,4,4,0,1.0,0.0
G3_p5_w1_variable,G2_p1,0.0,4,4,0,1.0,0.0
G3_p5_w1_variable,G2_p1,10.0,0,4,0,0.0,0.0
G3_p5_w1_variable,G2_p1,20.0,0,4,0,0.0,0.0
G3_p5_w1_variable,G2_p2,-5.0,2,4,2,0.5,0.25
G3_p5_w1_variable,G2_p2,0.0,0,4,0,0.0,0.0
G3_p5_w1_variable,G2_p2,10.0,0,4,0,0.0,0.0
G3_p5_w1_variable,G2_p2,20.0,0,4,0,0.0,0.0
G3_p5_w1_variable,G2_p3,-5.0,4,4,0,1.0,0.0
G3_p5_w1_variable,G2_p3,0.0,0,4,0,0.0,0.0
G3_p5_w1_variable,G2_p3,10.0,0,4,0,0.0,0.0
G3_p5_w1_variable,G2_p3,20.0,0,4,0,0.0,0.0
G3_p5_w1_variable,G2_p4,-5.0,4,4,0,1.0,0.0
G3_p5_w1_variable,G2_p4,0.0,4,4,0,1.0,0.0
G3_p5_w1_variable,G2_p4,10.0,0,4,0,0.0,0.0
G3_p5_w1_variable,G2_p4,20.0,0,4,0,0.0,0.0
G3_p5_w1_variable,G3_p1,-5.0,4,4,0,1.0,0.0
G3_p5_w1_variable,G3_p1,0.0,4,4,0,1.0,0.0
G3_p5_w1_variable,G3_p1,10.0,0,4,0,0.0,0.0
G3_p5_w1_variable,G3_p1,20.0,0,4,0,0.0,0.0
G3_p5_w1_variable,G3_p2,-5.0,0,4,0,0.0,0.0
G3_p5_w1_variable,G3_p2,0.0,0,4,0,0.0,0.0
G3_p5_w1_variable,G3_p2,10.0,0,4,0,0.0,0.0
G3_p5_w1_variable,G3_p2,20.0,0,4,0,0.0,0.0
G3_p5_w1_variable,G3_p3,-5.0,0,4,0,0.0,0.0
G3_p5_w1_variable,G3_p3,0.0,0,4,0,0.0,0.0
G3_p5_w1_variable,G3_p3,10.0,0,4,0,0.0,0.0
G3_p5_w1_variable,G3_p3,20.0,0,4,0,0.0,0.0
G3_p5_w1_variable,G3_p4,-5.0,4,4,0,1.0,0.0
G3_p5_w1_variable,G3_p4,0.0,0,4,0,0.0,0.0
G3_p5_w1_variable,G3_p4,10.0,0,4,0,0.0,0.0
G3_p5_w1_variable,G3_p4,20.0,0,4,0,0.0,0.0
G3_p5_w1_variable,G4_p1,-5.0,4,4,0,1.0,0.0
G3_p5_w1_variable,G4_p1,0.0,4,4,0,1.0,0.0
G3_p5_w1_variable,G4_p1,10.0,0,4,0,0.0,0.0
G3_p5_w1_variable,G4_p1,20.0,0,4,0,0.0,0.0
G3_p5_w1_variable,G4_p2,-5.0,4,4,0,1.0,0.0
G3_p5_w1_variable,G4_p2,0.0,0,4,0,0.0,0.0
G3_p5_w1_variable,G4_p2,10.0,0,4,0,0.0,0.0
G3_p5_w1_variable,G4_p2,20.0,0,4,0,0.0,0.0
G3_p5_w1_variable,G4_p3,-5.0,0,4,0,0.0,0.0
G3_p5_w1_variable,G4_p3,0.0,0,4,0,0.0,0.0
G3_p5_w1_variable,G4_p3,10.0,0,4,0,0.0,0.0
G3_p5_w1_variable,G4_p3,20.0,0,4,0,0.0,0.0
G3_p5_w1_variable,G4_p4,-5.0,4,4,0,1.0,0.0
G3_p5_w1_variable,G4_p4,0.0,2,4,2,0.5,0.25
G3_p5_w1_variable,G4_p4,10.0,0,4,0,0.0,0.0
G3_p5_w1_variable,G4_p4,20.0,0,4,0,0.0,0.0
G3_p5_w2_regular,G1_p1,-5.0,4,4,0,1.0,0.0
G3_p5_w2_regular,G1_p1,0.0,1,4,1,0.25,0.1875
G3_p5_w2_regular,G1_p1,10.0,0,4,0,0.0,0.0
G3_p5_w2_regular,G1_p1,20.0,0,4,0,0.0,0.0
G3_p5_w2_regular,G1_p2,-5.0,3,4,1,0.75,0.1875
G3_p5_w2_regular,G1_p2,0.0,2,4,2,0.5,0.25
G3_p5_w2_regular,G1_p2,10.0,0,4,0,0.0,0.0
G3_p5_w2_regular,G1_p2,20.0,0,4,0,0.0,0.0
G3_p5_w2_regular,G1_p3,-5.0,0,4,0,0.0,0.0
G3_p5_w2_regular,G1_p3,0.0,0,4,0,0.0,0.0
G3_p5_w2_regular,G1_p3,10.0,0,4,0,0.0,0.0
G3_p5_w2_regular,G1_p3,20.0,0,4,0,0.0,0.0
G3_p5_w2_regular,G1_p4,-5.0,4,4,0,1.0,0.0
G3_p5_w2_regular,G1_p4,0.0,4,4,0,1.0,0.0
G3_p5_w2_regular,G1_p4,10.0,1,4,1,0.25,0.1875
G3_p5_w2_regular,G1_p4,20.0,0,4,0,0.0,0.0
G3_p5_w2_regular,G2_p1,-5.0,4,4,0,1.0,0.0
G3_p5_w2_regular,G2_p1,0.0,3,4,1,0.75,0.1875
G3_p5_w2_regular,G2_p1,10.0,0,4,0,0.0,0.0
G3_p5_w2_regular,G2_p1,20.0,0,4,0,0.0,0.0
G3_p5_w2_regular,G2_p2,-5.0,4,4,0,1.0,0.0
G3_p5_w2_regular,G2_p2,0.0,0,4,0,0.0,0.0
G3_p5_w2_regular,G2_p2,10.0,0,4,0,0.0,0.0
G3_p5_w2_regular,G2_p2,20.0,0,4,0,0.0,0.0
G3_p5_w2_regular,G2_p3,-5.0,4,4,0,1.0,0.0
G3_p5_w2_regular,G2_p3,0.0,0,4,0,0.0,0.0
G3_p5_w2_regular,G2_p3,10.0,0,4,0,0.0,0.0
G3_p5_w2_regular,G2_p3,20.0,0,4,0,0.0,0.0
G3_p5_w2_regular,G2_p4,-5.0,4,4,0,1.0,0.0
G3_p5_w2_regular,G2_p4,0.0,4,4,0,1.0,0.0
G3_p5_w2_regular,G2_p4,10.0,0,4,0,0.0,0.0
G3_p5_w2_regular,G2_p4,20.0,0,4,0,0.0,0.0
G3_p5_w2_regular,G3_p1,-5.0,4,4,0,1.0,0.0
G3_p5_w2_regular,G3_p1,0.0,4,4,0,1.0,0.0
G3_p5_w2_regular,G3_p1,10.0,0,4,0,0.0,0.0
G3_p5_w2_regular,G3_p1,20.0,0,4,0,0.0,0.0
G3_p5_w2_regular,G3_p2,-5.0,0,4,0,0.0,0.0
G3_p5_w2_regular,G3_p2,0.0,0,4,0,0.0,0.0
G3_p5_w2_regular,G3_p2,10.0,0,4,0,0.0,0.0
G3_p5_w2_regular,G3_p2,20.0,0,4,0,0.0,0.0
G3_p5_w2_regular,G3_p3,-5.0,0,4,0,0.0,0.0
G3_p5_w2_regular,G3_p3,0.0,0,4,0,0.0,0.0
G3_p5_w2_regular,G3_p3,10.0,0,4,0,0.0,0.0
G3_p5_w2_regular,G3_p3,20.0,0,4,0,0.0,0.0
G3_p5_w2_regular,G3_p4,-5.0,4,4,0,1.0,0.0
G3_p5_w2_regular,G3_p4,0.0,0,4,0,0.0,0.0
G3_p5_w2_regular,G3_p4,10.0,0,4,0,0.0,0.0
G3_p5_w2_regular,G3_p4,20.0,0,4,0,0.0,0.0
G3_p5_w2_regular,G4_p1,-5.0,4,4,0,1.0,0.0
G3_p5_w2_regular,G4_p1,0.0,4,4,0,1.0,0.0
G3_p5_w2_regular,G4_p1,10.0,0,4,0,0.0,0.0
G3_p5_w2_regular,G4_p1,20.0,0,4,0,0.0,0.0
G3_p5_w2_regular,G4_p2,-5.0,4,4,0,1.0,0.0
G3_p5_w2_regular,G4_p2,0.0,1,4,1,0.25,0.1875
G3_p5_w2_regular,G4_p2,10.0,0,4,0,0.0,0.0
G3_p5_w2_regular,G4_p2,20.0,0,4,0,0.0,0.0
G3_p5_w2_regular,G4_p3,-5.0,0,4,0,0.0,0.0
G3_p5_w2_regular,G4_p3,0.0,0,4,0,0.0,0.0
G3_p5_w2_regular,G4_p3,10.0,0,4,0,0.0,0.0
G3_p5_w2_regular,G4_p3,20.0,0,4,0,0.0,0.0
G3_p5_w2_regular,G4_p4,-5.0,4,4,0,1.0,0.0
G3_p5_w2_regular,G4_p4,0.0,0,4,0,0.0,0.0
G3_p5_w2_regular,G4_p4,10.0,0,4,0,0.0,0.0
G3_p5_w2_regular,G4_p4,20.0,0,4,0,0.0,0.0
G3_p5_w2_variable,G1_p1,-5.0,4,4,0,1.0,0.0
G3_p5_w2_variable,G1_p1,0.0,2,4,2,0.5,0.25
G3_p5_w2_variable,G1_p1,10.0,0,4,0,0.0,0.0
G3_p5_w2_variable,G1_p1,20.0,0,4,0,0.0,0.0
G3_p5_w2_variable,G1_p2,-5.0,4,4,0,1.0,0.0
G3_p5_w2_variable,G1_p2,0.0,0,4,0,0.0,0.0
G3_p5_w2_variable,G1_p2,10.0,0,4,0,0.0,0.0
G3_p5_w2_variable,G1_p2,20.0,0,4,0,0.0,0.0
G3_p5_w2_variable,G1_p3,-5.0,1,4,1,0.25,0.1875
G3_p5_w2_variable,G1_p3,0.0,0,4,0,0.0,0.0
G3_p5_w2_variable,G1_p3,10.0,0,4,0,0.0,0.0
G3_p5_w2_variable,G1_p3,20.0,0,4,0,0.0,0.0
G3_p5_w2_variable,G1_p4,-5.0,4,4,0,1.0,0.0
G3_p5_w2_variable,G1_p4,0.0,4,4,0,1.0,0.0
G3_p5_w2_variable,G1_p4,10.0,0,4,0,0.0,0.0
G3_p5_w2_variable,G1_p4,20.0,0,4,0,0.0,0.0
G3_p5_w2_variable,G2_p1,-5.0,4,4,0,1.0,0.0
G3_p5_w2_variable,G2_p1,0.0,2,4,2,0.5,0.25
G3_p5_w2_variable,G2_p1,10.0,0,4,0,0.0,0.0
G3_p5_w2_variable,G2_p1,20.0,0,4,0,0.0,0.0
G3_p5_w2_variable,G2_p2,-5.0,2,4,2,0.5,0.25
G3_p5_w2_variable,G2_p2,0.0,1,4,1,0.25,0.1875
G3_p5_w2_variable,G2_p2,10.0,0,4,0,0.0,0.0
G3_p5_w2_variable,G2_p2,20.0,0,4,0,0.0,0.0
G3_p5_w2_variable,G2_p3,-5.0,4,4,0,1.0,0.0
G3_p5_w2_variable,G2_p3,0.0,0,4,0,0.0,0.0
G3_p5_w2_variable,G2_p3,10.0,0,4,0,0.0,0.0
G3_p5_w2_variable,G2_p3,20.0,0,4,0,0.0,0.0
G3_p5_w2_variable,G2_p4,-5.0,4,4,0,1.0,0.0
G3_p5_w2_variable,G2_p4,0.0,4,4,0,1.0,0.0
G3_p5_w2_variable,G2_p4,10.0,0,4,0,0.0,0.0
G3_p5_w2_variable,G2_p4,20.0,0,4,0,0.0,0.0
G3_p5_w2_variable,G3_p1,-5.0,4,4,0,1.0,0.0
G3_p5_w2_variable,G3_p1,0.0,4,4,0,1.0,0.0
G3_p5_w2_variable,G3_p1,10.0,0,4,0,0.0,0.0
G3_p5_w2_variable,G3_p1,20.0,0,4,0,0.0,0.0
G3_p5_w2_variable,G3_p2,-5.0,0,4,0,0.0,0.0
G3_p5_w2_variable,G3_p2,0.0,0,4,0,0.0,0.0
G3_p5_w2_variable,G3_p2,10.0,0,4,0,0.0,0.0
G3_p5_w2_variable,G3_p2,20.0,0,4,0,0.0,0.0
G3_p5_w2_variable,G3_p3,-5.0,0,4,0,0.0,0.0
G3_p5_w2_variable,G3_p3,0.0,0,4,0,0.0,0.0
G3_p5_w2_variable,G3_p3,10.0,0,4,0,0.0,0.0
G3_p5_w2_variable,G3_p3,20.0,0,4,0,0.0,0.0
G3_p5_w2_variable,G3_p4,-5.0,4,4,0,1.0,0.0
G3_p5_w2_variable,G3_p4,0.0,0,4,0,0.0,0.0
G3_p5_w2_variable,G3_p4,10.0,0,4,0,0.0,0.0
G3_p5_w2_variable,G3_p4,20.0,0,4,0,0.0,0.0
G3_p5_w2_variable,G4_p1,-5.0,4,4,0,1.0,0.0
G3_p5_w2_variable,G4_p1,0.0,4,4,0,1.0,0.0
G3_p5_w2_variable,G4_p1,10.0,0,4,0,0.0,0.0
G3_p5_w2_variable,G4_p1,20.0,0,4,0,0.0,0.0
G3_p5_w2_variable,G4_p2,-5.0,4,4,0,1.0,0.0
G3_p5_w2_variable,G4_p2,0.0,0,4,0,0.0,0.0
G3_p5_w2_variable,G4_p2,10.0,0,4,0,0.0,0.0
G3_p5_w2_variable,G4_p2,20.0,0,4,0,0.0,0.0
G3_p5_w2_variable,G4_p3,-5.0,1,4,1,0.25,0.1875
G3_p5_w2_variable,G4_p3,0.0,0,4,0,0.0,0.0
G3_p5_w2_variable,G4_p3,10.0,0,4,0,0.0,0.0
G3_p5_w2_variable,G4_p3,20.0,0,4,0,0.0,0.0
G3_p5_w2_variable,G4_p4,-5.0,4,4,0,1.0,0.0
G3_p5_w2_variable,G4_p4,0.0,0,4,0,0.0,0.0
G3_p5_w2_variable,G4_p4,10.0,0,4,0,0.0,0.0
G3_p5_w2_variable,G4_p4,20.0,0,4,0,0.0,0.0
G3_p5_w3_regular,G1_p1,-5.0,4,4,0,1.0,0.0
G3_p5_w3_regular,G1_p1,0.0,1,4,1,0.25,0.1875
G3_p5_w3_regular,G1_p1,10.0,0,4,0,0.0,0.0
G3_p5_w3_regular,G1_p1,20.0,0,4,0,0.0,0.0
G3_p5_w3_regular,G1_p2,-5.0,4,4,0,1.0,0.0
G3_p5_w3_regular,G1_p2,0.0,1,4,1,0.25,0.1875
G3_p5_w3_regular,G1_p2,10.0,0,4,0,0.0,0.0
G3_p5_w3_regular,G1_p2,20.0,0,4,0,0.0,0.0
G3_p5_w3_regular,G1_p3,-5.0,1,4,1,0.25,0.1875
G3_p5_w3_regular,G1_p3,0.0,0,4,0,0.0,0.0
G3_p5_w3_regular,G1_p3,10.0,0,4,0,0.0,0.0
G3_p5_w3_regular,G1_p3,20.0,0,4,0,0.0,0.0
G3_p5_w3_regular,G1_p4,-5.0,4,4,0,1.0,0.0
G3_p5_w3_regular,G1_p4,0.0,4,4,0,1.0,0.0
G3_p5_w3_regular,G1_p4,10.0,0,4,0,0.0,0.0
G3_p5_w3_regular,G1_p4,20.0,0,4,0,0.0,0.0
G3_p5_w3_regular,G2_p1,-5.0,4,4,0,1.0,0.0
G3_p5_w3_regular,G2_p1,0.0,3,4,1,0.75,0.1875
G3_p5_w3_regular,G2_p1,10.0,0,4,0,0.0,0.0
G3_p5_w3_regular,G2_p1,20.0,0,4,0,0.0,0.0
G3_p5_w3_regular,G2_p2,-5.0,3,4,1,0.75,0.1875
G3_p5_w3_regular,G2_p2,0.0,0,4,0,0.0,0.0
G3_p5_w3_regular,G2_p2,10.0,0,4,0,0.0,0.0
G3_p5_w3_regular,G2_p2,20.0,0,4,0,0.0,0.0
G3_p5_w3_regular,G2_p3,-5.0,4,4,0,1.0,0.0
G3_p5_w3_regular,G2_p3,0.0,0,4,0,0.0,0.0
G3_p5_w3_regular,G2_p3,10.0,0,4,0,0.0,0.0
G3_p5_w3_regular,G2_p3,20.0,0,4,0,0.0,0.0
G3_p5_w3_regular,G2_p4,-5.0,4,4,0,1.0,0.0
G3_p5_w3_regular,G2_p4,0.0,4,4,0,1.0,0.0
G3_p5_w3_regular,G2_p4,10.0,0,4,0,0.0,0.0
G3_p5_w3_regular,G2_p4,20.0,0,4,0,0.0,0.0
G3_p5_w3_regular,G3_p1,-5.0,4,4,0,1.0,0.0
G3_p5_w3_regular,G3_p1,0.0,4,4,0,1.0,0.0
G3_p5_w3_regular,G3_p1,10.0,0,4,0,0.0,0.0
G3_p5_w3_regular,G3_p1,20.0,0,4,0,0.0,0.0
G3_p5_w3_regular,G3_p2,-5.0,0,4,0,0.0,0.0
G3_p5_w3_regular,G3_p2,0.0,0,4,0,0.0,0.0
G3_p5_w3_regular,G3_p2,10.0,0,4,0,0.0,0.0
G3_p5_w3_regular,G3_p2,20.0,0,4,0,0.0,0.0
G3_p5_w3_regular,G3_p3,-5.0,0,4,0,0.0,0.0
G3_p5_w3_regular,G3_p3,0.0,0,4,0,0.0,0.0
G3_p5_w3_regular,G3_p3,10.0,0,4,0,0.0,0.0
G3_p5_w3_regular,G3_p3,20.0,0,4,0,0.0,0.0
G3_p5_w3_regular,G3_p4,-5.0,4,4,0,1.0,0.0
G3_p5_w3_regular,G3_p4,0.0,0,4,0,0.0,0.0
G3_p5_w3_regular,G3_p4,10.0,0,4,0,0.0,0.0
G3_p5_w3_regular,G3_p4,20.0,0,4,0,0.0,0.0
G3_p5_w3_regular,G4_p1,-5.0,4,4,0,1.0,0.0
G3_p5_w3_regular,G4_p1,0.0,4,4,0,1.0,0.0
G3_p5_w3_regular,G4_p1,10.0,0,4,0,0.0,0.0
G3_p5_w3_regular,G4_p1,20.0,0,4,0,0.0,0.0
G3_p5_w3_regular,G4_p2,-5.0,4,4,0,1.0,0.0
G3_p5_w3_regular,G4_p2,0.0,0,4,0,0.0,0.0
G3_p5_w3_regular,G4_p2,10.0,0,4,0,0.0,0.0
G3_p5_w3_regular,G4_p2,20.0,0,4,0,0.0,0.0
G3_p5_w3_regular,G4_p3,-5.0,0,4,0,0.0,0.0
G3_p5_w3_regular,G4_p3,0.0,0,4,0,0.0,0.0
G3_p5_w3_regular,G4_p3,10.0,0,4,0,0.0,0.0
G3_p5_w3_regular,G4_p3,20.0,0,4,0,0.0,0.0
G3_p5_w3_regular,G4_p4,-5.0,4,4,0,1.0,0.0
G3_p5_w3_regular,G4_p4,0.0,0,4,0,0.0,0.0
G3_p5_w3_regular,G4_p4,10.0,0,4,0,0.0,0.0
G3_p5_w3_regular,G4_p4,20.0,0,4,0,0.0,0.0
G3_p5_w3_variable,G1_p1,-5.0,4,4,0,1.0,0.0
G3_p5_w3_variable,G1_p1,0.0,0,4,0,0.0,0.0
G3_p5_w3_variable,G1_p1,10.0,0,4,0,0.0,0.0
G3_p5_w3_variable,G1_p1,20.0,0,4,0,0.0,0.0
G3_p5_w3_variable,G1_p2,-5.0,2,4,2,0.5,0.25
G3_p5_w3_variable,G1_p2,0.0,0,4,0,0.0,0.0
G3_p5_w3_variable,G1_p2,10.0,0,4,0,0.0,0.0
G3_p5_w3_variable,G1_p2,20.0,0,4,0,0.0,0.0
G3_p5_w3_variable,G1_p3,-5.0,1,4,1,0.25,0.1875
G3_p5_w3_variable,G1_p3,0.0,0,4,0,0.0,0.0
G3_p5_w3_variable,G1_p3,10.0,0,4,0,0.0,0.0
G3_p5_w3_variable,G1_p3,20.0,0,4,0,0.0,0.0
G3_p5_w3_variable,G1_p4,-5.0,4,4,0,1.0,0.0
G3_p5_w3_variable,G1_p4,0.0,4,4,0,1.0,0.0
G3_p5_w3_variable,G1_p4,10.0,0,4,0,0.0,0.0
G3_p5_w3_variable,G1_p4,20.0,0,4,0,0.0,0.0
G3_p5_w3_variable,G2_p1,-5.0,4,4,0,1.0,0.0
G3_p5_w3_variable,G2_p1,0.0,2,4,2,0.5,0.25
G3_p5_w3_variable,G2_p1,10.0,0,4,0,0.0,0.0
G3_p5_w3_variable,G2_p1,20.0,0,4,0,0.0,0.0
G3_p5_w3_variable,G2_p2,-5.0,3,4,1,0.75,0.1875
G3_p5_w3_variable,G2_p2,0.0,0,4,0,0.0,0.0
G3_p5_w3_variable,G2_p2,10.0,0,4,0,0.0,0.0
G3_p5_w3_variable,G2_p2,20.0,0,4,0,0.0,0.0
G3_p5_w3_variable,G2_p3,-5.0,4,4,0,1.0,0.0
G3_p5_w3_variable,G2_p3,0.0,0,4,0,0.0,0.0
G3_p5_w3_variable,G2_p3,10.0,0,4,0,0.0,0.0
G3_p5_w3_variable,G2_p3,20.0,0,4,0,0.0,0.0
G3_p5_w3_variable,G2_p4,-5.0,4,4,0,1.0,0.0
G3_p5_w3_variable,G2_p4,0.0,4,4,0,1.0,0.0
G3_p5_w3_variable,G2_p4,10.0,0,4,0,0.0,0.0
G3_p5_w3_variable,G2_p4,20.0,0,4,0,0.0,0.0
G3_p5_w3_variable,G3_p1,-5.0,4,4,0,1.0,0.0
G3_p5_w3_variable,G3_p1,0.0,4,4,0,1.0,0.0
G3_p5_w3_variable,G3_p1,10.0,0,4,0,0.0,0.0
G3_p5_w3_variable,G3_p1,20.0,0,4,0,0.0,0.0
G3_p5_w3_variable,G3_p2,-5.0,0,4,0,0.0,0.0
G3_p5_w3_variable,G3_p2,0.0,0,4,0,0.0,0.0
G3_p5_w3_variable,G3_p2,10.0,0,4,0,0.0,0.0
G3_p5_w3_variable,G3_p2,20.0,0,4,0,0.0,0.0
G3_p5_w3_variable,G3_p3,-5.0,0,4,0,0.0,0.0
G3_p5_w3_variable,G3_p3,0.0,0,4,0,0.0,0.0
G3_p5_w3_variable,G3_p3,10.0,0,4,0,0.0,0.0
G3_p5_w3_variable,G3_p3,20.0,0,4,0,0.0,0.0
G3_p5_w3_variable,G3_p4,-5.0,1,4,1,0.25,0.1875
G3_p5_w3_variable,G3_p4,0.0,0,4,0,0.0,0.0
G3_p5_w3_variable,G3_p4,10.0,0,4,0,0.0,0.0
G3_p5_w3_variable,G3_p4,20.0,0,4,0,0.0,0.0
G3_p5_w3_variable,G4_p1,-5.0,4,4,0,1.0,0.0
G3_p5_w3_variable,G4_p1,0.0,4,4,0,1.0,0.0
G3_p5_w3_variable,G4_p1,10.0,0,4,0,0.0,0.0
G3_p5_w3_variable,G4_p1,20.0,0,4,0,0.0,0.0
G3_p5_w3_variable,G4_p2,-5.0,3,4,1,0.75,0.1875
G3_p5_w3_variable,G4_p2,0.0,0,4,0,0.0,0.0
G3_p5_w3_variable,G4_p2,10.0,0,4,0,0.0,0.0
G3_p5_w3_variable,G4_p2,20.0,0,4,0,0.0,0.0
G3_p5_w3_variable,G4_p3,-5.0,1,4,1,0.25,0.1875
G3_p5_w3_variable,G4_p3,0.0,0,4,0,0.0,0.0
G3_p5_w3_variable,G4_p3,10.0,0,4,0,0.0,0.0
G3_p5_w3_variable,G4_p3,20.0,0,4,0,0.0,0.0
G3_p5_w3_variable,G4_p4,-5.0,4,4,0,1.0,0.0
G3_p5_w3_variable,G4_p4,0.0,0,4,0,0.0,0.0
G3_p5_w3_variable,G4_p4,10.0,0,4,0,0.0,0.0
G3_p5_w3_variable,G4_p4,20.0,0,4,0,0.0,0.0
G4_p0_w0_regular,G1_p1,-5.0,4,4,0,1.0,0.0
G4_p0_w0_regular,G1_p1,0.0,1,4,1,0.25,0.1875
G4_p0_w0_regular,G1_p1,10.0,0,4,0,0.0,0.0
G4_p0_w0_regular,G1_p1,20.0,0,4,0,0.0,0.0
G4_p0_w0_regular,G1_p2,-5.0,2,4,2,0.5,0.25
G4_p0_w0_regular,G1_p2,0.0,0,4,0,0.0,0.0
G4_p0_w0_regular,G1_p2,10.0,0,4,0,0.0,0.0
G4_p0_w0_regular,G1_p2,20.0,0,4,0,0.0,0.0
G4_p0_w0_regular,G1_p3,-5.0,2,4,2,0.5,0.25
G4_p0_w0_regular,G1_p3,0.0,0,4,0,0.0,0.0
G4_p0_w0_regular,G1_p3,10.0,0,4,0,0.0,0.0
G4_p0_w0_regular,G1_p3,20.0,0,4,0,0.0,0.0
G4_p0_w0_regular,G1_p4,-5.0,4,4,0,1.0,0.0
G4_p0_w0_regular,G1_p4,0.0,4,4,0,1.0,0.0
G4_p0_w0_regular,G1_p4,10.0,0,4,0,0.0,0.0
G4_p0_w0_regular,G1_p4,20.0,0,4,0,0.0,0.0
G4_p0_w0_regular,G2_p1,-5.0,3,4,1,0.75,0.1875
G4_p0_w0_regular,G2_p1,0.0,2,4,2,0.5,0.25
G4_p0_w0_regular,G2_p1,10.0,0,4,0,0.0,0.0
G4_p0_w0_regular,G2_p1,20.0,0,4,0,0.0,0.0
G4_p0_w0_regular,G2_p2,-5.0,3,4,1,0.75,0.1875
G4_p0_w0_regular,G2_p2,0.0,0,4,0,0.0,0.0
G4_p0_w0_regular,G2_p2,10.0,0,4,0,0.0,0.0
G4_p0_w0_regular,G2_p2,20.0,0,4,0,0.0,0.0
G4_p0_w0_regular,G2_p3,-5.0,4,4,0,1.0,0.0
G4_p0_w0_regular,G2_p3,0.0,0,4,0,0.0,0.0
G4_p0_w0_regular,G2_p3,10.0,0,4,0,0.0,0.0
G4_p0_w0_regular,G2_p3,20.0,0,4,0,0.0,0.0
G4_p0_w0_regular,G2_p4,-5.0,4,4,0,1.0,0.0
G4_p0_w0_regular,G2_p4,0.0,4,4,0,1.0,0.0
G4_p0_w0_regular,G2_p4,10.0,1,4,1,0.25,0.1875
G4_p0_w0_regular,G2_p4,20.0,0,4,0,0.0,0.0
G4_p0_w0_regular,G3_p1,-5.0,4,4,0,1.0,0.0
G4_p0_w0_regular,G3_p1,0.0,3,4,1,0.75,0.1875
G4_p0_w0_regular,G3_p1,10.0,0,4,0,0.0,0.0
G4_p0_w0_regular,G3_p1,20.0,0,4,0,0.0,0.0
G4_p0_w0_regular,G3_p2,-5.0,0,4,0,0.0,0.0
G4_p0_w0_regular,G3_p2,0.0,0,4,0,0.0,0.0
G4_p0_w0_regular,G3_p2,10.0,0,4,0,0.0,0.0
G4_p0_w0_regular,G3_p2,20.0,0,4,0,0.0,0.0
G4_p0_w0_regular,G3_p3,-5.0,0,4,0,0.0,0.0
G4_p0_w0_regular,G3_p3,0.0,0,4,0,0.0,0.0
G4_p0_w0_regular,G3_p3,10.0,0,4,0,0.0,0.0
G4_p0_w0_regular,G3_p3,20.0,0,4,0,0.0,0.0
G4_p0_w0_regular,G3_p4,-5.0,4,4,0,1.0,0.0
G4_p0_w0_regular,G3_p4,0.0,0,4,0,0.0,0.0
G4_p0_w0_regular,G3_p4,10.0,0,4,0,0.0,0.0
G4_p0_w0_regular,G3_p4,20.0,0,4,0,0.0,0.0
G4_p0_w0_regular,G4_p1,-5.0,4,4,0,1.0,0.0
G4_p0_w0_regular,G4_p1,0.0,4,4,0,1.0,0.0
G4_p0_w0_regular,G4_p1,10.0,0,4,0,0.0,0.0
G4_p0_w0_regular,G4_p1,20.0,0,4,0,0.0,0.0
G4_p0_w0_regular,G4_p2,-5.0,4,4,0,1.0,0.0
G4_p0_w0_regular,G4_p2,0.0,0,4,0,0.0,0.0
G4_p0_w0_regular,G4_p2,10.0,0,4,0,0.0,0.0
G4_p0_w0_regular,G4_p2,20.0,0,4,0,0.0,0.0
G4_p0_w0_regular,G4_p3,-5.0,0,4,0,0.0,0.0
G4_p0_w0_regular,G4_p3,0.0,0,4,0,0.0,0.0
G4_p0_w0_regular,G4_p3,10.0,0,4,0,0.0,0.0
G4_p0_w0_regular,G4_p3,20.0,0,4,0,0.0,0.0
G4_p0_w0_regular,G4_p4,-5.0,4,4,0,1.0,0.0
G4_p0_w0_regular,G4_p4,0.0,1,4,1,0.25,0.1875
G4_p0_w0_regular,G4_p4,10.0,0,4,0,0.0,0.0
G4_p0_w0_regular,G4_p4,20.0,0,4,0,0.0,0.0
G4_p0_w0_variable,G1_p1,-5.0,4,4,0,1.0,0.0
G4_p0_w0_variable,G1_p1,0.0,2,4,2,0.5,0.25
G4_p0_w0_variable,G1_p1,10.0,0,4,0,0.0,0.0
G4_p0_w0_variable,G1_p1,20.0,0,4,0,0.0,0.0
G4_p0_w0_variable,G1_p2,-5.0,3,4,1,0.75,0.1875
G4_p0_w0_variable,G1_p2,0.0,0,4,0,0.0,0.0
G4_p0_w0_variable,G1_p2,10.0,0,4,0,0.0,0.0
G4_p0_w0_variable,G1_p2,20.0,0,4,0,0.0,0.0
G4_p0_w0_variable,G1_p3,-5.0,2,4,2,0.5,0.25
G4_p0_w0_variable,G1_p3,0.0,0,4,0,0.0,0.0
G4_p0_w0_variable,G1_p3,10.0,0,4,0,0.0,0.0
G4_p0_w0_variable,G1_p3,20.0,0,4,0,0.0,0.0
G4_p0_w0_variable,G1_p4,-5.0,4,4,0,1.0,0.0
G4_p0_w0_variable,G1_p4,0.0,4,4,0,1.0,0.0
G4_p0_w0_variable,G1_p4,10.0,0,4,0,0.0,0.0
G4_p0_w0_variable,G1_p4,20.0,0,4,0,0.0,0.0
G4_p0_w0_variable,G2_p1,-5.0,4,4,0,1.0,0.0
G4_p0_w0_variable,G2_p1,0.0,4,4,0,1.0,0.0
G4_p0_w0_variable,G2_p1,10.0,0,4,0,0.0,0.0
G4_p0_w0_variable,G2_p1,20.0,0,4,0,0.0,0.0
G4_p0_w0_variable,G2_p2,-5.0,2,4,2,0.5,0.25
G4_p0_w0_variable,G2_p2,0.0,0,4,0,0.0,0.0
G4_p0_w0_variable,G2_p2,10.0,0,4,0,0.0,0.0
G4_p0_w0_variable,G2_p2,20.0,0,4,0,0.0,0.0
G4_p0_w0_variable,G2_p3,-5.0,4,4,0,1.0,0.0
G4_p0_w0_variable,G2_p3,0.0,0,4,0,0.0,0.0
G4_p0_w0_variable,G2_p3,10.0,0,4,0,0.0,0.0
G4_p0_w0_variable,G2_p3,20.0,0,4,0,0.0,0.0
G4_p0_w0_variable,G2_p4,-5.0,4,4,0,1.0,0.0
G4_p0_w0_variable,G2_p4,0.0,4,4,0,1.0,0.0
G4_p0_w0_variable,G2_p4,10.0,0,4,0,0.0,0.0
G4_p0_w0_variable,G2_p4,20.0,0,4,0,0.0,0.0
G4_p0_w0_variable,G3_p1,-5.0,4,4,0,1.0,0.0
G4_p0_w0_variable,G3_p1,0.0,4,4,0,1.0,0.0
G4_p0_w0_variable,G3_p1,10.0,0,4,0,0.0,0.0
G4_p0_w0_variable,G3_p1,20.0,0,4,0,0.0,0.0
G4_p0_w0_variable,G3_p2,-5.0,0,4,0,0.0,0.0
G4_p0_w0_variable,G3_p2,0.0,0,4,0,0.0,0.0
G4_p0_w0_variable,G3_p2,10.0,0,4,0,0.0,0.0
G4_p0_w0_variable,G3_p2,20.0,0,4,0,0.0,0.0
G4_p0_w0_variable,G3_p3,-5.0,0,4,0,0.0,0.0
G4_p0_w0_variable,G3_p3,0.0,0,4,0,0.0,0.0
G4_p0_w0_variable,G3_p3,10.0,0,4,0,0.0,0.0
G4_p0_w0_variable,G3_p3,20.0,0,4,0,0.0,0.0
G4_p0_w0_variable,G3_p4,-5.0,4,4,0,1.0,0.0
G4_p0_w0_variable,G3_p4,0.0,0,4,0,0.0,0.0
G4_p0_w0_variable,G3_p4,10.0,0,4,0,0.0,0.0
G4_p0_w0_variable,G3_p4,20.0,0,4,0,0.0,0.0
G4_p0_w0_variable,G4_p1,-5.0,4,4,0,1.0,0.0
G4_p0_w0_variable,G4_p1,0.0,4,4,0,1.0,0.0
G4_p0_w0_variable,G4_p1,10.0,0,4,0,0.0,0.0
G4_p0_w0_variable,G4_p1,20.0,0,4,0,0.0,0.0
G4_p0_w0_variable,G4_p2,-5.0,4,4,0,1.0,0.0
G4_p0_w0_variable,G4_p2,0.0,0,4,0,0.0,0.0
G4_p0_w0_variable,G4_p2,10.0,0,4,0,0.0,0.0
G4_p0_w0_variable,G4_p2,20.0,0,4,0,0.0,0.0
G4_p0_w0_variable,G4_p3,-5.0,0,4,0,0.0,0.0
G4_p0_w0_variable,G4_p3,0.0,0,4,0,0.0,0.0
G4_p0_w0_variable,G4_p3,10.0,0,4,0,0.0,0.0
G4_p0_w0_variable,G4_p3,20.0,0,4,0,0.0,0.0
G4_p0_w0_variable,G4_p4,-5.0,4,4,0,1.0,0.0
G4_p0_w0_variable,G4_p4,0.0,0,4,0,0.0,0.0
G4_p0_w0_variable,G4_p4,10.0,0,4,0,0.0,0.0
G4_p0_w0_variable,G4_p4,20.0,0,4,0,0.0,0.0
G4_p0_w1_regular,G1_p1,-5.0,3,4,1,0.75,0.1875
G4_p0_w1_regular,G1_p1,0.0,0,4,0,0.0,0.0
G4_p0_w1_regular,G1_p1,10.0,0,4,0,0.0,0.0
G4_p0_w1_regular,G1_p1,20.0,0,4,0,0.0,0.0
G4_p0_w1_regular,G1_p2,-5.0,4,4,0,1.0,0.0
G4_p0_w1_regular,G1_p2,0.0,0,4,0,0.0,0.0
G4_p0_w1_regular,G1_p2,10.0,0,4,0,0.0,0.0
G4_p0_w1_regular,G1_p2,20.0,0,4,0,0.0,0.0
G4_p0_w1_regular,G1_p3,-5.0,1,4,1,0.25,0.1875
G4_p0_w1_regular,G1_p3,0.0,0,4,0,0.0,0.0
G4_p0_w1_regular,G1_p3,10.0,0,4,0,0.0,0.0
G4_p0_w1_regular,G1_p3,20.0,0,4,0,0.0,0.0
G4_p0_w1_regular,G1_p4,-5.0,4,4,0,1.0,0.0
G4_p0_w1_regular,G1_p4,0.0,4,4,0,1.0,0.0
G4_p0_w1_regular,G1_p4,10.0,0,4,0,0.0,0.0
G4_p0_w1_regular,G1_p4,20.0,0,4,0,0.0,0.0
G4_p0_w1_regular,G2_p1,-5.0,4,4,0,1.0,0.0
G4_p0_w1_regular,G2_p1,0.0,3,4,1,0.75,0.1875
G4_p0_w1_regular,G2_p1,10.0,0,4,0,0.0,0.0
G4_p0_w1_regular,G2_p1,20.0,0,4,0,0.0,0.0
G4_p0_w1_regular,G2_p2,-5.0,2,4,2,0.5,0.25
G4_p0_w1_regular,G2_p2,0.0,0,4,0,0.0,0.0
G4_p0_w1_regular,G2_p2,10.0,0,4,0,0.0,0.0
G4_p0_w1_regular,G2_p2,20.0,0,4,0,0.0,0.0
G4_p0_w1_regular,G2_p3,-5.0,4,4,0,1.0,0.0
G4_p0_w1_regular,G2_p3,0.0,0,4,0,0.0,0.0
G4_p0_w1_regular,G2_p3,10.0,0,4,0,0.0,0.0
G4_p0_w1_regular,G2_p3,20.0,0,4,0,0.0,0.0
G4_p0_w1_regular,G2_p4,-5.0,4,4,0,1.0,0.0
G4_p0_w1_regular,G2_p4,0.0,4,4,0,1.0,0.0
G4_p0_w1_regular,G2_p4,10.0,0,4,0,0.0,0.0
G4_p0_w1_regular,G2_p4,20.0,0,4,0,0.0,0.0
G4_p0_w1_regular,G3_p1,-5.0,4,4,0,1.0,0.0
G4_p0_w1_regular,G3_p1,0.0,3,4,1,0.75,0.1875
G4_p0_w1_regular,G3_p1,10.0,0,4,0,0.0,0.0
G4_p0_w1_regular,G3_p1,20.0,0,4,0,0.0,0.0
G4_p0_w1_regular,G3_p2,-5.0,0,4,0,0.0,0.0
G4_p0_w1_regular,G3_p2,0.0,0,4,0,0.0,0.0
G4_p0_w1_regular,G3_p2,10.0,0,4,0,0.0,0.0
G4_p0_w1_regular,G3_p2,20.0,0,4,0,0.0,0.0
G4_p0_w1_regular,G3_p3,-5.0,0,4,0,0.0,0.0
G4_p0_w1_regular,G3_p3,0.0,0,4,0,0.0,0.0
G4_p0_w1_regular,G3_p3,10.0,0,4,0,0.0,0.0
G4_p0_w1_regular,G3_p3,20.0,0,4,0,0.0,0.0
G4_p0_w1_regular,G3_p4,-5.0,3,4,1,0.75,0.1875
G4_p0_w1_regular,G3_p4,0.0,0,4,0,0.0,0.0
G4_p0_w1_regular,G3_p4,10.0,0,4,0,0.0,0.0
G4_p0_w1_regular,G3_p4,20.0,0,4,0,0.0,0.0
G4_p0_w1_regular,G4_p1,-5.0,4,4,0,1.0,0.0
G4_p0_w1_regular,G4_p1,0.0,3,4,1,0.75,0.1875
G4_p0_w1_regular,G4_p1,10.0,0,4,0,0.0,0.0
G4_p0_w1_regular,G4_p1,20.0,0,4,0,0.0,0.0
G4_p0_w1_regular,G4_p2,-5.0,4,4,0,1.0,0.0
G4_p0_w1_regular,G4_p2,0.0,0,4,0,0.0,0.0
G4_p0_w1_regular,G4_p2,10.0,0,4,0,0.0,0.0
G4_p0_w1_regular,G4_p2,20.0,0,4,0,0.0,0.0
G4_p0_w1_regular,G4_p3,-5.0,0,4,0,0.0,0.0
G4_p0_w1_regular,G4_p3,0.0,0,4,0,0.0,0.0
G4_p0_w1_regular,G4_p3,10.0,0,4,0,0.0,0.0
G4_p0_w1_regular,G4_p3,20.0,0,4,0,0.0,0.0
G4_p0_w1_regular,G4_p4,-5.0,4,4,0,1.0,0.0
G4_p0_w1_regular,G4_p4,0.0,0,4,0,0.0,0.0
G4_p0_w1_regular,G4_p4,10.0,0,4,0,0.0,0.0
G4_p0_w1_regular,G4_p4,20.0,0,4,0,0.0,0.0
G4_p0_w1_variable,G1_p1,-5.0,4,4,0,1.0,0.0
G4_p0_w1_variable,G1_p1,0.0,1,4,1,0.25,0.1875
G4_p0_w1_variable,G1_p1,10.0,0,4,0,0.0,0.0
G4_p0_w1_variable,G1_p1,20.0,0,4,0,0.0,0.0
G4_p0_w1_variable,G1_p2,-5.0,4,4,0,1.0,0.0
G4_p0_w1_variable,G1_p2,0.0,1,4,1,0.25,0.1875
G4_p0_w1_variable,G1_p2,10.0,0,4,0,0.0,0.0
G4_p0_w1_variable,G1_p2,20.0,0,4,0,0.0,0.0
G4_p0_w1_variable,G1_p3,-5.0,2,4,2,0.5,0.25
G4_p0_w1_variable,G1_p3,0.0,0,4,0,0.0,0.0
G4_p0_w1_variable,G1_p3,10.0,0,4,0,0.0,0.0
G4_p0_w1_variable,G1_p3,20.0,0,4,0,0.0,0.0
G4_p0_w1_variable,G1_p4,-5.0,4,4,0,1.0,0.0
G4_p0_w1_variable,G1_p4,0.0,4,4,0,1.0,0.0
G4_p0_w1_variable,G1_p4,10.0,0,4,0,0.0,0.0
G4_p0_w1_variable,G1_p4,20.0,0,4,0,0.0,0.0
G4_p0_w1_variable,G2_p1,-5.0,4,4,0,1.0,0.0
G4_p0_w1_variable,G2_p1,0.0,2,4,2,0.5,0.25
G4_p0_w1_variable,G2_p1,10.0,0,4,0,0.0,0.0
G4_p0_w1_variable,G2_p1,20.0,0,4,0,0.0,0.0
G4_p0_w1_variable,G2_p2,-5.0,4,4,0,1.0,0.0
G4_p0_w1_variable,G2_p2,0.0,0,4,0,0.0,0.0
G4_p0_w1_variable,G2_p2,10.0,0,4,0,0.0,0.0
G4_p0_w1_variable,G2_p2,20.0,0,4,0,0.0,0.0
G4_p0_w1_variable,G2_p3,-5.0,3,4,1,0.75,0.1875
G4_p0_w1_variable,G2_p3,0.0,0,4,0,0.0,0.0
G4_p0_w1_variable,G2_p3,10.0,0,4,0,0.0,0.0
G4_p0_w1_variable,G2_p3,20.0,0,4,0,0.0,0.0
G4_p0_w1_variable,G2_p4,-5.0,4,4,0,1.0,0.0
G4_p0_w1_variable,G2_p4,0.0,4,4,0,1.0,0.0
G4_p0_w1_variable,G2_p4,10.0,0,4,0,0.0,0.0
G4_p0_w1_variable,G2_p4,20.0,0,4,0,0.0,0.0
G4_p0_w1_variable,G3_p1,-5.0,4,4,0,1.0,0.0
G4_p0_w1_variable,G3_p1,0.0,4,4,0,1.0,0.0
G4_p0_w1_variable,G3_p1,10.0,0,4,0,0.0,0.0
G4_p0_w1_variable,G3_p1,20.0,0,4,0,0.0,0.0
G4_p0_w1_variable,G3_p2,-5.0,0,4,0,0.0,0.0
G4_p0_w1_variable,G3_p2,0.0,0,4,0,0.0,0.0
G4_p0_w1_variable,G3_p2,10.0,0,4,0,0.0,0.0
G4_p0_w1_variable,G3_p2,20.0,0,4,0,0.0,0.0
G4_p0_w1_variable,G3_p3,-5.0,0,4,0,0.0,0.0
G4_p0_w1_variable,G3_p3,0.0,0,4,0,0.0,0.0
G4_p0_w1_variable,G3_p3,10.0,0,4,0,0.0,0.0
G4_p0_w1_variable,G3_p3,20.0,0,4,0,0.0,0.0
G4_p0_w1_variable,G3_p4,-5.0,4,4,0,1.0,0.0
G4_p0_w1_variable,G3_p4,0.0,0,4,0,0.0,0.0
G4_p0_w1_variable,G3_p4,10.0,0,4,0,0.0,0.0
G4_p0_w1_variable,G3_p4,20.0,0,4,0,0.0,0.0
G4_p0_w1_variable,G4_p1,-5.0,4,4,0,1.0,0.0
G4_p0_w1_variable,G4_p1,0.0,4,4,0,1.0,0.0
G4_p0_w1_variable,G4_p1,10.0,0,4,0,0.0,0.0
G4_p0_w1_variable,G4_p1,20.0,0,4,0,0.0,0.0
G4_p0_w1_variable,G4_p2,-5.0,4,4,0,1.0,0.0
G4_p0_w1_variable,G4_p2,0.0,1,4,1,0.25,0.1875
G4_p0_w1_variable,G4_p2,10.0,0,4,0,0.0,0.0
G4_p0_w1_variable,G4_p2,20.0,0,4,0,0.0,0.0
G4_p0_w1_variable,G4_p3,-5.0,0,4,0,0.0,0.0
G4_p0_w1_variable,G4_p3,0.0,0,4,0,0.0,0.0
G4_p0_w1_variable,G4_p3,10.0,0,4,0,0.0,0.0
G4_p0_w1_variable,G4_p3,20.0,0,4,0,0.0,0.0
G4_p0_w1_variable,G4_p4,-5.0,4,4,0,1.0,0.0
G4_p0_w1_variable,G4_p4,0.0,0,4,0,0.0,0.0
G4_p0_w1_variable,G4_p4,10.0,0,4,0,0.0,0.0
G4_p0_w1_variable,G4_p4,20.0,0,4,0,0.0,0.0
G4_p0_w2_regular,G1_p1,-5.0,4,4,0,1.0,0.0
G4_p0_w2_regular,G1_p1,0.0,1,4,1,0.25,0.1875
G4_p0_w2_regular,G1_p1,10.0,0,4,0,0.0,0.0
G4_p0_w2_regular,G1_p1,20.0,0,4,0,0.0,0.0
G4_p0_w2_regular,G1_p2,-5.0,3,4,1,0.75,0.1875
G4_p0_w2_regular,G1_p2,0.0,0,4,0,0.0,0.0
G4_p0_w2_regular,G1_p2,10.0,0,4,0,0.0,0.0
G4_p0_w2_regular,G1_p2,20.0,0,4,0,0.0,0.0
G4_p0_w2_regular,G1_p3,-5.0,1,4,1,0.25,0.1875
G4_p0_w2_regular,G1_p3,0.0,0,4,0,0.0,0.0
G4_p0_w2_regular,G1_p3,10.0,0,4,0,0.0,0.0
G4_p0_w2_regular,G1_p3,20.0,0,4,0,0.0,0.0
G4_p0_w2_regular,G1_p4,-5.0,4,4,0,1.0,0.0
G4_p0_w2_regular,G1_p4,0.0,4,4,0,1.0,0.0
G4_p0_w2_regular,G1_p4,10.0,0,4,0,0.0,0.0
G4_p0_w2_regular,G1_p4,20.0,0,4,0,0.0,0.0
G4_p0_w2_regular,G2_p1,-5.0,3,4,1,0.75,0.1875
G4_p0_w2_regular,G2_p1,0.0,3,4,1,0.75,0.1875
G4_p0_w2_regular,G2_p1,10.0,0,4,0,0.0,0.0
G4_p0_w2_regular,G2_p1,20.0,0,4,0,0.0,0.0
G4_p0_w2_regular,G2_p2,-5.0,2,4,2,0.5,0.25
G4_p0_w2_regular,G2_p2,0.0,0,4,0,0.0,0.0
G4_p0_w2_regular,G2_p2,10.0,0,4,0,0.0,0.0
G4_p0_w2_regular,G2_p2,20.0,0,4,0,0.0,0.0
G4_p0_w2_regular,G2_p3,-5.0,3,4,1,0.75,0.1875
G4_p0_w2_regular,G2_p3,0.0,0,4,0,0.0,0.0
G4_p0_w2_regular,G2_p3,10.0,0,4,0,0.0,0.0
G4_p0_w2_regular,G2_p3,20.0,0,4,0,0.0,0.0
G4_p0_w2_regular,G2_p4,-5.0,4,4,0,1.0,0.0
G4_p0_w2_regular,G2_p4,0.0,4,4,0,1.0,0.0
G4_p0_w2_regular,G2_p4,10.0,0,4,0,0.0,0.0
G4_p0_w2_regular,G2_p4,20.0,0,4,0,0.0,0.0
G4_p0_w2_regular,G3_p1,-5.0,4,4,0,1.0,0.0
G4_p0_w2_regular,G3_p1,0.0,4,4,0,1.0,0.0
G4_p0_w2_regular,G3_p1,10.0,0,4,0,0.0,0.0
G4_p0_w2_regular,G3_p1,20.0,0,4,0,0.0,0.0
G4_p0_w2_regular,G3_p2,-5.0,0,4,0,0.0,0.0
G4_p0_w2_regular,G3_p2,0.0,0,4,0,0.0,0.0
G4_p0_w2_regular,G3_p2,10.0,0,4,0,0.0,0.0
G4_p0_w2_regular,G3_p2,20.0,0,4,0,0.0,0.0
G4_p0_w2_regular,G3_p3,-5.0,0,4,0,0.0,0.0
G4_p0_w2_regular,G3_p3,0.0,0,4,0,0.0,0.0
G4_p0_w2_regular,G3_p3,10.0,0,4,0,0.0,0.0
G4_p0_w2_regular,G3_p3,20.0,0,4,0,0.0,0.0
G4_p0_w2_regular,G3_p4,-5.0,4,4,0,1.0,0.0
G4_p0_w2_regular,G3_p4,0.0,0,4,0,0.0,0.0
G4_p0_w2_regular,G3_p4,10.0,0,4,0,0.0,0.0
G4_p0_w2_regular,G3_p4,20.0,0,4,0,0.0,0.0
G4_p0_w2_regular,G4_p1,-5.0,4,4,0,1.0,0.0
G4_p0_w2_regular,G4_p1,0.0,4,4,0,1.0,0.0
G4_p0_w2_regular,G4_p1,10.0,0,4,0,0.0,0.0
G4_p0_w2_regular,G4_p1,20.0,0,4,0,0.0,0.0
G4_p0_w2_regular,G4_p2,-5.0,4,4,0,1.0,0.0
G4_p0_w2_regular,G4_p2,0.0,0,4,0,0.0,0.0
G4_p0_w2_regular,G4_p2,10.0,0,4,0,0.0,0.0
G4_p0_w2_regular,G4_p2,20.0,0,4,0,0.0,0.0
G4_p0_w2_regular,G4_p3,-5.0,0,4,0,0.0,0.0
G4_p0_w2_regular,G4_p3,0.0,0,4,0,0.0,0.0
G4_p0_w2_regular,G4_p3,10.0,0,4,0,0.0,0.0
G4_p0_w2_regular,G4_p3,20.0,0,4,0,0.0,0.0
G4_p0_w2_regular,G4_p4,-5.0,4,4,0,1.0,0.0
G4_p0_w2_regular,G4_p4,0.0,0,4,0,0.0,0.0
G4_p0_w2_regular,G4_p4,10.0,0,4,0,0.0,0.0
G4_p0_w2_regular,G4_p4,20.0,0,4,0,0.0,0.0
G4_p0_w2_variable,G1_p1,-5.0,4,4,0,1.0,0.0
G4_p0_w2_variable,G1_p1,0.0,0,4,0,0.0,0.0
G4_p0_w2_variable,G1_p1,10.0,0,4,0,0.0,0.0
G4_p0_w2_variable,G1_p1,20.0,0,4,0,0.0,0.0
G4_p0_w2_variable,G1_p2,-5.0,3,4,1,0.75,0.1875
G4_p0_w2_variable,G1_p2,0.0,0,4,0,0.0,0.0
G4_p0_w2_variable,G1_p2,10.0,0,4,0,0.0,0.0
G4_p0_w2_variable,G1_p2,20.0,0,4,0,0.0,0.0
G4_p0_w2_variable,G1_p3,-5.0,0,4,0,0.0,0.0
G4_p0_w2_variable,G1_p3,0.0,0,4,0,0.0,0.0
G4_p0_w2_variable,G1_p3,10.0,0,4,0,0.0,0.0
G4_p0_w2_variable,G1_p3,20.0,0,4,0,0.0,0.0
G4_p0_w2_variable,G1_p4,-5.0,4,4,0,1.0,0.0
G4_p0_w2_variable,G1_p4,0.0,4,4,0,1.0,0.0
G4_p0_w2_variable,G1_p4,10.0,0,4,0,0.0,0.0
G4_p0_w2_variable,G1_p4,20.0,0,4,0,0.0,0.0
G4_p0_w2_variable,G2_p1,-5.0,4,4,0,1.0,0.0
G4_p0_w2_variable,G2_p1,0.0,1,4,1,0.25,0.1875
G4_p0_w2_variable,G2_p1,10.0,0,4,0,0.0,0.0
G4_p0_w2_variable,G2_p1,20.0,0,4,0,0.0,0.0
G4_p0_w2_variable,G2_p2,-5.0,4,4,0,1.0,0.0
G4_p0_w2_variable,G2_p2,0.0,0,4,0,0.0,0.0
G4_p0_w2_variable,G2_p2,10.0,0,4,0,0.0,0.0
G4_p0_w2_variable,G2_p2,20.0,0,4,0,0.0,0.0
G4_p0_w2_variable,G2_p3,-5.0,4,4,0,1.0,0.0
G4_p0_w2_variable,G2_p3,0.0,0,4,0,0.0,0.0
G4_p0_w2_variable,G2_p3,10.0,0,4,0,0.0,0.0
G4_p0_w2_variable,G2_p3,20.0,0,4,0,0.0,0.0
G4_p0_w2_variable,G2_p4,-5.0,4,4,0,1.0,0.0
G4_p0_w2_variable,G2_p4,0.0,4,4,0,1.0,0.0
G4_p0_w2_variable,G2_p4,10.0,0,4,0,0.0,0.0
G4_p0_w2_variable,G2_p4,20.0,0,4,0,0.0,0.0
G4_p0_w2_variable,G3_p1,-5.0,4,4,0,1.0,0.0
G4_p0_w2_variable,G3_p1,0.0,2,4,2,0.5,0.25
G4_p0_w2_variable,G3_p1,10.0,0,4,0,0.0,0.0
G4_p0_w2_variable,G3_p1,20.0,0,4,0,0.0,0.0
G4_p0_w2_variable,G3_p2,-5.0,0,4,0,0.0,0.0
G4_p0_w2_variable,G3_p2,0.0,0,4,0,0.0,0.0
G4_p0_w2_variable,G3_p2,10.0,0,4,0,0.0,0.0
G4_p0_w2_variable,G3_p2,20.0,0,4,0,0.0,0.0
G4_p0_w2_variable,G3_p3,-5.0,0,4,0,0.0,0.0
G4_p0_w2_variable,G3_p3,0.0,0,4,0,0.0,0.0
G4_p0_w2_variable,G3_p3,10.0,0,4,0,0.0,0.0
G4_p0_w2_variable,G3_p3,20.0,0,4,0,0.0,0.0
G4_p0_w2_variable,G3_p4,-5.0,3,4,1,0.75,0.1875
G4_p0_w2_variable,G3_p4,0.0,0,4,0,0.0,0.0
G4_p0_w2_variable,G3_p4,10.0,0,4,0,0.0,0.0
G4_p0_w2_variable,G3_p4,20.0,0,4,0,0.0,0.0
G4_p0_w2_variable,G4_p1,-5.0,4,4,0,1.0,0.0
G4_p0_w2_variable,G4_p1,0.0,4,4,0,1.0,0.0
G4_p0_w2_variable,G4_p1,10.0,0,4,0,0.0,0.0
G4_p0_w2_variable,G4_p1,20.0,0,4,0,0.0,0.0
G4_p0_w2_variable,G4_p2,-5.0,4,4,0,1.0,0.0
G4_p0_w2_variable,G4_p2,0.0,0,4,0,0.0,0.0
G4_p0_w2_variable,G4_p2,10.0,0,4,0,0.0,0.0
G4_p0_w2_variable,G4_p2,20.0,0,4,0,0.0,0.0
G4_p0_w2_variable,G4_p3,-5.0,0,4,0,0.0,0.0
G4_p0_w2_variable,G4_p3,0.0,0,4,0,0.0,0.0
G4_p0_w2_variable,G4_p3,10.0,0,4,0,0.0,0.0
G4_p0_w2_variable,G4_p3,20.0,0,4,0,0.0,0.0
G4_p0_w2_variable,G4_p4,-5.0,4,4,0,1.0,0.0
G4_p0_w2_variable,G4_p4,0.0,1,4,1,0.25,0.1875
G4_p0_w2_variable,G4_p4,10.0,0,4,0,0.0,0.0
G4_p0_w2_variable,G4_p4,20.0,0,4,0,0.0,0.0
G4_p0_w3_regular,G1_p1,-5.0,4,4,0,1.0,0.0
G4_p0_w3_regular,G1_p1,0.0,1,4,1,0.25,0.1875
G4_p0_w3_regular,G1_p1,10.0,0,4,0,0.0,0.0
G4_p0_w3_regular,G1_p1,20.0,0,4,0,0.0,0.0
G4_p0_w3_regular,G1_p2,-5.0,4,4,0,1.0,0.0
G4_p0_w3_regular,G1_p2,0.0,0,4,0,0.0,0.0
G4_p0_w3_regular,G1_p2,10.0,0,4,0,0.0,0.0
G4_p0_w3_regular,G1_p2,20.0,0,4,0,0.0,0.0
G4_p0_w3_regular,G1_p3,-5.0,4,4,0,1.0,0.0
G4_p0_w3_regular,G1_p3,0.0,0,4,0,0.0,0.0
G4_p0_w3_regular,G1_p3,10.0,0,4,0,0.0,0.0
G4_p0_w3_regular,G1_p3,20.0,0,4,0,0.0,0.0
G4_p0_w3_regular,G1_p4,-5.0,4,4,0,1.0,0.0
G4_p0_w3_regular,G1_p4,0.0,4,4,0,1.0,0.0
G4_p0_w3_regular,G1_p4,10.0,0,4,0,0.0,0.0
G4_p0_w3_regular,G1_p4,20.0,0,4,0,0.0,0.0
G4_p0_w3_regular,G2_p1,-5.0,4,4,0,1.0,0.0
G4_p0_w3_regular,G2_p1,0.0,3,4,1,0.75,0.1875
G4_p0_w3_regular,G2_p1,10.0,0,4,0,0.0,0.0
G4_p0_w3_regular,G2_p1,20.0,0,4,0,0.0,0.0
G4_p0_w3_regular,G2_p2,-5.0,3,4,1,0.75,0.1875
G4_p0_w3_regular,G2_p2,0.0,0,4,0,0.0,0.0
G4_p0_w3_regular,G2_p2,10.0,0,4,0,0.0,0.0
G4_p0_w3_regular,G2_p2,20.0,0,4,0,0.0,0.0
G4_p0_w3_regular,G2_p3,-5.0,4,4,0,1.0,0.0
G4_p0_w3_regular,G2_p3,0.0,0,4,0,0.0,0.0
G4_p0_w3_regular,G2_p3,10.0,0,4,0,0.0,0.0
G4_p0_w3_regular,G2_p3,20.0,0,4,0,0.0,0.0
G4_p0_w3_regular,G2_p4,-5.0,4,4,0,1.0,0.0
G4_p0_w3_regular,G2_p4,0.0,4,4,0,1.0,0.0
G4_p0_w3_regular,G2_p4,10.0,0,4,0,0.0,0.0
G4_p0_w3_regular,G2_p4,20.0,0,4,0,0.0,0.0
G4_p0_w3_regular,G3_p1,-5.0,4,4,0,1.0,0.0
G4_p0_w3_regular,G3_p1,0.0,4,4,0,1.0,0.0
G4_p0_w3_regular,G3_p1,10.0,0,4,0,0.0,0.0
G4_p0_w3_regular,G3_p1,20.0,0,4,0,0.0,0.0
G4_p0_w3_regular,G3_p2,-5.0,0,4,0,0.0,0.0
G4_p0_w3_regular,G3_p2,0.0,0,4,0,0.0,0.0
G4_p0_w3_regular,G3_p2,10.0,0,4,0,0.0,0.0
G4_p0_w3_regular,G3_p2,20.0,0,4,0,0.0,0.0
G4_p0_w3_regular,G3_p3,-5.0,0,4,0,0.0,0.0
G4_p0_w3_regular,G3_p3,0.0,0,4,0,0.0,0.0
G4_p0_w3_regular,G3_p3,10.0,0,4,0,0.0,0.0
G4_p0_w3_regular,G3_p3,20.0,0,4,0,0.0,0.0
G4_p0_w3_regular,G3_p4,-5.0,3,4,1,0.75,0.1875
G4_p0_w3_regular,G3_p4,0.0,0,4,0,0.0,0.0
G4_p0_w3_regular,G3_p4,10.0,0,4,0,0.0,0.0
G4_p0_w3_regular,G3_p4,20.0,0,4,0,0.0,0.0
G4_p0_w3_regular,G4_p1,-5.0,4,4,0,1.0,0.0
G4_p0_w3_regular,G4_p1,0.0,4,4,0,1.0,0.0
G4_p0_w3_regular,G4_p1,10.0,0,4,0,0.0,0.0
G4_p0_w3_regular,G4_p1,20.0,0,4,0,0.0,0.0
G4_p0_w3_regular,G4_p2,-5.0,3,4,1,0.75,0.1875
G4_p0_w3_regular,G4_p2,0.0,0,4,0,0.0,0.0
G4_p0_w3_regular,G4_p2,10.0,0,4,0,0.0,0.0
G4_p0_w3_regular,G4_p2,20.0,0,4,0,0.0,0.0
G4_p0_w3_regular,G4_p3,-5.0,1,4,1,0.25,0.1875
G4_p0_w3_regular,G4_p3,0.0,0,4,0,0.0,0.0
G4_p0_w3_regular,G4_p3,10.0,0,4,0,0.0,0.0
G4_p0_w3_regular,G4_p3,20.0,0,4,0,0.0,0.0
G4_p0_w3_regular,G4_p4,-5.0,4,4,0,1.0,0.0
G4_p0_w3_regular,G4_p4,0.0,1,4,1,0.25,0.1875
G4_p0_w3_regular,G4_p4,10.0,0,4,0,0.0,0.0
G4_p0_w3_regular,G4_p4,20.0,0,4,0,0.0,0.0
G4_p0_w3_variable,G1_p1,-5.0,4,4,0,1.0,0.0
G4_p0_w3_variable,G1_p1,0.0,0,4,0,0.0,0.0
G4_p0_w3_variable,G1_p1,10.0,0,4,0,0.0,0.0
G4_p0_w3_variable,G1_p1,20.0,0,4,0,0.0,0.0
G4_p0_w3_variable,G1_p2,-5.0,3,4,1,0.75,0.1875
G4_p0_w3_variable,G1_p2,0.0,0,4,0,0.0,0.0
G4_p0_w3_variable,G1_p2,10.0,0,4,0,0.0,0.0
G4_p0_w3_variable,G1_p2,20.0,0,4,0,0.0,0.0
G4_p0_w3_variable,G1_p3,-5.0,2,4,2,0.5,0.25
G4_p0_w3_variable,G1_p3,0.0,0,4,0,0.0,0.0
G4_p0_w3_variable,G1_p3,10.0,0,4,0,0.0,0.0
G4_p0_w3_variable,G1_p3,20.0,0,4,0,0.0,0.0
G4_p0_w3_variable,G1_p4,-5.0,4,4,0,1.0,0.0
G4_p0_w3_variable,G1_p4,0.0,4,4,0,1.0,0.0
G4_p0_w3_variable,G1_p4,10.0,0,4,0,0.0,0.0
G4_p0_w3_variable,G1_p4,20.0,0,4,0,0.0,0.0
G4_p0_w3_variable,G2_p1,-5.0,4,4,0,1.0,0.0
G4_p0_w3_variable,G2_p1,0.0,3,4,1,0.75,0.1875
G4_p0_w3_variable,G2_p1,10.0,0,4,0,0.0,0.0
G4_p0_w3_variable,G2_p1,20.0,0,4,0,0.0,0.0
G4_p0_w3_variable,G2_p2,-5.0,3,4,1,0.75,0.1875
G4_p0_w3_variable,G2_p2,0.0,0,4,0,0.0,0.0
G4_p0_w3_variable,G2_p2,10.0,0,4,0,0.0,0.0
G4_p0_w3_variable,G2_p2,20.0,0,4,0,0.0,0.0
G4_p0_w3_variable,G2_p3,-5.0,4,4,0,1.0,0.0
G4_p0_w3_variable,G2_p3,0.0,0,4,0,0.0,0.0
G4_p0_w3_variable,G2_p3,10.0,0,4,0,0.0,0.0
G4_p0_w3_variable,G2_p3,20.0,0,4,0,0.0,0.0
G4_p0_w3_variable,G2_p4,-5.0,4,4,0,1.0,0.0
G4_p0_w3_variable,G2_p4,0.0,4,4,0,1.0,0.0
G4_p0_w3_variable,G2_p4,10.0,0,4,0,0.0,0.0
G4_p0_w3_variable,G2_p4,20.0,0,4,0,0.0,0.0
G4_p0_w3_variable,G3_p1,-5.0,4,4,0,1.0,0.0
G4_p0_w3_variable,G3_p1,0.0,3,4,1,0.75,0.1875
G4_p0_w3_variable,G3_p1,10.0,0,4,0,0.0,0.0
G4_p0_w3_variable,G3_p1,20.0,0,4,0,0.0,0.0
G4_p0_w3_variable,G3_p2,-5.0,0,4,0,0.0,0.0
G4_p0_w3_variable,G3_p2,0.0,0,4,0,0.0,0.0
G4_p0_w3_variable,G3_p2,10.0,0,4,0,0.0,0.0
G4_p0_w3_variable,G3_p2,20.0,0,4,0,0.0,0.0
G4_p0_w3_variable,G3_p3,-5.0,0,4,0,0.0,0.0
G4_p0_w3_variable,G3_p3,0.0,0,4,0,0.0,0.0
G4_p0_w3_variable,G3_p3,10.0,0,4,0,0.0,0.0
G4_p0_w3_variable,G3_p3,20.0,0,4,0,0.0,0.0
G4_p0_w3_variable,G3_p4,-5.0,3,4,1,0.75,0.1875
G4_p0_w3_variable,G3_p4,0.0,0,4,0,0.0,0.0
G4_p0_w3_variable,G3_p4,10.0,0,4,0,0.0,0.0
G4_p0_w3_variable,G3_p4,20.0,0,4,0,0.0,0.0
G4_p0_w3_variable,G4_p1,-5.0,4,4,0,1.0,0.0
G4_p0_w3_variable,G4_p1,0.0,4,4,0,1.0,0.0
G4_p0_w3_variable,G4_p1,10.0,0,4,0,0.0,0.0
G4_p0_w3_variable,G4_p1,20.0,0,4,0,0.0,0.0
G4_p0_w3_variable,G4_p2,-5.0,3,4,1,0.75,0.1875
G4_p0_w3_variable,G4_p2,0.0,0,4,0,0.0,0.0
G4_p0_w3_variable,G4_p2,10.0,0,4,0,0.0,0.0
G4_p0_w3_variable,G4_p2,20.0,0,4,0,0.0,0.0
G4_p0_w3_variable,G4_p3,-5.0,0,4,0,0.0,0.0
G4_p0_w3_variable,G4_p3,0.0,0,4,0,0.0,0.0
G4_p0_w3_variable,G4_p3,10.0,0,4,0,0.0,0.0
G4_p0_w3_variable,G4_p3,20.0,0,4,0,0.0,0.0
G4_p0_w3_variable,G4_p4,-5.0,4,4,0,1.0,0.0
G4_p0_w3_variable,G4_p4,0.0,0,4,0,0.0,0.0
G4_p0_w3_variable,G4_p4,10.0,0,4,0,0.0,0.0
G4_p0_w3_variable,G4_p4,20.0,0,4,0,0.0,0.0
G4_p5_w0_regular,G1_p1,-5.0,4,4,0,1.0,0.0
G4_p5_w0_regular,G1_p1,0.0,0,4,0,0.0,0.0
G4_p5_w0_regular,G1_p1,10.0,0,4,0,0.0,0.0
G4_p5_w0_regular,G1_p1,20.0,0,4,0,0.0,0.0
G4_p5_w0_regular,G1_p2,-5.0,4,4,0,1.0,0.0
G4_p5_w0_regular,G1_p2,0.0,0,4,0,0.0,0.0
G4_p5_w0_regular,G1_p2,10.0,0,4,0,0.0,0.0
G4_p5_w0_regular,G1_p2,20.0,0,4,0,0.0,0.0
G4_p5_w0_regular,G1_p3,-5.0,0,4,0,0.0,0.0
G4_p5_w0_regular,G1_p3,0.0,0,4,0,0.0,0.0
G4_p5_w0_regular,G1_p3,10.0,0,4,0,0.0,0.0
G4_p5_w0_regular,G1_p3,20.0,0,4,0,0.0,0.0
G4_p5_w0_regular,G1_p4,-5.0,4,4,0,1.0,0.0
G4_p5_w0_regular,G1_p4,0.0,4,4,0,1.0,0.0
G4_p5_w0_regular,G1_p4,10.0,0,4,0,0.0,0.0
G4_p5_w0_regular,G1_p4,20.0,0,4,0,0.0,0.0
G4_p5_w0_regular,G2_p1,-5.0,4,4,0,1.0,0.0
G4_p5_w0_regular,G2_p1,0.0,1,4,1,0.25,0.1875
G4_p5_w0_regular,G2_p1,10.0,0,4,0,0.0,0.0
G4_p5_w0_regular,G2_p1,20.0,0,4,0,0.0,0.0
G4_p5_w0_regular,G2_p2,-5.0,2,4,2,0.5,0.25
G4_p5_w0_regular,G2_p2,0.0,0,4,0,0.0,0.0
G4_p5_w0_regular,G2_p2,10.0,0,4,0,0.0,0.0
G4_p5_w0_regular,G2_p2,20.0,0,4,0,0.0,0.0
G4_p5_w0_regular,G2_p3,-5.0,2,4,2,0.5,0.25
G4_p5_w0_regular,G2_p3,0.0,0,4,0,0.0,0.0
G4_p5_w0_regular,G2_p3,10.0,0,4,0,0.0,0.0
G4_p5_w0_regular,G2_p3,20.0,0,4,0,0.0,0.0
G4_p5_w0_regular,G2_p4,-5.0,4,4,0,1.0,0.0
G4_p5_w0_regular,G2_p4,0.0,4,4,0,1.0,0.0
G4_p5_w0_regular,G2_p4,10.0,0,4,0,0.0,0.0
G4_p5_w0_regular,G2_p4,20.0,0,4,0,0.0,0.0
G4_p5_w0_regular,G3_p1,-5.0,4,4,0,1.0,0.0
G4_p5_w0_regular,G3_p1,0.0,2,4,2,0.5,0.25
G4_p5_w0_regular,G3_p1,10.0,0,4,0,0.0,0.0
G4_p5_w0_regular,G3_p1,20.0,0,4,0,0.0,0.0
G4_p5_w0_regular,G3_p2,-5.0,0,4,0,0.0,0.0
G4_p5_w0_regular,G3_p2,0.0,0,4,0,0.0,0.0
G4_p5_w0_regular,G3_p2,10.0,0,4,0,0.0,0.0
G4_p5_w0_regular,G3_p2,20.0,0,4,0,0.0,0.0
G4_p5_w0_regular,G3_p3,-5.0,0,4,0,0.0,0.0
G4_p5_w0_regular,G3_p3,0.0,0,4,0,0.0,0.0
G4_p5_w0_regular,G3_p3,10.0,0,4,0,0.0,0.0
G4_p5_w0_regular,G3_p3,20.0,0,4,0,0.0,0.0
G4_p5_w0_regular,G3_p4,-5.0,3,4,1,0.75,0.1875
G4_p5_w0_regular,G3_p4,0.0,0,4,0,0.0,0.0
G4_p5_w0_regular,G3_p4,10.0,0,4,0,0.0,0.0
G4_p5_w0_regular,G3_p4,20.0,0,4,0,0.0,0.0
G4_p5_w0_regular,G4_p1,-5.0,4,4,0,1.0,0.0
G4_p5_w0_regular,G4_p1,0.0,4,4,0,1.0,0.0
G4_p5_w0_regular,G4_p1,10.0,0,4,0,0.0,0.0
G4_p5_w0_regular,G4_p1,20.0,0,4,0,0.0,0.0
G4_p5_w0_regular,G4_p2,-5.0,4,4,0,1.0,0.0
G4_p5_w0_regular,G4_p2,0.0,0,4,0,0.0,0.0
G4_p5_w0_regular,G4_p2,10.0,0,4,0,0.0,0.0
G4_p5_w0_regular,G4_p2,20.0,0,4,0,0.0,0.0
G4_p5_w0_regular,G4_p3,-5.0,0,4,0,0.0,0.0
G4_p5_w0_regular,G4_p3,0.0,0,4,0,0.0,0.0
G4_p5_w0_regular,G4_p3,10.0,0,4,0,0.0,0.0
G4_p5_w0_regular,G4_p3,20.0,0,4,0,0.0,0.0
G4_p5_w0_regular,G4_p4,-5.0,4,4,0,1.0,0.0
G4_p5_w0_regular,G4_p4,0.0,0,4,0,0.0,0.0
G4_p5_w0_regular,G4_p4,10.0,0,4,0,0.0,0.0
G4_p5_w0_regular,G4_p4,20.0,0,4,0,0.0,0.0
G4_p5_w0_variable,G1_p1,-5.0,4,4,0,1.0,0.0
G4_p5_w0_variable,G1_p1,0.0,0,4,0,0.0,0.0
G4_p5_w0_variable,G1_p1,10.0,0,4,0,0.0,0.0
G4_p5_w0_variable,G1_p1,20.0,0,4,0,0.0,0.0
G4_p5_w0_variable,G1_p2,-5.0,1,4,1,0.25,0.1875
G4_p5_w0_variable,G1_p2,0.0,0,4,0,0.0,0.0
G4_p5_w0_variable,G1_p2,10.0,0,4,0,0.0,0.0
G4_p5_w0_variable,G1_p2,20.0,0,4,0,0.0,0.0
G4_p5_w0_variable,G1_p3,-5.0,0,4,0,0.0,0.0
G4_p5_w0_variable,G1_p3,0.0,0,4,0,0.0,0.0
G4_p5_w0_variable,G1_p3,10.0,0,4,0,0.0,0.0
G4_p5_w0_variable,G1_p3,20.0,0,4,0,0.0,0.0
G4_p5_w0_variable,G1_p4,-5.0,4,4,0,1.0,0.0
G4_p5_w0_variable,G1_p4,0.0,4,4,0,1.0,0.0
G4_p5_w0_variable,G1_p4,10.0,0,4,0,0.0,0.0
G4_p5_w0_variable,G1_p4,20.0,0,4,0,0.0,0.0
G4_p5_w0_variable,G2_p1,-5.0,4,4,0,1.0,0.0
G4_p5_w0_variable,G2_p1,0.0,2,4,2,0.5,0.25
G4_p5_w0_variable,G2_p1,10.0,0,4,0,0.0,0.0
G4_p5_w0_variable,G2_p1,20.0,0,4,0,0.0,0.0
G4_p5_w0_variable,G2_p2,-5.0,0,4,0,0.0,0.0
G4_p5_w0_variable,G2_p2,0.0,0,4,0,0.0,0.0
G4_p5_w0_variable,G2_p2,10.0,0,4,0,0.0,0.0
G4_p5_w0_variable,G2_p2,20.0,0,4,0,0.0,0.0
G4_p5_w0_variable,G2_p3,-5.0,2,4,2,0.5,0.25
G4_p5_w0_variable,G2_p3,0.0,0,4,0,0.0,0.0
G4_p5_w0_variable,G2_p3,10.0,0,4,0,0.0,0.0
G4_p5_w0_variable,G2_p3,20.0,0,4,0,0.0,0.0
G4_p5_w0_variable,G2_p4,-5.0,4,4,0,1.0,0.0
G4_p5_w0_variable,G2_p4,0.0,4,4,0,1.0,0.0
G4_p5_w0_variable,G2_p4,10.0,0,4,0,0.0,0.0
G4_p5_w0_variable,G2_p4,20.0,0,4,0,0.0,0.0
G4_p5_w0_variable,G3_p1,-5.0,4,4,0,1.0,0.0
G4_p5_w0_variable,G3_p1,0.0,3,4,1,0.75,0.1875
G4_p5_w0_variable,G3_p1,10.0,0,4,0,0.0,0.0
G4_p5_w0_variable,G3_p1,20.0,0,4,0,0.0,0.0
G4_p5_w0_variable,G3_p2,-5.0,0,4,0,0.0,0.0
G4_p5_w0_variable,G3_p2,0.0,0,4,0,0.0,0.0
G4_p5_w0_variable,G3_p2,10.0,0,4,0,0.0,0.0
G4_p5_w0_variable,G3_p2,20.0,0,4,0,0.0,0.0
G4_p5_w0_variable,G3_p3,-5.0,0,4,0,0.0,0.0
G4_p5_w0_variable,G3_p3,0.0,0,4,0,0.0,0.0
G4_p5_w0_variable,G3_p3,10.0,0,4,0,0.0,0.0
G4_p5_w0_variable,G3_p3,20.0,0,4,0,0.0,0.0
G4_p5_w0_variable,G3_p4,-5.0,3,4,1,0.75,0.1875
G4_p5_w0_variable,G3_p4,0.0,0,4,0,0.0,0.0
G4_p5_w0_variable,G3_p4,10.0,0,4,0,0.0,0.0
G4_p5_w0_variable,G3_p4,20.0,0,4,0,0.0,0.0
G4_p5_w0_variable,G4_p1,-5.0,4,4,0,1.0,0.0
G4_p5_w0_variable,G4_p1,0.0,3,4,1,0.75,0.1875
G4_p5_w0_variable,G4_p1,10.0,0,4,0,0.0,0.0
G4_p5_w0_variable,G4_p1,20.0,0,4,0,0.0,0.0
G4_p5_w0_variable,G4_p2,-5.0,4,4,0,1.0,0.0
G4_p5_w0_variable,G4_p2,0.0,0,4,0,0.0,0.0
G4_p5_w0_variable,G4_p2,10.0,0,4,0,0.0,0.0
G4_p5_w0_variable,G4_p2,20.0,0,4,0,0.0,0.0
G4_p5_w0_variable,G4_p3,-5.0,0,4,0,0.0,0.0
G4_p5_w0_variable,G4_p3,0.0,0,4,0,0.0,0.0
G4_p5_w0_variable,G4_p3,10.0,0,4,0,0.0,0.0
G4_p5_w0_variable,G4_p3,20.0,0,4,0,0.0,0.0
G4_p5_w0_variable,G4_p4,-5.0,4,4,0,1.0,0.0
G4_p5_w0_variable,G4_p4,0.0,0,4,0,0.0,0.0
G4_p5_w0_variable,G4_p4,10.0,0,4,0,0.0,0.0
G4_p5_w0_variable,G4_p4,20.0,0,4,0,0.0,0.0
G4_p5_w1_regular,G1_p1,-5.0,4,4,0,1.0,0.0
G4_p5_w1_regular,G1_p1,0.0,0,4,0,0.0,0.0
G4_p5_w1_regular,G1_p1,10.0,0,4,0,0.0,0.0
G4_p5_w1_regular,G1_p1,20.0,0,4,0,0.0,0.0
G4_p5_w1_regular,G1_p2,-5.0,3,4,1,0.75,0.1875
G4_p5_w1_regular,G1_p2,0.0,0,4,0,0.0,0.0
G4_p5_w1_regular,G1_p2,10.0,0,4,0,0.0,0.0
G4_p5_w1_regular,G1_p2,20.0,0,4,0,0.0,0.0
G4_p5_w1_regular,G1_p3,-5.0,1,4,1,0.25,0.1875
G4_p5_w1_regular,G1_p3,0.0,0,4,0,0.0,0.0
G4_p5_w1_regular,G1_p3,10.0,0,4,0,0.0,0.0
G4_p5_w1_regular,G1_p3,20.0,0,4,0,0.0,0.0
G4_p5_w1_regular,G1_p4,-5.0,4,4,0,1.0,0.0
G4_p5_w1_regular,G1_p4,0.0,4,4,0,1.0,0.0
G4_p5_w1_regular,G1_p4,10.0,0,4,0,0.0,0.0
G4_p5_w1_regular,G1_p4,20.0,0,4,0,0.0,0.0
G4_p5_w1_regular,G2_p1,-5.0,3,4,1,0.75,0.1875
G4_p5_w1_regular,G2_p1,0.0,2,4,2,0.5,0.25
G4_p5_w1_regular,G2_p1,10.0,0,4,0,0.0,0.0
G4_p5_w1_regular,G2_p1,20.0,0,4,0,0.0,0.0
G4_p5_w1_regular,G2_p2,-5.0,1,4,1,0.25,0.1875
G4_p5_w1_regular,G2_p2,0.0,0,4,0,0.0,0.0
G4_p5_w1_regular,G2_p2,10.0,0,4,0,0.0,0.0
G4_p5_w1_regular,G2_p2,20.0,0,4,0,0.0,0.0
G4_p5_w1_regular,G2_p3,-5.0,2,4,2,0.5,0.25
G4_p5_w1_regular,G2_p3,0.0,0,4,0,0.0,0.0
G4_p5_w1_regular,G2_p3,10.0,0,4,0,0.0,0.0
G4_p5_w1_regular,G2_p3,20.0,0,4,0,0.0,0.0
G4_p5_w1_regular,G2_p4,-5.0,4,4,0,1.0,0.0
G4_p5_w1_regular,G2_p4,0.0,4,4,0,1.0,0.0
G4_p5_w1_regular,G2_p4,10.0,0,4,0,0.0,0.0
G4_p5_w1_regular,G2_p4,20.0,0,4,0,0.0,0.0
G4_p5_w1_regular,G3_p1,-5.0,4,4,0,1.0,0.0
G4_p5_w1_regular,G3_p1,0.0,3,4,1,0.75,0.1875
G4_p5_w1_regular,G3_p1,10.0,0,4,0,0.0,0.0
G4_p5_w1_regular,G3_p1,20.0,0,4,0,0.0,0.0
G4_p5_w1_regular,G3_p2,-5.0,0,4,0,0.0,0.0
G4_p5_w1_regular,G3_p2,0.0,0,4,0,0.0,0.0
G4_p5_w1_regular,G3_p2,10.0,0,4,0,0.0,0.0
G4_p5_w1_regular,G3_p2,20.0,0,4,0,0.0,0.0
G4_p5_w1_regular,G3_p3,-5.0,0,4,0,0.0,0.0
G4_p5_w1_regular,G3_p3,0.0,0,4,0,0.0,0.0
G4_p5_w1_regular,G3_p3,10.0,0,4,0,0.0,0.0
G4_p5_w1_regular,G3_p3,20.0,0,4,0,0.0,0.0
G4_p5_w1_regular,G3_p4,-5.0,2,4,2,0.5,0.25
G4_p5_w1_regular,G3_p4,0.0,0,4,0,0.0,0.0
G4_p5_w1_regular,G3_p4,10.0,0,4,0,0.0,0.0
G4_p5_w1_regular,G3_p4,20.0,0,4,0,0.0,0.0
G4_p5_w1_regular,G4_p1,-5.0,4,4,0,1.0,0.0
G4_p5_w1_regular,G4_p1,0.0,4,4,0,1.0,0.0
G4_p5_w1_regular,G4_p1,10.0,0,4,0,0.0,0.0
G4_p5_w1_regular,G4_p1,20.0,0,4,0,0.0,0.0
G4_p5_w1_regular,G4_p2,-5.0,3,4,1,0.75,0.1875
G4_p5_w1_regular,G4_p2,0.0,0,4,0,0.0,0.0
G4_p5_w1_regular,G4_p2,10.0,0,4,0,0.0,0.0
G4_p5_w1_regular,G4_p2,20.0,0,4,0,0.0,0.0
G4_p5_w1_regular,G4_p3,-5.0,0,4,0,0.0,0.0
G4_p5_w1_regular,G4_p3,0.0,0,4,0,0.0,0.0
G4_p5_w1_regular,G4_p3,10.0,0,4,0,0.0,0.0
G4_p5_w1_regular,G4_p3,20.0,0,4,0,0.0,0.0
G4_p5_w1_regular,G4_p4,-5.0,4,4,0,1.0,0.0
G4_p5_w1_regular,G4_p4,0.0,0,4,0,0.0,0.0
G4_p5_w1_regular,G4_p4,10.0,0,4,0,0.0,0.0
G4_p5_w1_regular,G4_p4,20.0,0,4,0,0.0,0.0
G4_p5_w1_variable,G1_p1,-5.0,4,4,0,1.0,0.0
G4_p5_w1_variable,G1_p1,0.0,0,4,0,0.0,0.0
G4_p5_w1_variable,G1_p1,10.0,0,4,0,0.0,0.0
G4_p5_w1_variable,G1_p1,20.0,0,4,0,0.0,0.0
G4_p5_w1_variable,G1_p2,-5.0,2,4,2,0.5,0.25
G4_p5_w1_variable,G1_p2,0.0,0,4,0,0.0,0.0
G4_p5_w1_variable,G1_p2,10.0,0,4,0,0.0,0.0
G4_p5_w1_variable,G1_p2,20.0,0,4,0,0.0,0.0
G4_p5_w1_variable,G1_p3,-5.0,0,4,0,0.0,0.0
G4_p5_w1_variable,G1_p3,0.0,0,4,0,0.0,0.0
G4_p5_w1_variable,G1_p3,10.0,0,4,0,0.0,0.0
G4_p5_w1_variable,G1_p3,20.0,0,4,0,0.0,0.0
G4_p5_w1_variable,G1_p4,-5.0,4,4,0,1.0,0.0
G4_p5_w1_variable,G1_p4,0.0,4,4,0,1.0,0.0
G4_p5_w1_variable,G1_p4,10.0,0,4,0,0.0,0.0
G4_p5_w1_variable,G1_p4,20.0,0,4,0,0.0,0.0
G4_p5_w1_variable,G2_p1,-5.0,4,4,0,1.0,0.0
G4_p5_w1_variable,G2_p1,0.0,2,4,2,0.5,0.25
G4_p5_w1_variable,G2_p1,10.0,0,4,0,0.0,0.0
G4_p5_w1_variable,G2_p1,20.0,0,4,0,0.0,0.0
G4_p5_w1_variable,G2_p2,-5.0,2,4,2,0.5,0.25
G4_p5_w1_variable,G2_p2,0.0,1,4,1,0.25,0.1875
G4_p5_w1_variable,G2_p2,10.0,0,4,0,0.0,0.0
G4_p5_w1_variable,G2_p2,20.0,0,4,0,0.0,0.0
G4_p5_w1_variable,G2_p3,-5.0,4,4,0,1.0,0.0
G4_p5_w1_variable,G2_p3,0.0,0,4,0,0.0,0.0
G4_p5_w1_variable,G2_p3,10.0,0,4,0,0.0,0.0
G4_p5_w1_variable,G2_p3,20.0,0,4,0,0.0,0.0
G4_p5_w1_variable,G2_p4,-5.0,4,4,0,1.0,0.0
G4_p5_w1_variable,G2_p4,0.0,4,4,0,1.0,0.0
G4_p5_w1_variable,G2_p4,10.0,0,4,0,0.0,0.0
G4_p5_w1_variable,G2_p4,20.0,0,4,0,0.0,0.0
G4_p5_w1_variable,G3_p1,-5.0,4,4,0,1.0,0.0
G4_p5_w1_variable,G3_p1,0.0,2,4,2,0.5,0.25
G4_p5_w1_variable,G3_p1,10.0,0,4,0,0.0,0.0
G4_p5_w1_variable,G3_p1,20.0,0,4,0,0.0,0.0
G4_p5_w1_variable,G3_p2,-5.0,0,4,0,0.0,0.0
G4_p5_w1_variable,G3_p2,0.0,0,4,0,0.0,0.0
G4_p5_w1_variable,G3_p2,10.0,0,4,0,0.0,0.0
G4_p5_w1_variable,G3_p2,20.0,0,4,0,0.0,0.0
G4_p5_w1_variable,G3_p3,-5.0,0,4,0,0.0,0.0
G4_p5_w1_variable,G3_p3,0.0,0,4,0,0.0,0.0
G4_p5_w1_variable,G3_p3,10.0,0,4,0,0.0,0.0
G4_p5_w1_variable,G3_p3,20.0,0,4,0,0.0,0.0
G4_p5_w1_variable,G3_p4,-5.0,1,4,1,0.25,0.1875
G4_p5_w1_variable,G3_p4,0.0,0,4,0,0.0,0.0
G4_p5_w1_variable,G3_p4,10.0,0,4,0,0.0,0.0
G4_p5_w1_variable,G3_p4,20.0,0,4,0,0.0,0.0
G4_p5_w1_variable,G4_p1,-5.0,4,4,0,1.0,0.0
G4_p5_w1_variable,G4_p1,0.0,2,4,2,0.5,0.25
G4_p5_w1_variable,G4_p1,10.0,0,4,0,0.0,0.0
G4_p5_w1_variable,G4_p1,20.0,0,4,0,0.0,0.0
G4_p5_w1_variable,G4_p2,-5.0,3,4,1,0.75,0.1875
G4_p5_w1_variable,G4_p2,0.0,0,4,0,0.0,0.0
G4_p5_w1_variable,G4_p2,10.0,0,4,0,0.0,0.0
G4_p5_w1_variable,G4_p2,20.0,0,4,0,0.0,0.0
G4_p5_w1_variable,G4_p3,-5.0,0,4,0,0.0,0.0
G4_p5_w1_variable,G4_p3,0.0,0,4,0,0.0,0.0
G4_p5_w1_variable,G4_p3,10.0,0,4,0,0.0,0.0
G4_p5_w1_variable,G4_p3,20.0,0,4,0,0.0,0.0
G4_p5_w1_variable,G4_p4,-5.0,4,4,0,1.0,0.0
G4_p5_w1_variable,G4_p4,0.0,0,4,0,0.0,0.0
G4_p5_w1_variable,G4_p4,10.0,0,4,0,0.0,0.0
G4_p5_w1_variable,G4_p4,20.0,0,4,0,0.0,0.0
G4_p5_w2_regular,G1_p1,-5.0,4,4,0,1.0,0.0
G4_p5_w2_regular,G1_p1,0.0,1,4,1,0.25,0.1875
G4_p5_w2_regular,G1_p1,10.0,0,4,0,0.0,0.0
G4_p5_w2_regular,G1_p1,20.0,0,4,0,0.0,0.0
G4_p5_w2_regular,G1_p2,-5.0,2,4,2,0.5,0.25
G4_p5_w2_regular,G1_p2,0.0,0,4,0,0.0,0.0
G4_p5_w2_regular,G1_p2,10.0,0,4,0,0.0,0.0
G4_p5_w2_regular,G1_p2,20.0,0,4,0,0.0,0.0
G4_p5_w2_regular,G1_p3,-5.0,1,4,1,0.25,0.1875
G4_p5_w2_regular,G1_p3,0.0,0,4,0,0.0,0.0
G4_p5_w2_regular,G1_p3,10.0,0,4,0,0.0,0.0
G4_p5_w2_regular,G1_p3,20.0,0,4,0,0.0,0.0
G4_p5_w2_regular,G1_p4,-5.0,4,4,0,1.0,0.0
G4_p5_w2_regular,G1_p4,0.0,4,4,0,1.0,0.0
G4_p5_w2_regular,G1_p4,10.0,0,4,0,0.0,0.0
G4_p5_w2_regular,G1_p4,20.0,0,4,0,0.0,0.0
G4_p5_w2_regular,G2_p1,-5.0,4,4,0,1.0,0.0
G4_p5_w2_regular,G2_p1,0.0,4,4,0,1.0,0.0
G4_p5_w2_regular,G2_p1,10.0,0,4,0,0.0,0.0
G4_p5_w2_regular,G2_p1,20.0,0,4,0,0.0,0.0
G4_p5_w2_regular,G2_p2,-5.0,1,4,1,0.25,0.1875
G4_p5_w2_regular,G2_p2,0.0,1,4,1,0.25,0.1875
G4_p5_w2_regular,G2_p2,10.0,0,4,0,0.0,0.0
G4_p5_w2_regular,G2_p2,20.0,0,4,0,0.0,0.0
G4_p5_w2_regular,G2_p3,-5.0,3,4,1,0.75,0.1875
G4_p5_w2_regular,G2_p3,0.0,0,4,0,0.0,0.0
G4_p5_w2_regular,G2_p3,10.0,0,4,0,0.0,0.0
G4_p5_w2_regular,G2_p3,20.0,0,4,0,0.0,0.0
G4_p5_w2_regular,G2_p4,-5.0,4,4,0,1.0,0.0
G4_p5_w2_regular,G2_p4,0.0,4,4,0,1.0,0.0
G4_p5_w2_regular,G2_p4,10.0,0,4,0,0.0,0.0
G4_p5_w2_regular,G2_p4,20.0,0,4,0,0.0,0.0
G4_p5_w2_regular,G3_p1,-5.0,4,4,0,1.0,0.0
G4_p5_w2_regular,G3_p1,0.0,4,4,0,1.0,0.0
G4_p5_w2_regular,G3_p1,10.0,0,4,0,0.0,0.0
G4_p5_w2_regular,G3_p1,20.0,0,4,0,0.0,0.0
G4_p5_w2_regular,G3_p2,-5.0,0,4,0,0.0,0.0
G4_p5_w2_regular,G3_p2,0.0,0,4,0,0.0,0.0
G4_p5_w2_regular,G3_p2,10.0,0,4,0,0.0,0.0
G4_p5_w2_regular,G3_p2,20.0,0,4,0,0.0,0.0
G4_p5_w2_regular,G3_p3,-5.0,0,4,0,0.0,0.0
G4_p5_w2_regular,G3_p3,0.0,0,4,0,0.0,0.0
G4_p5_w2_regular,G3_p3,10.0,0,4,0,0.0,0.0
G4_p5_w2_regular,G3_p3,20.0,0,4,0,0.0,0.0
G4_p5_w2_regular,G3_p4,-5.0,3,4,1,0.75,0.1875
G4_p5_w2_regular,G3_p4,0.0,0,4,0,0.0,0.0
G4_p5_w2_regular,G3_p4,10.0,0,4,0,0.0,0.0
G4_p5_w2_regular,G3_p4,20.0,0,4,0,0.0,0.0
G4_p5_w2_regular,G4_p1,-5.0,4,4,0,1.0,0.0
G4_p5_w2_regular,G4_p1,0.0,4,4,0,1.0,0.0
G4_p5_w2_regular,G4_p1,10.0,0,4,0,0.0,0.0
G4_p5_w2_regular,G4_p1,20.0,0,4,0,0.0,0.0
G4_p5_w2_regular,G4_p2,-5.0,4,4,0,1.0,0.0
G4_p5_w2_regular,G4_p2,0.0,0,4,0,0.0,0.0
G4_p5_w2_regular,G4_p2,10.0,0,4,0,0.0,0.0
G4_p5_w2_regular,G4_p2,20.0,0,4,0,0.0,0.0
G4_p5_w2_regular,G4_p3,-5.0,1,4,1,0.25,0.1875
G4_p5_w2_regular,G4_p3,0.0,0,4,0,0.0,0.0
G4_p5_w2_regular,G4_p3,10.0,0,4,0,0.0,0.0
G4_p5_w2_regular,G4_p3,20.0,0,4,0,0.0,0.0
G4_p5_w2_regular,G4_p4,-5.0,4,4,0,1.0,0.0
G4_p5_w2_regular,G4_p4,0.0,0,4,0,0.0,0.0
G4_p5_w2_regular,G4_p4,10.0,0,4,0,0.0,0.0
G4_p5_w2_regular,G4_p4,20.0,0,4,0,0.0,0.0
G4_p5_w2_variable,G1_p1,-5.0,4,4,0,1.0,0.0
G4_p5_w2_variable,G1_p1,0.0,0,4,0,0.0,0.0
G4_p5_w2_variable,G1_p1,10.0,0,4,0,0.0,0.0
G4_p5_w2_variable,G1_p1,20.0,0,4,0,0.0,0.0
G4_p5_w2_variable,G1_p2,-5.0,4,4,0,1.0,0.0
G4_p5_w2_variable,G1_p2,0.0,0,4,0,0.0,0.0
G4_p5_w2_variable,G1_p2,10.0,0,4,0,0.0,0.0
G4_p5_w2_variable,G1_p2,20.0,0,4,0,0.0,0.0
G4_p5_w2_variable,G1_p3,-5.0,0,4,0,0.0,0.0
G4_p5_w2_variable,G1_p3,0.0,0,4,0,0.0,0.0
G4_p5_w2_variable,G1_p3,10.0,0,4,0,0.0,0.0
G4_p5_w2_variable,G1_p3,20.0,0,4,0,0.0,0.0
G4_p5_w2_variable,G1_p4,-5.0,4,4,0,1.0,0.0
G4_p5_w2_variable,G1_p4,0.0,3,4,1,0.75,0.1875
G4_p5_w2_variable,G1_p4,10.0,0,4,0,0.0,0.0
G4_p5_w2_variable,G1_p4,20.0,0,4,0,0.0,0.0
G4_p5_w2_variable,G2_p1,-5.0,4,4,0,1.0,0.0
G4_p5_w2_variable,G2_p1,0.0,2,4,2,0.5,0.25
G4_p5_w2_variable,G2_p1,10.0,0,4,0,0.0,0.0
G4_p5_w2_variable,G2_p1,20.0,0,4,0,0.0,0.0
G4_p5_w2_variable,G2_p2,-5.0,2,4,2,0.5,0.25
G4_p5_w2_variable,G2_p2,0.0,1,4,1,0.25,0.1875
G4_p5_w2_variable,G2_p2,10.0,0,4,0,0.0,0.0
G4_p5_w2_variable,G2_p2,20.0,0,4,0,0.0,0.0
G4_p5_w2_variable,G2_p3,-5.0,3,4,1,0.75,0.1875
G4_p5_w2_variable,G2_p3,0.0,0,4,0,0.0,0.0
G4_p5_w2_variable,G2_p3,10.0,0,4,0,0.0,0.0
G4_p5_w2_variable,G2_p3,20.0,0,4,0,0.0,0.0
G4_p5_w2_variable,G2_p4,-5.0,4,4,0,1.0,0.0
G4_p5_w2_variable,G2_p4,0.0,4,4,0,1.0,0.0
G4_p5_w2_variable,G2_p4,10.0,0,4,0,0.0,0.0
G4_p5_w2_variable,G2_p4,20.0,0,4,0,0.0,0.0
G4_p5_w2_variable,G3_p1,-5.0,4,4,0,1.0,0.0
G4_p5_w2_variable,G3_p1,0.0,2,4,2,0.5,0.25
G4_p5_w2_variable,G3_p1,10.0,0,4,0,0.0,0.0
G4_p5_w2_variable,G3_p1,20.0,0,4,0,0.0,0.0
G4_p5_w2_variable,G3_p2,-5.0,0,4,0,0.0,0.0
G4_p5_w2_variable,G3_p2,0.0,0,4,0,0.0,0.0
G4_p5_w2_variable,G3_p2,10.0,0,4,0,0.0,0.0
G4_p5_w2_variable,G3_p2,20.0,0,4,0,0.0,0.0
G4_p5_w2_variable,G3_p3,-5.0,0,4,0,0.0,0.0
G4_p5_w2_variable,G3_p3,0.0,0,4,0,0.0,0.0
G4_p5_w2_variable,G3_p3,10.0,0,4,0,0.0,0.0
G4_p5_w2_variable,G3_p3,20.0,0,4,0,0.0,0.0
G4_p5_w2_variable,G3_p4,-5.0,2,4,2,0.5,0.25
G4_p5_w2_variable,G3_p4,0.0,0,4,0,0.0,0.0
G4_p5_w2_variable,G3_p4,10.0,0,4,0,0.0,0.0
G4_p5_w2_variable,G3_p4,20.0,0,4,0,0.0,0.0
G4_p5_w2_variable,G4_p1,-5.0,4,4,0,1.0,0.0
G4_p5_w2_variable,G4_p1,0.0,3,4,1,0.75,0.1875
G4_p5_w2_variable,G4_p1,10.0,0,4,0,0.0,0.0
G4_p5_w2_variable,G4_p1,20.0,0,4,0,0.0,0.0
G4_p5_w2_variable,G4_p2,-5.0,2,4,2,0.5,0.25
G4_p5_w2_variable,G4_p2,0.0,0,4,0,0.0,0.0
G4_p5_w2_variable,G4_p2,10.0,0,4,0,0.0,0.0
G4_p5_w2_variable,G4_p2,20.0,0,4,0,0.0,0.0
G4_p5_w2_variable,G4_p3,-5.0,0,4,0,0.0,0.0
G4_p5_w2_variable,G4_p3,0.0,0,4,0,0.0,0.0
G4_p5_w2_variable,G4_p3,10.0,0,4,0,0.0,0.0
G4_p5_w2_variable,G4_p3,20.0,0,4,0,0.0,0.0
G4_p5_w2_variable,G4_p4,-5.0,4,4,0,1.0,0.0
G4_p5_w2_variable,G4_p4,0.0,0,4,0,0.0,0.0
G4_p5_w2_variable,G4_p4,10.0,0,4,0,0.0,0.0
G4_p5_w2_variable,G4_p4,20.0,0,4,0,0.0,0.0
G4_p5_w3_regular,G1_p1,-5.0,4,4,0,1.0,0.0
G4_p5_w3_regular,G1_p1,0.0,0,4,0,0.0,0.0
G4_p5_w3_regular,G1_p1,10.0,0,4,0,0.0,0.0
G4_p5_w3_regular,G1_p1,20.0,0,4,0,0.0,0.0
G4_p5_w3_regular,G1_p2,-5.0,4,4,0,1.0,0.0
G4_p5_w3_regular,G1_p2,0.0,0,4,0,0.0,0.0
G4_p5_w3_regular,G1_p2,10.0,0,4,0,0.0,0.0
G4_p5_w3_regular,G1_p2,20.0,0,4,0,0.0,0.0
G4_p5_w3_regular,G1_p3,-5.0,0,4,0,0.0,0.0
G4_p5_w3_regular,G1_p3,0.0,0,4,0,0.0,0.0
G4_p5_w3_regular,G1_p3,10.0,0,4,0,0.0,0.0
G4_p5_w3_regular,G1_p3,20.0,0,4,0,0.0,0.0
G4_p5_w3_regular,G1_p4,-5.0,4,4,0,1.0,0.0
G4_p5_w3_regular,G1_p4,0.0,4,4,0,1.0,0.0
G4_p5_w3_regular,G1_p4,10.0,0,4,0,0.0,0.0
G4_p5_w3_regular,G1_p4,20.0,0,4,0,0.0,0.0
G4_p5_w3_regular,G2_p1,-5.0,4,4,0,1.0,0.0
G4_p5_w3_regular,G2_p1,0.0,4,4,0,1.0,0.0
G4_p5_w3_regular,G2_p1,10.0,0,4,0,0.0,0.0
G4_p5_w3_regular,G2_p1,20.0,0,4,0,0.0,0.0
G4_p5_w3_regular,G2_p2,-5.0,1,4,1,0.25,0.1875
G4_p5_w3_regular,G2_p2,0.0,0,4,0,0.0,0.0
G4_p5_w3_regular,G2_p2,10.0,0,4,0,0.0,0.0
G4_p5_w3_regular,G2_p2,20.0,0,4,0,0.0,0.0
G4_p5_w3_regular,G2_p3,-5.0,3,4,1,0.75,0.1875
G4_p5_w3_regular,G2_p3,0.0,0,4,0,0.0,0.0
G4_p5_w3_regular,G2_p3,10.0,0,4,0,0.0,0.0
G4_p5_w3_regular,G2_p3,20.0,0,4,0,0.0,0.0
G4_p5_w3_regular,G2_p4,-5.0,4,4,0,1.0,0.0
G4_p5_w3_regular,G2_p4,0.0,4,4,0,1.0,0.0
G4_p5_w3_regular,G2_p4,10.0,0,4,0,0.0,0.0
G4_p5_w3_regular,G2_p4,20.0,0,4,0,0.0,0.0
G4_p5_w3_regular,G3_p1,-5.0,4,4,0,1.0,0.0
G4_p5_w3_regular,G3_p1,0.0,4,4,0,1.0,0.0
G4_p5_w3_regular,G3_p1,10.0,0,4,0,0.0,0.0
G4_p5_w3_regular,G3_p1,20.0,0,4,0,0.0,0.0
G4_p5_w3_regular,G3_p2,-5.0,0,4,0,0.0,0.0
G4_p5_w3_regular,G3_p2,0.0,0,4,0,0.0,0.0
G4_p5_w3_regular,G3_p2,10.0,0,4,0,0.0,0.0
G4_p5_w3_regular,G3_p2,20.0,0,4,0,0.0,0.0
G4_p5_w3_regular,G3_p3,-5.0,0,4,0,0.0,0.0
G4_p5_w3_regular,G3_p3,0.0,0,4,0,0.0,0.0
G4_p5_w3_regular,G3_p3,10.0,0,4,0,0.0,0.0
G4_p5_w3_regular,G3_p3,20.0,0,4,0,0.0,0.0
G4_p5_w3_regular,G3_p4,-5.0,2,4,2,0.5,0.25
G4_p5_w3_regular,G3_p4,0.0,0,4,0,0.0,0.0
G4_p5_w3_regular,G3_p4,10.0,0,4,0,0.0,0.0
G4_p5_w3_regular,G3_p4,20.0,0,4,0,0.0,0.0
G4_p5_w3_regular,G4_p1,-5.0,4,4,0,1.0,0.0
G4_p5_w3_regular,G4_p1,0.0,3,4,1,0.75,0.1875
G4_p5_w3_regular,G4_p1,10.0,0,4,0,0.0,0.0
G4_p5_w3_regular,G4_p1,20.0,0,4,0,0.0,0.0
G4_p5_w3_regular,G4_p2,-5.0,3,4,1,0.75,0.1875
G4_p5_w3_regular,G4_p2,0.0,0,4,0,0.0,0.0
G4_p5_w3_regular,G4_p2,10.0,0,4,0,0.0,0.0
G4_p5_w3_regular,G4_p2,20.0,0,4,0,0.0,0.0
G4_p5_w3_regular,G4_p3,-5.0,0,4,0,0.0,0.0
G4_p5_w3_regular,G4_p3,0.0,0,4,0,0.0,0.0
G4_p5_w3_regular,G4_p3,10.0,0,4,0,0.0,0.0
G4_p5_w3_regular,G4_p3,20.0,0,4,0,0.0,0.0
G4_p5_w3_regular,G4_p4,-5.0,4,4,0,1.0,0.0
G4_p5_w3_regular,G4_p4,0.0,0,4,0,0.0,0.0
G4_p5_w3_regular,G4_p4,10.0,0,4,0,0.0,0.0
G4_p5_w3_regular,G4_p4,20.0,0,4,0,0.0,0.0
G4_p5_w3_variable,G1_p1,-5.0,4,4,0,1.0,0.0
G4_p5_w3_variable,G1_p1,0.0,0,4,0,0.0,0.0
G4_p5_w3_variable,G1_p1,10.0,0,4,0,0.0,0.0
G4_p5_w3_variable,G1_p1,20.0,0,4,0,0.0,0.0
G4_p5_w3_variable,G1_p2,-5.0,2,4,2,0.5,0.25
G4_p5_w3_variable,G1_p2,0.0,0,4,0,0.0,0.0
G4_p5_w3_variable,G1_p2,10.0,0,4,0,0.0,0.0
G4_p5_w3_variable,G1_p2,20.0,0,4,0,0.0,0.0
G4_p5_w3_variable,G1_p3,-5.0,0,4,0,0.0,0.0
G4_p5_w3_variable,G1_p3,0.0,0,4,0,0.0,0.0
G4_p5_w3_variable,G1_p3,10.0,0,4,0,0.0,0.0
G4_p5_w3_variable,G1_p3,20.0,0,4,0,0.0,0.0
G4_p5_w3_variable,G1_p4,-5.0,4,4,0,1.0,0.0
G4_p5_w3_variable,G1_p4,0.0,4,4,0,1.0,0.0
G4_p5_w3_variable,G1_p4,10.0,0,4,0,0.0,0.0
G4_p5_w3_variable,G1_p4,20.0,0,4,0,0.0,0.0
G4_p5_w3_variable,G2_p1,-5.0,4,4,0,1.0,0.0
G4_p5_w3_variable,G2_p1,0.0,2,4,2,0.5,0.25
G4_p5_w3_variable,G2_p1,10.0,0,4,0,0.0,0.0
G4_p5_w3_variable,G2_p1,20.0,0,4,0,0.0,0.0
G4_p5_w3_variable,G2_p2,-5.0,1,4,1,0.25,0.1875
G4_p5_w3_variable,G2_p2,0.0,0,4,0,0.0,0.0
G4_p5_w3_variable,G2_p2,10.0,0,4,0,0.0,0.0
G4_p5_w3_variable,G2_p2,20.0,0,4,0,0.0,0.0
G4_p5_w3_variable,G2_p3,-5.0,4,4,0,1.0,0.0
G4_p5_w3_variable,G2_p3,0.0,0,4,0,0.0,0.0
G4_p5_w3_variable,G2_p3,10.0,0,4,0,0.0,0.0
G4_p5_w3_variable,G2_p3,20.0,0,4,0,0.0,0.0
G4_p5_w3_variable,G2_p4,-5.0,4,4,0,1.0,0.0
G4_p5_w3_variable,G2_p4,0.0,4,4,0,1.0,0.0
G4_p5_w3_variable,G2_p4,10.0,0,4,0,0.0,0.0
G4_p5_w3_variable,G2_p4,20.0,0,4,0,0.0,0.0
G4_p5_w3_variable,G3_p1,-5.0,4,4,0,1.0,0.0
G4_p5_w3_variable,G3_p1,0.0,4,4,0,1.0,0.0
G4_p5_w3_variable,G3_p1,10.0,0,4,0,0.0,0.0
G4_p5_w3_variable,G3_p1,20.0,0,4,0,0.0,0.0
G4_p5_w3_variable,G3_p2,-5.0,0,4,0,0.0,0.0
G4_p5_w3_variable,G3_p2,0.0,0,4,0,0.0,0.0
G4_p5_w3_variable,G3_p2,10.0,0,4,0,0.0,0.0
G4_p5_w3_variable,G3_p2,20.0,0,4,0,0.0,0.0
G4_p5_w3_variable,G3_p3,-5.0,0,4,0,0.0,0.0
G4_p5_w3_variable,G3_p3,0.0,0,4,0,0.0,0.0
G4_p5_w3_variable,G3_p3,10.0,0,4,0,0.0,0.0
G4_p5_w3_variable,G3_p3,20.0,0,4,0,0.0,0.0
G4_p5_w3_variable,G3_p4,-5.0,4,4,0,1.0,0.0
G4_p5_w3_variable,G3_p4,0.0,0,4,0,0.0,0.0
G4_p5_w3_variable,G3_p4,10.0,0,4,0,0.0,0.0
G4_p5_w3_variable,G3_p4,20.0,0,4,0,0.0,0.0
G4_p5_w3_variable,G4_p1,-5.0,4,4,0,1.0,0.0
G4_p5_w3_variable,G4_p1,0.0,3,4,1,0.75,0.1875
G4_p5_w3_variable,G4_p1,10.0,0,4,0,0.0,0.0
G4_p5_w3_variable,G4_p1,20.0,0,4,0,0.0,0.0
G4_p5_w3_variable,G4_p2,-5.0,2,4,2,0.5,0.25
G4_p5_w3_variable,G4_p2,0.0,0,4,0,0.0,0.0
G4_p5_w3_variable,G4_p2,10.0,0,4,0,0.0,0.0
G4_p5_w3_variable,G4_p2,20.0,0,4,0,0.0,0.0
G4_p5_w3_variable,G4_p3,-5.0,0,4,0,0.0,0.0
G4_p5_w3_variable,G4_p3,0.0,0,4,0,0.0,0.0
G4_p5_w3_variable,G4_p3,10.0,0,4,0,0.0,0.0
G4_p5_w3_variable,G4_p3,20.0,0,4,0,0.0,0.0
G4_p5_w3_variable,G4_p4,-5.0,4,4,0,1.0,0.0
G4_p5_w3_variable,G4_p4,0.0,0,4,0,0.0,0.0
G4_p5_w3_variable,G4_p4,10.0,0,4,0,0.0,0.0
G4_p5_w3_variable,G4_p4,20.0,0,4,0,0.0,0.0
